{"run_id": "14:54:49-05/19/2022", "exp_name": "BO_EVO_proposal-function=UCB", "encoder_name": "onehot", "model_name": "GPyTorch", "landscape_name": "N4K0", "rounds": 5, "expmt_queries_per_round": 384, "model_queries_per_round": 3072}
sequence,model_score,true_score,round,model_cost,measurement_cost
VDYH,,0.09423796,0,0,1
VDYG,-0.80310065,0.11234488,1,3179,385
IDYH,-0.80310065,0.6161626,1,3179,385
LDYH,-0.80310065,0.18186332,1,3179,385
QDYH,-0.80310065,0.12301936,1,3179,385
YDYH,-0.80310065,0.31251577,1,3179,385
VDQH,-0.80310065,0.091403745,1,3179,385
VDFH,-0.80310065,0.08980253,1,3179,385
PDYH,-0.80310065,0.6741925,1,3179,385
CDYH,-0.80310065,0.61158943,1,3179,385
ADYH,-0.80310065,0.36584103,1,3179,385
MDYH,-0.80310065,0.33363912,1,3179,385
VDVH,-0.80310065,0.012994102,1,3179,385
VDWH,-0.80310065,0.07043342,1,3179,385
VSYH,-0.80310065,0.0,1,3179,385
VIYH,-0.80310065,0.0,1,3179,385
VDEH,-0.80310065,0.0,1,3179,385
VDMH,-0.80310065,0.009355993,1,3179,385
SDYH,-0.80310065,0.36898738,1,3179,385
VDNH,-0.80310065,0.07337866,1,3179,385
VDGH,-0.80310065,0.05451349,1,3179,385
VDKH,-0.80310065,0.013811185,1,3179,385
VDRH,-0.80310065,0.0,1,3179,385
VDIH,-0.80310065,0.08187883,1,3179,385
VDDH,-0.80310065,0.07431196,1,3179,385
VDLH,-0.80310065,0.03609581,1,3179,385
DDYH,-0.80310065,0.120516606,1,3179,385
VDYT,-0.80310065,0.09876154,1,3179,385
KDYH,-0.80310065,0.19864313,1,3179,385
VLYH,-0.80310065,0.0,1,3179,385
VTYH,-0.80310065,0.0,1,3179,385
VVYH,-0.80310065,0.0,1,3179,385
HDYH,-0.80310065,0.09576577,1,3179,385
VDPH,-0.80310065,0.08835574,1,3179,385
VDYA,-0.80310065,0.15022762,1,3179,385
VDYV,-0.80310065,0.10475566,1,3179,385
VDYS,-0.80310065,0.13527448,1,3179,385
VRYH,-0.80310065,0.0,1,3179,385
VGYH,-0.80310065,0.0,1,3179,385
VMYH,-0.80310065,0.0,1,3179,385
VKYH,-0.80310065,0.0,1,3179,385
VDYN,-0.80310065,0.08628024,1,3179,385
VYYH,-0.80310065,0.0,1,3179,385
NDYH,-0.8031007,0.11532245,1,3179,385
VAYH,-0.8031007,0.0,1,3179,385
RDYH,-0.8031007,0.21803673,1,3179,385
VNYH,-0.8031007,0.0,1,3179,385
VDYK,-0.8031007,0.17839503,1,3179,385
VFYH,-0.8031007,0.0,1,3179,385
VDHH,-0.8031007,0.008044794,1,3179,385
VDYC,-0.8031007,0.1334766,1,3179,385
VDCH,-0.8031007,0.011217407,1,3179,385
FDYH,-0.8031007,0.74019456,1,3179,385
VDSH,-0.8031007,0.0,1,3179,385
VQYH,-0.8031007,0.0,1,3179,385
GDYH,-0.8031007,0.87132204,1,3179,385
VDYE,-0.80310076,0.13118568,1,3179,385
VDWR,-0.85535145,0.08665441,1,3179,385
VDMQ,-0.85535145,0.030592643,1,3179,385
VDSR,-0.85535145,0.0041758227,1,3179,385
VDSG,-0.85535145,0.0060617654,1,3179,385
VDMG,-0.85535145,0.027462918,1,3179,385
VDMR,-0.85535145,0.025576975,1,3179,385
SDWH,-0.85535145,0.34518284,1,3179,385
VDKQ,-0.85535145,0.035047837,1,3179,385
NDWH,-0.85535145,0.09151791,1,3179,385
IDYS,-0.85535145,0.65719914,1,3179,385
WDWH,-0.85535145,0.46282694,1,3179,385
VDED,-0.85535145,0.010406281,1,3179,385
NDGH,-0.85535145,0.07559797,1,3179,385
NDLH,-0.85535145,0.057180293,1,3179,385
ADLH,-0.85535145,0.3076989,1,3179,385
WDLH,-0.85535145,0.42848933,1,3179,385
WDCH,-0.85535145,0.40361091,1,3179,385
HDEH,-0.85535145,0.0,1,3179,385
VDDD,-0.85535145,0.09273712,1,3179,385
DDWH,-0.85535145,0.09671207,1,3179,385
VDDC,-0.85535145,0.113550596,1,3179,385
QDDH,-0.85535145,0.103093356,1,3179,385
DDDH,-0.85535145,0.100590594,1,3179,385
NDDH,-0.85535145,0.09539644,1,3179,385
CDPH,-0.85535145,0.6057072,1,3179,385
CDVH,-0.85535145,0.5303456,1,3179,385
GDNH,-0.85535145,0.85046273,1,3179,385
CDFH,-0.85535145,0.607154,1,3179,385
VDKS,-0.85535145,0.054847706,1,3179,385
GDGH,-0.85535145,0.83159757,1,3179,385
RDEH,-0.85535145,0.11577987,1,3179,385
RDMH,-0.85535145,0.13315475,1,3179,385
LDMH,-0.85535145,0.09698136,1,3179,385
LDKH,-0.85535145,0.101436555,1,3179,385
TDMH,-0.85535145,0.052038185,1,3179,385
TDTH,-0.85535145,0.041982643,1,3179,385
TDKH,-0.85535145,0.056493375,1,3179,385
ADDH,-0.85535145,0.34591505,1,3179,385
ADNH,-0.85535145,0.34498173,1,3179,385
LDNH,-0.85535145,0.16100404,1,3179,385
ADPH,-0.85535145,0.35995883,1,3179,385
ADRH,-0.85535145,0.2707778,1,3179,385
WDDH,-0.85535145,0.46670547,1,3179,385
WDGH,-0.85535145,0.446907,1,3179,385
VIVH,-0.85535145,0.0,1,3179,385
GDFH,-0.85535145,0.8668866,1,3179,385
VDIS,-0.85535145,0.12291536,1,3179,385
VDME,-0.85535145,0.04630371,1,3179,385
VDPE,-0.85535145,0.12530346,1,3179,385
VDKE,-0.85535145,0.050758902,1,3179,385
VDCE,-0.85535145,0.048165124,1,3179,385
VQIH,-0.85535145,0.0,1,3179,385
VRMH,-0.85535145,0.0,1,3179,385
VNMH,-0.85535145,0.0,1,3179,385
VNDH,-0.85535145,0.0,1,3179,385
VYLH,-0.85535145,0.0,1,3179,385
DDFH,-0.85535145,0.11608118,1,3179,385
WDFH,-0.85535145,0.48219603,1,3179,385
ADFH,-0.85535145,0.3614056,1,3179,385
VDWS,-0.85535145,0.11146995,1,3179,385
VDSS,-0.85535145,0.028991362,1,3179,385
SGYH,-0.85535145,0.0,1,3179,385
VDWL,-0.85535145,0.06360084,1,3179,385
VEVH,-0.85535145,0.0,1,3179,385
NDKH,-0.85535145,0.03489567,1,3179,385
VFYP,-0.85535145,0.0,1,3179,385
VQYP,-0.85535145,0.0,1,3179,385
YVYH,-0.85535145,0.0,1,3179,385
YIYH,-0.85535145,0.0,1,3179,385
YQYH,-0.85535145,0.063963175,1,3179,385
YEYH,-0.85535145,0.017495599,1,3179,385
TIYH,-0.85535145,0.0,1,3179,385
GFYH,-0.85535145,0.46936297,1,3179,385
GKYH,-0.85535145,0.53353125,1,3179,385
NKYH,-0.85535145,0.0,1,3179,385
NFYH,-0.85535145,0.0,1,3179,385
NRYH,-0.85535145,0.0,1,3179,385
VEIH,-0.85535145,0.0,1,3179,385
VEDH,-0.85535145,0.0,1,3179,385
GDKH,-0.85535145,0.7908952,1,3179,385
GDPH,-0.85535145,0.86543983,1,3179,385
GDDH,-0.85535145,0.851396,1,3179,385
FDQH,-0.85535145,0.7373603,1,3179,385
IDQH,-0.85535145,0.6133284,1,3179,385
IDYA,-0.85535145,0.6721523,1,3179,385
IDYE,-0.85535145,0.6531103,1,3179,385
VMYE,-0.85535145,0.0,1,3179,385
DMYH,-0.85535145,0.0,1,3179,385
DYYH,-0.85535145,0.0,1,3179,385
ADQH,-0.85535145,0.36300683,1,3179,385
TDDH,-0.85535145,0.11699415,1,3179,385
ADVH,-0.85535145,0.2845972,1,3179,385
WDVH,-0.85535145,0.4053876,1,3179,385
WDIH,-0.85535145,0.47427234,1,3179,385
GYYH,-0.85535145,0.5433642,1,3179,385
SYYH,-0.85535145,0.041029584,1,3179,385
TDCH,-0.85535145,0.053899597,1,3179,385
VEEH,-0.85535145,0.0,1,3179,385
VDVN,-0.85535145,0.005036386,1,3179,385
VDWQ,-0.85535145,0.09167007,1,3179,385
VWFH,-0.85535145,0.0,1,3179,385
ADMH,-0.85535145,0.28095907,1,3179,385
ADSH,-0.85535145,0.25955793,1,3179,385
LDSH,-0.85535145,0.07558021,1,3179,385
LDCH,-0.85535145,0.09884278,1,3179,385
SDIH,-0.85535145,0.35662824,1,3179,385
CDMH,-0.85535145,0.5267075,1,3179,385
CWYH,-0.85535145,0.3063299,1,3179,385
CKYH,-0.85535145,0.2737987,1,3179,385
CIYH,-0.85535145,0.22959247,1,3179,385
CYYH,-0.85535145,0.28363165,1,3179,385
YYYH,-0.85535145,0.0,1,3179,385
YGYH,-0.85535145,0.0,1,3179,385
MDQH,-0.85535145,0.33080488,1,3179,385
SDTH,-0.85535145,0.27404988,1,3179,385
SDNH,-0.85535145,0.34812808,1,3179,385
GDMH,-0.85535145,0.7864401,1,3179,385
HDMH,-0.85535145,0.010883798,1,3179,385
VDCQ,-0.85535145,0.03245406,1,3179,385
VTSH,-0.85535145,0.0,1,3179,385
VMFH,-0.85535145,0.0,1,3179,385
VHFH,-0.85535145,0.0,1,3179,385
VAFH,-0.85535145,0.0,1,3179,385
VQYC,-0.85535145,0.0,1,3179,385
VDCC,-0.85535145,0.05045605,1,3179,385
VISH,-0.85535145,0.0,1,3179,385
VTNH,-0.85535145,0.0,1,3179,385
VDCK,-0.85535145,0.09537447,1,3179,385
VENH,-0.85535145,0.0,1,3179,385
VYNH,-0.85535145,0.0,1,3179,385
VYVH,-0.85535145,0.0,1,3179,385
VQNH,-0.85535145,0.0,1,3179,385
VDCP,-0.85535145,0.033056863,1,3179,385
EDNH,-0.85535145,0.14756906,1,3179,385
EDWH,-0.85535145,0.14462382,1,3179,385
VDNC,-0.85535145,0.11261731,1,3179,385
VDMW,-0.85535145,0.09063267,1,3179,385
VDLF,-0.85535145,0.039505634,1,3179,385
VDMC,-0.85535145,0.048594635,1,3179,385
VDPC,-0.85535145,0.12759438,1,3179,385
VDEQ,-0.85535145,0.013217763,1,3179,385
VDPQ,-0.85535145,0.10959239,1,3179,385
VDLW,-0.85535145,0.11737249,1,3179,385
VDLM,-0.85535145,0.11894767,1,3179,385
VMLH,-0.85535145,0.0,1,3179,385
VDPA,-0.85535145,0.1443454,1,3179,385
VVLH,-0.85535145,0.0,1,3179,385
VGLH,-0.85535145,0.0,1,3179,385
VGFH,-0.85535145,0.0,1,3179,385
VIFH,-0.85535145,0.0,1,3179,385
VDWD,-0.85535145,0.0888586,1,3179,385
VDWP,-0.85535145,0.09227288,1,3179,385
VDMA,-0.85535145,0.06534565,1,3179,385
MDIH,-0.85535145,0.32127997,1,3179,385
VVYS,-0.85535145,0.0,1,3179,385
VEYS,-0.85535145,0.0,1,3179,385
VDQW,-0.85535145,0.17268042,1,3179,385
VDIP,-0.85535145,0.10371829,1,3179,385
VDRT,-0.85535145,0.003698296,1,3179,385
NDAH,-0.85535145,0.03237755,1,3179,385
EDAH,-0.85535145,0.08548346,1,3179,385
VDGC,-0.85535145,0.09375213,1,3179,385
PDKH,-0.85535145,0.59376574,1,3179,385
MDKH,-0.85535145,0.25321233,1,3179,385
PDMH,-0.85535145,0.5893105,1,3179,385
DDMH,-0.85535145,0.035634633,1,3179,385
NDMH,-0.85535145,0.030440478,1,3179,385
WDQH,-0.85535145,0.48379725,1,3179,385
ADHH,-0.85535145,0.2796479,1,3179,385
FDKH,-0.85535145,0.65976775,1,3179,385
VWYE,-0.85535145,0.0,1,3179,385
VVYM,-0.85535145,0.0,1,3179,385
VDVW,-0.85535145,0.09427078,1,3179,385
RDQH,-0.85535145,0.2152025,1,3179,385
VLWH,-0.85535145,0.0,1,3179,385
VLCH,-0.85535145,0.0,1,3179,385
VTCH,-0.85535145,0.0,1,3179,385
FAYH,-0.85535145,0.35021657,1,3179,385
FPYH,-0.85535145,0.48553848,1,3179,385
MEYH,-0.85535145,0.03861896,1,3179,385
VKDH,-0.85535145,0.0,1,3179,385
VFYM,-0.85535145,0.0,1,3179,385
RDKH,-0.85535145,0.13760994,1,3179,385
VDWM,-0.85535145,0.15328528,1,3179,385
VDMM,-0.85535145,0.09220785,1,3179,385
VDDM,-0.85535145,0.15716381,1,3179,385
VDNS,-0.85535145,0.11441518,1,3179,385
VDGS,-0.85535145,0.095550016,1,3179,385
VLSH,-0.85535145,0.0,1,3179,385
VGSH,-0.85535145,0.0,1,3179,385
VGKH,-0.85535145,0.0,1,3179,385
VGCH,-0.85535145,0.0,1,3179,385
VRYV,-0.85535145,0.0,1,3179,385
VRYR,-0.85535145,0.0,1,3179,385
VRYK,-0.85535145,0.0,1,3179,385
VDWC,-0.85535145,0.10967207,1,3179,385
VDDI,-0.85535145,0.07230544,1,3179,385
VDDF,-0.85535145,0.07772178,1,3179,385
VDMF,-0.85535145,0.012765816,1,3179,385
VIHH,-0.85535145,0.0,1,3179,385
VAHH,-0.85535145,0.0,1,3179,385
VKVH,-0.85535145,0.0,1,3179,385
VDHF,-0.85535145,0.011454618,1,3179,385
VDNN,-0.85535145,0.06542095,1,3179,385
VGDH,-0.85535145,0.0,1,3179,385
VDCW,-0.85535145,0.092494085,1,3179,385
VTGC,-0.8618702,0.0,1,3179,385
RDIN,-0.8618702,0.19771987,1,3179,385
DDIL,-0.8618702,0.101324886,1,3179,385
FDLR,-0.8618702,0.69827336,1,3179,385
TGPH,-0.8618702,0.0,1,3179,385
TFYY,-0.8618702,0.0,1,3179,385
GIMH,-0.8618702,0.4044431,1,3179,385
AIYC,-0.8618702,0.023082705,1,3179,385
MDQS,-0.8618702,0.3718414,1,3179,385
IIYL,-0.8618702,0.22733305,1,3179,385
INYQ,-0.8618702,0.35301396,1,3179,385
PKYQ,-0.8618702,0.3576384,1,3179,385
PKRH,-0.8618702,0.24133849,1,3179,385
LSYQ,-0.8618702,0.0,1,3179,385
LWYT,-0.8618702,0.0,1,3179,385
MAYD,-0.8618702,0.0,1,3179,385
WFYP,-0.8618702,0.10651188,1,3179,385
YNYD,-0.8618702,0.04655562,1,3179,385
NEYA,-0.8618702,0.0,1,3179,385
VCCC,-0.8618702,0.0,1,3179,385
VECP,-0.8618702,0.0,1,3179,385
VEVD,-0.8618702,0.0,1,3179,385
VIVD,-0.8618702,0.0,1,3179,385
VINY,-0.8618702,0.0,1,3179,385
VHWD,-0.8618702,0.0,1,3179,385
VQIC,-0.8618702,0.0,1,3179,385
VCGC,-0.8618702,0.0,1,3179,385
RDQR,-0.8618702,0.23142348,1,3179,385
EDIY,-0.8618702,0.2847472,1,3179,385
EDIR,-0.8618702,0.1722902,1,3179,385
ADGS,-0.8618702,0.3671531,1,3179,385
ADWS,-0.8618702,0.38307303,1,3179,385
VEWD,-0.8618702,0.0,1,3179,385
VEWI,-0.8618702,0.0,1,3179,385
VECI,-0.8618702,0.0,1,3179,385
QKWT,-0.8626835,0.0,1,3179,385
QRCW,-0.8626835,0.0,1,3179,385
RAMQ,-0.8626835,0.0,1,3179,385
QPSV,-0.8626835,0.0,1,3179,385
PPWF,-0.8626835,0.39914173,1,3179,385
QCHK,-0.8626835,0.0,1,3179,385
PVQP,-0.8626835,0.3249073,1,3179,385
RHKI,-0.8626835,0.0,1,3179,385
PFKD,-0.8626835,0.21023184,1,3179,385
NWKT,-0.8626835,0.0,1,3179,385
NVAA,-0.8626835,0.0,1,3179,385
NSGG,-0.8626835,0.0,1,3179,385
NMAN,-0.8626835,0.0,1,3179,385
RHAK,-0.8626835,0.0,1,3179,385
YHTD,-0.8626835,0.0,1,3179,385
RKCT,-0.8626835,0.0,1,3179,385
TKQT,-0.8626835,0.0,1,3179,385
WTWP,-0.8626835,0.18965806,1,3179,385
WPLP,-0.8626835,0.19567272,1,3179,385
WGNR,-0.8626835,0.10083896,1,3179,385
YINQ,-0.8626835,0.0,1,3179,385
NCWK,-0.8626835,0.0,1,3179,385
TYAP,-0.8626835,0.0,1,3179,385
TVPG,-0.8626835,0.0,1,3179,385
TRCK,-0.8626835,0.0,1,3179,385
TMSY,-0.8626835,0.0,1,3179,385
TIWT,-0.8626835,0.0,1,3179,385
RKGK,-0.8626835,0.0,1,3179,385
SWPS,-0.8626835,0.09888213,1,3179,385
SRNQ,-0.8626835,0.0,1,3179,385
SQKE,-0.8626835,0.07695574,1,3179,385
SQCS,-0.8626835,0.07845077,1,3179,385
SMNG,-0.8626835,0.0,1,3179,385
SGFV,-0.8626835,0.0,1,3179,385
RYWI,-0.8626835,0.0,1,3179,385
WYEP,-0.8626835,0.07825629,1,3179,385
RNTV,-0.8626835,0.0,1,3179,385
RQAS,-0.8626835,0.0,1,3179,385
DEAS,-0.8626835,0.0,1,3179,385
NAQW,-0.8626835,0.0,1,3179,385
MTQD,-0.8626835,0.054221723,1,3179,385
GGVR,-0.8626835,0.42514497,1,3179,385
GGFV,-0.8626835,0.49625012,1,3179,385
GCND,-0.8626835,0.50284666,1,3179,385
FQFC,-0.8626835,0.5264452,1,3179,385
FFLW,-0.8626835,0.36137003,1,3179,385
FESG,-0.8626835,0.3569982,1,3179,385
EWQV,-0.8626835,0.0,1,3179,385
EMIP,-0.8626835,0.0,1,3179,385
EMFA,-0.8626835,0.0,1,3179,385
EEPP,-0.8626835,0.0,1,3179,385
ECPN,-0.8626835,0.0,1,3179,385
DYEM,-0.8626835,0.0,1,3179,385
DEWF,-0.8626835,0.0,1,3179,385
DCFT,-0.8626835,0.0,1,3179,385
CSHY,-0.8626835,0.2902723,1,3179,385
CKSN,-0.8626835,0.15955786,1,3179,385
CHID,-0.8626835,0.28660682,1,3179,385
AVAL,-0.8626835,0.0,1,3179,385
ASFN,-0.8626835,0.0,1,3179,385
ARTI,-0.8626835,0.0,1,3179,385
AFKA,-0.8626835,0.0,1,3179,385
GKRA,-0.8626835,0.4944577,1,3179,385
GMVT,-0.8626835,0.41062203,1,3179,385
GRGQ,-0.8626835,0.44426566,1,3179,385
KEPT,-0.8626835,0.0,1,3179,385
MSFR,-0.8626835,0.0,1,3179,385
MKAR,-0.8626835,0.0,1,3179,385
MFRE,-0.8626835,0.0,1,3179,385
LLAC,-0.8626835,0.036188032,1,3179,385
LHTD,-0.8626835,0.0,1,3179,385
LCFK,-0.8626835,0.0,1,3179,385
KYLK,-0.8626835,0.0,1,3179,385
KSWQ,-0.8626835,0.0,1,3179,385
KFVE,-0.8626835,0.0,1,3179,385
ISRC,-0.8626835,0.19653603,1,3179,385
GTQP,-0.8626835,0.5953189,1,3179,385
IKLK,-0.8626835,0.30438676,1,3179,385
IEQY,-0.8626835,0.44698623,1,3179,385
ICCG,-0.8626835,0.18520772,1,3179,385
IATI,-0.8626835,0.12924062,1,3179,385
HRRA,-0.8626835,0.0,1,3179,385
HANA,-0.8626835,0.0,1,3179,385
GYGL,-0.8626835,0.4968072,1,3179,385
GWRP,-0.8626835,0.49283868,1,3179,385
GWGW,-0.8626835,0.6076147,1,3179,385
YPEE,-0.8626835,0.0,1,3179,385
GDQY,0.9312291,0.9971658,2,6438,769
GDQW,0.91708803,0.9497645,2,6438,769
GDQM,0.9162071,0.95133966,2,6438,769
GDPY,0.9138608,0.9941178,2,6438,769
GDIY,0.91137576,0.98764086,2,6438,769
GDQA,0.91028476,0.92447746,2,6438,769
GDFY,0.9102657,0.9955646,2,6438,769
GDYY,0.9101167,1.0,2,6438,769
GDQK,0.90594935,0.9526449,2,6438,769
GDPM,0.90579104,0.94829166,2,6438,769
GDPW,0.9057336,0.9467165,2,6438,769
GDYW,0.9057205,0.9525987,2,6438,769
GDFM,0.90219355,0.94973844,2,6438,769
GDFW,0.9021592,0.9481633,2,6438,769
GDYK,0.89974284,0.9554791,2,6438,769
GDDM,0.899426,0.93424785,2,6438,769
GDPA,0.898257,0.92142946,2,6438,769
GDYA,0.89676523,0.92731166,2,6438,769
GDWY,0.89632106,0.97619545,2,6438,769
GDPK,0.89552355,0.9495969,2,6438,769
GDDW,0.8942554,0.9326727,2,6438,769
GDYM,0.89424014,0.95417386,2,6438,769
GDIM,0.8935151,0.9418148,2,6438,769
GDIW,0.8934753,0.9402396,2,6438,769
GDFA,0.8929963,0.92287624,2,6438,769
GDQS,0.8929908,0.9095243,2,6438,769
GDWM,0.8915334,0.9303694,2,6438,769
GDNA,0.88861513,0.90645236,2,6438,769
GDDA,0.8884034,0.9073857,2,6438,769
GDWW,0.8882146,0.92879415,2,6438,769
GDQE,0.8877778,0.9054355,2,6438,769
GDFK,0.8876519,0.95104367,2,6438,769
GDIA,0.88760424,0.9149526,2,6438,769
GDNM,0.88714457,0.93331456,2,6438,769
GDNY,0.88693094,0.9791407,2,6438,769
GDDK,0.88404155,0.9355531,2,6438,769
GDIK,0.88326716,0.94311994,2,6438,769
GDWA,0.8823631,0.9035072,2,6438,769
GDYS,0.8808694,0.9123585,2,6438,769
GDGW,0.8805473,0.9128742,2,6438,769
GDQC,0.8789239,0.90772647,2,6438,769
GDPE,0.8781457,0.9023875,2,6438,769
GDYE,0.8771424,0.90826976,2,6438,769
GDFS,0.87637377,0.9079231,2,6438,769
GDQH,0.8756757,0.86848783,2,6438,769
GDFC,0.87531924,0.90612525,2,6438,769
GDPS,0.8749397,0.9064763,2,6438,769
GDWK,0.874249,0.93167454,2,6438,769
GDFE,0.87377787,0.90383434,2,6438,769
GDGM,0.8733852,0.9144494,2,6438,769
GDPC,0.869046,0.90467846,2,6438,769
GDQP,0.8685672,0.8903273,2,6438,769
GDDS,0.8684852,0.8924326,2,6438,769
GDGA,0.86748004,0.8875872,2,6438,769
GDNS,0.8655975,0.8914992,2,6438,769
GDIE,0.8650899,0.8959106,2,6438,769
GDYC,0.8649967,0.91056067,2,6438,769
GDWS,0.8617618,0.88855404,2,6438,769
GDLY,0.86095667,0.9418579,2,6438,769
GDGK,0.8601575,0.9157546,2,6438,769
GDNE,0.8587117,0.88741046,2,6438,769
GDQV,0.85853434,0.8790055,2,6438,769
GDPP,0.85532045,0.8872793,2,6438,769
GDIH,0.8534591,0.8589629,2,6438,769
GDLM,0.8532741,0.89603174,2,6438,769
GDFP,0.85241175,0.88872606,2,6438,769
GDIC,0.8523526,0.8982015,2,6438,769
GDPV,0.850554,0.8759575,2,6438,769
GDWC,0.84947443,0.8867561,2,6438,769
GDLW,0.84833217,0.89445657,2,6438,769
GDQF,0.8470161,0.87189764,2,6438,769
GDLA,0.8469796,0.86916953,2,6438,769
GDQQ,0.84687114,0.88972443,2,6438,769
GDIP,0.84656787,0.88080233,2,6438,769
GDYV,0.84622073,0.88183975,2,6438,769
GDQR,0.8459041,0.88470876,2,6438,769
GDGE,0.84496546,0.8685453,2,6438,769
GDYR,0.84470034,0.887543,2,6438,769
GDDP,0.844506,0.87323546,2,6438,769
GDYD,0.8436191,0.8897472,2,6438,769
GDLK,0.8415799,0.89733696,2,6438,769
GDWH,0.8409791,0.8475175,2,6438,769
GDKY,0.8387058,0.91957325,2,6438,769
GDPG,0.83802104,0.8835467,2,6438,769
GDFD,0.8376374,0.8853118,2,6438,769
GDYG,0.83756304,0.889429,2,6438,769
GDQI,0.8362014,0.8664813,2,6438,769
GDQT,0.83567095,0.8730114,2,6438,769
GDAW,0.8350761,0.8696538,2,6438,769
GDWP,0.83456683,0.86935693,2,6438,769
GDHY,0.833472,0.91380686,2,6438,769
GDWV,0.8330178,0.8580352,2,6438,769
GDFF,0.833014,0.8702964,2,6438,769
GDAA,0.83088756,0.8443668,2,6438,769
GDMY,0.8308761,0.91511804,2,6438,769
GDKW,0.8305745,0.87217194,2,6438,769
GDCY,0.8291919,0.91697943,2,6438,769
GDFT,0.8291538,0.8714102,2,6438,769
GDFR,0.8277211,0.8831076,2,6438,769
GDLS,0.82707477,0.8542164,2,6438,769
GDID,0.8265598,0.87738806,2,6438,769
GDPN,0.82620287,0.8574821,2,6438,769
GDYI,0.8257644,0.8693155,2,6438,769
GDYT,0.82570505,0.8758456,2,6438,769
GDMM,0.8256538,0.8692919,2,6438,769
GDLE,0.8244729,0.8501276,2,6438,769
GDIF,0.8243377,0.8623727,2,6438,769
GDHK,0.8238723,0.86928594,2,6438,769
GDDG,0.82305574,0.86950296,2,6438,769
GDMW,0.82280016,0.8677167,2,6438,769
GDMW,0.8227842,0.8677167,2,6438,769
GDIG,0.82225657,0.87706983,2,6438,769
GDVY,0.82121706,0.9187561,2,6438,769
GDAK,0.8208759,0.8725342,2,6438,769
GDWD,0.8208108,0.86594266,2,6438,769
GDKK,0.8203647,0.87505233,2,6438,769
GDWQ,0.8199012,0.86875415,2,6438,769
GDKA,0.8177686,0.8468849,2,6438,769
GDWT,0.8176391,0.85204107,2,6438,769
GDWG,0.817019,0.8656244,2,6438,769
GDIR,0.81695795,0.8751839,2,6438,769
GDLC,0.8156173,0.85241854,2,6438,769
GDRM,0.8156018,0.85911065,2,6438,769
GDIT,0.814816,0.86348647,2,6438,769
GDII,0.8135135,0.85695636,2,6438,769
GDNQ,0.8131528,0.8716994,2,6438,769
GDVM,0.8131511,0.87293005,2,6438,769
GDMK,0.8125539,0.8705971,2,6438,769
GDVW,0.81170917,0.8713549,2,6438,769
GDDI,0.81160235,0.8493895,2,6438,769
GDYL,0.8107345,0.86448944,2,6438,769
GDVK,0.8028934,0.8742352,2,6438,769
GDKE,0.8022008,0.82784295,2,6438,769
FDFY,0.8021455,0.8644371,2,6438,769
GDHS,0.8019204,0.8261654,2,6438,769
FDIY,0.79805446,0.8565134,2,6438,769
FDPY,0.7980449,0.8629903,2,6438,769
FDQM,0.79756594,0.8202122,2,6438,769
GDSW,0.79715395,0.84631556,2,6438,769
GDMS,0.79698825,0.82747656,2,6438,769
GDNL,0.7956929,0.84363014,2,6438,769
FDFM,0.79408884,0.81861097,2,6438,769
GDME,0.7927003,0.8233878,2,6438,769
GDVE,0.79235697,0.8270259,2,6438,769
GDAP,0.79154825,0.8102166,2,6438,769
GDSA,0.7912967,0.8210286,2,6438,769
GDRE,0.7897496,0.8132065,2,6438,769
GDVS,0.7873368,0.8311147,2,6438,769
FDQK,0.78731394,0.8215174,2,6438,769
GDMC,0.78360057,0.8256787,2,6438,769
FDQW,0.7815938,0.818637,2,6438,769
FDPA,0.7809453,0.790302,2,6438,769
FDIM,0.78020525,0.81068724,2,6438,769
FDFK,0.7795205,0.8199162,2,6438,769
FDFC,0.77809596,0.7749978,2,6438,769
FDPW,0.7731042,0.815589,2,6438,769
GDRC,0.7715118,0.8154974,2,6438,769
FDIK,0.76995134,0.81199247,2,6438,769
FDNM,0.7688663,0.8021871,2,6438,769
GDTH,0.765265,0.77638453,2,6438,769
GDTP,0.7592094,0.798224,2,6438,769
FDIS,0.75870013,0.76887196,2,6438,769
GDHR,0.7570579,0.8013498,2,6438,769
GDHG,0.75646067,0.80323577,2,6438,769
GDCR,0.75044703,0.80452245,2,6438,769
GDRR,0.7449119,0.79247975,2,6438,769
GDEV,0.73909736,0.77958286,2,6438,769
GDMN,0.7386005,0.7784823,2,6438,769
FDPV,0.733479,0.74483,2,6438,769
FDAY,0.7298684,0.7859276,2,6438,769
FDLK,0.7297809,0.7662095,2,6438,769
GDEF,0.7251859,0.772475,2,6438,769
FDPF,0.72081804,0.73772216,2,6438,769
FDIT,0.7147634,0.732359,2,6438,769
FDIF,0.7110126,0.7312452,2,6438,769
FDHK,0.7105489,0.73815846,2,6438,769
FDCK,0.70482683,0.74133104,2,6438,769
FDPL,0.6962211,0.72747976,2,6438,769
FDDI,0.68959093,0.718262,2,6438,769
FDSK,0.67071986,0.7180685,2,6438,769
FDKF,0.6503608,0.6631776,2,6438,769
PDPQ,0.64842486,0.68954694,2,6438,769
CDPW,0.64635706,0.6869839,2,6438,769
CDQA,0.6452966,0.6647449,2,6438,769
CDNA,0.62756205,0.6467198,2,6438,769
CDWS,0.6072087,0.62882143,2,6438,769
GCQW,0.60181093,0.58372325,2,6438,769
GHIY,0.6014507,0.6565922,2,6438,769
GWGA,0.59615374,0.58232766,2,6438,769
CDWC,0.5949044,0.6270236,2,6438,769
PDTK,0.5935285,0.66341203,2,6438,769
GWNA,0.59309435,0.60119283,2,6438,769
PDDL,0.5866144,0.6474339,2,6438,769
GHGY,0.5866096,0.62922686,2,6438,769
GHGW,0.5865102,0.58182555,2,6438,769
GHGA,0.58412814,0.5565385,2,6438,769
CDKW,0.5652127,0.61243933,2,6438,769
GCGW,0.56518435,0.546833,2,6438,769
PDLN,0.56348395,0.6080926,2,6438,769
GEGA,0.5631435,0.5925671,2,6438,769
GWPF,0.56039596,0.5635901,2,6438,769
CDVS,0.55308604,0.5713821,2,6438,769
GWNV,0.5434158,0.55572087,2,6438,769
CDCS,0.542191,0.5696054,2,6438,769
GLGD,0.5217855,0.74805367,2,6438,769
GLCT,0.5029199,0.69085604,2,6438,769
GGQN,0.49810195,0.4793759,2,6438,769
GYCF,0.49631095,0.4637535,2,6438,769
FTCK,0.4533155,0.4463227,2,6438,769
FMQT,0.45093703,0.3579042,2,6438,769
FHYV,0.4490087,0.41966358,2,6438,769
FLVH,0.4454229,0.5569816,2,6438,769
FGCA,0.43937278,0.33200946,2,6438,769
FMLQ,0.4347837,0.31930932,2,6438,769
GGYL,0.42680526,0.48333526,2,6438,769
FWAD,0.41541648,0.37041527,2,6438,769
FFWH,0.4036386,0.31443095,2,6438,769
PEFW,0.3963163,0.4560136,2,6438,769
PHWK,0.39209342,0.40349635,2,6438,769
PHVE,0.38595557,0.29884768,2,6438,769
FRAL,0.38220954,0.24184851,2,6438,769
FILD,0.3819635,0.31848058,2,6438,769
GFMD,0.37126327,0.40290618,2,6438,769
PYFV,0.36533523,0.35231698,2,6438,769
PKAA,0.3577764,0.3094465,2,6438,769
PEDP,0.34291434,0.38108578,2,6438,769
IKNK,0.30832076,0.34166962,2,6438,769
PVVD,0.29609275,0.24308337,2,6438,769
IHVR,0.2873361,0.22009107,2,6438,769
PQEN,0.28223968,0.31542534,2,6438,769
SDEH,0.2609136,0.26673052,2,6438,769
CIWH,0.2559564,0.20578794,2,6438,769
WRQK,0.2341802,0.15938577,2,6438,769
CQTR,0.2265508,0.28432035,2,6438,769
CFAV,0.21974729,0.13720322,2,6438,769
RDWD,0.2146623,0.21265735,2,6438,769
WAIM,0.21358846,0.16714622,2,6438,769
WWPI,0.208225,0.1734832,2,6438,769
IGTD,0.20589803,0.15849608,2,6438,769
TDNS,0.19618772,0.15709737,2,6438,769
WRLK,0.19568227,0.10407784,2,6438,769
CGSG,0.19242261,0.14225906,2,6438,769
WCDF,0.18868421,0.10407402,2,6438,769
WAAW,0.17314695,0.09498528,2,6438,769
MNPA,0.17238973,0.09936125,2,6438,769
ARPW,0.1695268,0.032666948,2,6438,769
EDNT,0.16465925,0.15209264,2,6438,769
WILK,0.16221021,0.1306494,2,6438,769
WITY,0.13829969,0.13837495,2,6438,769
MPFS,0.12827276,0.11558415,2,6438,769
ASIA,0.11427663,0.045669604,2,6438,769
AIQM,0.1134374,0.0638617,2,6438,769
WFYP,0.1090505,0.10651188,2,6438,769
APHP,0.108548865,0.046831273,2,6438,769
WERR,0.10593961,0.11276905,2,6438,769
AYDC,0.101390585,0.057195887,2,6438,769
QDHR,0.098613486,0.053047176,2,6438,769
SNDV,0.08377622,0.07519378,2,6438,769
AMLR,0.08082174,0.0,2,6438,769
MLRY,0.07687925,0.2652848,2,6438,769
MVCA,0.07542966,0.0,2,6438,769
ALSP,0.07257627,0.17942834,2,6438,769
MYLC,0.07093786,0.0,2,6438,769
MECE,0.07067846,0.0,2,6438,769
VPPE,0.0705602,0.0,2,6438,769
MNRW,0.06928991,0.03546724,2,6438,769
NNFY,0.06834386,0.0,2,6438,769
THYY,0.0664327,0.0,2,6438,769
YEAW,0.061866507,0.015827382,2,6438,769
MCHQ,0.05859922,0.0,2,6438,769
TLNA,0.051624045,0.07008147,2,6438,769
RPHV,0.04844831,0.0,2,6438,769
SHMV,0.045697913,0.0,2,6438,769
YSNS,0.04546331,0.0,2,6438,769
MMSV,0.044791922,0.0,2,6438,769
MLAD,0.044574484,0.16715035,2,6438,769
SEES,0.044336066,0.0127468975,2,6438,769
VPWH,0.042962775,0.0,2,6438,769
YSAW,0.039237723,0.0,2,6438,769
DPKY,0.03883718,0.0,2,6438,769
TIPS,0.03843473,0.0,2,6438,769
WFKL,0.03732656,0.0,2,6438,769
SEAF,0.03680776,0.0,2,6438,769
AFIQ,0.036746725,0.0,2,6438,769
MQEV,0.03226064,0.0,2,6438,769
YGCW,0.029271826,0.0,2,6438,769
MRAG,0.028493628,0.0,2,6438,769
TQIS,0.027375922,0.0,2,6438,769
NKWK,0.023660406,0.0,2,6438,769
DELM,0.022712454,0.0,2,6438,769
DLFE,0.021651968,0.051059853,2,6438,769
MIKH,0.019748434,0.0,2,6438,769
YTDI,0.019386038,0.0,2,6438,769
EKQW,0.018493399,0.0,2,6438,769
ECWA,0.016933188,0.0,2,6438,769
LWTY,0.016792044,0.0,2,6438,769
VHQT,0.015235648,0.0,2,6438,769
NKPN,0.014743552,0.0,2,6438,769
EKWA,0.013772711,0.0,2,6438,769
VISA,0.012538657,0.0,2,6438,769
THNC,0.010873541,0.0,2,6438,769
YFNW,0.009006247,0.0,2,6438,769
QPQI,0.008630499,0.0,2,6438,769
SYLN,0.007343039,0.0,2,6438,769
LWLV,0.0061528534,0.0,2,6438,769
DKIS,0.005729422,0.0,2,6438,769
MVAN,0.0052296966,0.0,2,6438,769
AFWL,0.0038354248,0.0,2,6438,769
QMIK,0.0035664886,0.0,2,6438,769
RFWE,0.0029084533,0.0,2,6438,769
KLWH,0.001292929,0.072869554,2,6438,769
KADW,-0.000458017,0.0,2,6438,769
VKLS,-0.001711145,0.0,2,6438,769
VPVI,-0.0024798065,0.0,2,6438,769
VCDQ,-0.002537027,0.0,2,6438,769
RRLQ,-0.003362909,0.0,2,6438,769
EEWS,-0.00410296,0.0,2,6438,769
SRGQ,-0.004314676,0.0,2,6438,769
DLWF,-0.0053141266,0.0,2,6438,769
ERKA,-0.008943811,0.0,2,6438,769
NVKY,-0.009533182,0.0,2,6438,769
DYND,-0.010273233,0.0,2,6438,769
LRYD,-0.012127176,0.0,2,6438,769
AIRD,-0.019121423,0.0,2,6438,769
HHIS,-0.019449487,0.0,2,6438,769
EQFF,-0.01993014,0.0,2,6438,769
VMCV,-0.020141855,0.0,2,6438,769
RTHG,-0.022028223,0.0,2,6438,769
QRSW,-0.022035852,0.0,2,6438,769
YHTG,-0.023323312,0.0,2,6438,769
DYES,-0.023941293,0.0,2,6438,769
RCLN,-0.02502276,0.0,2,6438,769
RHAG,-0.028343454,0.0,2,6438,769
KTKH,-0.028982416,0.0,2,6438,769
LISY,-0.029190317,0.0,2,6438,769
VQWL,-0.030983225,0.0,2,6438,769
NWFL,-0.032551065,0.0,2,6438,769
AFKF,-0.035110727,0.0,2,6438,769
QLYC,-0.03542544,0.060288962,2,6438,769
LSCT,-0.037157312,0.0,2,6438,769
LICK,-0.037470117,0.0,2,6438,769
EWDH,-0.03797938,0.0,2,6438,769
EGYA,-0.039177194,0.0,2,6438,769
HMDE,-0.03991343,0.0,2,6438,769
QSLK,-0.040701166,0.0,2,6438,769
DLEE,-0.04151179,0.0,2,6438,769
LQKG,-0.044262186,0.0,2,6438,769
SFSF,-0.045160547,0.0,2,6438,769
EYQL,-0.04587771,0.0,2,6438,769
VAFL,-0.046322122,0.0,2,6438,769
ERYT,-0.047241464,0.0,2,6438,769
NFRE,-0.050377145,0.0,2,6438,769
VIFN,-0.052702203,0.0,2,6438,769
KFQD,-0.05325152,0.0,2,6438,769
QYVD,-0.053774133,0.0,2,6438,769
DYEH,-0.05379702,0.0,2,6438,769
LHER,-0.053896204,0.0,2,6438,769
NGCQ,-0.05509211,0.0,2,6438,769
HKWQ,-0.057432428,0.0,2,6438,769
SVEL,-0.06494738,0.0,2,6438,769
HVGS,-0.06537272,0.0,2,6438,769
TCSD,-0.06622721,0.0,2,6438,769
TYKG,-0.06939341,0.0,2,6438,769
QRSR,-0.0744517,0.0,2,6438,769
TGMC,-0.07611109,0.0,2,6438,769
DTAL,-0.07617785,0.0,2,6438,769
QCKH,-0.08045794,0.0,2,6438,769
LSSI,-0.08564402,0.0,2,6438,769
NRRL,-0.08580996,0.0,2,6438,769
HKLT,-0.087555185,0.0,2,6438,769
DCRD,-0.09027125,0.0,2,6438,769
NKRF,-0.090353265,0.0,2,6438,769
QSMT,-0.09079005,0.0,2,6438,769
HEYV,-0.09855677,0.0,2,6438,769
EWED,-0.09960963,0.0,2,6438,769
DFEE,-0.102712885,0.0,2,6438,769
QFYF,-0.111768976,0.0,2,6438,769
KATT,-0.111768976,0.0,2,6438,769
NATF,-0.122494,0.0,2,6438,769
QATC,-0.12320353,0.0,2,6438,769
NIRI,-0.13438632,0.0,2,6438,769
HKAH,-0.13744761,0.0,2,6438,769
QFYL,-0.14578463,0.0,2,6438,769
HITP,-0.16431071,0.0,2,6438,769
GDDY,0.98319954,0.980074,3,9772,1153
GDGY,0.9652185,0.96027553,3,9772,1153
GDNK,0.94361776,0.9346198,3,9772,1153
GDAY,0.9334516,0.91705513,3,9772,1153
GDNW,0.93106073,0.9317394,3,9772,1153
GDRY,0.9254531,0.90493673,3,9772,1153
GDTY,0.9033336,0.9050625,3,9772,1153
GDIS,0.9022526,0.89999944,3,9772,1153
GDSY,0.90144724,0.8937169,3,9772,1153
GDEY,0.8996553,0.89774317,3,9772,1153
GDNC,0.8949947,0.88970137,3,9772,1153
GDDE,0.8931002,0.88834375,3,9772,1153
GDFP,0.8881678,0.88872606,3,9772,1153
GDPQ,0.88610405,0.88667643,3,9772,1153
GDQD,0.8857011,0.886913,3,9772,1153
GDFQ,0.8850984,0.8881233,3,9772,1153
GDFG,0.8846702,0.88499355,3,9772,1153
GDPD,0.88466114,0.883865,3,9772,1153
GDCK,0.8806495,0.8724585,3,9772,1153
GDDQ,0.8770012,0.8726327,3,9772,1153
GDGS,0.8748345,0.87263405,3,9772,1153
GDKM,0.8729047,0.8737471,3,9772,1153
GDGD,0.87167686,0.85002273,3,9772,1153
GDAM,0.871448,0.871229,3,9772,1153
GDCW,0.8713507,0.8695781,3,9772,1153
GDCM,0.8712434,0.87115335,3,9772,1153
GDFI,0.87069124,0.8648801,3,9772,1153
GDPI,0.86856073,0.8634333,3,9772,1153
GDIV,0.8673877,0.8694806,3,9772,1153
GDPL,0.8669104,0.85860723,3,9772,1153
GDHM,0.86659425,0.8679807,3,9772,1153
GDQL,0.86649126,0.86165524,3,9772,1153
GDTM,0.8644294,0.85923636,3,9772,1153
GDPT,0.8638591,0.8699634,3,9772,1153
GDTW,0.86298794,0.8576612,3,9772,1153
GDYN,0.8578839,0.86336434,3,9772,1153
GDRW,0.85682005,0.8575355,3,9772,1153
GDDT,0.85659593,0.8559196,3,9772,1153
GDNV,0.85579485,0.86098045,3,9772,1153
GDGP,0.85190624,0.853437,3,9772,1153
GDDL,0.8513598,0.8445634,3,9772,1153
GDDF,0.85122436,0.8548058,3,9772,1153
GDDN,0.8439488,0.8434383,3,9772,1153
GDLP,0.8413634,0.83501935,3,9772,1153
GDKC,0.83036846,0.8301339,3,9772,1153
GDKS,0.8301253,0.83193177,3,9772,1153
GDTC,0.8292946,0.81562316,3,9772,1153
GDSE,0.80579466,0.80198663,3,9772,1153
GDMG,0.800178,0.804547,3,9772,1153
GDKI,0.79709333,0.78888875,3,9772,1153
GDHP,0.7962374,0.80696833,3,9772,1153
GDVV,0.7957892,0.8005959,3,9772,1153
GDMT,0.79507154,0.79096365,3,9772,1153
GDRI,0.79260916,0.77425224,3,9772,1153
GLGY,0.78919214,0.85830647,3,9772,1153
GDHF,0.7886037,0.7885387,3,9772,1153
GLQY,0.78813547,0.89519674,3,9772,1153
GDMF,0.78364176,0.7898499,3,9772,1153
GDCF,0.7815122,0.7917113,3,9772,1153
GDCN,0.78022045,0.7803438,3,9772,1153
FDYC,0.7802095,0.7794332,3,9772,1153
GLIY,0.78017944,0.88567185,3,9772,1153
GLFY,0.7779626,0.8935955,3,9772,1153
GDML,0.7767672,0.7796075,3,9772,1153
GLDY,0.7713465,0.8781049,3,9772,1153
FDNA,0.76731867,0.7753249,3,9772,1153
GLNY,0.7552838,0.87717164,3,9772,1153
GLAY,0.75300497,0.81508607,3,9772,1153
GLRY,0.75242704,0.8029677,3,9772,1153
FDYV,0.75179,0.7507123,3,9772,1153
GLLY,0.750761,0.8398888,3,9772,1153
FDPG,0.7491507,0.75241923,3,9772,1153
FDFQ,0.74719757,0.7569958,3,9772,1153
PDYM,0.742299,0.7570444,3,9772,1153
FDTM,0.7359862,0.7281089,3,9772,1153
PDPW,0.73523086,0.74958694,3,9772,1153
PDFM,0.7322964,0.7526089,3,9772,1153
GLGM,0.724894,0.8124804,3,9772,1153
GLTY,0.7243108,0.80309343,3,9772,1153
PDWW,0.72354406,0.73166466,3,9772,1153
GLGK,0.72330946,0.81378555,3,9772,1153
GLPK,0.72029537,0.8476278,3,9772,1153
FDWQ,0.70936483,0.7376267,3,9772,1153
PDYQ,0.70926565,0.69542915,3,9772,1153
GLQA,0.7082514,0.82250845,3,9772,1153
GLGP,0.7075934,0.75146794,3,9772,1153
GLDP,0.69265693,0.77126646,3,9772,1153
FDHA,0.6922521,0.70999104,3,9772,1153
FDHC,0.6874942,0.69324005,3,9772,1153
PDFE,0.6856913,0.7067048,3,9772,1153
GLWD,0.68494123,0.7639736,3,9772,1153
PDQE,0.675291,0.708306,3,9772,1153
PDWQ,0.6750631,0.6716246,3,9772,1153
IDQM,0.6714081,0.6961802,3,9772,1153
FDRV,0.665122,0.655649,3,9772,1153
GLAA,0.660469,0.7423977,3,9772,1153
PDNE,0.66002506,0.6902809,3,9772,1153
IDQA,0.6595606,0.6693181,3,9772,1153
GLEK,0.6554565,0.7512532,3,9772,1153
PDWG,0.6554021,0.6684949,3,9772,1153
PDWI,0.6446566,0.6483814,3,9772,1153
FDSV,0.6373262,0.64442915,3,9772,1153
GHDY,0.6358699,0.6490253,3,9772,1153
IDWM,0.62901443,0.67520994,3,9772,1153
GQFM,0.62900347,0.7011859,3,9772,1153
GNIY,0.62857574,0.7032556,3,9772,1153
GSQY,0.6285133,0.6333638,3,9772,1153
GSPY,0.6205396,0.6303158,3,9772,1153
IDGM,0.6125588,0.65929,3,9772,1153
GMPY,0.60222906,0.61013806,3,9772,1153
GPQA,0.60093826,0.6698214,3,9772,1153
GQLW,0.58681864,0.645904,3,9772,1153
GAYY,0.58492416,0.610022,3,9772,1153
GNRY,0.5813455,0.62055147,3,9772,1153
GHLW,0.57124704,0.5634079,3,9772,1153
GVFW,0.5712084,0.57987285,3,9772,1153
GHLM,0.57067055,0.56498307,3,9772,1153
GPPR,0.5697388,0.62700474,3,9772,1153
GSQP,0.5551166,0.5265253,3,9772,1153
GHDG,0.5532221,0.5384543,3,9772,1153
GHLP,0.55270237,0.5039707,3,9772,1153
CDHS,0.5524973,0.56643283,3,9772,1153
GKQP,0.5493106,0.5525365,3,9772,1153
GTYG,0.5484595,0.5944206,3,9772,1153
GVLW,0.54659647,0.52616614,3,9772,1153
GCLM,0.5460972,0.5299905,3,9772,1153
GHLH,0.5447635,0.4821312,3,9772,1153
GHLR,0.5416631,0.4983522,3,9772,1153
GSDP,0.5391459,0.5094335,3,9772,1153
GWGL,0.5331587,0.51950544,3,9772,1153
FQLY,0.5217642,0.5621778,3,9772,1153
GAYE,0.5187201,0.5182918,3,9772,1153
GVII,0.51793617,0.48866597,3,9772,1153
GHAV,0.5096335,0.46784616,3,9772,1153
GMPG,0.5089678,0.499567,3,9772,1153
GAES,0.489469,0.42012373,3,9772,1153
GCCN,0.48810714,0.4143025,3,9772,1153
FLSQ,0.48616737,0.553179,3,9772,1153
WDGW,0.47539848,0.5281837,3,9772,1153
GGLL,0.47009414,0.4251931,3,9772,1153
WDDH,0.46233886,0.46670547,3,9772,1153
FQTP,0.44637817,0.4185439,3,9772,1153
FPDI,0.44544357,0.46360597,3,9772,1153
FHQI,0.4357676,0.40430513,3,9772,1153
FPTT,0.42910522,0.39512455,3,9772,1153
FHMW,0.42343277,0.4055406,3,9772,1153
FRFK,0.4166426,0.41134763,3,9772,1153
FHKG,0.40588135,0.34682602,3,9772,1153
FVRK,0.40325874,0.36099795,3,9772,1153
ADYS,0.39938873,0.40687758,3,9772,1153
FRPE,0.39299148,0.3626915,3,9772,1153
FIQR,0.39085335,0.37158433,3,9772,1153
PIYK,0.38908142,0.37635258,3,9772,1153
FETH,0.38849205,0.3502369,3,9772,1153
FMGD,0.38109535,0.33491552,3,9772,1153
PNMA,0.37852424,0.3609149,3,9772,1153
PPCQ,0.3771872,0.35775253,3,9772,1153
FTEL,0.37470382,0.33609676,3,9772,1153
PEPT,0.37278885,0.3778137,3,9772,1153
FGTM,0.36858886,0.3469547,3,9772,1153
FGMT,0.35523742,0.27868196,3,9772,1153
WDSI,0.3527655,0.37834182,3,9772,1153
FGTP,0.3440184,0.2859423,3,9772,1153
MDYG,0.3420462,0.35174602,3,9772,1153
PKQE,0.32910103,0.37051523,3,9772,1153
FFVN,0.32864708,0.24903393,3,9772,1153
PISH,0.3280329,0.18591239,3,9772,1153
PSVA,0.3151526,0.2851363,3,9772,1153
MDNG,0.30987877,0.33088672,3,9772,1153
IEAW,0.30087227,0.31947425,3,9772,1153
IHDC,0.29248184,0.30442658,3,9772,1153
PAVT,0.2882933,0.20749424,3,9772,1153
IYNQ,0.28757805,0.28858218,3,9772,1153
IHFD,0.28628105,0.29910368,3,9772,1153
IQKG,0.2796778,0.3052902,3,9772,1153
ITSV,0.27864593,0.22538885,3,9772,1153
PKAD,0.27740043,0.271882,3,9772,1153
PFKC,0.27587837,0.2310453,3,9772,1153
CVGD,0.27278084,0.22199972,3,9772,1153
IHFI,0.26793236,0.278672,3,9772,1153
CMTK,0.2678942,0.21682929,3,9772,1153
IFFP,0.26507324,0.2316076,3,9772,1153
IYDG,0.2630095,0.28638574,3,9772,1153
CMVH,0.25856537,0.14636587,3,9772,1153
CGTY,0.25277847,0.2641757,3,9772,1153
IRHW,0.25131744,0.20267758,3,9772,1153
CAFN,0.2509455,0.20921834,3,9772,1153
YDGL,0.25061172,0.2659587,3,9772,1153
IAKM,0.2506079,0.22860971,3,9772,1153
IESL,0.24769728,0.20802675,3,9772,1153
CHEI,0.24649183,0.17627741,3,9772,1153
IHGL,0.2446932,0.23855689,3,9772,1153
IHCR,0.23991148,0.21831438,3,9772,1153
WTFH,0.2362055,0.1871877,3,9772,1153
CFMM,0.22562353,0.2076003,3,9772,1153
CMKL,0.2179312,0.14035037,3,9772,1153
IGLL,0.20597403,0.17003368,3,9772,1153
CIIG,0.20427649,0.23534027,3,9772,1153
YDTI,0.1990351,0.21557173,3,9772,1153
IAMG,0.19775717,0.1594096,3,9772,1153
WTFT,0.19043486,0.19171129,3,9772,1153
IFRT,0.19001143,0.1236639,3,9772,1153
HDLK,0.18561308,0.12178068,3,9772,1153
EDSK,0.1725897,0.1463023,3,9772,1153
LDRC,0.16057341,0.12603873,3,9772,1153
WNCD,0.1486334,0.13765079,3,9772,1153
MLWE,0.1387438,0.24481325,3,9772,1153
WGGD,0.13495581,0.08417798,3,9772,1153
MWWY,0.12442915,0.133253,3,9772,1153
WSHS,0.11595099,0.077672854,3,9772,1153
TLPC,0.11583273,0.068307534,3,9772,1153
TDRP,0.110305235,0.063696355,3,9772,1153
MMDY,0.108153746,0.058411356,3,9772,1153
TLVA,0.08931486,0.009696911,3,9772,1153
HLLA,0.08810942,0.0,3,9772,1153
APMM,0.086574,0.10915487,3,9772,1153
AWEK,0.081155226,0.042481713,3,9772,1153
MPPG,0.08093779,0.09120776,3,9772,1153
SNWS,0.078666136,0.101834066,3,9772,1153
HDVT,0.07784407,0.01904549,3,9772,1153
NLHA,0.074752256,0.0,3,9772,1153
SYLY,0.07462065,0.11156541,3,9772,1153
TQFC,0.07281439,0.0,3,9772,1153
SVDW,0.07275145,0.062047623,3,9772,1153
RLAE,0.07264845,0.0700705,3,9772,1153
MEQV,0.07008116,0.046302445,3,9772,1153
WFVI,0.07004683,0.0014220498,3,9772,1153
SKYW,0.068387434,0.1124733,3,9772,1153
ACYV,0.06826918,0.010317481,3,9772,1153
YPWK,0.066113874,0.11821222,3,9772,1153
ELQF,0.06570189,0.06703492,3,9772,1153
AHYD,0.060904905,0.053217545,3,9772,1153
ELAT,0.05529158,0.0,3,9772,1153
DQFK,0.054747984,0.0,3,9772,1153
NLEA,0.053342268,0.0,3,9772,1153
EQPM,0.05214064,0.0,3,9772,1153
AENG,0.04958479,0.06806851,3,9772,1153
MQVI,0.047955915,0.0018361585,3,9772,1153
ANAQ,0.044841215,0.019747496,3,9772,1153
MQVQ,0.044099256,0.025079327,3,9772,1153
LLAN,0.038260862,0.0,3,9772,1153
EWVY,0.036790296,0.0,3,9772,1153
SRWI,0.035252973,0.0,3,9772,1153
SWEP,0.034789488,0.0,3,9772,1153
TLLF,0.03431265,0.0,3,9772,1153
YQLG,0.034043714,0.023927948,3,9772,1153
DLDG,0.032971784,0.01672848,3,9772,1153
SEHC,0.032821104,0.0270127,3,9772,1153
KWWT,0.03215544,0.0,3,9772,1153
SSRK,0.03211157,0.0,3,9772,1153
DTNW,0.031762525,0.0,3,9772,1153
SNVT,0.031609938,0.007881802,3,9772,1153
KQPF,0.0313143,0.0,3,9772,1153
NQVK,0.0287451,0.0,3,9772,1153
QEFT,0.028649732,0.0,3,9772,1153
AIKH,0.028245375,0.0,3,9772,1153
AFPQ,0.028132841,0.0,3,9772,1153
VSGY,0.027842924,0.0,3,9772,1153
EWYC,0.027165815,0.0,3,9772,1153
AVGN,0.026484892,0.0,3,9772,1153
YCID,0.02600424,0.0,3,9772,1153
YCRK,0.025353834,0.0,3,9772,1153
MSPR,0.025073454,0.0,3,9772,1153
TRPY,0.024819776,0.0,3,9772,1153
RTWF,0.024592802,0.0,3,9772,1153
AAQN,0.02312605,0.0,3,9772,1153
YNVD,0.022324964,0.0,3,9772,1153
VNYK,0.021787092,0.0,3,9772,1153
DLYI,0.021531507,0.016541043,3,9772,1153
RTCA,0.020640776,0.0,3,9772,1153
AICI,0.020619795,0.0,3,9772,1153
VNQC,0.02023451,0.0,3,9772,1153
AIIQ,0.019132063,0.0,3,9772,1153
LNIP,0.017711088,0.0,3,9772,1153
KNTW,0.017356321,0.0,3,9772,1153
DYFD,0.017110273,0.0,3,9772,1153
MNTD,0.016995832,0.0,3,9772,1153
VWLM,0.016955778,0.0,3,9772,1153
AACL,0.015780851,0.0,3,9772,1153
LLSH,0.015628263,0.0,3,9772,1153
KTRW,0.015307829,0.0,3,9772,1153
RHNI,0.015250608,0.0,3,9772,1153
QYQQ,0.014296934,0.0,3,9772,1153
ESQK,0.013448164,0.0,3,9772,1153
KNWR,0.013080046,0.0,3,9772,1153
MGRS,0.013011381,0.0,3,9772,1153
RHKC,0.013009474,0.0,3,9772,1153
HCFK,0.012168333,0.0,3,9772,1153
AAMG,0.011382505,0.0,3,9772,1153
HTYW,0.010030195,0.0,3,9772,1153
TTVC,0.009835646,0.0,3,9772,1153
TTVP,0.009246275,0.0,3,9772,1153
SAHL,0.008366987,0.0,3,9772,1153
NVFS,0.006604597,0.0,3,9772,1153
TPWI,0.0049108714,0.0,3,9772,1153
YCFF,0.004733488,0.0,3,9772,1153
HRIM,0.0046095103,0.0,3,9772,1153
EWQG,0.0041174144,0.0,3,9772,1153
HMAK,0.0017542094,0.0,3,9772,1153
YRLK,0.0012602061,0.0,3,9772,1153
HKKW,0.0006994456,0.0,3,9772,1153
YYQF,-0.000786379,0.0,3,9772,1153
AIRT,-0.0021196157,0.0,3,9772,1153
DQHA,-0.0023923665,0.0,3,9772,1153
LTKS,-0.003477648,0.0,3,9772,1153
RPCN,-0.0041642934,0.0,3,9772,1153
EHDE,-0.0065446645,0.0,3,9772,1153
YMAS,-0.0065618306,0.0,3,9772,1153
LWCC,-0.006788805,0.0,3,9772,1153
NPHQ,-0.007795885,0.0,3,9772,1153
NWAP,-0.007944658,0.0,3,9772,1153
KRSS,-0.010237291,0.0,3,9772,1153
HSSP,-0.010723665,0.0,3,9772,1153
YRTH,-0.01082094,0.0,3,9772,1153
REEH,-0.012121752,0.0,3,9772,1153
HMIS,-0.012243822,0.0,3,9772,1153
HPCD,-0.012705401,0.0,3,9772,1153
EMPV,-0.012747362,0.0,3,9772,1153
NKSW,-0.012837008,0.0,3,9772,1153
VMSW,-0.014156893,0.0,3,9772,1153
VWWV,-0.014595583,0.0,3,9772,1153
TGYT,-0.015192583,0.0,3,9772,1153
DSFM,-0.0158201,0.0,3,9772,1153
VYSA,-0.016853884,0.0,3,9772,1153
LIPV,-0.01815851,0.0,3,9772,1153
MIKF,-0.019987658,0.0,3,9772,1153
VNRM,-0.020601824,0.0,3,9772,1153
QRTR,-0.02099283,0.0,3,9772,1153
EEKC,-0.02128847,0.0,3,9772,1153
EQLR,-0.021372393,0.0,3,9772,1153
LRNS,-0.021635607,0.0,3,9772,1153
YFDH,-0.023485735,0.0,3,9772,1153
EMCC,-0.023722246,0.0,3,9772,1153
HFFK,-0.023966387,0.0,3,9772,1153
QTHE,-0.02551134,0.0,3,9772,1153
DMTP,-0.025915697,0.0,3,9772,1153
LESS,-0.02604349,0.0,3,9772,1153
LKHA,-0.027832583,0.0,3,9772,1153
DCME,-0.02971895,0.0,3,9772,1153
MIMT,-0.03186281,0.0,3,9772,1153
TAIF,-0.0320421,0.0,3,9772,1153
ESGV,-0.032873705,0.0,3,9772,1153
YMRI,-0.03320749,0.0,3,9772,1153
LASA,-0.033339098,0.0,3,9772,1153
VYWL,-0.033859804,0.0,3,9772,1153
YGAS,-0.035959795,0.0,3,9772,1153
LSAT,-0.03748186,0.0,3,9772,1153
VYAC,-0.041126803,0.0,3,9772,1153
QGWV,-0.041277483,0.0,3,9772,1153
LNEL,-0.04347284,0.0,3,9772,1153
QHEI,-0.04394205,0.0,3,9772,1153
QVWN,-0.044745043,0.0,3,9772,1153
DKMC,-0.044842318,0.0,3,9772,1153
EMSS,-0.045324877,0.0,3,9772,1153
AIAL,-0.046276644,0.0,3,9772,1153
YFRF,-0.047255114,0.0,3,9772,1153
HFNS,-0.04786928,0.0,3,9772,1153
NVLD,-0.048050478,0.0,3,9772,1153
LGSI,-0.050791338,0.0,3,9772,1153
LVAC,-0.05167444,0.0,3,9772,1153
DVNL,-0.051802233,0.0,3,9772,1153
NSAR,-0.05355127,0.0,3,9772,1153
HGFI,-0.055771425,0.0,3,9772,1153
VCMF,-0.056088045,0.0,3,9772,1153
HSME,-0.057102755,0.0,3,9772,1153
LMKD,-0.057613924,0.0,3,9772,1153
TYEF,-0.058607653,0.0,3,9772,1153
DNHR,-0.06112154,0.0,3,9772,1153
DIKM,-0.061237887,0.0,3,9772,1153
HANI,-0.06247385,0.0,3,9772,1153
VRRQ,-0.06249483,0.0,3,9772,1153
HSHD,-0.06596239,0.0,3,9772,1153
LVRR,-0.06681688,0.0,3,9772,1153
DISF,-0.06716402,0.0,3,9772,1153
TFHW,-0.068541124,0.0,3,9772,1153
DVKH,-0.070799425,0.0,3,9772,1153
VGRN,-0.07361658,0.0,3,9772,1153
RSRN,-0.074375704,0.0,3,9772,1153
DIAR,-0.07616098,0.0,3,9772,1153
DAYI,-0.07627924,0.0,3,9772,1153
EICH,-0.07655962,0.0,3,9772,1153
DAKH,-0.08275469,0.0,3,9772,1153
EFSL,-0.08759172,0.0,3,9772,1153
EFLV,-0.091869906,0.0,3,9772,1153
GDWE,0.9060195,0.8844652,4,13134,1537
GDDC,0.8992446,0.89063466,4,13134,1537
GDQG,0.88886863,0.8865947,4,13134,1537
GDYQ,0.88679343,0.8925587,4,13134,1537
GDPR,0.880812,0.88166076,4,13134,1537
GDIQ,0.8759902,0.88019955,4,13134,1537
GDDD,0.87434226,0.8698212,4,13134,1537
GDFV,0.8742202,0.87740433,4,13134,1537
GDGC,0.8715957,0.8708362,4,13134,1537
GDNG,0.87116843,0.8685697,4,13134,1537
GDDV,0.86891013,0.86191374,4,13134,1537
GDTK,0.86372215,0.8605416,4,13134,1537
GDGG,0.85554343,0.8497045,4,13134,1537
GDQN,0.85487205,0.8605301,4,13134,1537
GDNT,0.85053855,0.8549863,4,13134,1537
GDGV,0.8479751,0.8421153,4,13134,1537
GLWY,0.847853,0.87422645,4,13134,1537
GDMA,0.84272605,0.8424297,4,13134,1537
GDVC,0.8319228,0.8293168,4,13134,1537
GDAS,0.8244155,0.82941365,4,13134,1537
GDTS,0.8191665,0.817421,4,13134,1537
GDGL,0.8177627,0.82476497,4,13134,1537
GLCY,0.8177627,0.8150104,4,13134,1537
GLDM,0.81440574,0.83227885,4,13134,1537
GDAG,0.8123916,0.80648404,4,13134,1537
GDHQ,0.8072036,0.8063655,4,13134,1537
GDLF,0.8066543,0.8165897,4,13134,1537
GDKV,0.80218726,0.80141294,4,13134,1537
GDTR,0.7995742,0.7926055,4,13134,1537
GDRF,0.79402,0.7796686,4,13134,1537
GDTF,0.79133445,0.77979434,4,13134,1537
GDCT,0.7889541,0.79282504,4,13134,1537
GDES,0.788832,0.8101017,4,13134,1537
GDMI,0.78388816,0.78443354,4,13134,1537
GDSF,0.776625,0.7684487,4,13134,1537
GLNP,0.77064353,0.7703331,4,13134,1537
GLID,0.76826316,0.775419,4,13134,1537
GLNS,0.768019,0.7895302,4,13134,1537
GLNQ,0.76722556,0.7697303,4,13134,1537
GLNC,0.7635024,0.7877323,4,13134,1537
GDTI,0.76179343,0.774378,4,13134,1537
GLDC,0.76112205,0.78866565,4,13134,1537
GLIQ,0.7581313,0.7782305,4,13134,1537
GLDE,0.7579482,0.7863747,4,13134,1537
GLNT,0.7359145,0.75301725,4,13134,1537
GLVC,0.7257827,0.7273478,4,13134,1537
GQDY,0.708937,0.7315214,4,13134,1537
GQWY,0.7056411,0.7276429,4,13134,1537
GLTQ,0.6995376,0.6956521,4,13134,1537
GPFY,0.696791,0.7409085,4,13134,1537
GPIY,0.69343406,0.73298484,4,13134,1537
GQGY,0.69013816,0.71172297,4,13134,1537
GNPY,0.68733054,0.7097325,4,13134,1537
GPPY,0.68629295,0.7394617,4,13134,1537
GTPY,0.679396,0.69910944,4,13134,1537
GEDY,0.67481834,0.6850538,4,13134,1537
GENY,0.67048484,0.68412054,4,13134,1537
GPLY,0.6702407,0.6872018,4,13134,1537
GQQW,0.6688979,0.7012119,4,13134,1537
GTDY,0.66737205,0.6850656,4,13134,1537
GEWY,0.667208,0.6811753,4,13134,1537
GPGY,0.6653579,0.70561945,4,13134,1537
GPFW,0.663832,0.6935072,4,13134,1537
GPDM,0.6622451,0.67959183,4,13134,1537
GQWM,0.6596816,0.68181676,4,13134,1537
GQRY,0.6584609,0.65638417,4,13134,1537
GQDW,0.6523574,0.6841201,4,13134,1537
GPQW,0.6518691,0.6951084,4,13134,1537
GPCY,0.64533836,0.6623234,4,13134,1537
GPPW,0.64497215,0.6920604,4,13134,1537
GHPY,0.6448501,0.6630691,4,13134,1537
GQYM,0.6436294,0.7056213,4,13134,1537
GESY,0.64240867,0.5986967,4,13134,1537
GKPY,0.6358169,0.656327,4,13134,1537
PDNH,0.635752,0.6533332,4,13134,1537
GPGW,0.6319106,0.6582182,4,13134,1537
GQFD,0.63142234,0.6367592,4,13134,1537
GQKM,0.6287978,0.62519455,4,13134,1537
GTQM,0.62672263,0.6563313,4,13134,1537
GQSM,0.6261733,0.5993382,4,13134,1537
GQMM,0.62586814,0.62073934,4,13134,1537
GADY,0.6181167,0.590096,4,13134,1537
GPCM,0.61353904,0.6164973,4,13134,1537
CDLM,0.60985786,0.63629913,4,13134,1537
GPID,0.6084731,0.622732,4,13134,1537
GCDY,0.6029189,0.61403275,4,13134,1537
GENM,0.60194236,0.63829446,4,13134,1537
GRDY,0.59846336,0.5715054,4,13134,1537
GHEY,0.5973037,0.5666945,4,13134,1537
GQLT,0.593653,0.56915087,4,13134,1537
GHAY,0.5902236,0.58600646,4,13134,1537
GTQT,0.5875991,0.57800305,4,13134,1537
GPVD,0.5866836,0.55384725,4,13134,1537
GWFC,0.58332664,0.6008657,4,13134,1537
GWIC,0.57954246,0.592942,4,13134,1537
PDHR,0.5666488,0.60422033,4,13134,1537
GWIP,0.56110984,0.5755428,4,13134,1537
GWFT,0.56080467,0.56615067,4,13134,1537
GTKT,0.55836326,0.5004105,4,13134,1537
GESA,0.55525047,0.5260084,4,13134,1537
GEIF,0.55451804,0.5673526,4,13134,1537
GNSH,0.5530227,0.4806536,4,13134,1537
GWEM,0.5431693,0.5466575,4,13134,1537
GQVI,0.54052955,0.5395191,4,13134,1537
GEVE,0.54030067,0.5320057,4,13134,1537
CDRG,0.5206664,0.5346331,4,13134,1537
GVRM,0.5186637,0.4908202,4,13134,1537
GHLT,0.51289207,0.4866548,4,13134,1537
GSMH,0.5110839,0.4226381,4,13134,1537
GRMW,0.51096183,0.4591482,4,13134,1537
IDES,0.50704414,0.5549423,4,13134,1537
GCVC,0.50369865,0.46327555,4,13134,1537
GSCQ,0.49143058,0.44573614,4,13134,1537
GWTI,0.47996742,0.46911845,4,13134,1537
GFLA,0.47421485,0.4672105,4,13134,1537
GISC,0.4740737,0.42228058,4,13134,1537
FWQA,0.4628814,0.48809043,4,13134,1537
FKNM,0.46262962,0.46439636,4,13134,1537
FPII,0.4587348,0.47117284,4,13134,1537
FQCA,0.44064933,0.46461108,4,13134,1537
FIGY,0.42987663,0.44715106,4,13134,1537
FYQE,0.4237731,0.44635025,4,13134,1537
FNII,0.42326576,0.4414436,4,13134,1537
FVWM,0.42201644,0.43095145,4,13134,1537
FEDV,0.41251594,0.4357661,4,13134,1537
FIPC,0.40206367,0.391554,4,13134,1537
FGNM,0.39798576,0.4210329,4,13134,1537
FTLR,0.39642555,0.40326503,4,13134,1537
PGYK,0.38240272,0.37719536,4,13134,1537
PQLE,0.37982398,0.40444547,4,13134,1537
CPYW,0.37096244,0.43821007,4,13134,1537
PNYI,0.36678725,0.38780066,4,13134,1537
PCME,0.3656791,0.26021698,4,13134,1537
PYWQ,0.35705787,0.34366682,4,13134,1537
PWVK,0.3389228,0.37184614,4,13134,1537
IQPK,0.3366912,0.44588488,4,13134,1537
PQHF,0.3300994,0.3428566,4,13134,1537
MDYH,0.32650405,0.33363912,4,13134,1537
IGAY,0.32191306,0.28074148,4,13134,1537
PKFN,0.3205207,0.32400858,4,13134,1537
PEHL,0.31591254,0.28614658,4,13134,1537
PIQE,0.31550056,0.32630903,4,13134,1537
FMWL,0.3146003,0.3255777,4,13134,1537
IVDM,0.31370384,0.31079805,4,13134,1537
PGMQ,0.3114074,0.22939298,4,13134,1537
KDNY,0.30997306,0.3064618,4,13134,1537
PCNN,0.30586845,0.27933422,4,13134,1537
CNSY,0.30121833,0.349599,4,13134,1537
PTSC,0.29709464,0.3121397,4,13134,1537
CFYY,0.29282218,0.33830836,4,13134,1537
MDGV,0.291344,0.30443233,4,13134,1537
CWNF,0.28881294,0.28888044,4,13134,1537
PEST,0.28399688,0.2774128,4,13134,1537
IQMG,0.2745536,0.30083498,4,13134,1537
YDRE,0.2694915,0.25440022,4,13134,1537
IKCH,0.2691291,0.1953513,4,13134,1537
IEES,0.26872855,0.25992215,4,13134,1537
IIHM,0.25779372,0.23082432,4,13134,1537
IERN,0.25255424,0.2181215,4,13134,1537
WLYS,0.24103767,0.42569897,4,13134,1537
CNEK,0.24090415,0.30910438,4,13134,1537
IIIF,0.23903114,0.22521633,4,13134,1537
IIFV,0.23733741,0.2402479,4,13134,1537
ICVP,0.23571044,0.19071695,4,13134,1537
CNER,0.23206168,0.24116829,4,13134,1537
ITSN,0.22067863,0.20691344,4,13134,1537
PFVQ,0.21566612,0.21222624,4,13134,1537
CIGV,0.21323615,0.2003857,4,13134,1537
QDNA,0.20855552,0.15814972,4,13134,1537
IGRI,0.20692283,0.13793865,4,13134,1537
WPFE,0.20435172,0.2644877,4,13134,1537
IFAP,0.20332938,0.15309812,4,13134,1537
CMPL,0.19350654,0.21489492,4,13134,1537
MLGG,0.1933139,0.21005252,4,13134,1537
TDQE,0.19116813,0.17103365,4,13134,1537
ISRP,0.1874736,0.17913684,4,13134,1537
WNDA,0.18317634,0.23830983,4,13134,1537
HDGE,0.17916709,0.09298901,4,13134,1537
MLYT,0.17794639,0.23619366,4,13134,1537
NDNQ,0.1703437,0.1156998,4,13134,1537
WHDQ,0.16720039,0.15689345,4,13134,1537
WQYI,0.16052276,0.23607238,4,13134,1537
MLTG,0.14574653,0.15483949,4,13134,1537
SCQY,0.1441558,0.12878987,4,13134,1537
LDVR,0.14104682,0.11684045,4,13134,1537
YLYW,0.13449317,0.2918234,4,13134,1537
WIQD,0.12838584,0.120225444,4,13134,1537
WIFD,0.12835532,0.11862423,4,13134,1537
WRNW,0.12735587,0.1384803,4,13134,1537
WSYI,0.12621337,0.12082298,4,13134,1537
WYME,0.12484199,0.11073943,4,13134,1537
WGYS,0.12294227,0.1465138,4,13134,1537
DDAP,0.12132865,0.05941116,4,13134,1537
WTTL,0.10785514,0.08985304,4,13134,1537
WRLE,0.107714,0.056868486,4,13134,1537
HLNQ,0.10695487,0.0,4,13134,1537
WSRT,0.106119454,0.032289837,4,13134,1537
APFL,0.10153419,0.09991697,4,13134,1537
WRKR,0.094572365,0.013857124,4,13134,1537
AWWA,0.091356575,0.09276662,4,13134,1537
YLVH,0.08983451,0.12930284,4,13134,1537
AQWD,0.08818275,0.1119091,4,13134,1537
SWYM,0.08510047,0.14657968,4,13134,1537
WRCF,0.08402854,0.0,4,13134,1537
SQYD,0.08218032,0.13885997,4,13134,1537
TDAN,0.08151847,0.04601754,4,13134,1537
MWIS,0.080696404,0.057056956,4,13134,1537
QHQY,0.07533866,0.0,4,13134,1537
WRVQ,0.074091256,0.018055711,4,13134,1537
QCPK,0.07029182,0.0,4,13134,1537
HDHR,0.06769401,0.02579358,4,13134,1537
ARMM,0.06730491,0.0,4,13134,1537
ANNT,0.065344155,0.06512003,4,13134,1537
YWYM,0.06197387,0.09010806,4,13134,1537
MIQW,0.05978614,0.030084591,4,13134,1537
KQLM,0.059446633,0.0,4,13134,1537
SWNP,0.057295144,0.06470798,4,13134,1537
HDED,0.056345284,0.011934086,4,13134,1537
SVYE,0.054905236,0.037644666,4,13134,1537
ANRW,0.054640114,0.067669176,4,13134,1537
VGPK,0.054149926,0.0,4,13134,1537
TLFC,0.052328408,0.069754325,4,13134,1537
SSKW,0.050028145,0.0060353084,4,13134,1537
RMPY,0.049005806,0.0,4,13134,1537
AVPL,0.048998177,0.0,4,13134,1537
SENV,0.048961937,0.063625626,4,13134,1537
YQTK,0.048063576,0.053182732,4,13134,1537
SPES,0.047922432,0.05311099,4,13134,1537
QPLK,0.04665786,0.0,4,13134,1537
TQWM,0.043718636,0.0,4,13134,1537
YQIP,0.04222709,0.0734435,4,13134,1537
MCIP,0.04071647,0.0,4,13134,1537
SSDC,0.03659278,0.024498042,4,13134,1537
YTYD,0.034984887,0.035932582,4,13134,1537
DCYY,0.03206855,0.0,4,13134,1537
NTIE,0.032007515,0.0,4,13134,1537
RQVW,0.031908333,0.0,4,13134,1537
MSWP,0.030878365,0.0,4,13134,1537
NLSN,0.030214608,0.0,4,13134,1537
LQYT,0.029552758,0.0,4,13134,1537
RTFP,0.029215157,0.0,4,13134,1537
VLCV,0.029207528,0.0,4,13134,1537
SVKR,0.028879464,0.0,4,13134,1537
LPSQ,0.028696358,0.0,4,13134,1537
KAIE,0.027489007,0.0,4,13134,1537
MFPA,0.027113259,0.0,4,13134,1537
AINH,0.026239693,0.0,4,13134,1537
QVPS,0.025795281,0.0,4,13134,1537
SGLM,0.02570182,0.012542889,4,13134,1537
YRVY,0.025423348,0.0,4,13134,1537
HWIE,0.022730172,0.0,4,13134,1537
ACDI,0.022394478,0.0,4,13134,1537
VWPC,0.021410286,0.0,4,13134,1537
KEPE,0.020748436,0.0,4,13134,1537
YTVE,0.020399392,0.0,4,13134,1537
VRQS,0.019605935,0.0,4,13134,1537
VGGW,0.019319832,0.0,4,13134,1537
RHPN,0.01866752,0.0,4,13134,1537
TMYM,0.018617928,0.0,4,13134,1537
VVFK,0.018160164,0.0,4,13134,1537
VQNA,0.017521203,0.0,4,13134,1537
MAMA,0.017116845,0.0,4,13134,1537
AGEM,0.016859353,0.0,4,13134,1537
DASC,0.01455909,0.0,4,13134,1537
EFDE,0.014458001,0.0,4,13134,1537
LKNQ,0.01392585,0.0,4,13134,1537
RHGT,0.013151467,0.0,4,13134,1537
NMYA,0.012367547,0.0,4,13134,1537
LQDG,0.012209237,0.0,4,13134,1537
AITA,0.011186898,0.0,4,13134,1537
YRIC,0.009973824,0.0,4,13134,1537
DTSS,0.009722054,0.0,4,13134,1537
YRKM,0.009708703,0.0,4,13134,1537
KENI,0.008356392,0.0,4,13134,1537
RWSP,0.008169472,0.0,4,13134,1537
HMDM,0.007837594,0.0,4,13134,1537
ASAL,0.007833779,0.0,4,13134,1537
EFFA,0.006872475,0.0,4,13134,1537
DQSC,0.006826699,0.0,4,13134,1537
RSST,0.006418526,0.0,4,13134,1537
SEVL,0.0057089925,0.0,4,13134,1537
QSAW,0.004410088,0.0,4,13134,1537
KWYV,0.0042708516,0.0,4,13134,1537
HIDE,0.0040991902,0.0,4,13134,1537
RAQP,0.0034239888,0.0,4,13134,1537
QTCV,0.0031531453,0.0,4,13134,1537
QNYF,0.002041161,0.0,4,13134,1537
MRVA,0.0010855794,0.0,4,13134,1537
VSNK,0.00042563677,0.0,4,13134,1537
SGLV,-0.0010506511,0.0,4,13134,1537
HGIM,-0.0013481975,0.0,4,13134,1537
QEMA,-0.0019471049,0.0,4,13134,1537
TMPM,-0.002916038,0.0,4,13134,1537
KKEM,-0.0029732585,0.0,4,13134,1537
NWMF,-0.0038086772,0.0,4,13134,1537
KGGE,-0.0040223002,0.0,4,13134,1537
YHLQ,-0.0041214824,0.0,4,13134,1537
QNMG,-0.0043122172,0.0,4,13134,1537
YIQR,-0.0045830607,0.0,4,13134,1537
DPST,-0.0045983195,0.0,4,13134,1537
VMMY,-0.0046212077,0.0,4,13134,1537
HTWR,-0.004716575,0.0,4,13134,1537
ECNW,-0.0052697062,0.0,4,13134,1537
LKWP,-0.0052773356,0.0,4,13134,1537
EQTA,-0.0053192973,0.0,4,13134,1537
VPMI,-0.00559777,0.0,4,13134,1537
VQSK,-0.0057465434,0.0,4,13134,1537
EFPL,-0.005836189,0.0,4,13134,1537
DWEC,-0.006242454,0.0,4,13134,1537
NEVK,-0.0066334605,0.0,4,13134,1537
KMSW,-0.0069901347,0.0,4,13134,1537
KKGF,-0.007379234,0.0,4,13134,1537
YAPG,-0.0076195598,0.0,4,13134,1537
LNVE,-0.0077492595,0.0,4,13134,1537
RHIL,-0.008382499,0.0,4,13134,1537
TISQ,-0.008641899,0.0,4,13134,1537
NMTV,-0.009126365,0.0,4,13134,1537
SGHS,-0.009809196,0.0,4,13134,1537
VQMC,-0.010297477,0.0,4,13134,1537
DHYR,-0.010793388,0.0,4,13134,1537
ERQC,-0.011304557,0.0,4,13134,1537
VFGE,-0.011972129,0.0,4,13134,1537
TPVG,-0.011987388,0.0,4,13134,1537
VFGA,-0.013341606,0.0,4,13134,1537
LTKC,-0.015390098,0.0,4,13134,1537
HYIG,-0.015411079,0.0,4,13134,1537
RMTK,-0.017465293,0.0,4,13134,1537
YYLT,-0.018659294,0.0,4,13134,1537
DRPT,-0.018981636,0.0,4,13134,1537
ESRA,-0.01902169,0.0,4,13134,1537
QKAT,-0.019357383,0.0,4,13134,1537
KKTH,-0.019433677,0.0,4,13134,1537
QNYH,-0.019815147,0.0,4,13134,1537
KMCD,-0.020120323,0.0,4,13134,1537
DNCF,-0.020833671,0.0,4,13134,1537
YMAR,-0.021615684,0.0,4,13134,1537
ECGI,-0.0234887,0.0,4,13134,1537
VQTS,-0.023515403,0.0,4,13134,1537
KGMS,-0.023923576,0.0,4,13134,1537
LCVK,-0.024680793,0.0,4,13134,1537
TICG,-0.025277793,0.0,4,13134,1537
LWCP,-0.026181877,0.0,4,13134,1537
VAKQ,-0.026376426,0.0,4,13134,1537
KRWG,-0.026406944,0.0,4,13134,1537
HTQH,-0.02644509,0.0,4,13134,1537
TVIP,-0.028016746,0.0,4,13134,1537
VVHD,-0.028203666,0.0,4,13134,1537
TEMQ,-0.028642356,0.0,4,13134,1537
NWLL,-0.028825462,0.0,4,13134,1537
VQMT,-0.028886497,0.0,4,13134,1537
LVYN,-0.029340446,0.0,4,13134,1537
TRPS,-0.029710472,0.0,4,13134,1537
SGVQ,-0.030465782,0.0,4,13134,1537
DMWQ,-0.03125924,0.0,4,13134,1537
QTHV,-0.031627357,0.0,4,13134,1537
EISR,-0.033498466,0.0,4,13134,1537
HGIQ,-0.034024894,0.0,4,13134,1537
KVES,-0.034059227,0.0,4,13134,1537
RCCD,-0.035672843,0.0,4,13134,1537
RRND,-0.035672843,0.0,4,13134,1537
VALL,-0.03611535,0.0,4,13134,1537
KGRN,-0.03642434,0.0,4,13134,1537
NGTS,-0.03861016,0.0,4,13134,1537
HQTH,-0.038652122,0.0,4,13134,1537
QAAW,-0.038665473,0.0,4,13134,1537
EMDF,-0.038903892,0.0,4,13134,1537
LIHP,-0.03936547,0.0,4,13134,1537
DELN,-0.03951043,0.0,4,13134,1537
RMSL,-0.0406968,0.0,4,13134,1537
KVRI,-0.040723503,0.0,4,13134,1537
LIYN,-0.0450837,0.0,4,13134,1537
TREF,-0.045583427,0.0,4,13134,1537
EKAT,-0.045777977,0.0,4,13134,1537
YRHI,-0.047280967,0.0,4,13134,1537
LAEL,-0.05549401,0.0,4,13134,1537
NAFN,-0.05665368,0.0,4,13134,1537
RAAN,-0.059308708,0.0,4,13134,1537
TNKL,-0.062089622,0.0,4,13134,1537
THCS,-0.069230735,0.0,4,13134,1537
LGTL,-0.07019585,0.0,4,13134,1537
DRIL,-0.081346214,0.0,4,13134,1537
DGVV,-0.08147591,0.0,4,13134,1537
TATI,-0.092618644,0.0,4,13134,1537
TMVF,-0.10205239,0.0,4,13134,1537
GLPY,0.88985574,0.89214873,5,16496,1921
GLYY,0.87612283,0.89803094,5,16496,1921
GDND,0.8589109,0.8688879,5,16496,1921
GDNR,0.8587278,0.8666837,5,16496,1921
GLYW,0.8562864,0.8506297,5,16496,1921
GLPW,0.85164773,0.8447474,5,16496,1921
GLFW,0.8500608,0.84619427,5,16496,1921
GLDW,0.8446287,0.8307037,5,16496,1921
GLIW,0.8422483,0.83827055,5,16496,1921
GDNI,0.8412107,0.8484562,5,16496,1921
GDEM,0.8407835,0.851917,5,16496,1921
GLPK,0.8406538,0.8476278,5,16496,1921
GDHA,0.8398069,0.8411185,5,16496,1921
GLYK,0.83828104,0.85351,5,16496,1921
GLNW,0.8375486,0.8297704,5,16496,1921
GLNW,0.83744943,0.8297704,5,16496,1921
GDRK,0.83413064,0.8604158,5,16496,1921
GLDK,0.8305296,0.8335841,5,16496,1921
GLYM,0.829492,0.85220486,5,16496,1921
GDTA,0.82930887,0.83237416,5,16496,1921
GLPM,0.8268064,0.8463226,5,16496,1921
GLNM,0.82595193,0.83134556,5,16496,1921
GLSY,0.8180784,0.79174787,5,16496,1921
FDPK,0.81783426,0.8184694,5,16496,1921
GLHY,0.81746805,0.8118378,5,16496,1921
GDLQ,0.81520975,0.8344165,5,16496,1921
GDKQ,0.80880105,0.8121319,5,16496,1921
GDCD,0.8074583,0.80672663,5,16496,1921
GDKP,0.8064817,0.8127347,5,16496,1921
GDKG,0.8060545,0.80900216,5,16496,1921
GLYS,0.8009275,0.8103895,5,16496,1921
GLDA,0.79354227,0.80541664,5,16496,1921
GDAQ,0.7918333,0.80961376,5,16496,1921
GLNA,0.7887205,0.80448335,5,16496,1921
GLHW,0.7864622,0.7644365,5,16496,1921
GLFC,0.7845701,0.8041562,5,16496,1921
FDIA,0.7805418,0.7838251,5,16496,1921
GLFE,0.7785276,0.8018653,5,16496,1921
FDQS,0.7776121,0.77839684,5,16496,1921
GLYE,0.7770628,0.8063007,5,16496,1921
GLIC,0.7752317,0.7962325,5,16496,1921
GLGA,0.7750486,0.7856182,5,16496,1921
GLFD,0.7749876,0.7833427,5,16496,1921
GLDD,0.77407205,0.7678521,5,16496,1921
FDPC,0.7738279,0.773551,5,16496,1921
FDCY,0.7738279,0.78585196,5,16496,1921
GLHK,0.77370584,0.7673169,5,16496,1921
GLYP,0.76577127,0.7911924,5,16496,1921
GLWP,0.75966775,0.7673879,5,16496,1921
FDIQ,0.74819314,0.7490721,5,16496,1921
GLCS,0.74141824,0.72736895,5,16496,1921
FDIG,0.7378782,0.74594235,5,16496,1921
GDSH,0.7372068,0.7650389,5,16496,1921
FDQR,0.7372068,0.7535813,5,16496,1921
FDIR,0.7296995,0.7440564,5,16496,1921
FDAK,0.72805154,0.74140674,5,16496,1921
GQIY,0.7276243,0.7390883,5,16496,1921
FDMK,0.7229246,0.73946965,5,16496,1921
GLKP,0.720117,0.71076566,5,16496,1921
GLHE,0.71871316,0.72010756,5,16496,1921
GQNY,0.7134031,0.73058814,5,16496,1921
GLHQ,0.7118162,0.7043965,5,16496,1921
CDYW,0.711511,0.69286615,5,16496,1921
GLHP,0.71035135,0.70499927,5,16496,1921
GLCP,0.7090086,0.7081719,5,16496,1921
GLAD,0.70723855,0.70483327,5,16496,1921
IDYW,0.6974119,0.6974393,5,16496,1921
GQIM,0.6682981,0.69326216,5,16496,1921
FDRR,0.65893686,0.6613523,5,16496,1921
GQGM,0.65755594,0.66589683,5,16496,1921
GQDE,0.652429,0.6397912,5,16496,1921
GQFC,0.6462034,0.6575727,5,16496,1921
GQYR,0.6446165,0.6389904,5,16496,1921
GQQR,0.6436399,0.6361562,5,16496,1921
PDEM,0.6405271,0.6547875,5,16496,1921
GQDC,0.6388792,0.6420821,5,16496,1921
GQYQ,0.63796365,0.6440061,5,16496,1921
GQQS,0.63399637,0.66097176,5,16496,1921
GQDR,0.633386,0.61906445,5,16496,1921
GTIM,0.63308084,0.6468064,5,16496,1921
GQGA,0.63240945,0.6390346,5,16496,1921
GQWQ,0.6321653,0.6202016,5,16496,1921
GQYS,0.6302122,0.66380596,5,16496,1921
GQPS,0.62374246,0.65792376,5,16496,1921
GVDY,0.61470926,0.61178356,5,16496,1921
GQDG,0.61379373,0.62095034,5,16496,1921
IDYP,0.6048826,0.6380021,5,16496,1921
IDIE,0.5993284,0.6407512,5,16496,1921
GQTA,0.596948,0.5838216,5,16496,1921
GRIY,0.5957502,0.5790723,5,16496,1921
GQLC,0.59420145,0.6038659,5,16496,1921
IDIP,0.57027566,0.62564296,5,16496,1921
IDKA,0.5640501,0.59172547,5,16496,1921
GQSI,0.5615629,0.5144798,5,16496,1921
GMIM,0.5603498,0.55783504,5,16496,1921
GKGW,0.5538801,0.5750835,5,16496,1921
GQSS,0.5484861,0.55752283,5,16496,1921
GWLC,0.54610574,0.54715896,5,16496,1921
GNCC,0.5331129,0.54315484,5,16496,1921
GMLW,0.5141462,0.5104768,5,16496,1921
ILYK,0.50789773,0.59835064,5,16496,1921
GMQL,0.50605905,0.4776755,5,16496,1921
GVGQ,0.4930967,0.48454377,5,16496,1921
GKGL,0.49114358,0.4869742,5,16496,1921
WDDE,0.4780897,0.50365317,5,16496,1921
FWNW,0.47426736,0.4953524,5,16496,1921
FEGK,0.462129,0.48960698,5,16496,1921
PLGA,0.4564985,0.58848864,5,16496,1921
FYNW,0.44478738,0.47265413,5,16496,1921
IQYK,0.44173563,0.45176712,5,16496,1921
IPFY,0.4250425,0.4857491,5,16496,1921
FNHI,0.41703928,0.36760956,5,16496,1921
GISG,0.4168409,0.40114886,5,16496,1921
ILWQ,0.41239297,0.5116257,5,16496,1921
FCQT,0.4085325,0.37584266,5,16496,1921
PLLT,0.4023832,0.5186049,5,16496,1921
ILNQ,0.39859903,0.51457095,5,16496,1921
FIYF,0.39200723,0.3616074,5,16496,1921
FFNE,0.38276803,0.35432392,5,16496,1921
PLRI,0.38168466,0.47515368,5,16496,1921
FHHV,0.3812269,0.3334704,5,16496,1921
PLMF,0.37505472,0.4907513,5,16496,1921
INYW,0.36586893,0.413054,5,16496,1921
MDPM,0.36463296,0.41060874,5,16496,1921
WDTR,0.36351144,0.40791494,5,16496,1921
FMDP,0.36213052,0.35812828,5,16496,1921
FISF,0.3610624,0.25532427,5,16496,1921
FSAF,0.36031473,0.2968575,5,16496,1921
CEGY,0.35426462,0.4055228,5,16496,1921
FHEE,0.35387552,0.34383675,5,16496,1921
CQDK,0.35334146,0.42726794,5,16496,1921
IQYT,0.3529905,0.3721336,5,16496,1921
PQHG,0.34987772,0.35755366,5,16496,1921
FAQT,0.34100473,0.35190594,5,16496,1921
PYKM,0.33587778,0.34865978,5,16496,1921
PVGA,0.33384836,0.32216725,5,16496,1921
PEEG,0.3330778,0.29502243,5,16496,1921
PHCR,0.3305601,0.27634427,5,16496,1921
CEWM,0.32821023,0.3756166,5,16496,1921
FFAA,0.3229078,0.31128025,5,16496,1921
PCWS,0.32047403,0.32538322,5,16496,1921
IPCK,0.31990182,0.36264306,5,16496,1921
CQKK,0.31977975,0.36676717,5,16496,1921
CLKT,0.3197111,0.43371722,5,16496,1921
CQYF,0.31926095,0.3664467,5,16496,1921
PAFG,0.31807077,0.297886,5,16496,1921
FRRP,0.31199014,0.2584022,5,16496,1921
PQAV,0.30729806,0.3532127,5,16496,1921
IQEQ,0.30490243,0.28658983,5,16496,1921
PTMN,0.29283273,0.28634447,5,16496,1921
CYWS,0.2908796,0.30086365,5,16496,1921
PGHV,0.2897352,0.21736284,5,16496,1921
CYIG,0.28861368,0.28937945,5,16496,1921
PVIL,0.28632486,0.28671035,5,16496,1921
CAYM,0.2855543,0.30446333,5,16496,1921
CNFP,0.2821592,0.3446082,5,16496,1921
IRQG,0.28157938,0.22286677,5,16496,1921
CCIS,0.27329385,0.2742256,5,16496,1921
IKSK,0.26843393,0.2562458,5,16496,1921
PISK,0.26421487,0.27006945,5,16496,1921
YLQW,0.26210153,0.2889892,5,16496,1921
IWVF,0.25719583,0.23306903,5,16496,1921
LDIY,0.25576913,0.2981822,5,16496,1921
PRSD,0.25415933,0.177766,5,16496,1921
YDRF,0.24171579,0.22086233,5,16496,1921
IINE,0.24031198,0.25025406,5,16496,1921
YDCT,0.23554361,0.23401879,5,16496,1921
WWYA,0.23365915,0.23736158,5,16496,1921
IMDL,0.23217905,0.2054243,5,16496,1921
CIDS,0.22764719,0.25070298,5,16496,1921
EDQW,0.22606027,0.24687082,5,16496,1921
CCGR,0.22591531,0.2220447,5,16496,1921
ICVE,0.22574747,0.20582521,5,16496,1921
CIHE,0.22390115,0.18034703,5,16496,1921
CIQR,0.2189573,0.24297923,5,16496,1921
CMYP,0.21531045,0.24944918,5,16496,1921
PRVN,0.21282327,0.17642237,5,16496,1921
WPHA,0.20822275,0.2017719,5,16496,1921
CRCP,0.19871652,0.1418398,5,16496,1921
IGSD,0.19146097,0.14715047,5,16496,1921
CICG,0.19063699,0.16467884,5,16496,1921
ALFT,0.19047678,0.26396015,5,16496,1921
CGAD,0.19033945,0.16591553,5,16496,1921
CMMD,0.189134,0.16115293,5,16496,1921
IFHT,0.17055643,0.13253398,5,16496,1921
EDGT,0.16137064,0.13322747,5,16496,1921
CRCN,0.15854013,0.11204263,5,16496,1921
KDKL,0.1560148,0.11138377,5,16496,1921
RDHG,0.15254343,0.14995047,5,16496,1921
IFVL,0.15139902,0.12612712,5,16496,1921
KLKK,0.1511854,0.10040438,5,16496,1921
WMMK,0.14457071,0.10192685,5,16496,1921
WVCH,0.13991678,0.03532049,5,16496,1921
SQNM,0.13680398,0.18242736,5,16496,1921
AQFK,0.123063445,0.1970101,5,16496,1921
WMKW,0.119408965,0.103501655,5,16496,1921
ELGK,0.11762369,0.11089191,5,16496,1921
WVLP,0.1164335,0.08203835,5,16496,1921
SSPY,0.11228311,0.12798116,5,16496,1921
RLDG,0.11123788,0.114248596,5,16496,1921
TDES,0.11119974,0.07569982,5,16496,1921
MPCY,0.110726714,0.12464047,5,16496,1921
SNYS,0.10400522,0.1256386,5,16496,1921
YLMN,0.09983194,0.11770703,5,16496,1921
LPQM,0.09916818,0.0072249086,5,16496,1921
WCLR,0.09764993,0.07866904,5,16496,1921
MTMY,0.095353484,0.08242678,5,16496,1921
LLPG,0.09096658,0.09211899,5,16496,1921
ELHW,0.086282134,0.061542828,5,16496,1921
NPWM,0.08503854,0.0,5,16496,1921
WRWN,0.08229959,0.04630067,5,16496,1921
SHPS,0.0816282,0.07309301,5,16496,1921
RPNM,0.081361175,0.025373215,5,16496,1921
WRNL,0.07817209,0.050371032,5,16496,1921
HLQE,0.07650888,0.027910225,5,16496,1921
AQKS,0.07528055,0.07789821,5,16496,1921
ANKW,0.07423532,0.08230565,5,16496,1921
AECK,0.07170236,0.0719574,5,16496,1921
AKYF,0.06923044,0.031460114,5,16496,1921
NDEF,0.068116546,0.01647542,5,16496,1921
NQWM,0.067132354,0.0,5,16496,1921
LEDW,0.06640756,0.0,5,16496,1921
MYQS,0.06299722,0.04388362,5,16496,1921
YQWI,0.06281412,0.03815212,5,16496,1921
ANIC,0.06281412,0.10833526,5,16496,1921
DLYD,0.061288238,0.036972728,5,16496,1921
NQQD,0.05545175,0.0,5,16496,1921
YKGM,0.05471933,0.017852383,5,16496,1921
AGIC,0.05307138,0.011566364,5,16496,1921
TLRY,0.05255258,0.06856584,5,16496,1921
MQIF,0.048463225,0.07613723,5,16496,1921
WFSI,0.046937346,0.0,5,16496,1921
SMWR,0.046616912,0.0,5,16496,1921
MQVW,0.042413116,0.08511935,5,16496,1921
MRRG,0.040658355,0.0,5,16496,1921
AIAW,0.04047525,0.0,5,16496,1921
AEHA,0.039307952,0.040617384,5,16496,1921
LQNE,0.038995147,0.0,5,16496,1921
RCNM,0.037667632,0.0,5,16496,1921
RHIQ,0.035523772,0.0,5,16496,1921
WGKF,0.03228891,0.028460326,5,16496,1921
KPRV,0.031197906,0.0,5,16496,1921
STDN,0.029610991,0.04609532,5,16496,1921
RMQA,0.028336883,0.0,5,16496,1921
LWQF,0.025620818,0.0,5,16496,1921
YRFT,0.024323821,0.0,5,16496,1921
RLEI,0.023934722,0.0118043125,5,16496,1921
LCDW,0.023919463,0.0,5,16496,1921
HQPC,0.021752715,0.0,5,16496,1921
TYDA,0.021172881,0.0,5,16496,1921
HPRS,0.021027923,0.0,5,16496,1921
MKLH,0.019097686,0.0,5,16496,1921
SFQT,0.0177778,0.0,5,16496,1921
EVYA,0.017381072,0.0,5,16496,1921
YMDD,0.016915679,0.0,5,16496,1921
YPAE,0.016747832,0.011862514,5,16496,1921
MYRK,0.016373992,0.0,5,16496,1921
EFIS,0.016183257,0.0,5,16496,1921
EFYF,0.013345122,0.0,5,16496,1921
VTDW,0.012383819,0.0,5,16496,1921
YWHG,0.011399627,0.0,5,16496,1921
MHCC,0.011224151,0.0,5,16496,1921
RPEA,0.011216521,0.0,5,16496,1921
VVQS,0.01059854,0.0,5,16496,1921
RANT,0.009644866,0.0,5,16496,1921
SSGI,0.0092481375,0.0,5,16496,1921
DHYS,0.0084165335,0.0,5,16496,1921
NPSS,0.007089019,0.0,5,16496,1921
MQED,0.0069669485,0.0012548543,5,16496,1921
DCWE,0.006898284,0.0,5,16496,1921
KRDV,0.006394744,0.0,5,16496,1921
QSQD,0.0060209036,0.0,5,16496,1921
YEDL,0.005853057,0.0,5,16496,1921
QVCY,0.0048612356,0.0,5,16496,1921
HNIH,0.0043195486,0.0,5,16496,1921
RKLI,0.0037778616,0.0,5,16496,1921
LQDP,0.0030988455,0.0,5,16496,1921
VYFP,0.0029691458,0.0,5,16496,1921
YKSL,0.0028318167,0.0,5,16496,1921
ETCR,0.002625823,0.0,5,16496,1921
HVFG,0.0024961233,0.0,5,16496,1921
DGIE,0.0013746023,0.0,5,16496,1921
HMQE,0.0011914968,0.0,5,16496,1921
VTCW,0.0011152029,0.0,5,16496,1921
TRPI,0.0008329153,0.0,5,16496,1921
HVMY,0.00075662136,0.0,5,16496,1921
TQFF,0.00038278103,0.0,5,16496,1921
DNKG,1.6570091e-05,0.0,5,16496,1921
DTGR,-2.1576881e-05,0.0,5,16496,1921
KGPW,-0.00099051,0.0,5,16496,1921
RHRC,-0.0011583567,0.0,5,16496,1921
KNWP,-0.0015169382,0.0,5,16496,1921
NYQP,-0.00199759,0.0,5,16496,1921
ETFV,-0.002829194,0.0,5,16496,1921
NTCP,-0.0032488108,0.0,5,16496,1921
YGFP,-0.003927827,0.0,5,16496,1921
RVRN,-0.004744172,0.0,5,16496,1921
DKNK,-0.0050569773,0.0,5,16496,1921
DYWP,-0.0053850412,0.0,5,16496,1921
EFLV,-0.005423188,0.0,5,16496,1921
DNDP,-0.0054918528,0.0,5,16496,1921
TICG,-0.005667329,0.0,5,16496,1921
TKQQ,-0.006041169,0.0,5,16496,1921
RSWN,-0.006079316,0.0,5,16496,1921
NNDI,-0.006422639,0.0,5,16496,1921
TPER,-0.0069719553,0.0,5,16496,1921
AWHN,-0.007216096,0.0,5,16496,1921
HEWT,-0.007528901,0.0,5,16496,1921
YSGL,-0.007704377,0.0,5,16496,1921
QFEE,-0.008314729,0.0,5,16496,1921
EYKS,-0.008612275,0.0,5,16496,1921
TQCS,-0.00892508,0.0,5,16496,1921
HGIP,-0.009047151,0.0,5,16496,1921
NEDI,-0.009695649,0.0,5,16496,1921
NYDI,-0.010244966,0.0,5,16496,1921
YAKH,-0.010382295,0.0,5,16496,1921
KFDT,-0.010908723,0.0,5,16496,1921
KMAC,-0.011297822,0.0,5,16496,1921
DGRQ,-0.011541963,0.0,5,16496,1921
VVYR,-0.011915803,0.0,5,16496,1921
HTFD,-0.012060761,0.0,5,16496,1921
NKQR,-0.012098908,0.0,5,16496,1921
EKDG,-0.0125643015,0.0,5,16496,1921
LYYQ,-0.013487458,0.0,5,16496,1921
EITN,-0.014250398,0.0,5,16496,1921
KRTP,-0.014280915,0.0,5,16496,1921
VRNC,-0.014456391,0.0,5,16496,1921
NTGN,-0.014967561,0.0,5,16496,1921
LRDD,-0.015616059,0.0,5,16496,1921
QRFC,-0.016539216,0.0,5,16496,1921
ASTI,-0.01675284,0.0,5,16496,1921
HNWN,-0.016760468,0.0,5,16496,1921
QICK,-0.017027497,0.0,5,16496,1921
TRKW,-0.0185076,0.0,5,16496,1921
VHWH,-0.018904328,0.0,5,16496,1921
HPLF,-0.019362092,0.0,5,16496,1921
RGLA,-0.01976645,0.0,5,16496,1921
HCHD,-0.01977408,0.0,5,16496,1921
NRLK,-0.020346284,0.0,5,16496,1921
DYEG,-0.02052176,0.0,5,16496,1921
KEHI,-0.020559907,0.0,5,16496,1921
DMMK,-0.020605683,0.0,5,16496,1921
DSLC,-0.020704865,0.0,5,16496,1921
KYVL,-0.020750642,0.0,5,16496,1921
TAFR,-0.020788789,0.0,5,16496,1921
QPLC,-0.020979524,0.0,5,16496,1921
DFEY,-0.021261811,0.0,5,16496,1921
ETAL,-0.021292329,0.0,5,16496,1921
QFFF,-0.02242148,0.0,5,16496,1921
VHGT,-0.022444367,0.0,5,16496,1921
HSGP,-0.0236727,0.0,5,16496,1921
HVNP,-0.02404654,0.0,5,16496,1921
HEVC,-0.02493918,0.0,5,16496,1921
HHMY,-0.025625825,0.0,5,16496,1921
EGQM,-0.026747346,0.0,5,16496,1921
HKLG,-0.028372407,0.0,5,16496,1921
NYTI,-0.028502107,0.0,5,16496,1921
NGRA,-0.029364228,0.0,5,16496,1921
TCTD,-0.029638886,0.0,5,16496,1921
LIEV,-0.030890107,0.0,5,16496,1921
NMHM,-0.031637788,0.0,5,16496,1921
DTVT,-0.031767488,0.0,5,16496,1921
SGRF,-0.03753531,0.0,5,16496,1921
TFQT,-0.03780234,0.0,5,16496,1921
QSTQ,-0.039122224,0.0,5,16496,1921
VHCG,-0.039236665,0.0,5,16496,1921
VSAF,-0.03965628,0.0,5,16496,1921
HFGF,-0.039831758,0.0,5,16496,1921
EGEQ,-0.04056418,0.0,5,16496,1921
LAED,-0.041151643,0.0,5,16496,1921
YRLE,-0.042898774,0.0,5,16496,1921
RYVR,-0.043928742,0.0,5,16496,1921
TCWI,-0.045126557,0.0,5,16496,1921
DGVN,-0.045912385,0.0,5,16496,1921
HHNV,-0.051359773,0.0,5,16496,1921
DGVP,-0.054587007,0.0,5,16496,1921
NRKR,-0.054884553,0.0,5,16496,1921
RGHL,-0.057722688,0.0,5,16496,1921
VRAT,-0.060751557,0.0,5,16496,1921
HMHH,-0.061056733,0.0,5,16496,1921
NESA,-0.061674714,0.0,5,16496,1921
HYEE,-0.072126985,0.0,5,16496,1921
RGVT,-0.082068086,0.0,5,16496,1921
HHKN,-0.09826529,0.0,5,16496,1921
