{"run_id": "12:04:29-11/04/2022", "exp_name": "MCSA=1.2", "encoder_name": "ESM_esm-1v", "model_name": "GPyTorch", "landscape_name": "GB1_combo", "rounds": 5, "expmt_queries_per_round": 384, "model_queries_per_round": 3072}
sequence,model_score,true_score,round,model_cost,measurement_cost
LRAG,,0.19710395,0,0,1
IRAG,,0.34573475,1,0,76
NRAG,,0.0017462294,1,0,76
CRAG,,0.099978894,1,0,76
RRAG,,0.002673714,1,0,76
HRAG,,0.015979003,1,0,76
TRAG,,0.035121236,1,0,76
YRAG,,0.17645971,1,0,76
KRAG,,0.0032878055,1,0,76
ARAG,,0.015552356,1,0,76
QRAG,,0.010402263,1,0,76
VRAG,,0.37129498,1,0,76
PRAG,,0.0005057677,1,0,76
SRAG,,0.005058936,1,0,76
MRAG,,0.13140838,1,0,76
GRAG,,0.00033311607,1,0,76
FRAG,,0.25272295,1,0,76
WRAG,,0.09814933,1,0,76
DRAG,,0.00048791707,1,0,76
ERAG,,0.0041402774,1,0,76
LIAG,,0.20789695,1,0,76
LNAG,,0.1987684,1,0,76
LCAG,,0.10537005,1,0,76
LHAG,,0.1998165,1,0,76
LTAG,,0.062422402,1,0,76
LYAG,,0.216675,1,0,76
LKAG,,0.14469157,1,0,76
LAAG,,0.13054794,1,0,76
LQAG,,0.10716228,1,0,76
LVAG,,0.19303884,1,0,76
LPAG,,0.002253746,1,0,76
LSAG,,0.13174681,1,0,76
LLAG,,0.059058208,1,0,76
LMAG,,0.06631997,1,0,76
LGAG,,0.019878102,1,0,76
LFAG,,0.1308035,1,0,76
LWAG,,0.3353433,1,0,76
LDAG,,0.11685345,1,0,76
LEAG,,0.052728556,1,0,76
LRIG,,0.01655138,1,0,76
LRNG,,0.03323153,1,0,76
LRCG,,0.3918407,1,0,76
LRRG,,0.0028072367,1,0,76
LRHG,,0.0013121385,1,0,76
LRTG,,0.0013724244,1,0,76
LRYG,,0.1751666,1,0,76
LRKG,,0.0011348319,1,0,76
LRQG,,0.0024852704,1,0,76
LRVG,,0.036660783,1,0,76
LRPG,,0.0009762935,1,0,76
LRSG,,0.006235079,1,0,76
LRLG,,0.5085378,1,0,76
LRMG,,0.32126978,1,0,76
LRGG,,0.040680032,1,0,76
LRFG,,0.38559735,1,0,76
LRWG,,0.0021624628,1,0,76
LRDG,,0.0002421778,1,0,76
LREG,,0.00049498834,1,0,76
LRAI,,0.02003524,1,0,76
LRAN,,0.0014086716,1,0,76
LRAC,,0.2963724,1,0,76
LRAR,,0.00036641507,1,0,76
LRAH,,0.0003184867,1,0,76
LRAT,,0.027254375,1,0,76
LRAY,,0.0005477146,1,0,76
LRAK,,0.0005020504,1,0,76
LRAA,,0.46885478,1,0,76
LRAQ,,0.0003505744,1,0,76
LRAV,,0.035488073,1,0,76
LRAP,,0.0006801631,1,0,76
LRAS,,0.05659221,1,0,76
LRAL,,0.06314506,1,0,76
LRAM,,0.02133629,1,0,76
LRAF,,0.0021482792,1,0,76
LRAW,,0.00084089517,1,0,76
LRAD,,0.0024042288,1,0,76
LRAE,,0.00072151964,1,0,76
VRLA,0.7083636,0.11934108,2,3080,461
IRLA,0.6923214,0.106228955,2,3080,461
VWLA,0.666828,0.13470641,2,3080,461
IWLA,0.6633432,0.13629383,2,3080,461
LRLA,0.64807993,0.4071076,2,3080,461
VRCA,0.6453912,0.48396897,2,3080,461
IRCA,0.6317737,0.44589147,2,3080,461
VHLA,0.62726784,0.13474442,2,3080,461
VNLA,0.6162468,0.1453346,2,3080,461
IHLA,0.60497546,0.11182336,2,3080,461
IWCA,0.60496056,0.6060298,2,3080,461
VVLA,0.6006743,0.093877494,2,3080,461
FRLA,0.5985137,0.30669045,2,3080,461
INLA,0.5982423,0.10444058,2,3080,461
IYLA,0.59656763,0.03313914,2,3080,461
IILA,0.5965473,0.09323913,2,3080,461
VRLG,0.5960228,0.37144887,2,3080,461
VILA,0.5957488,0.08692075,2,3080,461
FWLA,0.5944178,0.36941645,2,3080,461
IRFA,0.5944123,0.10962295,2,3080,461
IWFA,0.5929862,0.22276112,2,3080,461
IWLG,0.5854031,0.49257922,2,3080,461
VRMA,0.58357376,0.16534394,2,3080,461
VSLA,0.58009297,0.19727956,2,3080,461
VQLA,0.5774902,0.051763892,2,3080,461
VCLA,0.5765952,0.12928398,2,3080,461
LRCA,0.5740963,0.5942575,2,3080,461
IKLA,0.5710522,0.06405589,2,3080,461
VALA,0.57014537,0.17104663,2,3080,461
IRMA,0.5695172,0.11345967,2,3080,461
IWAA,0.5691746,0.60950506,2,3080,461
VWAA,0.5683999,0.61774945,2,3080,461
LWFA,0.56736624,0.26192555,2,3080,461
LWCA,0.56642175,0.72920364,2,3080,461
ICLA,0.5601835,0.11141515,2,3080,461
ISLA,0.5593225,0.1438919,2,3080,461
LILA,0.5570172,0.34792945,2,3080,461
MRLA,0.55682105,0.23236902,2,3080,461
IWMA,0.5564823,0.09873111,2,3080,461
VDLA,0.55433154,0.08801481,2,3080,461
IQLA,0.55400604,0.042037208,2,3080,461
IFLA,0.5534748,0.013790483,2,3080,461
LVLA,0.5480613,0.31214324,2,3080,461
VKCA,0.5476052,0.40321496,2,3080,461
MWLA,0.5457259,0.3213555,2,3080,461
INCA,0.5447265,0.54149586,2,3080,461
IYCA,0.543311,0.51177466,2,3080,461
FWFA,0.53807116,0.24732038,2,3080,461
LWLG,0.53623646,0.6498953,2,3080,461
YRLA,0.53415,0.31751725,2,3080,461
IVCA,0.53404665,0.36801228,2,3080,461
FILA,0.5339691,0.33646098,2,3080,461
VHLG,0.53274435,0.37548625,2,3080,461
IDLA,0.532096,0.065543525,2,3080,461
FHLA,0.5290116,0.22538014,2,3080,461
VQCA,0.5258817,0.338886,2,3080,461
FYLA,0.52584887,0.15800682,2,3080,461
ILLA,0.5225485,0.026608387,2,3080,461
LSLA,0.5190656,0.3991555,2,3080,461
CRLA,0.51848525,0.0628378,2,3080,461
VLLA,0.51785356,0.02232073,2,3080,461
FVLA,0.51735055,0.27791792,2,3080,461
VNMA,0.51046693,0.20282109,2,3080,461
VGLA,0.51034856,0.030535027,2,3080,461
IHLG,0.5056443,0.29174936,2,3080,461
LFLA,0.505478,0.15608753,2,3080,461
VKFA,0.50509346,0.08555913,2,3080,461
INLG,0.50441736,0.3488499,2,3080,461
LWAA,0.5038332,0.60803336,2,3080,461
CWLA,0.5032632,0.10804184,2,3080,461
IILG,0.5028726,0.2840885,2,3080,461
IYLG,0.5026187,0.22247362,2,3080,461
IWCG,0.50214595,0.48441428,2,3080,461
VYAA,0.50006425,0.5202131,2,3080,461
FWAA,0.49777701,0.8838785,2,3080,461
IGLA,0.4960576,0.026780998,2,3080,461
LDLA,0.49498382,0.2758881,2,3080,461
IHMA,0.49491957,0.13655286,2,3080,461
VQFA,0.49326953,0.08841401,2,3080,461
MNLA,0.4921694,0.19851717,2,3080,461
FRMA,0.49196717,0.27833986,2,3080,461
IVLG,0.49134925,0.2611672,2,3080,461
FSLA,0.48989502,0.22010615,2,3080,461
LYFA,0.48723885,0.07313509,2,3080,461
YRCA,0.48428383,0.48062128,2,3080,461
FFLA,0.4842768,0.10021022,2,3080,461
IVMA,0.48200706,0.088859186,2,3080,461
LVCA,0.4811829,0.4520526,2,3080,461
FQLA,0.4808801,0.13692263,2,3080,461
MILA,0.47962943,0.2144079,2,3080,461
YILA,0.47942707,0.3476099,2,3080,461
MRCA,0.47876725,0.46905893,2,3080,461
VKAA,0.4781489,0.46569434,2,3080,461
LIFA,0.47814462,0.22240064,2,3080,461
IDCA,0.47759363,0.4166363,2,3080,461
VIMA,0.47696587,0.12168382,2,3080,461
MVLA,0.4765714,0.21435249,2,3080,461
MKLA,0.47543338,0.16045167,2,3080,461
MWCA,0.4752395,0.58575636,2,3080,461
VPLA,0.4725218,0.004986727,2,3080,461
IMCA,0.47022483,0.1834235,2,3080,461
VQMA,0.46783826,0.072500855,2,3080,461
IKMA,0.46767434,0.063649856,2,3080,461
FIFA,0.46602508,0.23930131,2,3080,461
FYFA,0.4656839,0.07543268,2,3080,461
IAFA,0.46435234,0.20408681,2,3080,461
VSAA,0.4626235,0.54937875,2,3080,461
CILA,0.4613413,0.0800758,2,3080,461
FNFA,0.45817444,0.07833779,2,3080,461
AWLA,0.4548127,0.14115354,2,3080,461
ILCA,0.45452496,0.23297028,2,3080,461
ISLC,0.45407957,0.053898465,2,3080,461
YRFA,0.45403582,0.13901168,2,3080,461
IALG,0.45190302,0.34751585,2,3080,461
VDMA,0.45138392,0.12091669,2,3080,461
IWMG,0.4509902,0.245812,2,3080,461
ILFA,0.4492853,0.03526116,2,3080,461
VNCG,0.44837388,0.42334363,2,3080,461
LACA,0.4468739,0.54882914,2,3080,461
LHLG,0.44570896,0.3889241,2,3080,461
IFMA,0.44407097,0.015724989,2,3080,461
VYFC,0.44390085,0.0074547506,2,3080,461
VYCG,0.44336,0.45027772,2,3080,461
FGLA,0.438692,0.011336372,2,3080,461
LWCG,0.43775138,0.5564039,2,3080,461
LGLA,0.43769076,0.13838452,2,3080,461
LCFA,0.4376451,0.19990689,2,3080,461
VNFC,0.43609092,0.027206255,2,3080,461
CWFA,0.43581128,0.2038838,2,3080,461
VYCC,0.43571305,0.18885148,2,3080,461
VMMA,0.43527886,0.044731103,2,3080,461
YWMA,0.43474224,0.31773263,2,3080,461
MDLA,0.43361995,0.12637752,2,3080,461
VNFG,0.43128738,0.39093727,2,3080,461
IHCG,0.4302006,0.31426367,2,3080,461
FNMA,0.42998967,0.1852265,2,3080,461
VVCC,0.4295114,0.14676642,2,3080,461
IDMA,0.42860425,0.07595046,2,3080,461
LVMA,0.4275829,0.31027505,2,3080,461
CRCA,0.42757517,0.08579367,2,3080,461
FAFA,0.42624125,0.19263557,2,3080,461
IAAA,0.42589292,0.5920644,2,3080,461
LVLG,0.4256192,0.39709526,2,3080,461
IYCG,0.42486897,0.39420977,2,3080,461
YRMA,0.42485943,0.27547088,2,3080,461
VVCG,0.42468894,0.21197285,2,3080,461
FKFA,0.42459926,0.10244314,2,3080,461
MRMA,0.42369577,0.28433254,2,3080,461
VTMA,0.42052546,0.05175824,2,3080,461
VYYA,0.419799,0.0057283076,2,3080,461
ILLG,0.4182205,0.1750394,2,3080,461
VIYA,0.4176882,0.011013082,2,3080,461
SRLA,0.4173087,0.0017284367,2,3080,461
MWAA,0.4167497,0.4531611,2,3080,461
WILA,0.4161766,0.40551814,2,3080,461
MKCA,0.41474706,0.39733562,2,3080,461
LDFA,0.41249833,0.096364185,2,3080,461
MVCA,0.40960583,0.3305343,2,3080,461
LKLG,0.4077033,0.41123253,2,3080,461
VFAA,0.4076135,0.43311968,2,3080,461
IEFA,0.40725872,0.048223354,2,3080,461
NWLA,0.405568,0.0010746819,2,3080,461
MELA,0.4034397,0.04899076,2,3080,461
IWVA,0.40331206,0.0029059493,2,3080,461
LSLC,0.40313613,0.18798283,2,3080,461
YNFA,0.40273204,0.07591479,2,3080,461
VACC,0.4018224,0.15763848,2,3080,461
IRLS,0.39990744,0.0037098166,2,3080,461
FDFA,0.39964116,0.09813318,2,3080,461
VQCG,0.39863357,0.13359633,2,3080,461
VWIA,0.3978658,0.00031446386,2,3080,461
IYYA,0.39665195,0.004886735,2,3080,461
IIYA,0.39623174,0.013328466,2,3080,461
VAFC,0.39518985,0.05969591,2,3080,461
FKLG,0.39456198,0.3920826,2,3080,461
GRLA,0.39336488,0.0010866275,2,3080,461
VFFG,0.39308766,0.12876734,2,3080,461
LLFA,0.3930268,0.06863251,2,3080,461
VFCC,0.39150283,0.15286957,2,3080,461
TSLA,0.38773015,0.004802131,2,3080,461
CIFA,0.38762558,0.15972963,2,3080,461
IEMA,0.3874046,0.028289495,2,3080,461
IACC,0.38638338,0.19017982,2,3080,461
QKLA,0.38572815,0.039249584,2,3080,461
CYFA,0.38035825,0.051259685,2,3080,461
TQLA,0.3793244,0.00093197636,2,3080,461
CICA,0.37755856,0.108258024,2,3080,461
CNFA,0.37658876,0.08846388,2,3080,461
YNMA,0.37551212,0.17688462,2,3080,461
IWLK,0.37535593,0.0010891885,2,3080,461
IFFG,0.37334564,0.064363725,2,3080,461
IQCG,0.37302712,0.15279508,2,3080,461
VFCG,0.37213877,0.3582301,2,3080,461
CELA,0.37149695,0.0116602015,2,3080,461
IWLV,0.37024766,0.0048250197,2,3080,461
CYCA,0.36700454,0.0542656,2,3080,461
VLFC,0.36613426,0.005060482,2,3080,461
VGAA,0.3652933,0.338183,2,3080,461
WSLA,0.3639104,0.45485482,2,3080,461
LGFA,0.363212,0.031999107,2,3080,461
IRLR,0.3619887,0.00049209077,2,3080,461
FVCC,0.3616462,0.09943514,2,3080,461
KRCA,0.36108378,0.34915632,2,3080,461
IRLQ,0.36094716,0.0004013511,2,3080,461
CKFA,0.36083338,0.07882203,2,3080,461
IIMG,0.36072734,0.079045616,2,3080,461
IRLN,0.35975584,0.0015503906,2,3080,461
IRLD,0.3595216,0.013824316,2,3080,461
MDFA,0.35624972,0.059582125,2,3080,461
YKMA,0.35474753,0.19671842,2,3080,461
WIFA,0.35464826,0.52711594,2,3080,461
SYLA,0.35390732,0.0019180333,2,3080,461
IRLV,0.35372403,0.004797556,2,3080,461
FWLS,0.35368243,0.034560792,2,3080,461
CACA,0.35174257,0.05561547,2,3080,461
IHLS,0.35118446,0.002606749,2,3080,461
CAFA,0.35094526,0.1987555,2,3080,461
LNCG,0.3508592,0.37963107,2,3080,461
YAMA,0.35066897,0.21022835,2,3080,461
TELA,0.35010156,0.0012288281,2,3080,461
FVFC,0.34819493,0.092820406,2,3080,461
CSFA,0.34799454,0.19299603,2,3080,461
IGAA,0.34742635,0.4219442,2,3080,461
YSMA,0.34736285,0.20191708,2,3080,461
VHLM,0.34706995,0.0030720702,2,3080,461
IWLF,0.34686115,0.00078324735,2,3080,461
VNLR,0.34632924,0.00028715198,2,3080,461
LAAA,0.346239,0.44254556,2,3080,461
WNFA,0.34511515,0.37153563,2,3080,461
VDYA,0.34451565,0.026891135,2,3080,461
VHLP,0.343938,0.027561137,2,3080,461
VHLD,0.34366772,0.009942022,2,3080,461
VTCG,0.3436456,0.15027437,2,3080,461
VHLQ,0.34284285,0.0009945552,2,3080,461
GYLA,0.3420575,0.00053860975,2,3080,461
VRHA,0.34182206,0.00011103866,2,3080,461
IVLS,0.3404167,0.0023953023,2,3080,461
SRFA,0.3396519,0.002286221,2,3080,461
DWFA,0.33897617,0.0010433446,2,3080,461
VHLK,0.33796957,0.0003291504,2,3080,461
AKCA,0.33494553,0.33652335,2,3080,461
CPLA,0.33419546,0.0036570597,2,3080,461
VNIA,0.33252713,0.0004759545,2,3080,461
INVA,0.33218822,0.004598758,2,3080,461
IRLF,0.33208874,0.0011926861,2,3080,461
YQMA,0.3320545,0.17276049,2,3080,461
VILQ,0.33137408,0.00025365717,2,3080,461
YFMA,0.33125144,0.12376595,2,3080,461
QTLA,0.33006856,0.014301688,2,3080,461
VLCG,0.3286914,0.15595011,2,3080,461
DYLA,0.32561138,0.000942567,2,3080,461
MEFA,0.3255196,0.042591512,2,3080,461
IHLT,0.32517797,0.10901836,2,3080,461
WPLA,0.32502118,0.012239,2,3080,461
IILT,0.3240094,0.13018017,2,3080,461
IKLS,0.32388094,0.0019061641,2,3080,461
ILCG,0.32343546,0.14503615,2,3080,461
YWMG,0.32319596,0.38434637,2,3080,461
FDCC,0.32254052,0.028339848,2,3080,461
GRCA,0.32131687,0.006488965,2,3080,461
VKLR,0.31937513,0.00048506376,2,3080,461
VKLP,0.31825075,0.017463809,2,3080,461
VKLD,0.31823447,0.0,2,3080,461
ENFA,0.31822446,0.0040345644,2,3080,461
IHLD,0.31814995,0.009642767,2,3080,461
IRRA,0.31765407,0.0019341954,2,3080,461
VHLF,0.31706315,0.00032149578,2,3080,461
CLFA,0.3164765,0.039277542,2,3080,461
IHLN,0.31619492,0.00054213003,2,3080,461
IILQ,0.31577194,0.0005772157,2,3080,461
QWAA,0.31157967,0.0061441404,2,3080,461
SWAA,0.30542067,0.00298456,2,3080,461
MYCC,0.30507258,0.22752081,2,3080,461
QFLA,0.30463,0.010787233,2,3080,461
RDCA,0.3044848,0.16211592,2,3080,461
IDMG,0.30219236,0.055060953,2,3080,461
FMCC,0.30203232,0.029623535,2,3080,461
KACA,0.3017331,0.30952668,2,3080,461
VILW,0.30069306,0.00046081058,2,3080,461
RWFC,0.30066654,0.0023244426,2,3080,461
CTFA,0.30027846,0.069662035,2,3080,461
IWCF,0.29993013,0.0029491875,2,3080,461
ALLA,0.2986758,0.007339455,2,3080,461
IILY,0.29810753,0.00025521815,2,3080,461
FAMC,0.29770777,0.035868496,2,3080,461
YACC,0.29758987,0.046911344,2,3080,461
VVPA,0.29539457,0.0009769835,2,3080,461
FWFS,0.2951394,0.01620782,2,3080,461
CRCC,0.29431677,0.100110315,2,3080,461
GFLA,0.29406205,0.00031727942,2,3080,461
IKLM,0.29340172,0.00095121446,2,3080,461
VKLF,0.2929262,0.0010240235,2,3080,461
LACG,0.29289764,0.352867,2,3080,461
IHLF,0.2927108,0.0003711226,2,3080,461
DELA,0.29237083,0.00070893933,2,3080,461
RDFA,0.29183152,0.0036932433,2,3080,461
MEMA,0.291711,0.083959684,2,3080,461
GELA,0.29148766,0.00026785547,2,3080,461
VHCV,0.29137093,0.013139944,2,3080,461
FRLT,0.2907698,0.36872813,2,3080,461
IILF,0.2892043,0.00038400877,2,3080,461
IKLV,0.28781286,0.002837449,2,3080,461
IHRA,0.28742346,0.003972057,2,3080,461
IKLH,0.28737894,0.049364712,2,3080,461
QDFA,0.2871201,0.019528884,2,3080,461
ADCA,0.28662616,0.3607131,2,3080,461
EFLA,0.28656906,0.09380786,2,3080,461
VWMK,0.28599557,0.00060544454,2,3080,461
FHLS,0.28555587,0.018604,2,3080,461
APLA,0.28524202,0.0011682521,2,3080,461
FDFG,0.28481433,0.1658918,2,3080,461
FRLP,0.28268877,0.004471231,2,3080,461
IKRA,0.28192165,0.0010545595,2,3080,461
FRLD,0.28125706,0.009844342,2,3080,461
ISLQ,0.28075436,0.00023835024,2,3080,461
FRLQ,0.27992442,0.0005027024,2,3080,461
FRLN,0.27970597,0.0019470868,2,3080,461
ISLH,0.27942047,0.014166199,2,3080,461
IQLT,0.27820727,0.07462788,2,3080,461
ICLM,0.27813676,0.0036864844,2,3080,461
IKLI,0.27775034,0.00080672395,2,3080,461
ILLS,0.27742937,0.0016482298,2,3080,461
FRLM,0.27705243,0.00459216,2,3080,461
INFS,0.2769252,0.022810122,2,3080,461
ICLV,0.2741627,0.007899609,2,3080,461
IQLR,0.2733588,0.00025648082,2,3080,461
IFLM,0.27285948,0.001014139,2,3080,461
GLLA,0.27279153,0.00030966464,2,3080,461
MWLR,0.27155235,0.00044767864,2,3080,461
IWIC,0.27096584,0.00063874724,2,3080,461
FAMG,0.2702735,0.12885305,2,3080,461
NDFA,0.26968387,0.00057842326,2,3080,461
IKLF,0.268867,0.00015403141,2,3080,461
DCLA,0.26863086,0.0026083614,2,3080,461
SDFA,0.2683794,0.0025839843,2,3080,461
IIFS,0.268198,0.011252112,2,3080,461
FILT,0.2679915,0.38639987,2,3080,461
FYGA,0.26620963,0.54883146,2,3080,461
IWMK,0.26589832,0.00035675653,2,3080,461
IDLV,0.2658529,0.0010634089,2,3080,461
IICL,0.26549283,0.004454502,2,3080,461
LLAA,0.2652983,0.23398384,2,3080,461
FRKA,0.26478347,0.0017837827,2,3080,461
IWSC,0.26474324,0.0072030504,2,3080,461
QTCA,0.26383176,0.21559842,2,3080,461
VKDA,0.26364723,0.00046774,2,3080,461
VQHA,0.2634242,0.0,2,3080,461
VVDA,0.26163036,0.00047181966,2,3080,461
LRLI,0.26130053,0.002666992,2,3080,461
IWRC,0.2608123,0.0009963472,2,3080,461
FYLT,0.25966278,0.18282202,2,3080,461
FHLT,0.25868186,0.2663442,2,3080,461
FWFP,0.25848266,0.0042394567,2,3080,461
IARA,0.25730485,0.0013824316,2,3080,461
FRLW,0.2572175,0.0019661249,2,3080,461
IMLT,0.25715795,0.033059984,2,3080,461
NLLA,0.2571419,0.00018902111,2,3080,461
YAMC,0.25588563,0.039620206,2,3080,461
ICLF,0.25476786,0.002163806,2,3080,461
IICM,0.25473776,0.016379522,2,3080,461
FNGA,0.25426683,0.3290134,2,3080,461
IWWC,0.2526776,0.0028423828,2,3080,461
DLLA,0.25258067,0.00019002493,2,3080,461
LRLF,0.25252616,0.0026306466,2,3080,461
IMLR,0.25063145,0.0002902462,2,3080,461
LVLL,0.25015935,0.002191267,2,3080,461
IMLN,0.24864891,0.0004024997,2,3080,461
IMLM,0.24860314,0.0006352165,2,3080,461
TRCC,0.24824014,0.06762706,2,3080,461
FHLR,0.24762252,0.00052026997,2,3080,461
LILQ,0.24757603,0.00048189342,2,3080,461
IMLQ,0.2470685,0.00027584974,2,3080,461
CWNA,0.24697217,0.0021105825,2,3080,461
IQLF,0.24639449,0.00056425773,2,3080,461
VRMK,0.24598625,0.0,2,3080,461
ILLM,0.24458039,0.0010575979,2,3080,461
VQCV,0.24447861,0.007175981,2,3080,461
IACS,0.24336258,0.045122568,2,3080,461
LVLN,0.24270579,0.0027084374,2,3080,461
INMS,0.24267459,0.011836047,2,3080,461
IHFV,0.24262133,0.030937236,2,3080,461
IKCV,0.2412267,0.015164989,2,3080,461
YQYA,0.23985288,0.0035446964,2,3080,461
LVLE,0.23776853,0.00045918717,2,3080,461
FWCA,0.6947708,0.7620898,3,6320,845
YWAA,0.68016285,0.57216406,3,6320,845
WWAA,0.6739554,0.41982874,3,6320,845
FYAA,0.6472842,0.8115687,3,6320,845
WWCA,0.6418954,0.73461795,3,6320,845
YWCA,0.6361452,0.6027101,3,6320,845
FIAA,0.63063663,0.4641554,3,6320,845
FVAA,0.623566,0.40700093,3,6320,845
VWCA,0.58036584,0.5406935,3,6320,845
FWGA,0.5797374,0.49956912,3,6320,845
YWLG,0.5753909,0.568064,3,6320,845
FWLG,0.57164514,0.7376769,3,6320,845
WSCA,0.5666592,0.4865565,3,6320,845
FAAA,0.5634518,0.40680578,3,6320,845
LNCA,0.55712277,0.57884896,3,6320,845
FCAA,0.55180115,0.28021422,3,6320,845
WICA,0.5503718,0.39945072,3,6320,845
LYCA,0.5475703,0.5306798,3,6320,845
FWAG,0.5449634,0.656655,3,6320,845
ISAA,0.5421713,0.5320094,3,6320,845
WSAA,0.5401092,0.26397574,3,6320,845
WVAA,0.5372737,0.2713078,3,6320,845
WNCA,0.53194636,0.46698457,3,6320,845
IYAA,0.52834094,0.44646153,3,6320,845
MWLG,0.5203522,0.51526546,3,6320,845
FWCG,0.5134233,0.43904123,3,6320,845
WYCA,0.5112706,0.6097229,3,6320,845
YVAA,0.5084592,0.39461967,3,6320,845
WRCA,0.508384,0.5367764,3,6320,845
YYAA,0.5025445,0.70425415,3,6320,845
FYCA,0.49620047,0.56679696,3,6320,845
VWCG,0.49558923,0.52290606,3,6320,845
VYCA,0.49402735,0.5407047,3,6320,845
WHCA,0.49237427,0.46946943,3,6320,845
WCAA,0.48554137,0.21913119,3,6320,845
FRCA,0.48541555,0.38946012,3,6320,845
VWLG,0.48538104,0.44132176,3,6320,845
VSCA,0.4843438,0.5445462,3,6320,845
FICA,0.48272905,0.39106625,3,6320,845
WACA,0.48261043,0.46219492,3,6320,845
MYCA,0.47870466,0.45494568,3,6320,845
WKCA,0.4783918,0.42201206,3,6320,845
MNCA,0.47674814,0.5531759,3,6320,845
YYCA,0.46623382,0.46443248,3,6320,845
VWAG,0.46437642,0.48868126,3,6320,845
YICA,0.45989248,0.5125793,3,6320,845
WDCA,0.4481978,0.33768412,3,6320,845
WKAA,0.446676,0.24896057,3,6320,845
WWCG,0.44642076,0.4619385,3,6320,845
WMAA,0.44256404,0.12981698,3,6320,845
VHCA,0.43717888,0.5107968,3,6320,845
VACA,0.4323704,0.5776955,3,6320,845
LWFG,0.42172888,0.49214566,3,6320,845
YNCA,0.42160276,0.4419662,3,6320,845
INCG,0.41103593,0.34291986,3,6320,845
WECA,0.41073412,0.21553825,3,6320,845
LYCG,0.40950498,0.3633325,3,6320,845
FSCA,0.40727934,0.38775223,3,6320,845
FKCA,0.39642146,0.3253723,3,6320,845
WEAA,0.39501178,0.08663942,3,6320,845
IWFG,0.39038047,0.416977,3,6320,845
INAG,0.38555783,0.39012074,3,6320,845
FDCA,0.38500962,0.22877014,3,6320,845
WLCA,0.38164526,0.30736062,3,6320,845
CWLG,0.38146353,0.41885254,3,6320,845
IKCA,0.3712004,0.35345688,3,6320,845
FWMG,0.3676324,0.30931908,3,6320,845
KNCA,0.36697194,0.34441322,3,6320,845
WVLG,0.36149397,0.41241017,3,6320,845
MKAA,0.36048916,0.30486315,3,6320,845
FCGA,0.35932383,0.26031095,3,6320,845
MDCA,0.35633427,0.3323028,3,6320,845
WRMA,0.34642372,0.42892635,3,6320,845
IWGA,0.34617597,0.23664995,3,6320,845
MICA,0.3413575,0.36518094,3,6320,845
IQCA,0.34056434,0.28573135,3,6320,845
WHLA,0.3385683,0.3672762,3,6320,845
VHCG,0.33707228,0.34500685,3,6320,845
VICA,0.33453888,0.4011386,3,6320,845
WNLA,0.3323637,0.42393413,3,6320,845
WCLA,0.3311334,0.34581652,3,6320,845
WYCG,0.32567254,0.37283993,3,6320,845
LCLA,0.32020506,0.28343555,3,6320,845
IACG,0.3056657,0.31973436,3,6320,845
MWMG,0.3007981,0.3011888,3,6320,845
VVAC,0.2999151,0.25846812,3,6320,845
MWGA,0.29625624,0.10714094,3,6320,845
IKAG,0.29568732,0.2870966,3,6320,845
WDLA,0.2922756,0.31369647,3,6320,845
IVAG,0.29160243,0.26755023,3,6320,845
WVAC,0.28602943,0.062170833,3,6320,845
YVAC,0.27647105,0.097018555,3,6320,845
WWCT,0.27317265,0.13219503,3,6320,845
FWAF,0.2676976,0.005266406,3,6320,845
GWLG,0.2650003,0.016296213,3,6320,845
MWMA,0.26273248,0.3115788,3,6320,845
LCGA,0.25390217,0.15411678,3,6320,845
LVAC,0.25252697,0.23617059,3,6320,845
IFAG,0.24964187,0.25024354,3,6320,845
WVMG,0.23046735,0.2652659,3,6320,845
VWAV,0.2291356,0.025506837,3,6320,845
MIMA,0.19896635,0.2269284,3,6320,845
FKMG,0.19578966,0.2148086,3,6320,845
WECG,0.19066128,0.10378641,3,6320,845
MWMC,0.15990758,0.05352904,3,6320,845
WFCT,0.14199296,0.055983122,3,6320,845
IIGG,0.11760828,0.052358527,3,6320,845
IWRG,0.11035177,0.00034734464,3,6320,845
WWYT,0.104382664,0.029854024,3,6320,845
LNEA,0.09409526,0.0006028045,3,6320,845
LNCI,0.078541726,0.06753663,3,6320,845
WNMS,0.07640514,0.06915026,3,6320,845
RVAA,0.075065255,0.061696444,3,6320,845
WNMK,0.07472643,0.00016605784,3,6320,845
WRLL,0.07451698,0.0050755944,3,6320,845
MIWA,0.07334861,0.0037399116,3,6320,845
WRCM,0.06765494,0.14290361,3,6320,845
WSMF,0.06639215,0.0011495055,3,6320,845
EVCG,0.06546056,0.24717093,3,6320,845
WRLM,0.06339714,0.006622215,3,6320,845
FLQA,0.061971243,0.0,3,6320,845
LFRA,0.057304706,0.00066443987,3,6320,845
LSLN,0.0565699,0.0017024616,3,6320,845
WNME,0.05547997,0.0009969459,3,6320,845
HVCG,0.053243157,0.21137825,3,6320,845
WTMV,0.05024096,0.037501656,3,6320,845
AYCE,0.04864719,0.002650938,3,6320,845
WNMW,0.04484352,0.00054672436,3,6320,845
YKAY,0.04110786,0.00070095126,3,6320,845
CWFD,0.037506487,0.01578233,3,6320,845
WRLD,0.032309618,0.0108918855,3,6320,845
EYCH,0.02872559,0.0,3,6320,845
NYGG,0.025879022,0.004808458,3,6320,845
MWMM,0.02502295,0.021364853,3,6320,845
INLS,0.024524178,0.0038960658,3,6320,845
HWCQ,0.024331268,0.00039125426,3,6320,845
MWFP,0.021910038,0.0037759037,3,6320,845
RNCT,0.020240571,0.0045192437,3,6320,845
LWFP,0.015811171,0.00875968,3,6320,845
WCMS,0.012116101,0.03974111,3,6320,845
QKCT,0.010566916,0.02487596,3,6320,845
LVCP,0.010539021,0.0039858012,3,6320,845
KWAC,0.004697215,0.0,3,6320,845
LVCI,0.003644552,0.07058897,3,6320,845
LREG,0.00044509396,0.00049498834,3,6320,845
LVDG,-0.0011895038,0.000675927,3,6320,845
FACH,-0.006114576,0.0,3,6320,845
AHCE,-0.008123223,0.003631416,3,6320,845
IVDG,-0.01206908,0.00028921157,3,6320,845
LYCF,-0.016111169,0.0013553251,3,6320,845
MPAG,-0.017404232,0.0042074006,3,6320,845
WMPC,-0.019736174,0.00068631355,3,6320,845
DYLC,-0.020797882,0.0,3,6320,845
VLLS,-0.025912318,0.0013617099,3,6320,845
FDGW,-0.027477238,0.00888706,3,6320,845
VYKT,-0.027840767,0.00012567556,3,6320,845
AIAP,-0.029946003,0.0004495713,3,6320,845
AIQG,-0.036717806,0.0015969385,3,6320,845
RNCP,-0.038034175,0.00091599656,3,6320,845
KQMT,-0.042544637,0.0005545571,3,6320,845
AIAF,-0.043381277,0.0020230706,3,6320,845
AIRG,-0.043948624,0.0,3,6320,845
LVFP,-0.044716153,0.018015765,3,6320,845
RYCY,-0.04487816,0.0007275955,3,6320,845
ANQG,-0.04503483,0.0017890873,3,6320,845
VPWG,-0.049012158,0.00035446967,3,6320,845
LNQC,-0.04929975,0.00070893933,3,6320,845
NLMC,-0.050157163,0.0,3,6320,845
WNQV,-0.050832603,0.0003233758,3,6320,845
EYCF,-0.05251268,0.0018001337,3,6320,845
LSRC,-0.053030048,0.0010433446,3,6320,845
RNCY,-0.05337328,0.00080771284,3,6320,845
DWCI,-0.05416945,0.0,3,6320,845
DWCV,-0.054411564,0.0,3,6320,845
TICK,-0.05520842,0.0006912158,3,6320,845
CWMN,-0.05574319,0.0028117255,3,6320,845
YIQI,-0.055795047,0.0,3,6320,845
WWPK,-0.05672625,0.00055159366,3,6320,845
FFDD,-0.058539186,0.0065526385,3,6320,845
TGAC,-0.060497794,0.0017280395,3,6320,845
WIRM,-0.060927156,0.01542462,3,6320,845
ILGW,-0.0647766,0.0025375418,3,6320,845
WFMF,-0.065538645,0.001138473,3,6320,845
EACS,-0.06623879,0.00591015,3,6320,845
ARWA,-0.06837496,0.002241781,3,6320,845
RKAY,-0.070826024,0.00019300968,3,6320,845
YAEC,-0.071403176,0.0008976829,3,6320,845
NYPA,-0.07167205,0.0,3,6320,845
EHFP,-0.07247713,0.0018639527,3,6320,845
ADFM,-0.07348725,0.0016840632,3,6320,845
FVCF,-0.07356992,0.0022267355,3,6320,845
THFP,-0.073836476,0.0007899609,3,6320,845
KYSC,-0.074716896,0.0,3,6320,845
WTQV,-0.075803846,0.00032469034,3,6320,845
NVLW,-0.075887054,8.494205e-05,3,6320,845
FFMK,-0.07892278,0.0,3,6320,845
TILF,-0.079671115,0.00033311607,3,6320,845
YTQT,-0.080212146,0.0002844509,3,6320,845
NIGV,-0.0839898,0.013280664,3,6320,845
IMFP,-0.084071785,0.00079031376,3,6320,845
EFDD,-0.08724968,0.011152916,3,6320,845
LTCF,-0.08799365,0.0010195809,3,6320,845
EFDN,-0.08959673,0.0,3,6320,845
KTEA,-0.08984339,0.00028270585,3,6320,845
RHHA,-0.09507856,0.0006894921,3,6320,845
HVFR,-0.09589401,0.00025072953,3,6320,845
EKHG,-0.09629369,0.0,3,6320,845
LFRT,-0.097518444,0.00045507986,3,6320,845
EFKM,-0.09787458,0.0012134811,3,6320,845
IDDD,-0.09836581,0.005363408,3,6320,845
WFQV,-0.099446684,0.0002726689,3,6320,845
FGGP,-0.09970167,0.0006707216,3,6320,845
WMPV,-0.0998373,0.00025021384,3,6320,845
MARG,-0.100248426,0.00035146566,3,6320,845
KCPC,-0.10057196,0.00070893933,3,6320,845
HVCI,-0.10162842,0.019818075,3,6320,845
WMPI,-0.10217652,0.00027727857,3,6320,845
RVHG,-0.10239941,0.00038350146,3,6320,845
EKQG,-0.10341635,0.00025365717,3,6320,845
GFPA,-0.103973895,0.00013487138,3,6320,845
YTQC,-0.105015546,0.00020181481,3,6320,845
MFDD,-0.105378106,0.0,3,6320,845
HKQG,-0.10604754,0.00066623214,3,6320,845
IKNL,-0.10880914,0.00016240015,3,6320,845
KWEC,-0.11100495,0.0,3,6320,845
KAEC,-0.111117095,0.00074726035,3,6320,845
EFHN,-0.11216828,0.0,3,6320,845
RQFE,-0.11256072,0.00043200987,3,6320,845
WFQQ,-0.11415464,0.00023835024,3,6320,845
VVKR,-0.114697844,0.00028800662,3,6320,845
WLPV,-0.11594066,0.00021448886,3,6320,845
AINP,-0.116461724,0.0,3,6320,845
TVCI,-0.11658743,0.0031902269,3,6320,845
HLAR,-0.11790648,0.00024288698,3,6320,845
VFPP,-0.11838117,0.0002877069,3,6320,845
WFQN,-0.11884904,0.00033717847,3,6320,845
IIQV,-0.11983687,0.0,3,6320,845
WRQV,-0.12041649,0.00024312423,3,6320,845
LFRD,-0.124916226,0.0,3,6320,845
YHNI,-0.12646952,0.0013653645,3,6320,845
LVDP,-0.12682715,0.00023990132,3,6320,845
WLQV,-0.12757254,0.0001993412,3,6320,845
RFDY,-0.12879461,0.00016556072,3,6320,845
VRSW,-0.12942311,0.0002737488,3,6320,845
AIQP,-0.12947235,0.0,3,6320,845
YNEY,-0.13032207,0.0001553294,3,6320,845
HLCR,-0.13071272,0.00054172147,3,6320,845
LVDE,-0.13279179,0.00026458022,3,6320,845
VWQF,-0.13430202,0.00092162105,3,6320,845
HCMV,-0.13472861,0.00092162105,3,6320,845
GCQC,-0.13506013,0.00082139304,3,6320,845
GFEW,-0.13547735,0.0,3,6320,845
AFTP,-0.13547882,0.00045325622,3,6320,845
FDTH,-0.13565281,0.0,3,6320,845
AYTN,-0.13607624,0.0,3,6320,845
WLPS,-0.13734457,0.00026024907,3,6320,845
EGLN,-0.13741383,0.00038669413,3,6320,845
FLKI,-0.1385158,0.0007372969,3,6320,845
YNHK,-0.13860396,0.0005945942,3,6320,845
EQGI,-0.1388726,0.020810798,3,6320,845
WMPS,-0.13971835,0.00015939341,3,6320,845
WFPN,-0.14197156,0.00022074755,3,6320,845
YCRH,-0.14200717,0.0008172009,3,6320,845
SSMQ,-0.14317217,0.00022515173,3,6320,845
KWAF,-0.14351812,0.0011362452,3,6320,845
YSTE,-0.1441724,0.00025900354,3,6320,845
HWTT,-0.14659905,0.00024467814,3,6320,845
WFPF,-0.14829716,0.00025211516,3,6320,845
ANHE,-0.14922646,0.0063029467,3,6320,845
VCHS,-0.14987627,0.004850637,3,6320,845
NKGN,-0.15051642,0.0011331408,3,6320,845
KFPN,-0.15153638,0.0,3,6320,845
YAEY,-0.15245536,0.0,3,6320,845
WLPR,-0.1534417,0.0001654315,3,6320,845
WGYW,-0.15414095,0.00020452919,3,6320,845
LQSL,-0.15432075,0.0013979645,3,6320,845
RVIT,-0.15545776,0.00028682715,3,6320,845
IVHM,-0.15548036,0.0,3,6320,845
GMMN,-0.15556453,0.00039310846,3,6320,845
IMYT,-0.15725222,0.001328538,3,6320,845
DLKK,-0.15838984,0.0011059452,3,6320,845
MVER,-0.15880165,7.832473e-05,3,6320,845
QFTN,-0.15899627,0.00017067052,3,6320,845
RYTV,-0.16032816,0.0001876604,3,6320,845
QGPA,-0.16199002,0.00035273033,3,6320,845
WFWF,-0.16385958,0.0033554167,3,6320,845
HFRI,-0.16569322,0.00022992623,3,6320,845
SYTN,-0.1668215,0.0001553294,3,6320,845
LHPK,-0.16776636,0.0009114933,3,6320,845
IHIE,-0.16882148,0.00058826874,3,6320,845
AIPI,-0.16910267,0.0,3,6320,845
NFYQ,-0.16945487,0.0,3,6320,845
EEMF,-0.16955087,0.00026585226,3,6320,845
SDVT,-0.17184862,0.00033335233,3,6320,845
CPHT,-0.1725041,0.000832019,3,6320,845
KAPV,-0.17272905,0.00013292608,3,6320,845
GVKR,-0.17313683,0.0002524989,3,6320,845
ERYH,-0.17327127,0.0007275955,3,6320,845
VQPR,-0.17439252,0.00023431043,3,6320,845
AFPH,-0.17570552,0.0,3,6320,845
GHWT,-0.17653537,0.0,3,6320,845
HCEE,-0.17769784,0.0004189187,3,6320,845
FPES,-0.17784789,0.0005334141,3,6320,845
DLHS,-0.17836455,0.00043886717,3,6320,845
RQGN,-0.17924204,0.0011552353,3,6320,845
KAPN,-0.18021718,0.00016782177,3,6320,845
FHRR,-0.18223771,0.00036220913,3,6320,845
RFPH,-0.18330958,0.00025365717,3,6320,845
TWYW,-0.18455102,0.0,3,6320,845
EHPM,-0.18462864,0.0,3,6320,845
RFPN,-0.18484789,0.0006010572,3,6320,845
GWRW,-0.18490726,0.0,3,6320,845
SWAR,-0.18561783,0.000100358026,3,6320,845
PKYD,-0.18584576,0.0027934029,3,6320,845
EHYV,-0.18657914,0.00092162105,3,6320,845
CPDY,-0.18682665,0.00064299145,3,6320,845
KAQS,-0.18732402,0.00023072568,3,6320,845
GIII,-0.18814814,0.00062837807,3,6320,845
NVYP,-0.18840143,0.00047006944,3,6320,845
QFPN,-0.19035411,0.000678494,3,6320,845
CNIY,-0.19097713,0.00089189137,3,6320,845
GCSW,-0.1919663,0.0,3,6320,845
NLHE,-0.19341747,0.00025600588,3,6320,845
TPQT,-0.19368368,0.0,3,6320,845
EPYM,-0.19370091,0.0007899609,3,6320,845
QFPW,-0.19415882,0.0,3,6320,845
DPHD,-0.19495668,0.028921729,3,6320,845
SWAF,-0.19765687,0.00055575144,3,6320,845
DMQS,-0.19768433,0.00092162105,3,6320,845
LVVP,-0.19792703,0.00027177556,3,6320,845
WPND,-0.19822335,0.0016715872,3,6320,845
ERYV,-0.19925216,0.0003233758,3,6320,845
HIWE,-0.19926676,0.0,3,6320,845
LCHI,-0.1999608,0.001885134,3,6320,845
DTNV,-0.20081896,0.0,3,6320,845
AHKS,-0.20132515,0.002177716,3,6320,845
DLHV,-0.20314008,0.0,3,6320,845
KMYQ,-0.20332962,7.967911e-05,3,6320,845
LCHW,-0.20361921,0.0,3,6320,845
KMQW,-0.20432477,0.0,3,6320,845
EGNS,-0.20462608,0.00023631314,3,6320,845
CDPM,-0.20463154,0.0002835757,3,6320,845
SDSI,-0.20492783,0.00021268176,3,6320,845
EPHL,-0.20515135,0.0,3,6320,845
LCHY,-0.20651081,0.00054213003,3,6320,845
GFPR,-0.20654088,0.00026083618,3,6320,845
RVHW,-0.20689735,0.0001385896,3,6320,845
DFIF,-0.20732996,0.0,3,6320,845
LCHP,-0.208069,0.0014075667,3,6320,845
RVHY,-0.20977092,0.00020823238,3,6320,845
DLWM,-0.21041477,0.0,3,6320,845
TTYN,-0.21095523,0.0,3,6320,845
LLHL,-0.21196094,0.00040181403,3,6320,845
ECVV,-0.21265015,0.002241781,3,6320,845
NAQF,-0.21279722,0.0,3,6320,845
RHKP,-0.21429312,0.00022178043,3,6320,845
CHSM,-0.21443877,0.0050072325,3,6320,845
GNRN,-0.21575388,9.0651265e-05,3,6320,845
CYHK,-0.2170893,0.0005760131,3,6320,845
LCVP,-0.21895352,0.0014413437,3,6320,845
AMSH,-0.21935414,0.0006743568,3,6320,845
QLHD,-0.22228098,0.0019284517,3,6320,845
LQVP,-0.22898367,0.00035774574,3,6320,845
CQHL,-0.22998664,0.00070635194,3,6320,845
GVPR,-0.23015144,0.00018270018,3,6320,845
TNII,-0.23059502,0.0,3,6320,845
ESVM,-0.23306623,0.0007969673,3,6320,845
HCHW,-0.23500744,0.0,3,6320,845
NHHI,-0.23840454,0.0,3,6320,845
CGDY,-0.24012056,0.0005712528,3,6320,845
TTTK,-0.24480905,0.0,3,6320,845
GSHW,-0.245527,0.0,3,6320,845
DQRF,-0.24678126,0.0,3,6320,845
EEIK,-0.24994889,0.0004189187,3,6320,845
SMSI,-0.25072154,0.0002459843,3,6320,845
RDIE,-0.25151917,0.0,3,6320,845
RMYR,-0.2574063,0.00033739494,3,6320,845
RKWV,-0.25861725,0.0014140395,3,6320,845
TMYP,-0.25955874,0.0001553294,3,6320,845
ARQI,-0.26341996,0.0015900948,3,6320,845
LFIS,-0.26347372,0.00020917972,3,6320,845
QQQF,-0.26550886,0.0005027024,3,6320,845
HEKK,-0.2719638,0.0,3,6320,845
HRWH,-0.28035364,0.00018070998,3,6320,845
LSCA,0.57276374,0.53052664,4,9400,1229
VAAA,0.54242474,0.6255503,4,9400,1229
WYAA,0.48988706,0.3194099,4,9400,1229
ISCA,0.48641142,0.49896404,4,9400,1229
VNAA,0.48305398,0.54470915,4,9400,1229
VRAA,0.47845975,0.5382238,4,9400,1229
YIAA,0.44743845,0.4476192,4,9400,1229
WSFA,0.42312536,0.5515763,4,9400,1229
YSCA,0.42311868,0.43158638,4,9400,1229
FNCA,0.40872946,0.378065,4,9400,1229
IDAA,0.40225753,0.39657015,4,9400,1229
YAAA,0.39958435,0.39737582,4,9400,1229
VNAG,0.39812315,0.3888049,4,9400,1229
VDAA,0.38973948,0.41944376,4,9400,1229
MSAA,0.37240666,0.35259682,4,9400,1229
FMAA,0.3706163,0.24861167,4,9400,1229
WVFG,0.36038825,0.518634,4,9400,1229
ITAA,0.35981852,0.23857263,4,9400,1229
MAAA,0.35683608,0.34875733,4,9400,1229
VRCG,0.34832734,0.2744025,4,9400,1229
IAAG,0.34162554,0.36003068,4,9400,1229
YCCA,0.33877495,0.25935325,4,9400,1229
LNFG,0.32244027,0.2870536,4,9400,1229
FYSA,0.3206182,0.13328294,4,9400,1229
IICA,0.31949908,0.32890704,4,9400,1229
WAMA,0.31851622,0.35099497,4,9400,1229
ITCA,0.31767124,0.2337591,4,9400,1229
YCAA,0.3169092,0.33869573,4,9400,1229
VHFG,0.3086908,0.4208876,4,9400,1229
WYFG,0.30754048,0.3484317,4,9400,1229
FGAA,0.3052885,0.21715276,4,9400,1229
YICG,0.30382776,0.35348517,4,9400,1229
ISAG,0.30182353,0.35841882,4,9400,1229
FWHA,0.2989369,0.0,4,9400,1229
YIFG,0.2963454,0.51114726,4,9400,1229
QSCA,0.2875787,0.43005723,4,9400,1229
WIAA,0.2804717,0.31033412,4,9400,1229
WLFG,0.26946962,0.3868158,4,9400,1229
IMLG,0.2671473,0.097384214,4,9400,1229
INGA,0.26364148,0.28562966,4,9400,1229
HICA,0.26098877,0.42178208,4,9400,1229
WYHA,0.26057816,0.0012454339,4,9400,1229
ISGA,0.24836646,0.20170619,4,9400,1229
ICCG,0.24589023,0.14230914,4,9400,1229
IHFG,0.24495769,0.34125942,4,9400,1229
FHFG,0.24353093,0.3010936,4,9400,1229
YHLA,0.24324118,0.23299733,4,9400,1229
WTFG,0.24034032,0.34007388,4,9400,1229
VAFA,0.23801735,0.27430633,4,9400,1229
VYFG,0.23439965,0.17203593,4,9400,1229
VIFG,0.23213693,0.3637859,4,9400,1229
WAGA,0.23009995,0.18398918,4,9400,1229
AAAA,0.22996575,0.16257396,4,9400,1229
YACG,0.22782528,0.20419729,4,9400,1229
CIFG,0.22303355,0.45095268,4,9400,1229
FSFG,0.2165075,0.35595152,4,9400,1229
ISFG,0.21541154,0.27845153,4,9400,1229
LWHA,0.2133312,0.000980448,4,9400,1229
WSRA,0.21104634,0.057674892,4,9400,1229
IFLG,0.21027067,0.15791413,4,9400,1229
WRHA,0.20801646,0.0074870773,4,9400,1229
CIAA,0.20235416,0.3086134,4,9400,1229
FYDA,0.19687933,0.00059247063,4,9400,1229
YQLA,0.18950704,0.15671729,4,9400,1229
WVHA,0.18931913,0.012171268,4,9400,1229
ISTA,0.18714774,0.004647562,4,9400,1229
YLCG,0.18694116,0.15035227,4,9400,1229
KHLG,0.18688667,0.13982454,4,9400,1229
FNSA,0.18523394,0.081493534,4,9400,1229
WYEA,0.17697993,0.00014675497,4,9400,1229
ISAQ,0.1731886,0.000459216,4,9400,1229
VYCN,0.17039469,0.00226058,4,9400,1229
INAR,0.16803823,0.00061493966,4,9400,1229
VYCR,0.16133319,0.0010468302,4,9400,1229
VCFA,0.16012992,0.20773438,4,9400,1229
RNCG,0.15588309,0.100804545,4,9400,1229
FISA,0.15344383,0.11717754,4,9400,1229
CEFG,0.15167248,0.15492153,4,9400,1229
WYFC,0.15084532,0.16468531,4,9400,1229
WCFC,0.14787818,0.20418932,4,9400,1229
QHFG,0.14701313,0.16866657,4,9400,1229
INAY,0.14440893,0.0017527763,4,9400,1229
WYCR,0.1442132,0.0016896386,4,9400,1229
WYCL,0.14355284,0.026229821,4,9400,1229
IYCR,0.14222938,0.0007340345,4,9400,1229
VNAY,0.14051375,0.0017733816,4,9400,1229
FHNA,0.13676484,0.0033311606,4,9400,1229
EIFG,0.13531947,0.17023657,4,9400,1229
QAAA,0.13401556,0.08155443,4,9400,1229
WMVA,0.13009067,0.00072276505,4,9400,1229
RACG,0.12874983,0.055817492,4,9400,1229
WHCT,0.12806648,0.092585094,4,9400,1229
KIFG,0.12789132,0.13948116,4,9400,1229
VFAY,0.12613225,0.0013495578,4,9400,1229
YATA,0.1254942,0.0006821869,4,9400,1229
WYCD,0.12463838,0.010470104,4,9400,1229
ISCT,0.12388031,0.028537696,4,9400,1229
MSPA,0.12181474,0.0011571014,4,9400,1229
ISPA,0.120085165,0.0008683968,4,9400,1229
FMAC,0.11708617,0.037349906,4,9400,1229
TAFA,0.11415148,0.03702942,4,9400,1229
NKCG,0.11387625,0.041226085,4,9400,1229
QAFA,0.11323623,0.06456402,4,9400,1229
FHHA,0.112109534,0.0013011121,4,9400,1229
MSCT,0.111647785,0.04428998,4,9400,1229
TIFG,0.10986045,0.1092674,4,9400,1229
VRCR,0.10953961,0.0008360278,4,9400,1229
IIAN,0.10943453,0.0023189175,4,9400,1229
AHFA,0.10885078,0.046882465,4,9400,1229
FINA,0.1065605,0.0033554167,4,9400,1229
WYGS,0.10478695,0.09056822,4,9400,1229
VRCE,0.10424563,0.00087395107,4,9400,1229
REFG,0.10415547,0.02641248,4,9400,1229
YANA,0.103692256,0.00067766255,4,9400,1229
FIMC,0.10213933,0.1353631,4,9400,1229
LWDA,0.101638,0.00031937362,4,9400,1229
VYCV,0.101344824,0.014449537,4,9400,1229
LWAN,0.100319326,0.0016177391,4,9400,1229
IVAL,0.09772396,0.10464436,4,9400,1229
MNCF,0.097571686,0.00081319513,4,9400,1229
FCSA,0.09744084,0.049298033,4,9400,1229
FPFG,0.097371265,0.0071322904,4,9400,1229
LQYG,0.0964967,0.084105976,4,9400,1229
RRCC,0.09472371,0.053849567,4,9400,1229
WMPA,0.0936645,0.0008727866,4,9400,1229
VWWA,0.09309891,0.0011181433,4,9400,1229
WYGR,0.09306389,0.0013101476,4,9400,1229
VNWA,0.09266077,0.0028291624,4,9400,1229
LQFC,0.09078844,0.023909269,4,9400,1229
WIWC,0.09038098,0.013607181,4,9400,1229
DHAA,0.08871338,0.0017723483,4,9400,1229
ICAN,0.088372156,0.0039832774,4,9400,1229
LWAR,0.08621639,0.0004176531,4,9400,1229
ARFA,0.085567,0.041631848,4,9400,1229
KKAC,0.08408897,0.0019127985,4,9400,1229
LWAH,0.08401513,0.00075015676,4,9400,1229
HWYA,0.08344948,0.008745996,4,9400,1229
QYAA,0.082608655,0.0061885025,4,9400,1229
KDCC,0.08176502,0.020779947,4,9400,1229
EICD,0.08091836,0.006524516,4,9400,1229
HWGA,0.08049554,0.025709637,4,9400,1229
WHCK,0.08009343,0.0049054027,4,9400,1229
LCSA,0.07916601,0.0782516,4,9400,1229
WRHG,0.077146746,0.0012734192,4,9400,1229
LICD,0.076765165,0.013766306,4,9400,1229
FWNT,0.07600282,0.0010842601,4,9400,1229
VCFT,0.075791344,0.1720447,4,9400,1229
LEYG,0.07565923,0.06396675,4,9400,1229
QLCG,0.07503094,0.07877813,4,9400,1229
ICGG,0.07477711,0.04403764,4,9400,1229
WALP,0.07438584,0.036279637,4,9400,1229
KSCV,0.07401444,0.002330844,4,9400,1229
FLAE,0.0730388,0.00050372,4,9400,1229
YVAE,0.07292981,0.0005084806,4,9400,1229
QYCC,0.071103364,0.079815865,4,9400,1229
INEG,0.07053031,0.00051439315,4,9400,1229
WRVT,0.069196016,0.0049998392,4,9400,1229
LSLY,0.06865047,0.0006466676,4,9400,1229
EICY,0.06768364,0.0004189187,4,9400,1229
WRNG,0.067579225,0.0048148013,4,9400,1229
AWWA,0.06656743,0.0,4,9400,1229
YQEA,0.06569222,0.0003291504,4,9400,1229
AWVA,0.06528869,0.0,4,9400,1229
EVMT,0.06482961,0.013668987,4,9400,1229
WIWV,0.06459622,0.060862243,4,9400,1229
KPCC,0.06418853,0.0025600586,4,9400,1229
NICC,0.0635877,0.039231166,4,9400,1229
FDDA,0.06347155,0.00045325622,4,9400,1229
FLAV,0.06270404,0.003466913,4,9400,1229
VCWA,0.06231149,0.0018003761,4,9400,1229
RKCC,0.061734337,0.027898094,4,9400,1229
FLAI,0.06056979,0.0036902693,4,9400,1229
YDPG,0.05992492,0.00069702434,4,9400,1229
WCLP,0.059357103,0.03959579,4,9400,1229
EIMT,0.05895989,0.013675667,4,9400,1229
IAGR,0.05870187,0.00032971107,4,9400,1229
VFGK,0.05846827,0.0020262592,4,9400,1229
YNGH,0.05832324,0.004388672,4,9400,1229
IKCE,0.057986435,0.0006392747,4,9400,1229
FQYG,0.05709551,0.06023452,4,9400,1229
FDHA,0.05695295,0.0,4,9400,1229
APCC,0.054696623,0.007294337,4,9400,1229
IYGR,0.054690573,0.001638829,4,9400,1229
ICHG,0.054577347,0.003770268,4,9400,1229
EIFT,0.054491553,0.13554573,4,9400,1229
VAGK,0.05422652,0.00033717847,4,9400,1229
KAAC,0.054004084,0.0014551912,4,9400,1229
RLCG,0.0523214,0.034958813,4,9400,1229
VHFH,0.051106628,0.00030550975,4,9400,1229
KIIG,0.050813194,0.0014551912,4,9400,1229
WYTS,0.04899655,0.00037690444,4,9400,1229
ISGR,0.048986394,0.0009481125,4,9400,1229
VCFC,0.048329633,0.039137334,4,9400,1229
FCHA,0.04778823,0.0025600586,4,9400,1229
WLLY,0.047237877,0.0006483237,4,9400,1229
ESPA,0.046643693,0.0012021145,4,9400,1229
YYND,0.04627439,0.0020899207,4,9400,1229
VHFP,0.045298498,0.027247928,4,9400,1229
EWYA,0.04410271,0.007212687,4,9400,1229
DGAA,0.04390656,0.001658918,4,9400,1229
VFQC,0.04328718,0.0009874512,4,9400,1229
YQMC,0.04211038,0.038400877,4,9400,1229
WNMI,0.041743074,0.10088958,4,9400,1229
QTAC,0.041451123,0.0015936879,4,9400,1229
NNCV,0.041417863,0.0022118906,4,9400,1229
NTAC,0.04139578,0.00033717847,4,9400,1229
YDRG,0.04103448,0.0006356007,4,9400,1229
TNAI,0.04078566,0.0006505561,4,9400,1229
HICW,0.039624482,0.0005945942,4,9400,1229
FWNS,0.03954759,0.0018031717,4,9400,1229
LWFR,0.0394313,0.00061521825,4,9400,1229
IRPG,0.039001692,0.00030383116,4,9400,1229
ESTA,0.038855914,0.0017975891,4,9400,1229
FWNP,0.038818594,0.00076801755,4,9400,1229
WKYL,0.03834526,0.00048817814,4,9400,1229
ITLA,0.038272392,0.032509238,4,9400,1229
NDYG,0.03756117,0.009433063,4,9400,1229
MNPC,0.037446197,0.002542403,4,9400,1229
DEYG,0.03737781,0.0,4,9400,1229
NEYG,0.03724522,0.0076397536,4,9400,1229
WYQS,0.03654333,0.00026290302,4,9400,1229
WSIS,0.036447074,0.00040966264,4,9400,1229
FINS,0.036233354,0.0014990222,4,9400,1229
TNLA,0.03591771,0.0019008435,4,9400,1229
VMCE,0.035704564,0.00044026482,4,9400,1229
WVGL,0.03568232,0.064853095,4,9400,1229
NVLT,0.035621997,0.0017129607,4,9400,1229
WHYQ,0.035621468,0.00024686282,4,9400,1229
HPYG,0.03536918,0.00061899924,4,9400,1229
YGPG,0.03507142,0.00038268004,4,9400,1229
QYMA,0.035020825,0.016329393,4,9400,1229
IKGD,0.033048417,0.010368237,4,9400,1229
EPMA,0.0328877,0.0036175782,4,9400,1229
LSFY,0.03276253,0.0006649503,4,9400,1229
WKYQ,0.032733347,0.00018189891,4,9400,1229
YYQS,0.032644127,0.0005120117,4,9400,1229
VNPD,0.031874586,0.007549908,4,9400,1229
ESFT,0.031171251,0.12895322,4,9400,1229
TRFA,0.031128805,0.004842416,4,9400,1229
FLLY,0.031037498,0.000347054,4,9400,1229
WSYD,0.030940935,0.002633203,4,9400,1229
LINS,0.030889075,0.007882548,4,9400,1229
YAGS,0.030221079,0.29089135,4,9400,1229
YQAE,0.030093554,0.00024147278,4,9400,1229
AIHA,0.029992513,0.0011059452,4,9400,1229
STAG,0.029807437,0.0008840246,4,9400,1229
KVMY,0.029347833,0.00019510125,4,9400,1229
HHCE,0.029040333,0.0014551912,4,9400,1229
APCT,0.028984595,0.0015360351,4,9400,1229
WNMN,0.028938778,0.00051748776,4,9400,1229
FINE,0.028770622,0.00054213003,4,9400,1229
FQAE,0.028542515,0.0,4,9400,1229
QYCD,0.027970534,0.012334877,4,9400,1229
VFSY,0.0279486,0.00034190394,4,9400,1229
WELH,0.027916308,0.0005454575,4,9400,1229
DPAC,0.027043786,0.0017837827,4,9400,1229
RFCR,0.026648745,0.0012515843,4,9400,1229
FFQC,0.02658407,0.00070893933,4,9400,1229
YMGS,0.026481953,0.10747062,4,9400,1229
VALN,0.025748696,0.00054213003,4,9400,1229
IFGN,0.025273498,0.28891125,4,9400,1229
TAFE,0.025202159,0.0020230706,4,9400,1229
NNCF,0.02514698,0.0008507271,4,9400,1229
EVRT,0.025128778,0.0003415754,4,9400,1229
FDHG,0.02511071,0.00076801755,4,9400,1229
EDNA,0.025083039,0.0018986185,4,9400,1229
NVMT,0.025044583,0.0005873076,4,9400,1229
WTPC,0.024943687,0.00078641315,4,9400,1229
YVKT,0.02483993,0.0006456412,4,9400,1229
HHTC,0.024566088,0.0002684333,4,9400,1229
FPDA,0.024548542,8.947777e-05,4,9400,1229
WIWE,0.024322208,0.00046862086,4,9400,1229
WYEE,0.023994122,0.00018744834,4,9400,1229
KAYE,0.023780394,0.00055575144,4,9400,1229
EFMH,0.023728382,0.0,4,9400,1229
VNMR,0.02359623,0.00021986982,4,9400,1229
EVST,0.023593742,0.00037267094,4,9400,1229
ADSI,0.023357492,0.0007119403,4,9400,1229
VALR,0.023219164,0.00026521474,4,9400,1229
EVQP,0.022932757,0.00089189137,4,9400,1229
DHFA,0.022575554,0.0028602034,4,9400,1229
VYQS,0.022523988,0.00054213003,4,9400,1229
EVSN,0.022507865,0.0003247323,4,9400,1229
HWAH,0.022433992,0.00020480469,4,9400,1229
KAIC,0.02235848,0.00034998267,4,9400,1229
LINH,0.02211975,0.0004065975,4,9400,1229
DKCL,0.022077944,0.00030383116,4,9400,1229
CIVA,0.021981169,0.0027840636,4,9400,1229
LFQC,0.021957021,0.00017953658,4,9400,1229
KIPG,0.021954985,0.0005403642,4,9400,1229
GSPA,0.021911617,0.00038048576,4,9400,1229
ISTL,0.021702942,0.0002867266,4,9400,1229
LIGY,0.02143024,0.032707155,4,9400,1229
VECW,0.021423336,0.0,4,9400,1229
HSYC,0.021131907,0.0008024669,4,9400,1229
FQAD,0.020678278,0.009907527,4,9400,1229
ICGN,0.0203893,0.05974977,4,9400,1229
FRRC,0.020293932,0.0017280395,4,9400,1229
WAGS,0.02019513,0.1468823,4,9400,1229
EDFA,0.020029657,0.009021306,4,9400,1229
VHPH,0.01998401,0.0,4,9400,1229
HQMC,0.019937512,0.0021685201,4,9400,1229
FVMY,0.019873377,0.00052167237,4,9400,1229
FYHD,0.01983912,0.02181235,4,9400,1229
GVAW,0.0196759,0.0,4,9400,1229
VERG,0.019629095,0.0,4,9400,1229
VPCV,0.019486737,0.003748967,4,9400,1229
EDRA,0.01935478,0.000774696,4,9400,1229
IVGD,0.019322123,0.008640198,4,9400,1229
FWPW,0.01930302,0.0009874512,4,9400,1229
LINY,0.019260067,0.00033112132,4,9400,1229
WRYQ,0.018803101,0.00034647406,4,9400,1229
EAFR,0.018796664,0.00048375802,4,9400,1229
EALF,0.018677074,0.0013931482,4,9400,1229
RFAR,0.018301602,0.00025104004,4,9400,1229
IHVT,0.018260088,0.012000683,4,9400,1229
KNYH,0.018217597,0.00037195472,4,9400,1229
YQGY,0.018116415,0.007882548,4,9400,1229
GPAC,0.017991748,0.00031598436,4,9400,1229
FATC,0.01798584,0.0,4,9400,1229
AIRC,0.017912896,0.0022118906,4,9400,1229
EVDH,0.01788637,0.0,4,9400,1229
APCV,0.017814193,0.0032527803,4,9400,1229
EVDR,0.017628409,0.00024253188,4,9400,1229
GVAY,0.017385475,4.445113e-05,4,9400,1229
WAGR,0.017370772,0.00048199843,4,9400,1229
EITW,0.01725506,0.0,4,9400,1229
HVST,0.017217584,0.0007407086,4,9400,1229
RWGA,0.017170023,0.010106853,4,9400,1229
RVCT,0.016962003,0.007289759,4,9400,1229
MQPC,0.016764026,0.0025521815,4,9400,1229
EALY,0.01674449,0.00054116535,4,9400,1229
VTDA,0.016682807,0.000121000536,4,9400,1229
EVRV,0.016546527,0.0003345819,4,9400,1229
WWNT,0.01640265,0.00079387164,4,9400,1229
DIFD,0.016199036,0.0005658832,4,9400,1229
WHVY,0.016193986,0.00014696944,4,9400,1229
DHNG,0.016185187,0.0022087463,4,9400,1229
VWDH,0.015904125,0.00020788446,4,9400,1229
EIKT,0.015799569,0.00024467814,4,9400,1229
WTGL,0.015774325,0.030082704,4,9400,1229
WIRV,0.015537664,0.0020085739,4,9400,1229
KSLV,0.015487131,0.00059845526,4,9400,1229
KAAE,0.015418325,0.00023455889,4,9400,1229
ELMV,0.015381245,0.0001536035,4,9400,1229
HYEC,0.015353523,0.0,4,9400,1229
HCSA,0.015286472,0.009939051,4,9400,1229
NHCI,0.015274029,0.00070893933,4,9400,1229
HDGL,0.015254725,0.0068352614,4,9400,1229
FFCY,0.015021797,0.0012426352,4,9400,1229
ARNA,0.014977399,0.0019068022,4,9400,1229
EVDI,0.014974713,0.0,4,9400,1229
NIHE,0.01497291,0.0,4,9400,1229
FFSY,0.01485968,0.00018070998,4,9400,1229
TAFW,0.014848407,0.0,4,9400,1229
IPGI,0.014818888,0.0058572274,4,9400,1229
DIFM,0.014742792,0.0,4,9400,1229
VCPC,0.014643174,0.00031418898,4,9400,1229
NRCI,0.014440369,0.0012496556,4,9400,1229
IRGE,0.014340278,0.010324287,4,9400,1229
WYWD,0.014313038,0.0039393366,4,9400,1229
KNLV,0.01380552,0.00062837807,4,9400,1229
EDNK,0.013643082,0.0014551912,4,9400,1229
EIKL,0.013637036,0.00036142007,4,9400,1229
EIPY,0.0134066045,0.00026083618,4,9400,1229
KHFP,0.013396639,0.0012275291,4,9400,1229
WITK,0.013364207,0.00036260506,4,9400,1229
VYPN,0.013315629,0.00022850114,4,9400,1229
EVDQ,0.0130812265,0.00020556602,4,9400,1229
APCW,0.013046104,0.0,4,9400,1229
HKGL,0.012901489,0.0299888,4,9400,1229
AERA,0.012884807,0.0009874512,4,9400,1229
ADFE,0.0128432475,0.0014488501,4,9400,1229
TNMI,0.012666415,0.0008378374,4,9400,1229
EDNL,0.012476686,0.00014034839,4,9400,1229
DIFK,0.012380039,0.0,4,9400,1229
VYPD,0.012240756,0.020375866,4,9400,1229
DKCV,0.0121467225,0.00061441405,4,9400,1229
EFQP,0.011704145,0.0,4,9400,1229
VYPE,0.011631314,0.0,4,9400,1229
PQMC,0.011495456,0.00056425773,4,9400,1229
EHSM,0.011480436,0.0012960297,4,9400,1229
ISNE,0.011365708,0.00017953658,4,9400,1229
MNMF,0.011223722,0.0014178787,4,9400,1229
VNCA,0.5915193,0.54779893,5,12480,1613
FFAA,0.5360667,0.6989,5,12480,1613
FILG,0.5331831,0.4302261,5,12480,1613
FYAG,0.5256018,0.65570164,5,12480,1613
VHAA,0.5137995,0.51554304,5,12480,1613
IACA,0.48802584,0.5219607,5,12480,1613
IWAG,0.47541344,0.4808951,5,12480,1613
IRAA,0.47436637,0.554466,5,12480,1613
IHCA,0.4619292,0.48184136,5,12480,1613
MACA,0.4249739,0.47140917,5,12480,1613
FRAA,0.4223532,0.42857906,5,12480,1613
VQAA,0.41983116,0.35871273,5,12480,1613
VDCA,0.41729742,0.37194687,5,12480,1613
LSAA,0.41597563,0.42917636,5,12480,1613
MWCG,0.41374016,0.4540798,5,12480,1613
VCAA,0.4108351,0.41170102,5,12480,1613
LNAA,0.41080004,0.44525883,5,12480,1613
IKAA,0.4008587,0.44354498,5,12480,1613
IFCA,0.39584553,0.36282918,5,12480,1613
CWFG,0.3913399,0.4037341,5,12480,1613
VVCA,0.38246173,0.336625,5,12480,1613
VEAA,0.37800586,0.20426314,5,12480,1613
LKAA,0.36873704,0.39849457,5,12480,1613
ICAA,0.3537497,0.38316688,5,12480,1613
LFAA,0.35337323,0.39387694,5,12480,1613
FFAG,0.34571582,0.5753881,5,12480,1613
YSFG,0.33501697,0.35285375,5,12480,1613
FYAC,0.3309335,0.3349052,5,12480,1613
LCAA,0.32260686,0.29019013,5,12480,1613
CWAG,0.31669748,0.12236835,5,12480,1613
CAFG,0.302566,0.41070685,5,12480,1613
YAFG,0.29316747,0.32503894,5,12480,1613
FWAC,0.2924065,0.31642324,5,12480,1613
VRAC,0.29092377,0.3355402,5,12480,1613
FVAG,0.29000252,0.2628612,5,12480,1613
FHAG,0.2889912,0.3737416,5,12480,1613
YWGA,0.28205067,0.19758,5,12480,1613
IRAC,0.2803915,0.37756458,5,12480,1613
MAFG,0.2648378,0.24259612,5,12480,1613
YSCG,0.23206662,0.202681,5,12480,1613
YSFA,0.22499834,0.20726296,5,12480,1613
IYCC,0.22211407,0.1867026,5,12480,1613
FSFA,0.22076647,0.2004224,5,12480,1613
IWCC,0.21899192,0.26129904,5,12480,1613
LVCC,0.21281092,0.2337414,5,12480,1613
FNLT,0.21235703,0.2425567,5,12480,1613
LYAC,0.19390528,0.23703645,5,12480,1613
MILT,0.17958729,0.23395951,5,12480,1613
FFAT,0.17707257,0.1084074,5,12480,1613
LWLT,0.17303543,0.5442348,5,12480,1613
WALT,0.1729571,0.39315772,5,12480,1613
WWLT,0.16258143,0.6748381,5,12480,1613
IDAC,0.15478788,0.24759969,5,12480,1613
VNAS,0.15418796,0.17847957,5,12480,1613
VRAS,0.15353803,0.17339502,5,12480,1613
VHAS,0.1407135,0.17818731,5,12480,1613
MWLT,0.13575397,0.33096576,5,12480,1613
MAYG,0.13569151,0.16101262,5,12480,1613
MVYG,0.13222288,0.17148297,5,12480,1613
WALC,0.12644081,0.42186323,5,12480,1613
INCM,0.119867966,0.014637511,5,12480,1613
LVGC,0.11935632,0.18538557,5,12480,1613
YWGN,0.11748837,0.06066786,5,12480,1613
VNAL,0.11675732,0.12312541,5,12480,1613
VRAD,0.114987895,0.008142883,5,12480,1613
MCYG,0.11409663,0.14192964,5,12480,1613
MYYG,0.11382042,0.050448436,5,12480,1613
CIGA,0.11226742,0.05187616,5,12480,1613
IHAS,0.110086724,0.21176338,5,12480,1613
LMAC,0.10831027,0.12783694,5,12480,1613
IWCE,0.10804413,0.0009051635,5,12480,1613
WWCE,0.1071568,0.0015695731,5,12480,1613
FNFT,0.10594647,0.110594526,5,12480,1613
CFGA,0.10378544,0.034523066,5,12480,1613
YWAP,0.1036592,0.0027249854,5,12480,1613
HAYG,0.103428766,0.027648631,5,12480,1613
VRAE,0.10280101,0.0009241883,5,12480,1613
IACT,0.09860174,0.026414819,5,12480,1613
VRAV,0.098018214,0.030504202,5,12480,1613
VWAW,0.096273646,0.009061317,5,12480,1613
LWLP,0.09605454,0.11272383,5,12480,1613
LFLC,0.09435199,0.084446564,5,12480,1613
FYEG,0.09204675,0.0,5,12480,1613
WFLC,0.09173237,0.33580598,5,12480,1613
VVAK,0.091625735,0.00055297266,5,12480,1613
FWCE,0.08953212,0.0018432421,5,12480,1613
FNAT,0.08898328,0.033676296,5,12480,1613
FIIC,0.08629279,0.0034087354,5,12480,1613
LHFC,0.08538352,0.06665295,5,12480,1613
FKCT,0.08298336,0.028094579,5,12480,1613
LWLE,0.08279525,0.0009343624,5,12480,1613
IVAS,0.08275883,0.23756759,5,12480,1613
AVYG,0.08163409,0.17898852,5,12480,1613
VLAS,0.08065294,0.037567623,5,12480,1613
INCD,0.07976942,0.0060349805,5,12480,1613
WWGN,0.076472625,0.12747306,5,12480,1613
YIAH,0.076040074,0.00075749675,5,12480,1613
VWCW,0.07334392,0.0024738251,5,12480,1613
LACR,0.07186453,0.0007308008,5,12480,1613
HNCM,0.0712214,0.0069702435,5,12480,1613
ENCM,0.06862645,0.079824276,5,12480,1613
HVFC,0.068244085,0.011214624,5,12480,1613
WNCS,0.06705104,0.06578557,5,12480,1613
FTVG,0.065843865,0.008884693,5,12480,1613
VWCL,0.065553114,0.007056984,5,12480,1613
IWGP,0.06362252,0.0028032232,5,12480,1613
LHVC,0.063217565,0.0028198855,5,12480,1613
FQVG,0.05983381,0.009521384,5,12480,1613
INGD,0.059546754,0.0098745115,5,12480,1613
TVCC,0.058782503,0.0882816,5,12480,1613
VCAK,0.057393357,0.0027374884,5,12480,1613
VACR,0.056731865,0.0011108826,5,12480,1613
WWLN,0.056472406,0.021755042,5,12480,1613
CWAP,0.05593382,0.001501901,5,12480,1613
CFGE,0.055729315,0.008498398,5,12480,1613
LNLE,0.053935394,0.00066623214,5,12480,1613
FIPC,0.052704975,0.00097583403,5,12480,1613
FCAT,0.048026785,0.023534253,5,12480,1613
YKPG,0.04497765,0.0005400123,5,12480,1613
ENCI,0.04422073,0.0026756742,5,12480,1613
YAAP,0.043435857,0.0006337123,5,12480,1613
EWCE,0.04299067,0.0,5,12480,1613
YVLD,0.042334244,0.009216211,5,12480,1613
VHCW,0.041278943,0.0011285156,5,12480,1613
WRGS,0.041018948,0.18919764,5,12480,1613
MNCR,0.040717646,0.0006029297,5,12480,1613
LHQC,0.037603125,0.0009534011,5,12480,1613
TNCS,0.037088677,0.004838511,5,12480,1613
FNCM,0.036377415,0.058418885,5,12480,1613
YHLI,0.03552346,0.0028266972,5,12480,1613
CIQA,0.03302513,0.0011866365,5,12480,1613
VHNS,0.031281754,0.00040809784,5,12480,1613
LFAL,0.029557869,0.057664488,5,12480,1613
WRGV,0.029065058,0.013231079,5,12480,1613
TACC,0.028462037,0.06852052,5,12480,1613
EQYT,0.02730672,0.0021685201,5,12480,1613
EVMK,0.026973888,0.0004036297,5,12480,1613
HIKH,0.026855633,0.0004253636,5,12480,1613
ILGP,0.026058361,0.0006117827,5,12480,1613
ENCR,0.025540277,0.00029103828,5,12480,1613
YHFK,0.02545987,0.0,5,12480,1613
HVFV,0.023763284,0.07706908,5,12480,1613
FIIH,0.02363728,0.0006319687,5,12480,1613
FIMD,0.023344204,0.003202382,5,12480,1613
PVEC,0.02251093,0.00024908676,5,12480,1613
KVEC,0.02239804,0.0005208533,5,12480,1613
YAAH,0.022270307,0.0006755338,5,12480,1613
EDCE,0.02177994,0.0007275955,5,12480,1613
EAFC,0.020592257,0.004412016,5,12480,1613
NNCS,0.02034454,0.0017280395,5,12480,1613
YIKH,0.020221874,0.0,5,12480,1613
KHFE,0.019819781,0.0,5,12480,1613
VHDS,0.01937209,0.00034029083,5,12480,1613
EAFS,0.019325778,0.0015286504,5,12480,1613
ESGF,0.017676637,0.055725925,5,12480,1613
QFAA,0.017328724,0.0017926036,5,12480,1613
TNCW,0.017141327,0.0,5,12480,1613
YHPS,0.017012522,0.0008324319,5,12480,1613
YQPT,0.016893074,0.00036783097,5,12480,1613
PFFT,0.015961662,0.00038639392,5,12480,1613
WIPR,0.015771255,8.680887e-05,5,12480,1613
WWTT,0.01576592,0.00024350273,5,12480,1613
KDCT,0.0146561125,0.0024939189,5,12480,1613
VQCL,0.014022634,0.0028461828,5,12480,1613
VHES,0.013880239,0.00015620692,5,12480,1613
LQDC,0.013707266,0.0026756742,5,12480,1613
IRGD,0.013396607,0.012902695,5,12480,1613
KRGS,0.012853191,0.0035898443,5,12480,1613
CVEW,0.012782619,0.00049022405,5,12480,1613
NYPC,0.012555168,0.0,5,12480,1613
DSGF,0.012511388,0.0024686279,5,12480,1613
YQYT,0.012200759,0.0060481383,5,12480,1613
DLKI,0.011805759,0.0008378374,5,12480,1613
YNLF,0.011340604,0.001808789,5,12480,1613
TNYS,0.011224912,0.00035446967,5,12480,1613
EHHK,0.011030541,0.0,5,12480,1613
ETFC,0.010381744,0.0020292574,5,12480,1613
CFKL,0.010240779,0.0006563473,5,12480,1613
WNMD,0.010147856,0.0046286723,5,12480,1613
TNYD,0.010131643,0.0017349365,5,12480,1613
PSYS,0.009925113,0.00051455264,5,12480,1613
HNAT,0.009868727,0.0112989,5,12480,1613
KCEC,0.009511814,0.0,5,12480,1613
PNYS,0.0093529085,0.0003106588,5,12480,1613
GINI,0.009255157,0.0,5,12480,1613
DWCP,0.009121195,0.0013166015,5,12480,1613
QDMC,0.008717106,0.001049948,5,12480,1613
EDNE,0.008057044,0.0005585582,5,12480,1613
EKFC,0.0079913,0.0010054049,5,12480,1613
FDMC,0.007888363,0.020736475,5,12480,1613
GISE,0.007652239,8.976829e-05,5,12480,1613
TDAL,0.007005916,0.008258683,5,12480,1613
GILI,0.006752179,0.0,5,12480,1613
EVAK,0.0066575864,0.00023766731,5,12480,1613
ALQF,0.0065437118,0.0018432421,5,12480,1613
KFIT,0.0064923028,0.00012567556,5,12480,1613
ELHI,0.0064409235,0.0,5,12480,1613
DDKD,0.006347374,0.01491379,5,12480,1613
LEKA,0.006334112,0.00063414295,5,12480,1613
KQTL,0.00614296,0.00022237509,5,12480,1613
IEGP,0.0059241513,0.000464033,5,12480,1613
DVKM,0.005351112,0.0,5,12480,1613
KVNM,0.0053414563,0.00027511074,5,12480,1613
KVEQ,0.0047745565,0.00014460579,5,12480,1613
CAPT,0.0041352967,0.00090453535,5,12480,1613
YTFI,0.003894315,0.0018486003,5,12480,1613
WASC,0.003854976,0.0024920688,5,12480,1613
DVKH,0.00384082,0.0,5,12480,1613
VPCW,0.0036671022,0.0,5,12480,1613
EQFK,0.0036098817,0.00092162105,5,12480,1613
ENNI,0.0033251503,0.0004253636,5,12480,1613
DEKI,0.003308461,0.0030899066,5,12480,1613
KLTM,0.0032686153,0.0,5,12480,1613
RCTS,0.0026531676,0.0010564036,5,12480,1613
CIYA,0.0026298622,0.016943648,5,12480,1613
DAPT,0.0025817016,0.0007372969,5,12480,1613
EHHW,0.002548323,0.0011048671,5,12480,1613
WHTI,0.0025259713,0.0004564633,5,12480,1613
TWGN,0.0024435082,0.08719953,5,12480,1613
TLTW,0.0023395726,0.0004981735,5,12480,1613
DWCL,0.002298222,0.0,5,12480,1613
HNGF,0.0021632174,0.03125778,5,12480,1613
PVEQ,0.0020047585,0.00017173064,5,12480,1613
DIKS,0.0017534951,0.0006010572,5,12480,1613
TRAL,0.0017012218,0.010231556,5,12480,1613
YKPS,0.0015721181,0.00022207742,5,12480,1613
ANLQ,0.001542733,0.0,5,12480,1613
HHCS,0.0013179043,0.008243071,5,12480,1613
YHTI,0.0012759427,0.0005720407,5,12480,1613
QMLC,0.0012004236,0.0019977335,5,12480,1613
DCKH,0.0008916417,0.0015360351,5,12480,1613
ASYS,0.00077025685,0.0023040527,5,12480,1613
TLKI,0.00076882634,0.0,5,12480,1613
YHRK,0.00070361886,9.372417e-05,5,12480,1613
WITR,0.0006979564,0.00027256814,5,12480,1613
LFKL,0.00025846157,0.00031418898,5,12480,1613
THCS,0.00024096761,0.008507271,5,12480,1613
TLTS,0.00018616114,0.00032993592,5,12480,1613
PVET,0.00012777839,6.760053e-05,5,12480,1613
KHDF,2.4841167e-05,0.0,5,12480,1613
NLSC,-0.00021509733,0.00048612984,5,12480,1613
DMKY,-0.00067500677,0.0,5,12480,1613
DIKD,-0.00073020067,0.012353523,5,12480,1613
NHKC,-0.0007458469,0.0,5,12480,1613
QMMC,-0.0007533571,0.0009129265,5,12480,1613
DEQW,-0.0008540889,0.0049095103,5,12480,1613
DEKM,-0.0010207137,0.003438702,5,12480,1613
DCEH,-0.001052632,0.001256756,5,12480,1613
FKFK,-0.0012051007,0.0015081072,5,12480,1613
DIKY,-0.0012301644,0.0,5,12480,1613
EVDK,-0.0012420258,0.0004189187,5,12480,1613
VQTL,-0.0014813086,0.00034998267,5,12480,1613
STSL,-0.0018955013,0.00021962721,5,12480,1613
GNKI,-0.0021625897,0.0,5,12480,1613
KWTM,-0.0022403141,0.0,5,12480,1613
AYEG,-0.0024685105,0.002413656,5,12480,1613
KLTK,-0.0024943193,0.00016807679,5,12480,1613
GIHK,-0.0025829813,0.0,5,12480,1613
TATW,-0.0026525399,0.0015360351,5,12480,1613
NAKE,-0.0026599905,0.00037363017,5,12480,1613
WWTN,-0.0028168699,0.00034998267,5,12480,1613
DHKS,-0.0028288504,0.0,5,12480,1613
EAHK,-0.0030110618,0.0003291504,5,12480,1613
TVEQ,-0.0033204993,0.0,5,12480,1613
DEGW,-0.0033887168,0.0,5,12480,1613
GNKE,-0.0033976873,0.00025365717,5,12480,1613
QEMC,-0.0034847995,0.0010593346,5,12480,1613
ETNQ,-0.0035675308,0.0,5,12480,1613
QEGE,-0.003709807,0.00023732735,5,12480,1613
ERGF,-0.0038981577,0.033050187,5,12480,1613
KWTI,-0.0038995286,0.0,5,12480,1613
CAYK,-0.003953292,0.0021268178,5,12480,1613
PVFQ,-0.0039885184,0.0002211891,5,12480,1613
ETFH,-0.004021122,0.0,5,12480,1613
EDNQ,-0.004303976,0.00027927916,5,12480,1613
DCDH,-0.0043749055,0.0,5,12480,1613
EFFP,-0.004387214,0.0008694539,5,12480,1613
PFVC,-0.0044032773,0.00037363017,5,12480,1613
EDFS,-0.004415049,0.0012159054,5,12480,1613
GHNW,-0.0044688126,0.0,5,12480,1613
NHRS,-0.0045288643,0.00035538088,5,12480,1613
RCSS,-0.004751607,0.0013445095,5,12480,1613
EPHI,-0.0049957177,0.0,5,12480,1613
GNNI,-0.0050266525,0.0,5,12480,1613
KHDT,-0.005029752,0.00021159672,5,12480,1613
TLKP,-0.005254342,0.00034560793,5,12480,1613
ETHK,-0.005300953,0.0,5,12480,1613
EKFP,-0.0053114435,0.00037195472,5,12480,1613
EHDW,-0.0055481037,0.0,5,12480,1613
DDYD,-0.0057359478,0.00028069183,5,12480,1613
WSWR,-0.0057429215,0.00024589672,5,12480,1613
TQTW,-0.005875095,0.00068697735,5,12480,1613
DHPS,-0.005985572,0.0,5,12480,1613
NHKQ,-0.0060867807,0.0,5,12480,1613
TLSP,-0.0061420044,0.00040709644,5,12480,1613
SASY,-0.006352796,0.0002811725,5,12480,1613
ETFQ,-0.006474628,0.00086401973,5,12480,1613
NLCS,-0.0068171164,0.0010044436,5,12480,1613
RTDL,-0.006839051,0.00019346473,5,12480,1613
QCSI,-0.0068424186,0.0014178787,5,12480,1613
NHDS,-0.007004543,0.0,5,12480,1613
TYEG,-0.0070206067,0.0,5,12480,1613
QMYC,-0.0070444485,0.0012785494,5,12480,1613
GHNS,-0.00710301,0.0,5,12480,1613
DMDC,-0.007107838,0.0,5,12480,1613
IAKN,-0.007573261,0.0,5,12480,1613
THCD,-0.007620706,0.0056343274,5,12480,1613
FNLF,-0.0077120205,0.0015360351,5,12480,1613
EDNR,-0.007829531,0.0,5,12480,1613
YAVC,-0.007947399,0.0013386675,5,12480,1613
GATN,-0.008188709,0.00043200987,5,12480,1613
IATN,-0.008341028,0.0,5,12480,1613
PDLQ,-0.0084587475,0.00024253188,5,12480,1613
GHNN,-0.008486106,0.0,5,12480,1613
HDKH,-0.008622124,0.00044594568,5,12480,1613
SHQN,-0.008686109,0.0,5,12480,1613
TTYD,-0.008935108,0.0010909184,5,12480,1613
WDIH,-0.008980109,0.00010695799,5,12480,1613
QGNN,-0.009031489,0.00036655387,5,12480,1613
AYTY,-0.009102835,0.0010653769,5,12480,1613
ASYK,-0.009396567,0.0,5,12480,1613
KQNQ,-0.00961323,0.0,5,12480,1613
QGNF,-0.010128512,5.845373e-05,5,12480,1613
DYKT,-0.010489925,0.0,5,12480,1613
QGNY,-0.010740354,8.861739e-05,5,12480,1613
YQPI,-0.010813191,0.00033717847,5,12480,1613
SWYW,-0.010908051,0.00031418898,5,12480,1613
NHFP,-0.011107757,0.00036220913,5,12480,1613
TACF,-0.011173143,0.0016263901,5,12480,1613
IFHT,-0.011304333,0.00051776465,5,12480,1613
IDFS,-0.011550023,0.008414801,5,12480,1613
PFFE,-0.0115611395,0.0006583008,5,12480,1613
QEGW,-0.011647119,0.00061214686,5,12480,1613
NAKC,-0.011767044,0.0,5,12480,1613
GVAQ,-0.011925473,4.4308694e-05,5,12480,1613
LDMR,-0.012098446,0.00028503741,5,12480,1613
SYCN,-0.012135341,0.0006798844,5,12480,1613
STSY,-0.01231946,0.00013346082,5,12480,1613
PDPQ,-0.012543513,0.0,5,12480,1613
DDYN,-0.012617155,0.00048114956,5,12480,1613
HNLF,-0.012710466,0.00100744,5,12480,1613
SNLF,-0.012760236,0.00023580926,5,12480,1613
TRCW,-0.012807204,0.0012859829,5,12480,1613
NHCP,-0.012823536,0.00048506376,5,12480,1613
INTD,-0.012854352,0.0040879226,5,12480,1613
EPHR,-0.012865498,0.0,5,12480,1613
QCNR,-0.012894883,0.0003857949,5,12480,1613
IRQT,-0.012969687,0.0009534011,5,12480,1613
NWYW,-0.013050511,0.0,5,12480,1613
ELIQ,-0.013065233,0.00026083618,5,12480,1613
NVAQ,-0.0131372055,0.0002433858,5,12480,1613
RWYW,-0.013230368,0.00011765375,5,12480,1613
AVYS,-0.013233616,0.0026974275,5,12480,1613
HYKN,-0.013240053,0.0010368237,5,12480,1613
LLQT,-0.013294711,0.00026745955,5,12480,1613
AQDC,-0.013604238,0.0024111278,5,12480,1613
LLQF,-0.0136303445,0.0001092831,5,12480,1613
SNLQ,-0.0137306,4.423778e-05,5,12480,1613
DKWH,-0.013780548,0.0016263901,5,12480,1613
IVQT,-0.013815834,0.0015081072,5,12480,1613
KKFK,-0.013983442,0.0002393821,5,12480,1613
FLQS,-0.014061584,0.00045512154,5,12480,1613
GSYK,-0.014115824,0.00024908676,5,12480,1613
QMSW,-0.014526143,0.00032274664,5,12480,1613
ELWR,-0.014740302,9.839376e-05,5,12480,1613
SYQN,-0.0147639355,0.00044594568,5,12480,1613
SPLC,-0.01492305,0.0005438137,5,12480,1613
LYKA,-0.014946713,0.00025365717,5,12480,1613
ELWQ,-0.0152317425,0.00058826874,5,12480,1613
GWGN,-0.015509977,0.0,5,12480,1613
DSWF,-0.015649036,0.0,5,12480,1613
HLFY,-0.015769675,0.00033112132,5,12480,1613
TACD,-0.01581736,0.0025758913,5,12480,1613
DNAL,-0.01596649,0.00059587567,5,12480,1613
LMMV,-0.015969113,0.004842019,5,12480,1613
NNTC,-0.015994862,0.0,5,12480,1613
GNSE,-0.016229257,0.00018618608,5,12480,1613
QGSW,-0.016378865,0.00018130253,5,12480,1613
PDFH,-0.016404405,0.0,5,12480,1613
SARD,-0.016429946,0.00095212046,5,12480,1613
RHLI,-0.016512826,0.00023876192,5,12480,1613
NGRC,-0.01673393,0.0008346757,5,12480,1613
YQDC,-0.017153159,0.00054213003,5,12480,1613
IHQN,-0.017528132,0.0,5,12480,1613
