{"run_id": "21:26:58-05/18/2022", "exp_name": "BO_EVO_proposal-function=UCB", "encoder_name": "onehot", "model_name": "GPyTorch", "landscape_name": "GB1_combo", "rounds": 5, "expmt_queries_per_round": 384, "model_queries_per_round": 3072}
sequence,model_score,true_score,round,model_cost,measurement_cost
MWGS,,0.10642576,0,0,1
MLGS,-0.5516818,0.013145441,1,3598,368
MWNS,-0.5516818,0.003158771,1,3598,368
IWGS,-0.5516818,0.18738931,1,3598,368
MWVS,-0.5516818,0.00086405646,1,3598,368
MWGF,-0.5516818,0.27880922,1,3598,368
MWGP,-0.5516818,0.0023052252,1,3598,368
MWES,-0.5516818,0.00035955207,1,3598,368
MWGM,-0.5516818,0.33361748,1,3598,368
MPGS,-0.5516818,0.004855013,1,3598,368
MWPS,-0.5516818,0.00036489003,1,3598,368
MWGN,-0.5516818,0.17833589,1,3598,368
MWSS,-0.5516818,0.011711049,1,3598,368
MWCS,-0.5516818,0.21893573,1,3598,368
MWQS,-0.5516818,0.00032755014,1,3598,368
QWGS,-0.5516818,0.016214691,1,3598,368
MWGW,-0.5516818,0.1129169,1,3598,368
MWFS,-0.5516818,0.01805774,1,3598,368
LWGS,-0.5516818,0.15932862,1,3598,368
MTGS,-0.5516818,0.030893978,1,3598,368
WWGS,-0.5516818,0.14371009,1,3598,368
MVGS,-0.5516818,0.08347533,1,3598,368
MEGS,-0.5516819,0.01725422,1,3598,368
MAGS,-0.5516819,0.06774578,1,3598,368
RWGS,-0.5516819,0.0040776553,1,3598,368
TWGS,-0.5516819,0.01876862,1,3598,368
CWGS,-0.5516819,0.035038024,1,3598,368
MNGS,-0.5516819,0.10563555,1,3598,368
MGGS,-0.5516819,0.009546255,1,3598,368
NWGS,-0.5516819,0.0031757394,1,3598,368
MWAS,-0.5516819,0.12772565,1,3598,368
MWTS,-0.5516819,0.0016560546,1,3598,368
MWMS,-0.5516819,0.08623751,1,3598,368
MWGR,-0.5516819,0.00095629867,1,3598,368
SWGS,-0.5516819,0.023926266,1,3598,368
MWGG,-0.5516819,0.029556882,1,3598,368
MWGT,-0.5516819,0.07748554,1,3598,368
MWGL,-0.5516819,0.29696038,1,3598,368
HWGS,-0.5516819,0.23069762,1,3598,368
KWGS,-0.5516819,0.0023212074,1,3598,368
AWGS,-0.5516819,0.022157399,1,3598,368
MWGE,-0.5516819,0.001948107,1,3598,368
VWGS,-0.5516819,0.12726888,1,3598,368
DWGS,-0.5516819,0.0035317296,1,3598,368
MWGV,-0.5516819,0.26829618,1,3598,368
MWKS,-0.5516819,0.0005828764,1,3598,368
MWRS,-0.5516819,0.00029688646,1,3598,368
MWLS,-0.5516819,0.050273087,1,3598,368
MFGS,-0.5516819,0.07777625,1,3598,368
MWGQ,-0.5516819,0.04958117,1,3598,368
MRGS,-0.5516819,0.09953695,1,3598,368
MSGS,-0.5516819,0.082744084,1,3598,368
MKGS,-0.5516819,0.060264908,1,3598,368
MYGS,-0.5516819,0.116463535,1,3598,368
MWHS,-0.5516819,0.0017378351,1,3598,368
MWWS,-0.5516819,0.0015051543,1,3598,368
MWGK,-0.5516819,0.0031568015,1,3598,368
MWDS,-0.5516819,0.0004263833,1,3598,368
FWGS,-0.5516819,0.614051,1,3598,368
MIGS,-0.5516819,0.08755341,1,3598,368
MWYS,-0.5516819,0.0039896327,1,3598,368
MWGI,-0.5516819,0.23261043,1,3598,368
MWGY,-0.5516819,0.017279698,1,3598,368
MHGS,-0.5516819,0.11973085,1,3598,368
PWGS,-0.5516819,0.000874994,1,3598,368
MWGC,-0.5516819,0.32494307,1,3598,368
MMGS,-0.5516819,0.027357576,1,3598,368
MQGS,-0.5516819,0.041790146,1,3598,368
MWGD,-0.5516819,0.00938431,1,3598,368
EWGS,-0.5516819,0.0052135056,1,3598,368
MVGR,-0.5900027,0.0006418053,1,3598,368
MVGN,-0.5900027,0.040573724,1,3598,368
MVGC,-0.5900027,0.1493417,1,3598,368
MYGF,-0.5900027,0.23109302,1,3598,368
MYGC,-0.5900027,0.35977557,1,3598,368
MAGT,-0.5900027,0.081259795,1,3598,368
PWMS,-0.5900027,0.00042271666,1,3598,368
MAGP,-0.5900027,0.0006885762,1,3598,368
VWMS,-0.5900027,0.018835891,1,3598,368
MWVV,-0.5900027,0.0019759797,1,3598,368
MEGG,-0.5900027,0.003430296,1,3598,368
MWYW,-0.5900027,0.00043445878,1,3598,368
MYGN,-0.5900027,0.29294547,1,3598,368
MEGR,-0.5900027,0.00020155306,1,3598,368
MGGY,-0.5900027,0.0014311583,1,3598,368
MHLS,-0.5900027,0.019207653,1,3598,368
MRDS,-0.5900027,0.00047861692,1,3598,368
WRGS,-0.5900027,0.2140539,1,3598,368
WAGS,-0.5900027,0.16617928,1,3598,368
WQGS,-0.5900027,0.100545056,1,3598,368
TQGS,-0.5900027,0.022287736,1,3598,368
LQGS,-0.5900027,0.038917087,1,3598,368
ARGS,-0.5900027,0.02763664,1,3598,368
IRGS,-0.5900027,0.18706907,1,3598,368
IQGS,-0.5900027,0.08739894,1,3598,368
MWHW,-0.5900027,0.0002628658,1,3598,368
MWVN,-0.5900027,0.00035466027,1,3598,368
VWCS,-0.5900027,0.059378598,1,3598,368
MGGI,-0.5900027,0.030206082,1,3598,368
KGGS,-0.5900027,0.00055368844,1,3598,368
MWDI,-0.5900027,0.0011469711,1,3598,368
MFGK,-0.5900027,0.0021020283,1,3598,368
MFGC,-0.5900027,0.2835723,1,3598,368
LWDS,-0.5900027,0.00023171137,1,3598,368
HWGL,-0.5900027,0.23231225,1,3598,368
PWGL,-0.5900027,0.030468538,1,3598,368
IWGC,-0.5900027,0.45091173,1,3598,368
DWGF,-0.5900027,0.048798412,1,3598,368
NWGV,-0.5900027,0.020920437,1,3598,368
VWNS,-0.5900027,0.00052750483,1,3598,368
DWGM,-0.5900027,0.21407957,1,3598,368
DWGP,-0.5900027,0.0009337622,1,3598,368
DWGC,-0.5900027,0.033366434,1,3598,368
WWGC,-0.5900027,0.26212925,1,3598,368
WWGI,-0.5900027,0.004395909,1,3598,368
DWGI,-0.5900027,0.027988292,1,3598,368
DWGG,-0.5900027,0.0048876614,1,3598,368
PWGG,-0.5900027,0.00086891756,1,3598,368
PWGV,-0.5900027,0.0075129117,1,3598,368
DWGV,-0.5900027,0.0047216653,1,3598,368
MQGE,-0.5900027,0.0005128038,1,3598,368
MNGE,-0.5900027,0.0017744508,1,3598,368
AHGS,-0.5900027,0.03798411,1,3598,368
MIDS,-0.5900027,0.00041987965,1,3598,368
KHGS,-0.5900027,0.009132382,1,3598,368
MISS,-0.5900027,0.03572498,1,3598,368
AIGS,-0.5900027,0.012080951,1,3598,368
MPDS,-0.5900027,0.00024534142,1,3598,368
MVGL,-0.5900027,0.08618432,1,3598,368
MQGG,-0.5900027,0.009170336,1,3598,368
MQGP,-0.5900027,0.0010405333,1,3598,368
MWSW,-0.5900027,0.00018582794,1,3598,368
MWNT,-0.5900027,0.0009431467,1,3598,368
MWST,-0.5900027,0.0017055988,1,3598,368
MWDT,-0.5900027,0.00022504345,1,3598,368
MIGP,-0.5900027,0.00080744544,1,3598,368
NWGF,-0.5900027,0.109483615,1,3598,368
KWGF,-0.5900027,0.36946374,1,3598,368
GWGF,-0.5900027,0.040949717,1,3598,368
FWGR,-0.5900027,0.00144374,1,3598,368
MQGL,-0.5900027,0.05611178,1,3598,368
MHGL,-0.5900027,0.17970881,1,3598,368
MHGG,-0.5900027,0.050303284,1,3598,368
RWGR,-0.5900027,0.00059718336,1,3598,368
MHGQ,-0.5900027,0.02640234,1,3598,368
MLGQ,-0.5900027,0.0023121492,1,3598,368
MLGC,-0.5900027,0.053386297,1,3598,368
MWEW,-0.5900027,0.00040103888,1,3598,368
MTGE,-0.5900027,0.0009904285,1,3598,368
MRGE,-0.5900027,0.0011627242,1,3598,368
MYGE,-0.5900027,0.0059104264,1,3598,368
MCGE,-0.5900027,0.0039745313,1,3598,368
MWDW,-0.5900027,0.0,1,3598,368
MIGG,-0.5900027,0.021146504,1,3598,368
MKGN,-0.5900027,0.011635533,1,3598,368
MKGH,-0.5900027,0.0062938947,1,3598,368
MYGH,-0.5900027,0.07881912,1,3598,368
RWGK,-0.5900027,0.00038264255,1,3598,368
LWFS,-0.5900027,0.028954344,1,3598,368
MPMS,-0.5900027,0.00027200894,1,3598,368
MDGI,-0.5900027,0.059810966,1,3598,368
MWHC,-0.5900027,0.0019151652,1,3598,368
MYGP,-0.5900027,0.0021549903,1,3598,368
MDGG,-0.5900027,0.010732789,1,3598,368
MDGP,-0.5900027,0.00055693235,1,3598,368
MYGT,-0.5900027,0.122566655,1,3598,368
AWGP,-0.5900027,0.0,1,3598,368
IWGQ,-0.5900027,0.10620209,1,3598,368
EWGQ,-0.5900027,0.0018400607,1,3598,368
NLGS,-0.5900027,0.0010252905,1,3598,368
NDGS,-0.5900027,0.0022402862,1,3598,368
QDGS,-0.5900027,0.007051931,1,3598,368
MYGR,-0.5900027,0.0011125054,1,3598,368
MMGR,-0.5900027,0.00036479338,1,3598,368
MDGN,-0.5900027,0.015591792,1,3598,368
MWVM,-0.5900027,0.0013555115,1,3598,368
MRGC,-0.5900027,0.17006108,1,3598,368
MYGM,-0.5900027,0.29329517,1,3598,368
EWGP,-0.5900027,0.0023460775,1,3598,368
TWGP,-0.5900027,0.0029510409,1,3598,368
MRGF,-0.5900027,0.09088275,1,3598,368
MRGP,-0.5900027,0.0010571743,1,3598,368
MEGP,-0.5900027,0.0005842722,1,3598,368
MRGG,-0.5900027,0.027818082,1,3598,368
MWWQ,-0.5900027,0.00040890242,1,3598,368
MWYE,-0.5900027,0.00024502116,1,3598,368
MWVE,-0.5900027,0.00012499912,1,3598,368
MWAR,-0.5900027,0.00027483332,1,3598,368
RWFS,-0.5900027,0.0013385564,1,3598,368
WWTS,-0.5900027,0.00042379042,1,3598,368
TIGS,-0.5900027,0.020854022,1,3598,368
AWDS,-0.5900027,0.0,1,3598,368
NWDS,-0.5900027,0.0,1,3598,368
IWGV,-0.5900027,0.424594,1,3598,368
IWGG,-0.5900027,0.110002495,1,3598,368
RWGC,-0.5900027,0.20878921,1,3598,368
KWGI,-0.5900027,0.13423511,1,3598,368
KWGR,-0.5900027,0.0004887661,1,3598,368
CWGR,-0.5900027,0.0025159006,1,3598,368
SWVS,-0.5900027,0.0002707413,1,3598,368
MIRS,-0.5900027,0.00061520946,1,3598,368
MMYS,-0.5900027,0.0005347185,1,3598,368
MVYS,-0.5900027,0.0062716925,1,3598,368
MEYS,-0.5900027,0.0012031167,1,3598,368
MENS,-0.5900027,0.0010985945,1,3598,368
RWCS,-0.5900027,0.0042424547,1,3598,368
FWGC,-0.5900027,0.3926309,1,3598,368
KNGS,-0.5900027,0.0027425885,1,3598,368
MFGP,-0.5900027,0.0017209201,1,3598,368
SWDS,-0.5900027,0.00061874575,1,3598,368
DWFS,-0.5900027,0.00063194,1,3598,368
KIGS,-0.5900027,0.0031955086,1,3598,368
HQGS,-0.5900027,0.07233424,1,3598,368
QWGN,-0.5900027,0.053864412,1,3598,368
SWGP,-0.5900027,0.0014933156,1,3598,368
MMGE,-0.5900027,0.0006015583,1,3598,368
HVGS,-0.5900027,0.18568711,1,3598,368
NRGS,-0.5900027,0.0046117976,1,3598,368
PRGS,-0.5900027,0.0005150771,1,3598,368
HRGS,-0.5900027,0.17608272,1,3598,368
EQGS,-0.5900027,0.0037886966,1,3598,368
SQGS,-0.5900027,0.02298386,1,3598,368
DQGS,-0.5900027,0.0010911989,1,3598,368
LDGS,-0.5900027,0.04750678,1,3598,368
HDGS,-0.5900027,0.06453106,1,3598,368
HEGS,-0.5900027,0.03877814,1,3598,368
HNGS,-0.5900027,0.14086688,1,3598,368
FIPS,-0.5947836,0.00020512156,1,3598,368
MKHG,-0.5947836,0.0004170804,1,3598,368
MNYM,-0.5947836,0.00045665746,1,3598,368
MKDF,-0.5947836,0.0,1,3598,368
MIMW,-0.5947836,0.000758328,1,3598,368
KWWY,-0.5947836,0.0013311078,1,3598,368
GWQY,-0.5947836,0.0,1,3598,368
IWKT,-0.5947836,0.00090017356,1,3598,368
HWEN,-0.5947836,0.00061335356,1,3598,368
FLDS,-0.5947836,0.00030617652,1,3598,368
FVGH,-0.5947836,0.0047448757,1,3598,368
HHDS,-0.5947836,0.00043597262,1,3598,368
NCGA,-0.5947836,0.006351479,1,3598,368
MRSV,-0.5947836,0.0015871202,1,3598,368
YWPQ,-0.5947836,0.0,1,3598,368
MIDG,-0.5947836,0.0005739639,1,3598,368
MRDG,-0.5947836,0.0003349147,1,3598,368
YQYS,-0.5947836,0.0009254743,1,3598,368
YGES,-0.5947836,0.00018759238,1,3598,368
AWMP,-0.5947836,0.0,1,3598,368
EGKS,-0.5947836,0.00030667684,1,3598,368
AWNP,-0.5947836,0.0,1,3598,368
VWNP,-0.5947836,0.00040177468,1,3598,368
WWCH,-0.5947836,0.002458771,1,3598,368
VWTM,-0.5947836,0.00068373844,1,3598,368
TWKP,-0.5947836,0.0,1,3598,368
TWIW,-0.5947836,0.0,1,3598,368
RYIS,-0.5947836,0.000189582,1,3598,368
RFGN,-0.5947836,0.06844038,1,3598,368
QWML,-0.5947836,0.0008974066,1,3598,368
MGDG,-0.5947836,0.00015798498,1,3598,368
ELGM,-0.5947836,0.033088382,1,3598,368
YWWE,-0.5947836,0.0009337622,1,3598,368
AHGN,-0.5947836,0.046921548,1,3598,368
QMGY,-0.5947836,0.0004935114,1,3598,368
DFGN,-0.5947836,0.0005828764,1,3598,368
AHLS,-0.5947836,0.01082805,1,3598,368
CDQS,-0.5947836,0.00083046994,1,3598,368
NCGE,-0.5947836,0.0032927403,1,3598,368
HWDI,-0.5947836,0.00061335356,1,3598,368
HWDL,-0.5947836,0.00019429214,1,3598,368
LWDI,-0.5947836,0.0009397735,1,3598,368
DYPS,-0.5947836,0.0,1,3598,368
EAGL,-0.5947836,0.11409624,1,3598,368
SCPK,-0.59538007,0.0009699545,1,3598,368
RDCE,-0.59538007,0.0005261335,1,3598,368
SFTD,-0.59538007,0.0,1,3598,368
RRSF,-0.59538007,0.00033354832,1,3598,368
RMDI,-0.59538007,0.00018019027,1,3598,368
RHAE,-0.59538007,0.00030667684,1,3598,368
ASAC,-0.59538007,0.0072989077,1,3598,368
SPIA,-0.59538007,0.00032546738,1,3598,368
REMT,-0.59538007,0.00031041173,1,3598,368
EART,-0.59538007,0.00029211858,1,3598,368
RCTK,-0.59538007,0.0005347185,1,3598,368
QGNF,-0.59538007,6.613322e-05,1,3598,368
TEAE,-0.59538007,0.0,1,3598,368
QGLW,-0.59538007,0.00014715546,1,3598,368
QEVL,-0.59538007,0.0002650935,1,3598,368
QEMF,-0.59538007,0.0003665746,1,3598,368
QEKM,-0.59538007,0.0004887661,1,3598,368
PVFW,-0.59538007,0.0,1,3598,368
PMAK,-0.59538007,0.00012767763,1,3598,368
PLVF,-0.59538007,0.00020877222,1,3598,368
PIIL,-0.59538007,0.00014967007,1,3598,368
TAEV,-0.59538007,0.0011171798,1,3598,368
AKDR,-0.59538007,0.0,1,3598,368
THAL,-0.59538007,0.005792784,1,3598,368
TQIL,-0.59538007,0.0,1,3598,368
YTYQ,-0.59538007,0.0001319875,1,3598,368
YSLE,-0.59538007,0.00036316988,1,3598,368
YMCC,-0.59538007,0.0392961,1,3598,368
YFHA,-0.59538007,0.0003861856,1,3598,368
AGWY,-0.59538007,0.0,1,3598,368
YAQY,-0.59538007,0.00017977609,1,3598,368
WYWL,-0.59538007,0.009118358,1,3598,368
WYRF,-0.59538007,0.0004150054,1,3598,368
WNTE,-0.59538007,0.00028963923,1,3598,368
WNFQ,-0.59538007,0.0008341609,1,3598,368
WKDW,-0.59538007,0.00018081524,1,3598,368
WHYI,-0.59538007,0.0026908414,1,3598,368
WEPM,-0.59538007,0.00019429214,1,3598,368
WEAQ,-0.59538007,0.0002548353,1,3598,368
VGIM,-0.59538007,0.0005977267,1,3598,368
VGDR,-0.59538007,0.00023171137,1,3598,368
AKDV,-0.59538007,0.0,1,3598,368
TTFP,-0.59538007,0.00017926091,1,3598,368
TRTF,-0.59538007,0.0004965243,1,3598,368
PHCN,-0.59538007,0.0005487901,1,3598,368
CDRH,-0.59538007,0.0010999923,1,3598,368
EFAK,-0.59538007,0.0013902682,1,3598,368
INCR,-0.59538007,0.00074125675,1,3598,368
IHHC,-0.59538007,0.0,1,3598,368
IDSR,-0.59538007,0.0002714189,1,3598,368
HRLC,-0.59538007,0.041119035,1,3598,368
HNYC,-0.59538007,0.0010200337,1,3598,368
DHPF,-0.59538007,0.0028437304,1,3598,368
HISY,-0.59538007,0.000284891,1,3598,368
DNSH,-0.59538007,0.0,1,3598,368
GRDF,-0.59538007,0.000162922,1,3598,368
GKPW,-0.59538007,0.0,1,3598,368
GHKF,-0.59538007,0.0,1,3598,368
GFYW,-0.59538007,0.0,1,3598,368
GASN,-0.59538007,0.00031125403,1,3598,368
FVQA,-0.59538007,0.0,1,3598,368
DTHH,-0.59538007,0.0,1,3598,368
FSPP,-0.59538007,0.00027122282,1,3598,368
DTLW,-0.59538007,0.0,1,3598,368
FIYN,-0.59538007,0.0,1,3598,368
EQIN,-0.59538007,0.0010786563,1,3598,368
EPKL,-0.59538007,0.0,1,3598,368
ELYW,-0.59538007,0.0012767769,1,3598,368
KFLE,-0.59538007,0.0,1,3598,368
KIVF,-0.59538007,0.0005894667,1,3598,368
KKRG,-0.59538007,0.00023073476,1,3598,368
CGWI,-0.59538007,0.0007519479,1,3598,368
PDQM,-0.59538007,0.0,1,3598,368
NSCG,-0.59538007,0.039283156,1,3598,368
NQMT,-0.59538007,0.00029791455,1,3598,368
NPTR,-0.59538007,0.0005585898,1,3598,368
NNYN,-0.59538007,0.000530187,1,3598,368
NKNR,-0.59538007,0.0,1,3598,368
NKEA,-0.59538007,0.0,1,3598,368
NGNR,-0.59538007,0.00046342274,1,3598,368
NEAT,-0.59538007,0.00026176593,1,3598,368
NDIE,-0.59538007,0.0,1,3598,368
CEHP,-0.59538007,0.0003304334,1,3598,368
CITP,-0.59538007,0.0009468474,1,3598,368
KMYI,-0.59538007,0.00029981823,1,3598,368
CLYA,-0.59538007,0.0030116162,1,3598,368
CNDV,-0.59538007,0.0006767532,1,3598,368
CPIH,-0.59538007,0.0007820258,1,3598,368
CRKE,-0.59538007,0.0018221962,1,3598,368
LVCQ,-0.59538007,0.000613835,1,3598,368
LRWW,-0.59538007,0.00023970134,1,3598,368
LEPC,-0.59538007,0.0015468643,1,3598,368
LCDT,-0.59538007,0.0009679081,1,3598,368
LARQ,-0.59538007,8.66511e-05,1,3598,368
CSHW,-0.59538007,0.00055528467,1,3598,368
CTIP,-0.59538007,0.0013136391,1,3598,368
HKSI,-0.59538007,0.00064496975,1,3598,368
FYGC,0.32000232,0.49820766,2,7171,746
IYGC,0.3084066,0.511957,2,7171,746
FWGM,0.30307555,0.38319266,2,7171,746
FYGM,0.29726768,0.30045238,2,7171,746
IYGM,0.28515887,0.43074977,2,7171,746
FWGF,0.28376365,0.5427259,2,7171,746
FAGC,0.28256488,0.29062924,2,7171,746
FFGC,0.2819488,0.49830684,2,7171,746
IWGM,0.2801988,0.596812,2,7171,746
IAGC,0.2709701,0.2992151,2,7171,746
FCGC,0.26868987,0.1819407,2,7171,746
FYGF,0.26802707,0.32186535,2,7171,746
FWGL,0.26500583,0.2593482,2,7171,746
FTGC,0.26498866,0.11962099,2,7171,746
FAGM,0.2632196,0.17589171,2,7171,746
FRGC,0.2568786,0.23340464,2,7171,746
IYGF,0.25591636,0.38396037,2,7171,746
FKGC,0.25555396,0.13951895,2,7171,746
FYGL,0.25419974,0.28931865,2,7171,746
ITGC,0.25339293,0.11789098,2,7171,746
FCGM,0.24934077,0.14346129,2,7171,746
FHGC,0.24818397,0.45404893,2,7171,746
FWCC,0.24795699,0.19894737,2,7171,746
FPGC,0.24607253,0.038939044,2,7171,746
HYGC,0.24590755,0.38453203,2,7171,746
FYGV,0.24544883,0.4693883,2,7171,746
FYCC,0.2450912,0.12943876,2,7171,746
FNGC,0.24443603,0.16398844,2,7171,746
FWAC,0.2442472,0.35799405,2,7171,746
IFGM,0.24403262,0.40047374,2,7171,746
IKGC,0.24395728,0.2245829,2,7171,746
FYAC,0.24315143,0.37890413,2,7171,746
IWGL,0.2421205,0.44703865,2,7171,746
IYGL,0.24208808,0.4231932,2,7171,746
FRGM,0.24033809,0.1843741,2,7171,746
FRGM,0.24033427,0.1843741,2,7171,746
FDGC,0.23998237,0.052854158,2,7171,746
ICGM,0.23723578,0.1888419,2,7171,746
FYCM,0.23690486,0.099429,2,7171,746
FEGC,0.23676658,0.08654419,2,7171,746
FKGM,0.23620582,0.1141335,2,7171,746
HWGC,0.23603415,0.29944235,2,7171,746
FQGC,0.23595119,0.12576252,2,7171,746
FYGS,0.23530173,0.6046794,2,7171,746
FWCM,0.23508525,0.11309297,2,7171,746
FYAM,0.23493648,0.05293713,2,7171,746
IMGC,0.23469615,0.118634984,2,7171,746
FHGM,0.23449779,0.26731065,2,7171,746
HYGM,0.23425746,0.30119702,2,7171,746
ITGM,0.23353267,0.09775927,2,7171,746
IYAC,0.23266864,0.3616277,2,7171,746
FVGC,0.23096061,0.23387371,2,7171,746
FMGM,0.23063064,0.08217899,2,7171,746
IRGM,0.23011756,0.23034215,2,7171,746
FYMC,0.22954059,0.047601573,2,7171,746
FAGL,0.22938609,0.085728355,2,7171,746
FWMC,0.22877955,0.110228404,2,7171,746
CYGC,0.22822547,0.4072688,2,7171,746
IDGC,0.22815204,0.16997091,2,7171,746
IVGC,0.22761703,0.23379499,2,7171,746
WYGC,0.22730422,0.25599444,2,7171,746
FCGF,0.22679877,0.07640777,2,7171,746
FNGM,0.22561336,0.12532595,2,7171,746
IKGM,0.22409701,0.20011435,2,7171,746
FWCF,0.2238605,0.0023171136,2,7171,746
FYNC,0.22365546,0.0,2,7171,746
IWAC,0.22350383,0.46862304,2,7171,746
FGGM,0.2230146,0.046728455,2,7171,746
IFGF,0.22149062,0.3307624,2,7171,746
FDGM,0.22088313,0.046647154,2,7171,746
FWAF,0.22011828,0.0059582917,2,7171,746
IYGN,0.2197349,0.41903988,2,7171,746
IYFC,0.21956325,0.009588056,2,7171,746
IYMC,0.21905684,0.009925712,2,7171,746
FYFM,0.2181747,0.005281213,2,7171,746
FFCC,0.21790671,0.10045177,2,7171,746
IAGV,0.21787715,0.28660414,2,7171,746
FYMM,0.21766734,0.02392079,2,7171,746
FACC,0.21761394,0.0519132,2,7171,746
IHGM,0.21672893,0.42668736,2,7171,746
FQGM,0.21660495,0.073876485,2,7171,746
FCGL,0.21469188,0.093843095,2,7171,746
KYGC,0.21389556,0.24217574,2,7171,746
FYAF,0.21365333,0.0049652434,2,7171,746
FYIC,0.21350646,0.0,2,7171,746
FYGI,0.21349502,0.11390376,2,7171,746
FHGF,0.21307349,0.14724974,2,7171,746
FYNM,0.21178412,0.0,2,7171,746
IWCM,0.21139216,0.041332778,2,7171,746
IFGV,0.21118999,0.36149943,2,7171,746
FTGL,0.21099257,0.035704613,2,7171,746
CYGM,0.21025634,0.39681336,2,7171,746
YWGC,0.2091558,0.4286347,2,7171,746
IDGM,0.20853782,0.05698328,2,7171,746
HAGC,0.20847106,0.09792727,2,7171,746
LWGC,0.20827746,0.39989865,2,7171,746
IWMC,0.20803809,0.015951255,2,7171,746
FCCC,0.20781684,0.06256206,2,7171,746
IYFM,0.2074182,0.002815293,2,7171,746
FYSC,0.20729613,0.0036220143,2,7171,746
IYMM,0.20691752,0.009256632,2,7171,746
FFCM,0.20677066,0.060932845,2,7171,746
FYLM,0.20622039,0.0034280585,2,7171,746
FNGF,0.20599914,0.068671644,2,7171,746
FWCL,0.20586753,0.011730387,2,7171,746
FRGL,0.20568633,0.086700894,2,7171,746
VYGC,0.20510364,0.4595366,2,7171,746
IYLC,0.20474029,0.014185584,2,7171,746
IACC,0.20469451,0.21516511,2,7171,746
ICGV,0.2043941,0.17923974,2,7171,746
FPGF,0.2041843,0.0011633442,2,7171,746
SYGC,0.20414424,0.23516303,2,7171,746
IYTC,0.20363498,0.0010954447,2,7171,746
FTAC,0.20305991,0.043793447,2,7171,746
FYKC,0.20279765,0.0,2,7171,746
FYCL,0.20264602,0.0062562064,2,7171,746
IYCF,0.20243049,0.0021925957,2,7171,746
IQGM,0.20174098,0.16463701,2,7171,746
IYGI,0.20138717,0.34710515,2,7171,746
WAGC,0.20078254,0.11506287,2,7171,746
FWAL,0.19993377,0.026443759,2,7171,746
FWLM,0.19978309,0.0060366904,2,7171,746
FTGV,0.199085,0.090474375,2,7171,746
FYTM,0.19840693,0.0,2,7171,746
FDGF,0.19809508,0.024231786,2,7171,746
FWCV,0.19804263,0.06256206,2,7171,746
IYAV,0.19692206,0.05178877,2,7171,746
FKCC,0.19684196,0.07094091,2,7171,746
WFGC,0.19676471,0.17829847,2,7171,746
ILGC,0.19633746,0.0881798,2,7171,746
IMGF,0.19597888,0.10867198,2,7171,746
IYLM,0.19546771,0.0017914247,2,7171,746
FYSM,0.19543052,0.0015798502,2,7171,746
IHGF,0.19530082,0.3243419,2,7171,746
MAGC,0.1949861,0.16462038,2,7171,746
FKAC,0.194906,0.063616484,2,7171,746
RYGC,0.19468379,0.26690438,2,7171,746
FAFM,0.1939466,0.0031991964,2,7171,746
FWRC,0.19301486,0.0,2,7171,746
FCFC,0.19276595,0.045878846,2,7171,746
IWLC,0.19272494,0.047703575,2,7171,746
ISGF,0.19265342,0.23068357,2,7171,746
FCMC,0.19226146,0.00938431,2,7171,746
ITCC,0.1920774,0.09686401,2,7171,746
FSGL,0.19203353,0.06291553,2,7171,746
FPGL,0.19173598,0.001154992,2,7171,746
INGF,0.19144702,0.21056108,2,7171,746
FYGY,0.19106841,0.04553568,2,7171,746
IGGF,0.18998599,0.06726941,2,7171,746
FTMC,0.18945003,0.01154992,2,7171,746
AYGC,0.18941951,0.24633813,2,7171,746
FYVC,0.18934894,0.005734856,2,7171,746
FAGN,0.1892116,0.16285998,2,7171,746
FYEC,0.18899989,0.0,2,7171,746
FKGV,0.1888349,0.1194499,2,7171,746
IWFM,0.18773437,0.002777288,2,7171,746
IYAL,0.18773055,0.14163655,2,7171,746
IYYC,0.18747401,0.0016100531,2,7171,746
FACL,0.18741775,0.0015727893,2,7171,746
EYGC,0.18682456,0.2636544,2,7171,746
FCNC,0.18638206,0.0009200304,2,7171,746
FRAC,0.18593955,0.105292365,2,7171,746
IMGV,0.18568587,0.09330144,2,7171,746
FPCC,0.1853807,0.003783996,2,7171,746
FYLF,0.1849401,0.0022343595,2,7171,746
FYDM,0.18456435,0.0,2,7171,746
FCFM,0.1841495,0.005474181,2,7171,746
FMGV,0.18407416,0.082326695,2,7171,746
IKCC,0.18391871,0.17337784,2,7171,746
IEGF,0.18371463,0.08533466,2,7171,746
FMAC,0.18366313,0.042256832,2,7171,746
FPAC,0.18343997,0.0016943893,2,7171,746
IAFM,0.1832025,0.001981132,2,7171,746
HYGV,0.18243098,0.2838592,2,7171,746
FMAM,0.18238902,0.009235352,2,7171,746
FKMC,0.18128848,0.053319942,2,7171,746
CYGF,0.18101954,0.32569075,2,7171,746
IGGV,0.18078685,0.061574243,2,7171,746
FNGV,0.18066859,0.12205189,2,7171,746
ISGL,0.1805427,0.13565011,2,7171,746
FYIF,0.18035388,0.0017378351,2,7171,746
FFSC,0.1801107,0.0021442643,2,7171,746
KYGF,0.17983222,0.2525441,2,7171,746
FHCC,0.17918086,0.09210526,2,7171,746
IWMF,0.17899108,0.0005331994,2,7171,746
IYGT,0.17869544,0.20569745,2,7171,746
IWLM,0.1785295,0.0025443903,2,7171,746
FCTC,0.17847514,0.0,2,7171,746
IYDM,0.17727447,0.0006287645,2,7171,746
FYEM,0.17713332,0.0028437304,2,7171,746
FYEM,0.17713237,0.0028437304,2,7171,746
MTGC,0.17646766,0.07820258,2,7171,746
FHAM,0.17631412,0.035749752,2,7171,746
FWQM,0.17615485,0.0,2,7171,746
FFLM,0.17591643,0.003711309,2,7171,746
KFGC,0.17567039,0.17428003,2,7171,746
FHAC,0.17561698,0.20866738,2,7171,746
FWMV,0.1751802,0.020290399,2,7171,746
FKCF,0.17437053,0.0,2,7171,746
NYGM,0.17396617,0.31001738,2,7171,746
FWNL,0.17385459,0.0011585568,2,7171,746
FKFM,0.17317748,0.0031734381,2,7171,746
FYSF,0.17304587,0.00035546624,2,7171,746
IYQM,0.1729219,0.00076295197,2,7171,746
CTGC,0.17282367,0.069298916,2,7171,746
FKMM,0.17267299,0.009055036,2,7171,746
FCLM,0.1721971,0.00252776,2,7171,746
HMGC,0.1721971,0.050757904,2,7171,746
QYGC,0.17208076,0.34000438,2,7171,746
FYLL,0.17196059,0.0035338404,2,7171,746
ITFM,0.17180705,0.0010800888,2,7171,746
FYPM,0.17040706,0.0010090655,2,7171,746
FYKF,0.16955924,0.0,2,7171,746
NWGC,0.16891837,0.05555885,2,7171,746
FYIL,0.16847396,0.00057927833,2,7171,746
FKNM,0.1681335,0.0,2,7171,746
VAGC,0.16767097,0.31959417,2,7171,746
IMCC,0.16651702,0.06470297,2,7171,746
FPCF,0.16577029,0.0009110981,2,7171,746
FVAC,0.16558623,0.13246709,2,7171,746
SWGM,0.16393542,0.5020606,2,7171,746
FNFC,0.16299415,0.035131007,2,7171,746
WRGM,0.1625812,0.13754353,2,7171,746
FANL,0.16229892,0.00028698196,2,7171,746
IKCF,0.16118026,0.0021801933,2,7171,746
IHCM,0.16105437,0.020667825,2,7171,746
WPGC,0.16088462,0.0011142101,2,7171,746
MMGC,0.16060615,0.07873053,2,7171,746
FYVF,0.15764976,0.000823185,2,7171,746
IKNM,0.1573875,0.00041987965,2,7171,746
IMMC,0.15724063,0.0037456253,2,7171,746
FPIC,0.15616488,0.0007029445,2,7171,746
FKIM,0.15547252,0.0,2,7171,746
FAIL,0.1547935,0.000189582,2,7171,746
CMGC,0.15451694,0.058987092,2,7171,746
VTGC,0.15009189,0.14575864,2,7171,746
ISCF,0.14984775,0.0015511255,2,7171,746
FNTC,0.14786983,0.0,2,7171,746
FCQM,0.14752936,0.0,2,7171,746
FEIC,0.14721656,0.0,2,7171,746
IHMC,0.14709449,0.029413508,2,7171,746
CWAC,0.14658046,0.09417945,2,7171,746
FSLM,0.14568686,0.003238908,2,7171,746
IKIM,0.14471889,0.00040103888,2,7171,746
IHFM,0.14460158,0.0020854021,2,7171,746
FCIL,0.1442039,0.001804675,2,7171,746
IMAL,0.14339328,0.043280642,2,7171,746
IKTM,0.14266181,0.0005374748,2,7171,746
IPLM,0.13901877,0.000110144465,2,7171,746
NTGC,0.13692546,0.021855291,2,7171,746
LMGM,0.13659835,0.12541889,2,7171,746
WFAC,0.13647246,0.031755436,2,7171,746
ITGT,0.13176608,0.07027414,2,7171,746
KMGM,0.12960505,0.13265944,2,7171,746
IVAL,0.12883258,0.118392244,2,7171,746
GTGC,0.124294996,0.0063273,2,7171,746
FRPC,0.12424159,0.00042271666,2,7171,746
WFFC,0.12412524,0.13821852,2,7171,746
FGTL,0.12365508,0.00015184972,2,7171,746
FNDM,0.11936164,0.00044057798,2,7171,746
QTGC,0.1170671,0.07232554,2,7171,746
NYGV,0.11667228,0.060484808,2,7171,746
FFLN,0.1157701,0.001529295,2,7171,746
MCMC,0.11525607,0.023761554,2,7171,746
WRCC,0.11431289,0.21187101,2,7171,746
WCMC,0.11291194,0.071946375,2,7171,746
FEPC,0.11019111,0.0010786563,2,7171,746
RVGM,0.098988295,0.1908169,2,7171,746
KRCC,0.09887576,0.06845026,2,7171,746
WNAC,0.098069906,0.06650967,2,7171,746
WNCC,0.09592128,0.17496672,2,7171,746
CWLF,0.0956552,0.0026067528,2,7171,746
YYSL,0.087095976,0.0012075399,2,7171,746
HCDM,0.086402655,0.0009479101,2,7171,746
IVKL,0.08259082,0.00046878934,2,7171,746
KGFM,0.0764606,0.00020207383,2,7171,746
YMTF,0.053730726,0.0003022322,2,7171,746
SFWF,0.05327773,0.00017187376,2,7171,746
SWWF,0.052513838,0.00029791455,2,7171,746
IKDT,0.04921031,0.00040232844,2,7171,746
FDTH,0.04858184,0.0,2,7171,746
WEAS,0.047913313,0.0016429418,2,7171,746
LRLL,0.045801878,0.003632198,2,7171,746
YHGT,0.045692205,0.19836171,2,7171,746
KKHM,0.044376135,0.00042271666,2,7171,746
TYFI,0.04412532,0.0010090655,2,7171,746
WSQM,0.0430429,0.00028698196,2,7171,746
HGQL,0.04275298,0.00024155242,2,7171,746
CSRF,0.042161703,0.0016437485,2,7171,746
HEPC,0.038585424,0.0,2,7171,746
WGVM,0.03747821,0.00021472808,2,7171,746
WYSI,0.03583789,0.0029560355,2,7171,746
TKYM,0.032906294,0.0,2,7171,746
VFNN,0.028842688,0.00052259484,2,7171,746
KWCK,0.026085615,0.0,2,7171,746
HYWH,0.025659323,0.002576085,2,7171,746
HNKS,0.024677992,0.00064496975,2,7171,746
NWAY,0.022342443,0.0014006433,2,7171,746
ESNL,0.021110296,0.0014022532,2,7171,746
FHEP,0.020785093,0.001144428,2,7171,746
RMNV,0.020540953,0.00022063428,2,7171,746
CDSW,0.01989913,0.0008853123,2,7171,746
KFLS,0.019680738,0.0006849861,2,7171,746
WCRW,0.017175436,0.0013916126,2,7171,746
GFRF,0.016772985,0.0,2,7171,746
HNTI,0.016174078,0.00048372732,2,7171,746
QAGG,0.014059782,0.0038433527,2,7171,746
SVCA,0.011514425,0.29063123,2,7171,746
VPKL,0.011220694,0.0,2,7171,746
YRAP,0.010792494,0.00092658476,2,7171,746
HYEK,0.010372877,0.0,2,7171,746
RTFA,0.009904623,0.005456255,2,7171,746
TIWM,0.00924468,0.0,2,7171,746
YCDA,0.0087964535,0.00086891756,2,7171,746
HPKI,0.00833869,0.00042850728,2,7171,746
MAFE,0.008300543,9.450459e-05,2,7171,746
RQCS,0.0058972836,0.0034233688,2,7171,746
RKVL,0.0057561398,0.00022532947,2,7171,746
TMIV,0.0037305355,0.00032248482,2,7171,746
RYTE,0.0032765865,0.00065510016,2,7171,746
KERV,0.002994299,8.7295935e-05,2,7171,746
YPKS,0.0003554821,0.0001564052,2,7171,746
FDYR,-0.0003683567,0.0,2,7171,746
YRAD,-0.0019028187,0.0024062332,2,7171,746
MMRN,-0.004539728,0.0001529635,2,7171,746
GCFG,-0.0066120625,0.10140268,2,7171,746
EQKL,-0.0068552494,0.0,2,7171,746
CEKY,-0.009413958,0.0,2,7171,746
YWDT,-0.009618998,0.0004668811,2,7171,746
PIMV,-0.015853167,0.0,2,7171,746
NYYR,-0.0193789,0.0,2,7171,746
KWTK,-0.019396067,0.0007820258,2,7171,746
GTKS,-0.0195477,0.00037018975,2,7171,746
EMCK,-0.02199769,0.00061335356,2,7171,746
AKLE,-0.022110224,0.0,2,7171,746
AVGH,-0.02285695,0.006026621,2,7171,746
WMSH,-0.023811579,0.0002745958,2,7171,746
VELY,-0.029470682,0.0,2,7171,746
ANYS,-0.030667543,0.0019550645,2,7171,746
AIHV,-0.0325768,0.0,2,7171,746
WSPI,-0.033031702,0.00031529958,2,7171,746
WVTQ,-0.033301592,0.00022001559,2,7171,746
SSWA,-0.033387423,0.0007249985,2,7171,746
MDQA,-0.03462243,0.0013600449,2,7171,746
GGSI,-0.03556466,0.0,2,7171,746
EMVN,-0.036245584,0.0003462845,2,7171,746
GLVF,-0.03687024,0.00033863098,2,7171,746
PSFA,-0.038653612,0.0010575856,2,7171,746
SDEA,-0.040032625,0.00030443832,2,7171,746
DSMT,-0.04180932,0.0001709346,2,7171,746
VAEK,-0.042001963,0.0,2,7171,746
RSKA,-0.04241395,0.00023928467,2,7171,746
EGGR,-0.04288411,0.00021833206,2,7171,746
RQSA,-0.04513955,0.0008089922,2,7171,746
SDDH,-0.047307253,0.00013719752,2,7171,746
MSNR,-0.047915697,0.0002006802,2,7171,746
SPLD,-0.048075914,0.0,2,7171,746
QHYS,-0.048238993,0.002400463,2,7171,746
PDAP,-0.04880929,0.0001709346,2,7171,746
ASTH,-0.049090624,0.0,2,7171,746
LLSG,-0.050051928,0.0018729635,2,7171,746
GRNK,-0.05096078,0.00051704183,2,7171,746
QAPT,-0.051239252,0.0003884949,2,7171,746
ASYT,-0.0528996,0.04148137,2,7171,746
VGTR,-0.052940607,0.00021874852,2,7171,746
DWSG,-0.054710627,0.0,2,7171,746
ATVP,-0.054884195,0.0,2,7171,746
ENRG,-0.055818796,0.00020947115,2,7171,746
PEME,-0.058943033,0.0,2,7171,746
PELY,-0.060765505,0.00030369931,2,7171,746
PWTG,-0.0609982,0.0015384114,2,7171,746
QIYI,-0.06676507,0.00048372732,2,7171,746
MSQP,-0.06760049,0.0,2,7171,746
REPG,-0.0703938,0.0003139315,2,7171,746
TGVK,-0.08213639,0.0,2,7171,746
DLQN,-0.08362126,0.0,2,7171,746
PRLD,-0.08798623,0.0069513405,2,7171,746
TVRK,-0.088238955,0.0,2,7171,746
YYGC,0.365126,0.4485669,3,10814,1115
LYGC,0.35167038,0.49482542,3,10814,1115
VYGM,0.34982347,0.41184446,3,10814,1115
IYGV,0.34415722,0.5007718,3,10814,1115
SYGM,0.33943915,0.4146599,3,10814,1115
YWGM,0.33838367,0.36149028,3,10814,1115
YYGM,0.33724475,0.33949965,3,10814,1115
IWGF,0.33375204,0.65875995,3,10814,1115
LYGM,0.32072425,0.42442068,3,10814,1115
IYGS,0.3207209,0.15819086,3,10814,1115
LWGM,0.31482053,0.46459895,3,10814,1115
VWGC,0.31252313,0.48381332,3,10814,1115
FYGN,0.3109758,0.6271282,3,10814,1115
FFGS,0.30812764,0.49302003,3,10814,1115
VYGF,0.30801344,0.37644184,3,10814,1115
IYGA,0.30779934,0.2779306,3,10814,1115
VYGN,0.2981733,0.44632268,3,10814,1115
VYGL,0.29454207,0.37934625,3,10814,1115
IYGW,0.29316163,0.07712255,3,10814,1115
QYGM,0.29011226,0.37537238,3,10814,1115
VYGS,0.28820276,0.14699703,3,10814,1115
FWGV,0.28714442,0.36303622,3,10814,1115
HYGS,0.28660703,0.30346912,3,10814,1115
YYGF,0.28454137,0.34709576,3,10814,1115
SHGM,0.2833519,0.3272178,3,10814,1115
TYGC,0.2826767,0.3910129,3,10814,1115
SFGM,0.28227687,0.33440077,3,10814,1115
HYGF,0.28161335,0.27503046,3,10814,1115
KYGM,0.27995086,0.47889772,3,10814,1115
KWGM,0.27962756,0.5220551,3,10814,1115
YYGN,0.27852607,0.2000382,3,10814,1115
CYGV,0.27811527,0.46486437,3,10814,1115
IWGN,0.27801538,0.36819968,3,10814,1115
RYGM,0.27742982,0.39706618,3,10814,1115
HYGN,0.27462983,0.33712283,3,10814,1115
IAGM,0.27403474,0.263361,3,10814,1115
WYGM,0.27355433,0.2999012,3,10814,1115
IHGV,0.2715155,0.32728365,3,10814,1115
YFGM,0.27085614,0.29594922,3,10814,1115
CWGM,0.27080917,0.45590937,3,10814,1115
FYGA,0.27073932,0.6209354,3,10814,1115
LYGF,0.27007747,0.3161193,3,10814,1115
YYGS,0.26931322,0.37108573,3,10814,1115
YYGV,0.26922274,0.27426353,3,10814,1115
LHGC,0.2690184,0.30510083,3,10814,1115
VYGA,0.26817918,0.27459565,3,10814,1115
FFGM,0.2674663,0.23995323,3,10814,1115
CYGS,0.26676583,0.06184731,3,10814,1115
IWGI,0.26618266,0.33820778,3,10814,1115
YYGL,0.26536834,0.2627217,3,10814,1115
EYGM,0.26280951,0.22966863,3,10814,1115
VFGM,0.26216984,0.4603561,3,10814,1115
AYGM,0.25802064,0.4796425,3,10814,1115
CFGM,0.25748706,0.26242736,3,10814,1115
LYGV,0.25504792,0.5792421,3,10814,1115
IFGN,0.2548684,0.3268676,3,10814,1115
CYGA,0.25414836,0.07877306,3,10814,1115
VYGW,0.25354266,0.13203034,3,10814,1115
LFGM,0.25298905,0.32706174,3,10814,1115
IVGM,0.2506349,0.12931801,3,10814,1115
SWGC,0.25050712,0.15187626,3,10814,1115
IYGK,0.24887204,0.001669806,3,10814,1115
IYGG,0.24704528,0.12855014,3,10814,1115
WWGM,0.24359584,0.38937047,3,10814,1115
HYGA,0.2417798,0.090304114,3,10814,1115
FWGN,0.24106908,0.5388869,3,10814,1115
IHGN,0.24093628,0.2089865,3,10814,1115
RWGM,0.24064136,0.45455495,3,10814,1115
CYGW,0.24002957,0.15767905,3,10814,1115
YYGA,0.23895681,0.36266664,3,10814,1115
QWGM,0.23538065,0.4043725,3,10814,1115
SYGF,0.23512173,0.27445707,3,10814,1115
VRGC,0.23482537,0.2590044,3,10814,1115
VWGF,0.23360491,0.61524236,3,10814,1115
YWGL,0.23339915,0.27762645,3,10814,1115
FYGG,0.23305297,0.22318769,3,10814,1115
MHGC,0.23162913,0.2222393,3,10814,1115
NYGC,0.23015022,0.09569875,3,10814,1115
WYGF,0.22872972,0.2767391,3,10814,1115
CWGC,0.22853446,0.30884513,3,10814,1115
IYGP,0.2283206,0.003277236,3,10814,1115
QYGL,0.22517955,0.25891554,3,10814,1115
IYGR,0.2247405,0.0018541338,3,10814,1115
MHGM,0.22351384,0.25156814,3,10814,1115
YWGV,0.22303247,0.21464929,3,10814,1115
EWGM,0.22250843,0.4629593,3,10814,1115
ICGC,0.22242117,0.20240669,3,10814,1115
QWGC,0.22147155,0.29171798,3,10814,1115
IWGT,0.22078323,0.18967178,3,10814,1115
VYGH,0.21845007,0.050546497,3,10814,1115
EYGF,0.21820092,0.18673828,3,10814,1115
RYGF,0.21808529,0.2214833,3,10814,1115
KYGN,0.21568549,0.13410911,3,10814,1115
KFGM,0.21544266,0.47591856,3,10814,1115
WYGV,0.2152139,0.043568954,3,10814,1115
EYGN,0.21512747,0.008937438,3,10814,1115
LYGW,0.21475303,0.24056317,3,10814,1115
CYGG,0.21460843,0.036140222,3,10814,1115
QFGM,0.21402931,0.29451224,3,10814,1115
IWGE,0.21241546,0.040712032,3,10814,1115
WHGC,0.21100974,0.15157817,3,10814,1115
IRGL,0.21065617,0.114143185,3,10814,1115
SWGF,0.20922923,0.41444504,3,10814,1115
CYGH,0.20791817,0.073865294,3,10814,1115
MYGV,0.20774937,0.31949022,3,10814,1115
SSGM,0.2074089,0.1516761,3,10814,1115
TYGV,0.20681775,0.42069796,3,10814,1115
IVGV,0.20488143,0.191506,3,10814,1115
VYGE,0.20448732,0.030240808,3,10814,1115
HWGV,0.20440912,0.15795057,3,10814,1115
EWGC,0.20378065,0.32063058,3,10814,1115
IIGL,0.20347834,0.07489795,3,10814,1115
EFGC,0.20328951,0.19372289,3,10814,1115
EYGV,0.20317137,0.0811723,3,10814,1115
IWGY,0.20229149,0.058052223,3,10814,1115
YRGM,0.20187831,0.21191223,3,10814,1115
VYGQ,0.2017411,0.08193382,3,10814,1115
IVGF,0.20002174,0.17836604,3,10814,1115
IFGY,0.19947565,0.017083088,3,10814,1115
QYGA,0.19770253,0.012842213,3,10814,1115
YSGM,0.1973691,0.1636765,3,10814,1115
EHGC,0.19736338,0.40435335,3,10814,1115
CYGK,0.19549274,0.11433757,3,10814,1115
GFGM,0.19436646,0.062106516,3,10814,1115
RHGC,0.19425178,0.2653187,3,10814,1115
LVGC,0.19392061,0.20974101,3,10814,1115
ICGL,0.19360423,0.11838855,3,10814,1115
IWGK,0.19335914,0.005232059,3,10814,1115
FFGL,0.19212055,0.20155151,3,10814,1115
IFGP,0.19159436,0.002183837,3,10814,1115
AYGV,0.19142854,0.19448642,3,10814,1115
YNGM,0.19129658,0.13217658,3,10814,1115
CYGE,0.19081628,0.015140591,3,10814,1115
IWGP,0.19047904,0.0031715028,3,10814,1115
VWGV,0.1904037,0.44527233,3,10814,1115
CRGM,0.18944001,0.15398005,3,10814,1115
INGV,0.18917775,0.2609354,3,10814,1115
IEGM,0.18756533,0.09890327,3,10814,1115
SYGW,0.1870215,0.011124592,3,10814,1115
RYGS,0.18598819,0.008946633,3,10814,1115
YWGI,0.18196166,0.07854633,3,10814,1115
AHGM,0.18117547,0.38105986,3,10814,1115
WWGF,0.17985082,0.34858385,3,10814,1115
SEGM,0.17707515,0.044381637,3,10814,1115
VFGA,0.17666614,0.19494195,3,10814,1115
LWGA,0.17661917,0.31352186,3,10814,1115
VYGY,0.17655456,0.024766712,3,10814,1115
IVGN,0.17524314,0.07258615,3,10814,1115
IRGA,0.17395079,0.2885036,3,10814,1115
SWGV,0.17316604,0.1023566,3,10814,1115
IIGN,0.1708746,0.07150503,3,10814,1115
LWGN,0.17058659,0.20290016,3,10814,1115
SVGC,0.1699357,0.06940776,3,10814,1115
IVGI,0.1683271,0.06823351,3,10814,1115
DYGF,0.16759562,0.041916583,3,10814,1115
IKGF,0.16756415,0.17224947,3,10814,1115
MVGM,0.1657412,0.13094942,3,10814,1115
MYGA,0.1654445,0.15771797,3,10814,1115
AYGA,0.16519701,0.029755129,3,10814,1115
RYGW,0.1633215,0.018869255,3,10814,1115
MSGM,0.1631701,0.15069099,3,10814,1115
SHGV,0.16284299,0.07702313,3,10814,1115
RWGF,0.16213751,0.37208876,3,10814,1115
MHGV,0.15888035,0.23251571,3,10814,1115
ICGN,0.1585226,0.06759953,3,10814,1115
MFGL,0.15665865,0.20859493,3,10814,1115
WFGF,0.15512514,0.1787315,3,10814,1115
INGI,0.15467858,0.054792654,3,10814,1115
QVGC,0.14837003,0.16731533,3,10814,1115
ICGI,0.14401579,0.0694075,3,10814,1115
WVGC,0.14384961,0.11111497,3,10814,1115
SWGN,0.14193916,0.08077363,3,10814,1115
EWGL,0.1391629,0.26870182,3,10814,1115
LFGN,0.13902915,0.2635036,3,10814,1115
WWGV,0.13792539,0.042294905,3,10814,1115
QHGV,0.1363349,0.11800211,3,10814,1115
VCGV,0.1332798,0.20979165,3,10814,1115
ITGV,0.132689,0.10749022,3,10814,1115
VRGA,0.13250446,0.24983145,3,10814,1115
YRGL,0.12916279,0.09539322,3,10814,1115
FFTS,0.12870228,0.00060739875,3,10814,1115
YCGV,0.1278913,0.0783737,3,10814,1115
VRGN,0.124017954,0.06452975,3,10814,1115
YCGL,0.123185635,0.089747205,3,10814,1115
PFGF,0.122353554,0.00048248374,3,10814,1115
YRGA,0.119595766,0.36507037,3,10814,1115
VFGK,0.11026549,0.0022924636,3,10814,1115
IVGP,0.109864235,0.0013232614,3,10814,1115
CRGA,0.10191393,0.07000868,3,10814,1115
VNGW,0.099852085,0.09907065,3,10814,1115
MTCA,0.099633336,0.28584182,3,10814,1115
SHGG,0.09820938,0.012757755,3,10814,1115
CNCA,0.095000744,0.06993166,3,10814,1115
AWGA,0.09079683,0.018110072,3,10814,1115
TQAC,0.072865725,0.0058651934,3,10814,1115
TNCS,0.06946719,0.005474181,3,10814,1115
RNGF,0.06912756,0.030911155,3,10814,1115
CYLA,0.0684154,0.035888318,3,10814,1115
NVGF,0.066636324,0.015394596,3,10814,1115
PYGR,0.06560922,0.0005393282,3,10814,1115
ECGV,0.06272006,0.060764305,3,10814,1115
WVPS,0.05592966,0.00042948787,3,10814,1115
VFCR,0.055916667,0.0009743824,3,10814,1115
CVFG,0.054686308,0.4618212,3,10814,1115
EVAG,0.05224085,0.009398996,3,10814,1115
GYQS,0.050176382,0.00089374377,3,10814,1115
LVLC,0.049365878,0.26879385,3,10814,1115
YYES,0.044801712,0.00057134306,3,10814,1115
LCIG,0.042876005,0.016733168,3,10814,1115
WGVS,0.040956616,0.0002708131,3,10814,1115
VHDT,0.038729668,0.00057927833,3,10814,1115
VKNG,0.038558006,0.010968674,3,10814,1115
SAKW,0.035726428,0.0,3,10814,1115
HANM,0.034627795,0.0,3,10814,1115
WVAT,0.034326315,0.014737349,3,10814,1115
CCEM,0.034089923,0.00040624719,3,10814,1115
CLCW,0.03324902,0.0006303483,3,10814,1115
WVVF,0.03318298,0.00039802358,3,10814,1115
KRTF,0.03187239,0.00034149596,3,10814,1115
DVFG,0.030305147,0.011275721,3,10814,1115
RVFL,0.03000319,0.0006492898,3,10814,1115
EAKC,0.029856801,0.0010603741,3,10814,1115
YCQA,0.0295856,0.0019377632,3,10814,1115
MFFW,0.028534412,0.00061637507,3,10814,1115
MAYS,0.027560592,0.003984845,3,10814,1115
LRFF,0.027511239,0.0012388529,3,10814,1115
VNRA,0.02742374,0.001322376,3,10814,1115
YAEA,0.02728939,0.00043969322,3,10814,1115
SRIF,0.024500728,0.0005846922,3,10814,1115
FHVA,0.023987055,0.005144361,3,10814,1115
KAVV,0.023486614,0.00031501538,3,10814,1115
CIFS,0.02281344,0.043872762,3,10814,1115
HNYA,0.021959305,0.0014662984,3,10814,1115
GMAS,0.020842195,0.00017834114,3,10814,1115
YAEW,0.019129515,0.00047395506,3,10814,1115
LHDT,0.019108415,0.00023818045,3,10814,1115
MNPL,0.018245935,0.0007498878,3,10814,1115
CELV,0.018154144,0.0018449939,3,10814,1115
LDMA,0.017688632,0.28232396,3,10814,1115
WCSF,0.01747191,0.0014236628,3,10814,1115
YMMT,0.017166734,0.0347818,3,10814,1115
SNTT,0.016826987,0.00042581506,3,10814,1115
RKGW,0.01621604,0.00064703985,3,10814,1115
FYFM,0.016214848,0.005281213,3,10814,1115
YIWV,0.015824676,0.07349771,3,10814,1115
GKQM,0.01522994,0.0,3,10814,1115
SHVP,0.0150306225,0.00031328027,3,10814,1115
YEHM,0.011560917,0.0009268455,3,10814,1115
EVGK,0.008394599,0.00022558443,3,10814,1115
WVAQ,0.007655382,0.00034888668,3,10814,1115
YGWN,0.0067774057,0.00011715739,3,10814,1115
VMYH,0.006702304,0.00012820092,3,10814,1115
YKHW,0.006624341,0.0,3,10814,1115
EEIV,0.0056085587,0.00037018975,3,10814,1115
VNMR,0.005279064,0.0002487557,3,10814,1115
APCF,0.0047371387,0.0,3,10814,1115
QVYR,0.0038152933,0.00021026548,3,10814,1115
HHKE,0.0031809807,0.0011585568,3,10814,1115
YPYV,0.0031235218,0.00052280276,3,10814,1115
SYFK,0.0026460886,0.00040624719,3,10814,1115
HEVM,0.0020993948,0.00028963923,3,10814,1115
QRRS,0.0014431477,0.00024874075,3,10814,1115
RRQI,0.00057530403,0.00037494383,3,10814,1115
NIFL,-0.0003414154,0.000373282,3,10814,1115
FTFG,-0.0012483597,0.19400354,3,10814,1115
RSSI,-0.0016191006,0.00029766813,3,10814,1115
VNYK,-0.0017449856,0.00023171137,3,10814,1115
SLNW,-0.0023782253,0.00018081524,3,10814,1115
RAFY,-0.002753377,0.00029773742,3,10814,1115
CQIH,-0.0034786463,0.00028698196,3,10814,1115
DSLG,-0.0045770407,0.016773887,3,10814,1115
LEWG,-0.005165577,0.0012872854,3,10814,1115
TDSA,-0.0055936575,0.012164846,3,10814,1115
LGRN,-0.0060515404,0.0006231281,3,10814,1115
DAHA,-0.006316781,0.0,3,10814,1115
VPAY,-0.0066281557,0.00016550807,3,10814,1115
DRRS,-0.0069948435,0.00095151435,3,10814,1115
NSFC,-0.0073245764,0.00048497724,3,10814,1115
RFIR,-0.00748682,0.0003126367,3,10814,1115
ENQF,-0.0077029467,0.0,3,10814,1115
VLRV,-0.007805109,0.00024420957,3,10814,1115
ELAS,-0.008089542,0.0006529248,3,10814,1115
HNEN,-0.0087759495,0.00022343594,3,10814,1115
NHLP,-0.010118365,0.00041894242,3,10814,1115
SKWE,-0.010205269,0.0,3,10814,1115
NVHW,-0.010830641,0.0,3,10814,1115
AWNT,-0.010852218,0.0,3,10814,1115
FHCR,-0.010853291,0.00030369931,3,10814,1115
PDQA,-0.011668563,0.0,3,10814,1115
NVLV,-0.01171577,0.00020690996,3,10814,1115
SEEI,-0.011724472,0.00051704183,3,10814,1115
GRQR,-0.012765288,8.2535706e-05,3,10814,1115
YQDT,-0.013290167,0.00017426762,3,10814,1115
SMQY,-0.013561368,0.00013659835,3,10814,1115
NSNE,-0.013809085,0.0,3,10814,1115
TDIP,-0.0141227245,0.0,3,10814,1115
MQEC,-0.014452815,0.0,3,10814,1115
QRIR,-0.014615774,0.00037853836,3,10814,1115
KTVN,-0.015738249,0.00038979485,3,10814,1115
YYHE,-0.01600802,0.0,3,10814,1115
RTNF,-0.016235232,4.887659e-05,3,10814,1115
PRYE,-0.016599298,0.0,3,10814,1115
NGIC,-0.017125726,0.0006194264,3,10814,1115
WQGQ,-0.017194748,0.0015743189,3,10814,1115
GVWK,-0.017565131,0.00014895733,3,10814,1115
AIYY,-0.018354893,0.0,3,10814,1115
GSGP,-0.01843977,0.00013273426,3,10814,1115
IAMQ,-0.018759966,0.00013659835,3,10814,1115
TNAR,-0.019459605,0.0001319875,3,10814,1115
EMKV,-0.020418525,0.0,3,10814,1115
NSLL,-0.02043593,0.00015195506,3,10814,1115
LLHM,-0.020896792,0.0002749981,3,10814,1115
WEKE,-0.021406293,0.00030971316,3,10814,1115
LEHS,-0.021419525,0.0007962445,3,10814,1115
AMSS,-0.021900535,0.00066555385,3,10814,1115
IYET,-0.022494555,8.124946e-05,3,10814,1115
NTQW,-0.022636771,0.0,3,10814,1115
QKET,-0.023190737,0.00023300582,3,10814,1115
TTRV,-0.02356124,0.0,3,10814,1115
MPEL,-0.024046183,0.0,3,10814,1115
GDRV,-0.024992824,0.0001606215,3,10814,1115
FKVW,-0.026010513,0.0,3,10814,1115
GGDY,-0.0263623,0.0,3,10814,1115
DLLS,-0.026666284,0.00051001686,3,10814,1115
HQPH,-0.027928948,0.00051704183,3,10814,1115
KMTR,-0.028025389,0.00022323667,3,10814,1115
FRSW,-0.028628469,0.00013780195,3,10814,1115
DSIE,-0.029693723,0.0,3,10814,1115
ALTT,-0.02989614,0.0,3,10814,1115
NLPA,-0.031062126,0.00022224533,3,10814,1115
TYIR,-0.03149867,0.0003128103,3,10814,1115
MPSC,-0.03338492,0.005819727,3,10814,1115
HLYY,-0.033792853,0.00048230673,3,10814,1115
MPEN,-0.033868313,0.0020854021,3,10814,1115
KLSW,-0.033890605,0.00021951603,3,10814,1115
CEDQ,-0.034642577,0.00084543333,3,10814,1115
KEMD,-0.034659028,0.0,3,10814,1115
KQKT,-0.03476703,0.00017573613,3,10814,1115
RWPT,-0.03561318,0.00020445115,3,10814,1115
FNAQ,-0.03617239,0.00015959707,3,10814,1115
DLYL,-0.03766036,0.0,3,10814,1115
KDPC,-0.037822843,0.0009624933,3,10814,1115
DGPS,-0.03928721,0.00039596242,3,10814,1115
STHQ,-0.039403915,0.00012767763,3,10814,1115
QCHK,-0.039896846,0.0007274659,3,10814,1115
DSYY,-0.04026878,0.0,3,10814,1115
DCNY,-0.040371895,0.0009775322,3,10814,1115
GILQ,-0.04403293,0.00016954495,3,10814,1115
TQSK,-0.044196725,0.0,3,10814,1115
QVHQ,-0.04438734,0.00032927407,3,10814,1115
PIRE,-0.04474008,0.0,3,10814,1115
REPS,-0.04495454,0.000361574,3,10814,1115
IMDR,-0.04504955,0.00042406502,3,10814,1115
CPNQ,-0.04896152,0.00038858427,3,10814,1115
YPRY,-0.04983127,0.0002631422,3,10814,1115
FESM,-0.050958633,0.0014218651,3,10814,1115
PQFK,-0.05130565,0.0013600449,3,10814,1115
NMEE,-0.053798914,0.00066555385,3,10814,1115
NMHE,-0.05411434,0.00081249437,3,10814,1115
ETHK,-0.056191564,0.0,3,10814,1115
DWSE,-0.056464314,0.0,3,10814,1115
IMET,-0.05737698,0.00020084134,3,10814,1115
FYMY,-0.058834314,0.0,3,10814,1115
PLFD,-0.061117887,0.0,3,10814,1115
FPTI,-0.06779158,0.00021722933,3,10814,1115
NEEK,-0.07024014,0.0,3,10814,1115
APDQ,-0.07064557,0.0,3,10814,1115
APER,-0.07355535,0.0,3,10814,1115
QDHQ,-0.0753957,0.00031919425,3,10814,1115
VWGM,0.4941976,0.57096875,4,14391,1495
IFGC,0.42278647,0.36190182,4,14391,1495
VHGM,0.3991964,0.5449108,4,14391,1495
IHGC,0.39724326,0.35479277,4,14391,1495
FRGA,0.39042258,0.4141819,4,14391,1495
TYGM,0.3867147,0.59835,4,14391,1495
YHGC,0.3538015,0.29829317,4,14391,1495
QHGM,0.3364675,0.32555756,4,14391,1495
LHGM,0.3324697,0.3213415,4,14391,1495
MRCA,0.3263662,0.53068256,4,14391,1495
VAGM,0.32542014,0.2837117,4,14391,1495
RHGM,0.3217733,0.3424741,4,14391,1495
TWGM,0.32137656,0.4933872,4,14391,1495
CHGM,0.31512046,0.2692182,4,14391,1495
FRCA,0.31493735,0.4406263,4,14391,1495
VAGF,0.31176353,0.18500496,4,14391,1495
QHGC,0.30794883,0.23500271,4,14391,1495
FYGT,0.30623984,0.5087132,4,14391,1495
WRCA,0.30398154,0.6072966,4,14391,1495
THGM,0.30150962,0.2928437,4,14391,1495
YHGM,0.30099082,0.25340194,4,14391,1495
KAGM,0.2967031,0.22049981,4,14391,1495
IWGA,0.29493308,0.26774034,4,14391,1495
TFGM,0.29023337,0.46366093,4,14391,1495
VCGM,0.28902793,0.18555595,4,14391,1495
FRMA,0.2881887,0.31490737,4,14391,1495
MVCA,0.28065085,0.37395898,4,14391,1495
TYGF,0.2795217,0.3626909,4,14391,1495
MPCA,0.27885032,0.4229525,4,14391,1495
LRGA,0.27784324,0.2731852,4,14391,1495
FQGS,0.27538657,0.21148698,4,14391,1495
PYGM,0.27286887,0.021070126,4,14391,1495
AAGM,0.27221274,0.22313803,4,14391,1495
VIGF,0.26948142,0.105948016,4,14391,1495
FVGA,0.26668906,0.33634284,4,14391,1495
MACA,0.26499534,0.5333416,4,14391,1495
TYGL,0.26401877,0.4549798,4,14391,1495
CVFV,0.26383567,0.1125099,4,14391,1495
LVMA,0.26374412,0.35103813,4,14391,1495
LRGC,0.26299644,0.23147964,4,14391,1495
FWGT,0.26237082,0.4165591,4,14391,1495
LAMA,0.2620046,0.37495998,4,14391,1495
VPGM,0.26147056,0.02516463,4,14391,1495
LAGM,0.26099753,0.2118579,4,14391,1495
MNCA,0.26081443,0.6258507,4,14391,1495
LVCA,0.25521445,0.511442,4,14391,1495
MECA,0.25455832,0.19027086,4,14391,1495
VRGF,0.2517507,0.2179916,4,14391,1495
LTCA,0.25121665,0.3105389,4,14391,1495
MTCS,0.2504537,0.06357885,4,14391,1495
LRLA,0.24885154,0.46059224,4,14391,1495
MSCA,0.24833274,0.52999365,4,14391,1495
ARGM,0.24663901,0.17830189,4,14391,1495
FYFN,0.24576926,0.009983309,4,14391,1495
IRGF,0.24566245,0.21384104,4,14391,1495
LWAC,0.24415183,0.31021035,4,14391,1495
LSGM,0.24360251,0.21181029,4,14391,1495
SAGM,0.24312949,0.16558011,4,14391,1495
MTCG,0.24303794,0.12262165,4,14391,1495
FRFA,0.24270225,0.14477123,4,14391,1495
IHGA,0.24215293,0.27726182,4,14391,1495
MMCA,0.24129844,0.23200965,4,14391,1495
VQGM,0.2401998,0.18671624,4,14391,1495
MTCI,0.23977256,0.022774788,4,14391,1495
ASGM,0.23951316,0.22057138,4,14391,1495
CDFG,0.23928428,0.24576223,4,14391,1495
CKFG,0.23881125,0.28053623,4,14391,1495
LSMA,0.23881125,0.4290945,4,14391,1495
CFFG,0.23841453,0.16830458,4,14391,1495
INGM,0.2379415,0.1799662,4,14391,1495
YHGA,0.2372396,0.44289628,4,14391,1495
SFCM,0.23598838,0.0035291421,4,14391,1495
MACS,0.23598838,0.124617554,4,14391,1495
IHAC,0.23509574,0.34323043,4,14391,1495
MPCV,0.23261619,0.002522664,4,14391,1495
FVCA,0.23070884,0.40437844,4,14391,1495
YWGA,0.22980857,0.2235375,4,14391,1495
MLCA,0.22979331,0.27590293,4,14391,1495
MYGL,0.22808433,0.28121305,4,14391,1495
MDCS,0.22774863,0.10830468,4,14391,1495
VRCA,0.22686362,0.54755145,4,14391,1495
LRGM,0.22651267,0.22287735,4,14391,1495
FRIA,0.2258718,0.00049184007,4,14391,1495
LCGM,0.2257955,0.18929724,4,14391,1495
MTCN,0.22541404,0.0017790161,4,14391,1495
MTCT,0.22533774,0.026513292,4,14391,1495
VWSM,0.22520041,0.007287059,4,14391,1495
STCA,0.22376609,0.1212257,4,14391,1495
MTCV,0.22367454,0.023310797,4,14391,1495
LNGM,0.2236135,0.18536909,4,14391,1495
MTCC,0.2233541,0.09702913,4,14391,1495
LIMA,0.22295737,0.3941022,4,14391,1495
RAGM,0.22202659,0.19828182,4,14391,1495
FRLA,0.22162986,0.3469826,4,14391,1495
MICV,0.22100425,0.09265144,4,14391,1495
WACA,0.22036338,0.5229168,4,14391,1495
VAGA,0.21998191,0.19990179,4,14391,1495
LYMM,0.218395,0.025177417,4,14391,1495
SACM,0.21717429,0.0017499878,4,14391,1495
MTCE,0.21654868,0.00056362216,4,14391,1495
CRFG,0.2163961,0.39251268,4,14391,1495
SACA,0.2163198,0.2941565,4,14391,1495
MFCC,0.21625876,0.14828306,4,14391,1495
MNCC,0.21573997,0.17618582,4,14391,1495
MKCV,0.21454978,0.06461791,4,14391,1495
MKCC,0.21451926,0.19377777,4,14391,1495
SCGM,0.21401572,0.12018502,4,14391,1495
MRMA,0.21297812,0.32168737,4,14391,1495
FRAA,0.21229148,0.4848846,4,14391,1495
FRTA,0.21221519,0.0023049181,4,14391,1495
CVMG,0.21219993,0.15843089,4,14391,1495
CVFP,0.2120893,0.019255647,4,14391,1495
CMFG,0.21200156,0.17560314,4,14391,1495
CQFG,0.21168113,0.20854022,4,14391,1495
MACI,0.21129966,0.05010267,4,14391,1495
LFMM,0.21093345,0.014657399,4,14391,1495
FRSA,0.21090293,0.09409915,4,14391,1495
MPCG,0.21065879,0.19210978,4,14391,1495
MRCC,0.21064353,0.24988347,4,14391,1495
MPCR,0.2099874,0.0015197264,4,14391,1495
FRWA,0.20913291,0.0034602913,4,14391,1495
LFCA,0.20873618,0.50789636,4,14391,1495
MDCI,0.20846152,0.039530974,4,14391,1495
MWCC,0.20820212,0.2967448,4,14391,1495
VACA,0.20794272,0.6535915,4,14391,1495
MPCC,0.20788169,0.049706846,4,14391,1495
LICA,0.20620322,0.56887084,4,14391,1495
MFCV,0.20577598,0.031050177,4,14391,1495
AFGC,0.20544028,0.19598524,4,14391,1495
CCFG,0.20478415,0.08621835,4,14391,1495
MVCV,0.2045095,0.090580225,4,14391,1495
MGCS,0.20428061,0.008462043,4,14391,1495
AFDM,0.20177817,0.0,4,14391,1495
MTCM,0.20096946,0.03172369,4,14391,1495
WSGM,0.19909263,0.12493714,4,14391,1495
MTCL,0.19871116,0.018858729,4,14391,1495
CIGM,0.19855857,0.10131375,4,14391,1495
MICI,0.19814658,0.0814911,4,14391,1495
MWCA,0.19794822,0.66271144,4,14391,1495
HFGN,0.19787192,0.23830715,4,14391,1495
LQMA,0.1974752,0.26419067,4,14391,1495
MECV,0.19681907,0.0148384385,4,14391,1495
CVFY,0.19570518,0.0013621601,4,14391,1495
TSGM,0.19472861,0.22518058,4,14391,1495
LDMR,0.19471335,0.00032248482,4,14391,1495
MKCT,0.19465232,0.06564771,4,14391,1495
MDCG,0.19460654,0.18505508,4,14391,1495
MYCN,0.19341636,0.0024534143,4,14391,1495
FRHA,0.19326377,0.0007447865,4,14391,1495
MTCW,0.19222617,0.0010848913,4,14391,1495
MPCE,0.19164634,0.0010200337,4,14391,1495
LHMM,0.19152427,0.009865557,4,14391,1495
LVFA,0.19128013,0.2747734,4,14391,1495
MGCI,0.19108176,0.005414025,4,14391,1495
MTCY,0.19092917,0.0015640517,4,14391,1495
WIGM,0.19074607,0.10432005,4,14391,1495
VTCA,0.19008994,0.2971698,4,14391,1495
CVIG,0.18999839,0.004275435,4,14391,1495
EWSM,0.18946433,0.0007109326,4,14391,1495
MQCS,0.18897605,0.12288461,4,14391,1495
MNCN,0.18879294,0.0049509546,4,14391,1495
MPCY,0.18871665,0.0025024826,4,14391,1495
YIGM,0.18844199,0.1815931,4,14391,1495
LRWA,0.18796897,0.0022541764,4,14391,1495
MACT,0.18775535,0.050677173,4,14391,1495
ISGA,0.18763328,0.22820577,4,14391,1495
SHAM,0.18733954,0.002564019,4,14391,1495
YDMA,0.18676353,0.14682359,4,14391,1495
MKCN,0.18651938,0.0034844696,4,14391,1495
MMCS,0.18621421,0.06900439,4,14391,1495
TCGM,0.1852529,0.13649905,4,14391,1495
TIGM,0.18461204,0.078658134,4,14391,1495
MNGM,0.18423057,0.1373458,4,14391,1495
FQFS,0.1840322,0.008591269,4,14391,1495
MMCI,0.18258262,0.02212561,4,14391,1495
MICG,0.18256736,0.24167316,4,14391,1495
FMCA,0.18136191,0.19923769,4,14391,1495
FQCS,0.17876792,0.010427011,4,14391,1495
WNGM,0.17809653,0.09624534,4,14391,1495
LCLA,0.17798972,0.3206725,4,14391,1495
WQGM,0.17727256,0.068325005,4,14391,1495
CWFG,0.17695212,0.45677555,4,14391,1495
MVCT,0.17690635,0.09010036,4,14391,1495
ARMM,0.17669272,0.0,4,14391,1495
MNCT,0.1764791,0.08793022,4,14391,1495
MCCI,0.176296,0.03392164,4,14391,1495
HTFG,0.17614341,0.08501257,4,14391,1495
LPMM,0.17591453,0.00014415225,4,14391,1495
MFCN,0.17562461,0.0028359178,4,14391,1495
LDMM,0.17531943,0.005356341,4,14391,1495
KVCA,0.1752584,0.3636451,4,14391,1495
GWGM,0.1746633,0.05880834,4,14391,1495
GTCA,0.17443442,0.0034409135,4,14391,1495
MGCN,0.17435813,0.0017874877,4,14391,1495
FTCN,0.17231345,0.00043445878,4,14391,1495
SICM,0.17228293,0.0043988954,4,14391,1495
KRGA,0.1722219,0.023326958,4,14391,1495
LHLA,0.17209983,0.31443954,4,14391,1495
LVIA,0.17187095,0.0010119672,4,14391,1495
MSCN,0.17061973,0.002642708,4,14391,1495
YSGA,0.17028403,0.35023883,4,14391,1495
MICT,0.1697805,0.10617749,4,14391,1495
SASM,0.16956687,0.0006116403,4,14391,1495
CHMM,0.1693685,0.0032499775,4,14391,1495
MICE,0.16836143,0.0012031167,4,14391,1495
TRMA,0.16813254,0.0063468763,4,14391,1495
MMCN,0.16764426,0.0020369045,4,14391,1495
SQCA,0.16712546,0.16299772,4,14391,1495
IVGA,0.166744,0.21832633,4,14391,1495
MLCI,0.16639304,0.020374753,4,14391,1495
EPCA,0.1662252,0.25719962,4,14391,1495
FRQA,0.16294456,0.00031919425,4,14391,1495
MMCT,0.15865684,0.02744963,4,14391,1495
FKCN,0.15597129,0.0009337622,4,14391,1495
MQCN,0.15575767,0.003070531,4,14391,1495
GPCA,0.15414023,0.003144654,4,14391,1495
EPCM,0.15385032,0.0018400607,4,14391,1495
HRFG,0.15325522,0.1782642,4,14391,1495
LIAC,0.15160728,0.29876322,4,14391,1495
LVHA,0.1514852,0.002135494,4,14391,1495
LPCM,0.14986777,0.0015366122,4,14391,1495
MVGV,0.14643455,0.14704964,4,14391,1495
KFGN,0.14602256,0.05278674,4,14391,1495
MDCW,0.14577842,0.00035147226,4,14391,1495
MVCW,0.14568686,0.0017231078,4,14391,1495
MCCN,0.1453054,0.0034554629,4,14391,1495
LWMC,0.1451528,0.17886335,4,14391,1495
CFMM,0.14481711,0.0019102921,4,14391,1495
MVCK,0.14190269,0.0021271103,4,14391,1495
SAVM,0.14046836,0.00029791455,4,14391,1495
CYMM,0.13666892,0.0036494539,4,14391,1495
ESCA,0.13582969,0.51967615,4,14391,1495
VFDM,0.13517356,0.000383033,4,14391,1495
SYCA,0.1344564,0.22704342,4,14391,1495
FESA,0.1329763,0.010427011,4,14391,1495
HIFG,0.12899375,0.29205656,4,14391,1495
LNSA,0.12835288,0.19903411,4,14391,1495
VRSA,0.12827659,0.28571406,4,14391,1495
SCRM,0.12693763,0.0010025972,4,14391,1495
VHVM,0.1269319,0.00026176593,4,14391,1495
MVLI,0.12525535,0.0027045591,4,14391,1495
MLCW,0.12510276,0.0011845552,4,14391,1495
VWVN,0.12503028,0.00059340714,4,14391,1495
HFFN,0.124263525,0.0007747625,4,14391,1495
MGCM,0.12383628,0.003541249,4,14391,1495
LFME,0.12359786,0.0006529248,4,14391,1495
CVMY,0.12221885,0.00068680913,4,14391,1495
KFGI,0.11794639,0.09652884,4,14391,1495
KRNA,0.11774802,0.000738922,4,14391,1495
ATAM,0.117275,0.010880359,4,14391,1495
KAGL,0.11710715,0.095664226,4,14391,1495
TDMA,0.1157186,0.011960395,4,14391,1495
FTNN,0.11536765,0.0,4,14391,1495
HQFG,0.11114097,0.11914393,4,14391,1495
MKME,0.11100364,0.00033396124,4,14391,1495
FMSA,0.1106832,0.029972015,4,14391,1495
MCLE,0.11031699,0.0009942626,4,14391,1495
ECAM,0.110027075,0.015014896,4,14391,1495
LCSA,0.10729575,0.088532075,4,14391,1495
LPCS,0.104732275,0.0027182715,4,14391,1495
CISM,0.10085654,0.010835593,4,14391,1495
WPCW,0.10049033,0.0003653259,4,14391,1495
MCIE,0.099452734,0.0010786563,4,14391,1495
SPCN,0.09862876,0.0008311385,4,14391,1495
STHM,0.09850097,0.00029791455,4,14391,1495
HFVN,0.09841514,0.0005385544,4,14391,1495
HVIR,0.09693694,0.00021088339,4,14391,1495
SKCN,0.081294775,0.0009720095,4,14391,1495
EPCW,0.077388525,0.0,4,14391,1495
HKMR,0.07695365,0.0004437026,4,14391,1495
HMFN,0.07648826,0.00042462937,4,14391,1495
EHNK,0.075359106,0.0,4,14391,1495
LVAN,0.072799444,0.0015563972,4,14391,1495
LIQC,0.07128501,0.0015640517,4,14391,1495
YFGI,0.06817222,0.054624308,4,14391,1495
HHII,0.06634498,0.0,4,14391,1495
HCFN,0.06426597,0.0024062332,4,14391,1495
VSMW,0.061259985,0.0006627337,4,14391,1495
RFCA,0.06069541,0.032582715,4,14391,1495
EPNL,0.059570074,0.0,4,14391,1495
LFEL,0.048909903,0.00027122282,4,14391,1495
VLWA,0.048600912,0.00061843876,4,14391,1495
YRCI,0.048370123,0.06338722,4,14391,1495
HNLG,0.047261953,0.29726696,4,14391,1495
FRFR,0.04632926,0.000347567,4,14391,1495
NTIN,0.038972616,0.0006015583,4,14391,1495
QAFE,0.038038015,0.00050453277,4,14391,1495
IRSC,0.033195257,0.025645724,4,14391,1495
MDKP,0.033111334,0.0004668811,4,14391,1495
SSFR,0.032153845,0.0001314754,4,14391,1495
KPIK,0.028667212,0.00035955207,4,14391,1495
HHTK,0.027978659,0.0,4,14391,1495
WKYW,0.027778387,0.0,4,14391,1495
CGHR,0.023710012,0.00080667424,4,14391,1495
ASSP,0.023036718,0.00041159257,4,14391,1495
HIHT,0.020637274,0.0004208211,4,14391,1495
PEVM,0.02056861,0.0,4,14391,1495
WLVA,0.020072699,0.0008595205,4,14391,1495
QPMH,0.019851446,0.00020993977,4,14391,1495
EFKC,0.018584967,0.0,4,14391,1495
QAPY,0.017961264,0.00022389292,4,14391,1495
KIGS,0.0178411,0.0031955086,4,14391,1495
HGQW,0.017680883,0.0006256207,4,14391,1495
CDCQ,0.014465094,0.00084543333,4,14391,1495
QNVE,0.013860464,0.00041569473,4,14391,1495
EPNP,0.008571386,0.00029234606,4,14391,1495
SAAP,0.0062482357,0.00037128828,4,14391,1495
SSMW,0.005845785,7.093203e-05,4,14391,1495
FRVP,0.0045239925,0.00028963923,4,14391,1495
HGLP,0.0030095577,0.00034510202,4,14391,1495
YGPT,0.002666235,0.00062324636,4,14391,1495
KRQY,-0.00091195107,0.00044559877,4,14391,1495
PCCL,-0.0013468266,0.00087938644,4,14391,1495
YHRI,-0.0019648075,0.00050453277,4,14391,1495
RRNW,-0.0022585392,0.0001535894,4,14391,1495
AHRQ,-0.005289316,0.0024062332,4,14391,1495
RATP,-0.0068018436,0.00032606086,4,14391,1495
NSVP,-0.008554697,0.0003271694,4,14391,1495
LWHH,-0.008814096,0.0,4,14391,1495
DSWM,-0.0089457035,0.0,4,14391,1495
QSNH,-0.009332895,0.00027682327,4,14391,1495
HWRI,-0.009647608,0.00057134306,4,14391,1495
HTTV,-0.011049509,0.00013719752,4,14391,1495
SNSK,-0.012569666,0.0002807992,4,14391,1495
APTA,-0.013767481,0.0,4,14391,1495
PQTM,-0.015062571,0.0007274659,4,14391,1495
MGHF,-0.015434504,0.00042850728,4,14391,1495
TKRN,-0.018966913,0.0,4,14391,1495
KNLF,-0.02014947,0.00044901008,4,14391,1495
QIDA,-0.020208597,0.00019575117,4,14391,1495
NQTA,-0.020416498,0.0002606753,4,14391,1495
MWPH,-0.020614862,0.0,4,14391,1495
AVPF,-0.020912409,0.0,4,14391,1495
AHAA,-0.021167994,0.27979147,4,14391,1495
DHFP,-0.021894693,0.00046001514,4,14391,1495
VLLY,-0.02212739,0.00046418683,4,14391,1495
AFYA,-0.025142908,0.0028437304,4,14391,1495
QEEW,-0.027715921,0.000379164,4,14391,1495
ASEI,-0.029125452,0.0,4,14391,1495
FIYT,-0.02968812,0.028568804,4,14391,1495
ELNV,-0.032139063,0.0,4,14391,1495
GVEM,-0.034561396,0.0,4,14391,1495
DGYS,-0.03704667,0.0,4,14391,1495
WFYP,-0.03720689,0.0008374024,4,14391,1495
PNWL,-0.041538477,0.00020512156,4,14391,1495
VHTH,-0.04262185,0.00023344054,4,14391,1495
DSQR,-0.042755365,0.00061335356,4,14391,1495
PIDH,-0.043684244,0.00027929497,4,14391,1495
VQHY,-0.04597497,0.0,4,14391,1495
GTGF,-0.046798944,0.0035714565,4,14391,1495
GNGF,-0.047237635,0.011309847,4,14391,1495
KWTP,-0.049768686,0.00042850728,4,14391,1495
TIPT,-0.049770594,0.0002606753,4,14391,1495
RWRI,-0.050983667,0.00030150393,4,14391,1495
WYFI,-0.05165124,0.032887936,4,14391,1495
QEKF,-0.05709672,0.0,4,14391,1495
PIPP,-0.057178736,0.00018436753,4,14391,1495
YLQH,-0.05731225,6.966827e-05,4,14391,1495
RIHQ,-0.05781579,8.319423e-05,4,14391,1495
YMSP,-0.058126688,0.0002605306,4,14391,1495
FVWI,-0.058414698,0.00031919425,4,14391,1495
NQNI,-0.05880952,0.0,4,14391,1495
GWIP,-0.060581446,0.0,4,14391,1495
ELDK,-0.060848475,0.00037687994,4,14391,1495
PKKQ,-0.061071634,0.0,4,14391,1495
KGHS,-0.06306481,0.0003004181,4,14391,1495
SWPS,-0.06543565,0.00054617674,4,14391,1495
DFLT,-0.06805825,0.00022749839,4,14391,1495
PQKQ,-0.068178415,0.0013033764,4,14391,1495
DVPM,-0.0691874,0.0,4,14391,1495
GSGH,-0.07220864,8.4772415e-05,4,14391,1495
KNEC,-0.07340646,0.0004668811,4,14391,1495
DEAG,-0.08450723,0.00086891756,4,14391,1495
DGEP,-0.085069895,0.0005585898,4,14391,1495
WPPD,-0.08596444,0.0,4,14391,1495
RLAF,-0.086853266,0.00048124668,4,14391,1495
KQNC,-0.08764672,0.0018400607,4,14391,1495
IQLT,-0.08789086,0.08443228,4,14391,1495
DCWK,-0.09351373,0.0,4,14391,1495
RFLD,-0.11194253,0.0024062332,4,14391,1495
LACA,0.55664593,0.62093276,5,18017,1862
LSCA,0.5527052,0.60022575,5,18017,1862
LRCA,0.53618133,0.67232937,5,18017,1862
LWCA,0.5147684,0.8250044,5,18017,1862
LNCA,0.48024872,0.6548965,5,18017,1862
VSCA,0.47215346,0.6160872,5,18017,1862
VWCA,0.47086385,0.6117283,5,18017,1862
MICA,0.44644165,0.4131574,5,18017,1862
VVCA,0.43939158,0.38084987,5,18017,1862
ERCA,0.42716292,0.5109908,5,18017,1862
LKCA,0.42602324,0.54097366,5,18017,1862
YRCA,0.42334583,0.54376394,5,18017,1862
VHGC,0.42155308,0.36045098,5,18017,1862
VHCA,0.41969076,0.5779038,5,18017,1862
VICA,0.41883492,0.45383906,5,18017,1862
WWCA,0.41201657,0.83113,5,18017,1862
FHGA,0.41199154,0.47337788,5,18017,1862
LDCA,0.41190913,0.47518802,5,18017,1862
WVCA,0.40991405,0.46001425,5,18017,1862
WNCA,0.40935588,0.5283357,5,18017,1862
VNCA,0.404736,0.61976725,5,18017,1862
LCCA,0.40404817,0.3244682,5,18017,1862
LGCA,0.40107676,0.47345433,5,18017,1862
YSCA,0.3960846,0.488287,5,18017,1862
MKCA,0.39249966,0.44953647,5,18017,1862
LQCA,0.39015105,0.49401647,5,18017,1862
EWCA,0.385582,0.44389275,5,18017,1862
FRGS,0.384505,0.36499092,5,18017,1862
VKCA,0.37493372,0.45618823,5,18017,1862
YACA,0.37414816,0.506077,5,18017,1862
MQCA,0.37234005,0.3680033,5,18017,1862
LSLA,0.37182477,0.45159543,5,18017,1862
EVCA,0.36688998,0.45203546,5,18017,1862
MDCA,0.36466116,0.37595984,5,18017,1862
FFGN,0.36371756,0.5139576,5,18017,1862
LYGA,0.36345086,0.39765438,5,18017,1862
VDCA,0.36333585,0.42081222,5,18017,1862
LRAA,0.3613101,0.5304516,5,18017,1862
LYGL,0.35926852,0.298585,5,18017,1862
MFCA,0.35508943,0.32278156,5,18017,1862
VGCA,0.35388118,0.364997,5,18017,1862
VFGC,0.35296616,0.42268115,5,18017,1862
EHCA,0.35185397,0.3781325,5,18017,1862
VCCA,0.35145366,0.2757984,5,18017,1862
MGCA,0.34855342,0.38322592,5,18017,1862
VHGA,0.3476281,0.3182933,5,18017,1862
LVLA,0.347603,0.35315174,5,18017,1862
YICA,0.34752145,0.57992053,5,18017,1862
KSCA,0.3462525,0.40914246,5,18017,1862
VHGV,0.34388402,0.35165235,5,18017,1862
LRMA,0.34245932,0.45148596,5,18017,1862
YVCA,0.3409874,0.46875834,5,18017,1862
EHGM,0.3398606,0.31050542,5,18017,1862
MYCA,0.33902434,0.5147152,5,18017,1862
YHCA,0.3378902,0.5306223,5,18017,1862
WCCA,0.33603367,0.33520392,5,18017,1862
ARCA,0.3334012,0.5034064,5,18017,1862
VFCA,0.3316544,0.46118298,5,18017,1862
FVGS,0.33010778,0.3547911,5,18017,1862
VHGF,0.32925978,0.35225162,5,18017,1862
WQCA,0.3266261,0.38756627,5,18017,1862
FSGS,0.32532594,0.38325,5,18017,1862
LHGA,0.32455614,0.37786293,5,18017,1862
HSCA,0.3227273,0.4179194,5,18017,1862
LSAA,0.32187214,0.48556036,5,18017,1862
YNCA,0.3216869,0.5000305,5,18017,1862
VPCA,0.32136926,0.37585512,5,18017,1862
VLCA,0.31154498,0.28053463,5,18017,1862
FHGT,0.31144962,0.41906655,5,18017,1862
NSCA,0.31064853,0.16702291,5,18017,1862
LNMA,0.3089507,0.39796197,5,18017,1862
EKCA,0.3075793,0.43132353,5,18017,1862
LWAA,0.30539376,0.6879151,5,18017,1862
HWCA,0.3050372,0.316604,5,18017,1862
MRLA,0.3031617,0.262897,5,18017,1862
YRAA,0.29910806,0.47462556,5,18017,1862
SSCA,0.297425,0.3331564,5,18017,1862
VMCA,0.2942742,0.24358039,5,18017,1862
HVCA,0.2941816,0.44849092,5,18017,1862
LFMA,0.2935126,0.24200161,5,18017,1862
HFGM,0.29165074,0.21243486,5,18017,1862
INCA,0.29156938,0.6126361,5,18017,1862
FSAA,0.29106227,0.4882421,5,18017,1862
FKGS,0.29076865,0.3396639,5,18017,1862
YYCA,0.2907128,0.5254483,5,18017,1862
SWCA,0.28973082,0.18061878,5,18017,1862
AVCA,0.28946283,0.4447594,5,18017,1862
FCCA,0.28854743,0.2008733,5,18017,1862
MSMA,0.2861595,0.3071132,5,18017,1862
WLCA,0.28552374,0.34774083,5,18017,1862
MNMA,0.2853515,0.23951231,5,18017,1862
LGLA,0.28531584,0.1565651,5,18017,1862
EQCA,0.284781,0.3519906,5,18017,1862
MNAA,0.28317767,0.38780248,5,18017,1862
MNLA,0.2803719,0.22459781,5,18017,1862
FIGA,0.28001502,0.36269388,5,18017,1862
FTGS,0.27710882,0.24368934,5,18017,1862
FGGS,0.27427837,0.09898276,5,18017,1862
FYMA,0.27301148,0.2466936,5,18017,1862
WTCA,0.27263793,0.28836584,5,18017,1862
WMCA,0.27008447,0.26351792,5,18017,1862
EHGA,0.26925912,0.05287325,5,18017,1862
VRMA,0.26772836,0.18706636,5,18017,1862
FSMA,0.2674117,0.22939424,5,18017,1862
CACA,0.26710892,0.062922075,5,18017,1862
YFGA,0.25875762,0.27794477,5,18017,1862
YIGA,0.25802493,0.38379672,5,18017,1862
EYCA,0.25745907,0.35285005,5,18017,1862
ERLA,0.2558675,0.26660332,5,18017,1862
IAAA,0.25405702,0.66984814,5,18017,1862
WFGM,0.25381693,0.22496158,5,18017,1862
FGGA,0.25156793,0.10790604,5,18017,1862
YQCA,0.2481794,0.33568117,5,18017,1862
ARAA,0.2468543,0.23337759,5,18017,1862
FAGT,0.24599051,0.38595274,5,18017,1862
MAAA,0.24429771,0.3945761,5,18017,1862
VFGL,0.24421385,0.30407527,5,18017,1862
NHCA,0.23952311,0.19089451,5,18017,1862
LSYA,0.23895633,0.06564118,5,18017,1862
LICG,0.23814759,0.4308158,5,18017,1862
IRGV,0.2369717,0.19916038,5,18017,1862
WRCG,0.23546743,0.41149583,5,18017,1862
VSGA,0.23522419,0.2382193,5,18017,1862
FYGQ,0.23467642,0.04492489,5,18017,1862
FRGN,0.23180556,0.07312998,5,18017,1862
QHCA,0.23146826,0.48749307,5,18017,1862
FSGN,0.23135448,0.092843704,5,18017,1862
WSMA,0.23002648,0.42325643,5,18017,1862
VSMA,0.22965345,0.25144312,5,18017,1862
FVGT,0.22940028,0.32649055,5,18017,1862
LIFG,0.22938788,0.47889692,5,18017,1862
LIYA,0.22903529,0.041282453,5,18017,1862
FWGI,0.22555813,0.11754085,5,18017,1862
SHCA,0.22424233,0.38777694,5,18017,1862
YAGA,0.223537,0.39714754,5,18017,1862
IDCA,0.22224128,0.4713728,5,18017,1862
AYGL,0.22125295,0.23368771,5,18017,1862
FMGA,0.21967095,0.2259734,5,18017,1862
HRLA,0.21836159,0.043481078,5,18017,1862
FPGS,0.21751052,0.039930712,5,18017,1862
ESGA,0.21678734,0.041176666,5,18017,1862
VHGW,0.21649727,0.15386198,5,18017,1862
AYGF,0.21607336,0.44240317,5,18017,1862
EHGF,0.21575767,0.12555264,5,18017,1862
SRLA,0.21523508,0.0019555138,5,18017,1862
IHGI,0.21491668,0.15505579,5,18017,1862
VRCG,0.21331963,0.31045276,5,18017,1862
FQAA,0.21261653,0.2908127,5,18017,1862
VHMA,0.21203816,0.2339442,5,18017,1862
IFGI,0.21152753,0.205734,5,18017,1862
LWFG,0.21151328,0.5568024,5,18017,1862
FWGQ,0.21065432,0.016843634,5,18017,1862
MNSA,0.21000925,0.1826474,5,18017,1862
FSGC,0.20967677,0.23416509,5,18017,1862
HICG,0.20774004,0.27064893,5,18017,1862
HCCA,0.20510513,0.17370076,5,18017,1862
NRLA,0.20374233,0.0004465361,5,18017,1862
ERMA,0.20316142,0.032914508,5,18017,1862
FVGN,0.20237735,0.11394075,5,18017,1862
PRLA,0.20099229,0.0006975561,5,18017,1862
YGGA,0.20080215,0.038039282,5,18017,1862
YVMA,0.19917873,0.33289737,5,18017,1862
FKMA,0.19867486,0.23802911,5,18017,1862
YQGA,0.19859374,0.22059587,5,18017,1862
HILG,0.197799,0.4259033,5,18017,1862
EAAA,0.1945833,0.12588431,5,18017,1862
FMGN,0.19298801,0.028992176,5,18017,1862
WRKA,0.19284129,0.04886101,5,18017,1862
GRLA,0.19178459,0.0012293855,5,18017,1862
NYCA,0.19008905,0.02613352,5,18017,1862
LILG,0.18448478,0.5320938,5,18017,1862
FMGT,0.18301123,0.14825997,5,18017,1862
WICG,0.18194923,0.29087386,5,18017,1862
LFKA,0.18050277,0.00022640068,5,18017,1862
FQGT,0.17904207,0.15181947,5,18017,1862
MNDA,0.17712033,0.0007029445,5,18017,1862
CWGN,0.17663684,0.16784509,5,18017,1862
DYGC,0.17652372,0.019550646,5,18017,1862
EHGT,0.17624125,0.013931888,5,18017,1862
DFGM,0.17472506,0.33008206,5,18017,1862
WHMA,0.17285922,0.39632517,5,18017,1862
EYGL,0.17145205,0.24550217,5,18017,1862
CAGC,0.16855532,0.19609006,5,18017,1862
FEGN,0.16569284,0.012512413,5,18017,1862
LNFG,0.16418204,0.3247659,5,18017,1862
ERGA,0.16380236,0.042949356,5,18017,1862
VEGC,0.1629925,0.07820258,5,18017,1862
VNGA,0.15857261,0.30793095,5,18017,1862
YKMA,0.15746829,0.22256275,5,18017,1862
ESVA,0.15553075,0.04425434,5,18017,1862
FDGT,0.15499279,0.13274038,5,18017,1862
LKFG,0.15226296,0.32718697,5,18017,1862
LGYA,0.15048334,0.0068359654,5,18017,1862
MSVA,0.1489232,0.0030410844,5,18017,1862
YRGV,0.14722222,0.07884888,5,18017,1862
HWGI,0.14698246,0.055920202,5,18017,1862
YSGV,0.14572269,0.06308565,5,18017,1862
MVGV,0.14550117,0.14704964,5,18017,1862
ESIA,0.1417644,0.00035279355,5,18017,1862
HSGM,0.141662,0.12327804,5,18017,1862
GHGM,0.13994911,0.06028708,5,18017,1862
YYGI,0.13763902,0.09159805,5,18017,1862
LWLG,0.13710815,0.73527676,5,18017,1862
CIGV,0.13370633,0.13380684,5,18017,1862
FFAS,0.13346845,0.41453895,5,18017,1862
LQPA,0.13315712,0.001936906,5,18017,1862
CQGV,0.13216671,0.04580631,5,18017,1862
FSGM,0.1320112,0.16000387,5,18017,1862
MHYA,0.13033295,0.053438433,5,18017,1862
TNLA,0.1236021,0.002150571,5,18017,1862
FYNS,0.121677525,0.0,5,18017,1862
FCAS,0.11697195,0.066472195,5,18017,1862
WIKA,0.11512,0.02602208,5,18017,1862
WQCG,0.11151896,0.237956,5,18017,1862
HIGM,0.11061348,0.11988766,5,18017,1862
EHIA,0.10188749,0.000568746,5,18017,1862
NYGF,0.10106098,0.1269642,5,18017,1862
YNGT,0.09762449,0.13865046,5,18017,1862
VMAC,0.09715031,0.14344186,5,18017,1862
WNDA,0.09383417,0.0003057774,5,18017,1862
IVGS,0.08886971,0.13263421,5,18017,1862
FWWT,0.080683686,0.0152590405,5,18017,1862
MTGA,0.07882234,0.04218021,5,18017,1862
YQPA,0.078098096,0.00055242446,5,18017,1862
LWPG,0.072983935,0.00087938644,5,18017,1862
WNIA,0.07064735,0.0008442924,5,18017,1862
WRLK,0.06909873,0.00085345644,5,18017,1862
CTCA,0.067881025,0.018346924,5,18017,1862
FTCS,0.06603422,0.0062911576,5,18017,1862
RHWM,0.061146334,0.00023878648,5,18017,1862
IWLC,0.05252707,0.047703575,5,18017,1862
RVFM,0.051253624,0.0007590131,5,18017,1862
KFFA,0.047606345,0.0015753038,5,18017,1862
HAKA,0.045926325,0.0002780536,5,18017,1862
KLLG,0.043589782,0.059613694,5,18017,1862
FNEG,0.041565754,0.0,5,18017,1862
FAAP,0.04021948,0.00041431835,5,18017,1862
MNKV,0.039805576,0.00037687994,5,18017,1862
CNFW,0.034873348,0.0004668811,5,18017,1862
MVCI,0.034294948,0.08122812,5,18017,1862
LFWT,0.033815492,0.0021391737,5,18017,1862
MWYM,0.033291698,0.0012565319,5,18017,1862
MLGI,0.03222037,0.024602419,5,18017,1862
YENS,0.030546952,0.00030971316,5,18017,1862
MNAQ,0.030292325,0.00019860978,5,18017,1862
TFRT,0.02955616,0.0,5,18017,1862
VMEV,0.027581409,0.0007109326,5,18017,1862
VSIG,0.026614934,0.007847009,5,18017,1862
YITL,0.026088431,0.0002555043,5,18017,1862
WDKS,0.024940383,0.00042881645,5,18017,1862
QYEL,0.024116904,0.00022916513,5,18017,1862
FWYI,0.024070144,0.0032927403,5,18017,1862
TGSG,0.019702733,0.0004668811,5,18017,1862
HFYT,0.019266017,0.00066555385,5,18017,1862
MDMP,0.018757856,0.0006015583,5,18017,1862
YRPQ,0.017261498,0.00017748107,5,18017,1862
RYNL,0.01581774,0.00028567153,5,18017,1862
RQNG,0.015409365,0.0005865194,5,18017,1862
YCCW,0.0128548965,0.002031236,5,18017,1862
WAPH,0.0127027705,0.00032442115,5,18017,1862
AGAK,0.012555301,0.0,5,18017,1862
MNCN,0.01182349,0.0049509546,5,18017,1862
RWMI,0.01118914,0.00076295197,5,18017,1862
EEMT,0.010584611,0.0024471558,5,18017,1862
LFDM,0.010255225,0.00037623235,5,18017,1862
RDSA,0.009418752,0.00067126687,5,18017,1862
CWQA,0.0089370385,0.0011585568,5,18017,1862
WPFQ,0.008094154,0.00038705437,5,18017,1862
SCCT,0.008033134,0.0021804473,5,18017,1862
GTLS,0.007919084,0.00034047384,5,18017,1862
ILLV,0.0078666825,0.0022485803,5,18017,1862
TQGQ,0.0066774637,0.0062562064,5,18017,1862
NSAI,0.005469568,0.00081132364,5,18017,1862
QLPM,0.0052399226,0.0,5,18017,1862
HHRN,0.004824728,0.0,5,18017,1862
NHWG,0.0024318565,0.0004887661,5,18017,1862
YNYH,0.002286613,0.00046001514,5,18017,1862
VCFR,0.0014785416,0.0016709123,5,18017,1862
AFLS,0.0010200106,0.0023833169,5,18017,1862
DHYH,0.0005630106,0.0,5,18017,1862
AYFA,0.0004375875,0.043793447,5,18017,1862
WMIP,0.00019006804,0.00042889896,5,18017,1862
MWDW,6.205961e-05,0.0,5,18017,1862
MAWI,-0.0006215647,0.0,5,18017,1862
QQFI,-0.00082199275,0.0006287645,5,18017,1862
SFST,-0.0010643415,0.00041417396,5,18017,1862
MQTM,-0.0013043173,0.0002606753,5,18017,1862
WEEP,-0.0017708037,0.00023961792,5,18017,1862
HFIA,-0.0032018125,0.00043618967,5,18017,1862
CHCF,-0.0033471584,0.0014481959,5,18017,1862
SLLH,-0.0038063563,0.00046838896,5,18017,1862
IGNL,-0.0041975863,0.0034124763,5,18017,1862
ASKV,-0.004345363,0.0,5,18017,1862
LDGY,-0.0051095933,0.032858226,5,18017,1862
FREV,-0.00531362,0.0005128038,5,18017,1862
PYYA,-0.005435914,0.00024826222,5,18017,1862
QKYI,-0.0055505633,0.00046001514,5,18017,1862
QTAK,-0.0056032054,0.00031022515,5,18017,1862
YEPE,-0.0057220496,0.00019550648,5,18017,1862
HSRL,-0.005814057,0.00023590517,5,18017,1862
AQNS,-0.0072720647,0.0,5,18017,1862
TMSW,-0.0078053623,0.0,5,18017,1862
CDNK,-0.008390062,0.000544018,5,18017,1862
QHIQ,-0.008820787,0.0,5,18017,1862
TGRN,-0.009187885,0.0,5,18017,1862
RHHW,-0.009665988,0.0005902082,5,18017,1862
FRDK,-0.010082059,0.0,5,18017,1862
KTPQ,-0.010273412,0.0003902,5,18017,1862
SCVT,-0.010495238,0.0020602536,5,18017,1862
NNDH,-0.010688398,0.0,5,18017,1862
QWVW,-0.011489578,0.00037239326,5,18017,1862
EDSP,-0.011492282,0.00016817756,5,18017,1862
PDTV,-0.012080304,0.00022343594,5,18017,1862
AASN,-0.012099657,0.0,5,18017,1862
YCYK,-0.0121637285,0.0027439503,5,18017,1862
MSRD,-0.012328543,0.0,5,18017,1862
WGHK,-0.012861602,0.00014807591,5,18017,1862
CTSL,-0.012898643,0.0009677243,5,18017,1862
TGHY,-0.013499368,0.0016463702,5,18017,1862
EFDL,-0.013728388,0.00076295197,5,18017,1862
VGEQ,-0.013762511,0.0,5,18017,1862
CERF,-0.014913447,0.00023608321,5,18017,1862
TTSS,-0.015179284,0.0006620324,5,18017,1862
GKNR,-0.015424773,0.00023878648,5,18017,1862
WHHL,-0.01599567,0.00080667424,5,18017,1862
CATN,-0.016178988,0.0013800455,5,18017,1862
RSLN,-0.01688727,0.0004352649,5,18017,1862
FKYK,-0.017237104,0.0,5,18017,1862
KLQP,-0.018010348,0.00047797846,5,18017,1862
KEDI,-0.018064186,0.00034374764,5,18017,1862
MCKP,-0.0194946,0.0010383745,5,18017,1862
KHVW,-0.01995112,0.0005823596,5,18017,1862
SDVK,-0.019987334,0.0006703078,5,18017,1862
SNEY,-0.021567382,0.00020312359,5,18017,1862
KCDK,-0.021984663,0.000568746,5,18017,1862
TTMP,-0.022479549,0.00038147604,5,18017,1862
SDQE,-0.022715464,0.000363733,5,18017,1862
CEWH,-0.022866018,0.0,5,18017,1862
AEWQ,-0.023929272,0.0,5,18017,1862
TMFQ,-0.025095962,0.0,5,18017,1862
TNHQ,-0.025691055,0.0,5,18017,1862
WLVW,-0.026045345,0.0002349014,5,18017,1862
QEIN,-0.02646431,0.0004715734,5,18017,1862
KGRS,-0.0267566,0.00037371853,5,18017,1862
FDPE,-0.027828544,0.0,5,18017,1862
RFWL,-0.02796945,0.00039369715,5,18017,1862
SEDP,-0.029900994,0.00026198517,5,18017,1862
ITTD,-0.030367874,0.0,5,18017,1862
NNPF,-0.031097151,0.0,5,18017,1862
PTYY,-0.03110063,0.0005722141,5,18017,1862
TPDS,-0.03255318,0.00030971316,5,18017,1862
ALDE,-0.032766897,0.0011585568,5,18017,1862
SLRE,-0.034520384,0.00034646713,5,18017,1862
TCII,-0.03524051,0.010427011,5,18017,1862
KESN,-0.03656148,0.00035831652,5,18017,1862
GEDN,-0.037703604,0.00034001126,5,18017,1862
CNHH,-0.03787817,0.00046001514,5,18017,1862
FVKR,-0.040382348,0.0,5,18017,1862
NWPE,-0.040678047,0.0,5,18017,1862
ELTS,-0.0432071,9.450459e-05,5,18017,1862
ENGQ,-0.045109965,0.0008173191,5,18017,1862
PFEL,-0.050193466,0.00044146623,5,18017,1862
IMHR,-0.050539568,0.00018787406,5,18017,1862
PFFN,-0.05188597,0.00065168814,5,18017,1862
DNVF,-0.054448,0.0007507448,5,18017,1862
DMFF,-0.0808373,0.0,5,18017,1862
IYNR,-0.08828855,0.00019429214,5,18017,1862
