{"run_id": "16:34:51-05/18/2022", "exp_name": "BO_EVO_proposal-function=UCB", "encoder_name": "TAPE_transformer", "model_name": "GPyTorch", "landscape_name": "GB1_combo", "rounds": 5, "expmt_queries_per_round": 384, "model_queries_per_round": 3072}
sequence,model_score,true_score,round,model_cost,measurement_cost
LACC,,0.16533242,0,0,1
QQQP,1.4246516,0.0001885134,1,3117,385
KKKP,1.4238974,0.0003510937,1,3117,385
QQQI,1.4231585,0.00042866098,1,3117,385
PPPG,1.4225924,0.00069702434,1,3117,385
KKKA,1.4225193,0.00029309504,1,3117,385
TTTA,1.4225012,0.00016360139,1,3117,385
PPPW,1.4222238,0.0,1,3117,385
QQQF,1.422137,0.0005027024,1,3117,385
MMMP,1.4219114,0.0005945942,1,3117,385
DDDP,1.4218959,0.0011059452,1,3117,385
KKKD,1.4217309,0.0025919897,1,3117,385
KKKR,1.4212205,0.0002211891,1,3117,385
SSSS,1.4208618,0.000397138,1,3117,385
DDDH,1.4207883,0.0,1,3117,385
WWWP,1.4207717,0.0036052624,1,3117,385
MMMS,1.4206954,0.019213941,1,3117,385
DDDS,1.4206804,0.0,1,3117,385
SSSI,1.4205776,0.0002650029,1,3117,385
DDDA,1.4205154,0.0,1,3117,385
DDDQ,1.4205018,0.0,1,3117,385
MMMI,1.4204146,0.0044077532,1,3117,385
DDDI,1.4203994,0.001037009,1,3117,385
SSSG,1.4203779,0.0005563966,1,3117,385
DDDG,1.4201994,0.0,1,3117,385
SSSK,1.4197035,0.00023631314,1,3117,385
WWWH,1.4196627,0.0036901562,1,3117,385
WWWS,1.419554,0.0020496284,1,3117,385
SSSR,1.4193928,0.00021824843,1,3117,385
WWWA,1.4193896,0.012309322,1,3117,385
DDDF,1.4193752,0.0008144967,1,3117,385
WWWT,1.4193587,0.015506404,1,3117,385
MMMM,1.4192688,0.0023431045,1,3117,385
DDDM,1.4192504,0.0,1,3117,385
DDDR,1.4192142,0.0,1,3117,385
HHHS,1.4179817,0.0009372418,1,3117,385
SSSY,1.4179417,0.00023895611,1,3117,385
WWWE,1.4178702,0.0008003551,1,3117,385
MMMY,1.4177783,0.00014667709,1,3117,385
DDDY,1.4177628,0.0,1,3117,385
HHHG,1.4174997,0.0,1,3117,385
RRRW,1.4138436,0.0003670172,1,3117,385
QQKP,1.4136647,0.0,1,3117,385
RRRN,1.4135058,0.0003604105,1,3117,385
TTPP,1.4132075,0.00017610597,1,3117,385
RRRL,1.4131736,0.00028438162,1,3117,385
GGGP,1.4131368,8.0784914e-05,1,3117,385
KQQP,1.4129051,0.0004139017,1,3117,385
WWPP,1.4128444,0.00019002493,1,3117,385
MMPP,1.4128046,0.00022992623,1,3117,385
MMHP,1.412579,0.0,1,3117,385
QQKQ,1.4122616,0.0,1,3117,385
PPSP,1.4121611,0.00023234142,1,3117,385
QQKI,1.4121562,0.0,1,3117,385
TTPH,1.4120888,0.00052167237,1,3117,385
QQSP,1.4120377,0.00029497113,1,3117,385
KKVP,1.4120349,0.0003681882,1,3117,385
TTWP,1.4120196,0.0,1,3117,385
GGGH,1.4120196,8.991426e-05,1,3117,385
TTQP,1.4119843,0.0,1,3117,385
MMDP,1.4119439,0.00034506875,1,3117,385
QKKP,1.4119065,0.00039051744,1,3117,385
TTPA,1.411814,0.00019608955,1,3117,385
TTPQ,1.4118001,0.0,1,3117,385
GGGQ,1.411731,5.2364812e-05,1,3117,385
GGGT,1.4117137,0.00016021555,1,3117,385
MMTP,1.411696,0.0002924374,1,3117,385
WWPS,1.4116163,0.00044916547,1,3117,385
TTKP,1.4115977,0.0004007048,1,3117,385
KKDP,1.4115784,0.00015867225,1,3117,385
TTDP,1.4115304,0.00043886717,1,3117,385
QQDP,1.411461,0.00030789123,1,3117,385
QQGP,1.411397,0.0004846163,1,3117,385
MMPQ,1.4113966,0.00061992445,1,3117,385
KQQI,1.4113957,0.0,1,3117,385
MMPT,1.4113795,0.00011148645,1,3117,385
MMPI,1.4112934,0.00046081058,1,3117,385
QQKK,1.4112775,0.0,1,3117,385
DDHP,1.4112766,0.0,1,3117,385
FFDA,1.4112693,0.00038136047,1,3117,385
PPHS,1.4112566,0.0,1,3117,385
WWTP,1.4111986,0.00028260952,1,3117,385
QQIP,1.4111798,0.0005655402,1,3117,385
MMHQ,1.4111726,0.0,1,3117,385
SSPS,1.4111673,0.0002369883,1,3117,385
PPHA,1.4110906,0.0011285156,1,3117,385
TTGP,1.4110627,0.0001067515,1,3117,385
MMVP,1.4110276,0.00027131836,1,3117,385
GGGD,1.4109486,0.0,1,3117,385
FFPT,1.4109447,0.0006912158,1,3117,385
PPSS,1.4109346,0.00030569738,1,3117,385
QQNP,1.4109322,0.0,1,3117,385
QQRP,1.4109303,0.0002595178,1,3117,385
MMHG,1.4108677,0.0008595429,1,3117,385
DDSS,1.4107904,0.0,1,3117,385
MMGP,1.4107606,0.00081683515,1,3117,385
GGGK,1.4107462,0.0,1,3117,385
DDPT,1.4106525,0.0,1,3117,385
MMPD,1.410614,0.001948428,1,3117,385
GGGF,1.4105945,0.00056171033,1,3117,385
DDST,1.4105911,0.00045325622,1,3117,385
DDFH,1.4105814,0.0017280395,1,3117,385
FFDW,1.4105779,0.0005027024,1,3117,385
DDPI,1.4105666,0.0007134365,1,3117,385
MMFP,1.4105418,0.00092621933,1,3117,385
DDSI,1.4105049,0.0,1,3117,385
QKKQ,1.4105,0.00035446967,1,3117,385
DDFS,1.4104724,0.0006583008,1,3117,385
GGGM,1.4104692,0.0004755293,1,3117,385
MMEP,1.4104687,0.00028022265,1,3117,385
MMTS,1.4104685,0.0005940619,1,3117,385
WWPK,1.4104515,0.00055159366,1,3117,385
PPSG,1.4104477,0.00040421975,1,3117,385
TTEP,1.410431,0.0006356007,1,3117,385
FFQT,1.4104221,0.00035446967,1,3117,385
PPHW,1.4103991,0.0,1,3117,385
MMHD,1.41039,0.0013623602,1,3117,385
SSPW,1.4103081,0.00030383116,1,3117,385
DDFQ,1.4102924,0.0,1,3117,385
WWQP,1.4102906,0.00053170446,1,3117,385
MMTQ,1.4102883,0.00015233406,1,3117,385
DDFT,1.410275,0.0,1,3117,385
MMTT,1.4102732,0.00016572606,1,3117,385
PPGS,1.4102256,0.00033717847,1,3117,385
WWHS,1.4101937,0.0005428396,1,3117,385
MMHK,1.4101874,0.00022478565,1,3117,385
FFPD,1.4101793,0.01935548,1,3117,385
QQTK,1.4101615,0.00058826874,1,3117,385
MMHN,1.4101561,0.0002211891,1,3117,385
FFNA,1.410147,0.00039954673,1,3117,385
WWPR,1.410138,0.00016888339,1,3117,385
QQTV,1.4101268,0.00017780473,1,3117,385
TTKI,1.4100864,0.0018432421,1,3117,385
WWTH,1.4100796,0.00017536129,1,3117,385
QQDQ,1.4100547,0.0,1,3117,385
DDHS,1.4100487,0.0,1,3117,385
MMPL,1.4100472,4.9549544e-05,1,3117,385
QQDT,1.4100358,0.00012021148,1,3117,385
PPGT,1.4100282,0.0003128558,1,3117,385
WWHA,1.4100277,0.0019546354,1,3117,385
SDDP,1.41,0.00020367316,1,3117,385
DDFG,1.4099869,0.008507271,1,3117,385
MMTG,1.4099832,0.0002999851,1,3117,385
DDSW,1.4099302,0.0,1,3117,385
MMSH,1.409885,0.00015853577,1,3117,385
WWDP,1.4098625,0.00018556125,1,3117,385
DDHT,1.4098511,0.0006656884,1,3117,385
QQTR,1.4098476,6.26953e-05,1,3117,385
FFQW,1.4097612,0.0010634089,1,3117,385
SSDQ,1.409718,0.0003145862,1,3117,385
QKKD,1.4097155,0.0036389458,1,3117,385
SSDT,1.4097009,0.00017761438,1,3117,385
DSSP,1.4096559,0.00015562083,1,3117,385
DDPN,1.4096527,0.00066370185,1,3117,385
MMGH,1.4096413,0.0040588835,1,3117,385
MMVA,1.4096333,0.0009166661,1,3117,385
SSDI,1.4096147,0.00026585226,1,3117,385
DDFW,1.4096138,0.0006944617,1,3117,385
DDSN,1.4095913,0.0,1,3117,385
MMTD,1.409505,0.0036386722,1,3117,385
DFFS,1.4094795,0.00012454343,1,3117,385
MMNH,1.4094728,0.00029257816,1,3117,385
PPQW,1.4094036,0.0,1,3117,385
FFND,1.4093497,0.0065784263,1,3117,385
SSHI,1.4093182,0.0,1,3117,385
MMFS,1.4093131,0.002335789,1,3117,385
DDSR,1.4093089,0.00037874837,1,3117,385
DFFQ,1.4092994,0.0,1,3117,385
DFFT,1.4092817,0.0009254773,1,3117,385
WWRP,1.409278,0.0004201377,1,3117,385
DDFV,1.4092718,0.001256756,1,3117,385
PPDG,1.40924,0.00065440557,1,3117,385
DFFI,1.4091958,0.0005120117,1,3117,385
DDGH,1.4091419,0.0019749023,1,3117,385
DDQQ,1.4090866,0.0015111135,1,3117,385
DDHD,1.4090861,0.019789677,1,3117,385
PKKA,1.4090853,0.00016556072,1,3117,385
MDDH,1.4090801,0.00030052866,1,3117,385
DDQT,1.4090673,0.0,1,3117,385
MMET,1.4090422,0.00044026482,1,3117,385
MMFI,1.4090292,0.00081559387,1,3117,385
DDFM,1.4090288,0.0,1,3117,385
FDDS,1.409015,0.0,1,3117,385
DFFG,1.4089935,0.0013710066,1,3117,385
PKKI,1.4089679,0.0,1,3117,385
WWNP,1.4089487,0.00026895554,1,3117,385
PPQF,1.4089439,0.00070893933,1,3117,385
FFQE,1.4089211,0.0,1,3117,385
SDDH,1.4088799,0.00012126594,1,3117,385
SSTW,1.4088659,0.00028800662,1,3117,385
QQGF,1.4088508,0.022708744,1,3117,385
DDHN,1.4088507,0.001582168,1,3117,385
DDHV,1.4088476,0.0,1,3117,385
QTTI,1.4088352,6.050032e-05,1,3117,385
MMFG,1.4088272,0.10253551,1,3117,385
PPMW,1.4088268,0.0,1,3117,385
MDDA,1.4088043,0.00021656894,1,3117,385
SSQA,1.4087777,0.00029458207,1,3117,385
MDDT,1.4087732,0.00035266113,1,3117,385
SSIH,1.4087646,9.4444535e-05,1,3117,385
STTA,1.4087636,0.0004455464,1,3117,385
HDDP,1.4087596,0.0005720407,1,3117,385
MMEG,1.408754,0.0002032988,1,3117,385
DDGI,1.408749,0.0021268178,1,3117,385
STTT,1.4087353,0.00015372556,1,3117,385
DDHF,1.4087305,0.001504639,1,3117,385
STTI,1.4086459,0.0,1,3117,385
DFFW,1.4086204,0.0,1,3117,385
WTTN,1.4085767,0.00033340298,1,3117,385
PPFG,1.4085594,0.0005790289,1,3117,385
FDDG,1.4085289,0.0,1,3117,385
WWSS,1.4085215,0.0009534011,1,3117,385
DFFD,1.4085158,0.0007426976,1,3117,385
SSGH,1.4084877,0.019597689,1,3117,385
SSDM,1.408454,0.0003505374,1,3117,385
STTG,1.4084439,0.00028503741,1,3117,385
WWDT,1.4084353,0.00021660929,1,3117,385
DSSS,1.4084288,0.00028621778,1,3117,385
PPDF,1.4084071,0.0,1,3117,385
PPNW,1.408382,0.0,1,3117,385
MMEW,1.4083806,0.0006505561,1,3117,385
SSNH,1.40837,0.0001557669,1,3117,385
DDKA,1.4083525,0.0,1,3117,385
DDIL,1.4082636,0.0,1,3117,385
QQVF,1.4082611,0.00016360139,1,3117,385
DSSQ,1.4082457,0.00011815652,1,3117,385
WWQW,1.4082035,0.0,1,3117,385
QQLP,1.4081953,0.0010123869,1,3117,385
PPFW,1.4081862,0.00025135124,1,3117,385
WWFA,1.408177,0.5892799,1,3117,385
DSSI,1.408142,0.00035907316,1,3117,385
SSFG,1.408037,0.10292619,1,3117,385
DFFM,1.4080344,0.0006912158,1,3117,385
MMRG,1.4079953,9.566998e-05,1,3117,385
TSSS,1.4079905,0.00028552808,1,3117,385
DFFL,1.4079473,0.00028212892,1,3117,385
DSSG,1.4079398,0.0005027024,1,3117,385
DDGN,1.4078336,0.0,1,3117,385
PDDH,1.4078182,0.00039498045,1,3117,385
TSSQ,1.4078072,0.00022756077,1,3117,385
PKKM,1.4078062,0.0,1,3117,385
MDDK,1.4078029,0.0,1,3117,385
SSIW,1.4077957,0.00022737365,1,3117,385
HHQH,1.4077833,0.0,1,3117,385
MDDV,1.4077686,0.00035560946,1,3117,385
HDDH,1.4076388,0.0,1,3117,385
SSMG,1.4076195,0.028549368,1,3117,385
STTF,1.4076103,6.894925e-05,1,3117,385
PHHH,1.4075521,0.0007899609,1,3117,385
HHSA,1.4075307,0.028372148,1,3117,385
SSGW,1.4075183,0.0028395893,1,3117,385
FTTA,1.4074944,0.00070123345,1,3117,385
IPPK,1.4074849,0.0,1,3117,385
SSKW,1.4074821,0.0004106233,1,3117,385
HHQT,1.4074746,0.0,1,3117,385
SSVW,1.4074646,0.00018606079,1,3117,385
SSQR,1.407462,0.00019200434,1,3117,385
STTR,1.4074479,0.00042344755,1,3117,385
PHHS,1.4074403,0.0,1,3117,385
SSNW,1.4074006,6.400145e-05,1,3117,385
DDGE,1.407332,0.0011059452,1,3117,385
DDKN,1.4073193,0.001555587,1,3117,385
QSSA,1.4072818,0.015275218,1,3117,385
PHHA,1.4072738,0.0,1,3117,385
QSSQ,1.4072682,0.0001888568,1,3117,385
HDDI,1.4072446,0.00071814633,1,3117,385
HHQG,1.4071859,0.0021827868,1,3117,385
SSKK,1.4071757,0.00037874837,1,3117,385
DDHY,1.4071022,0.0013334259,1,3117,385
SSNK,1.4070922,0.0003207498,1,3117,385
EEPP,1.4070498,0.00039162367,1,3117,385
HSSI,1.4070402,0.00039535703,1,3117,385
GDDP,1.4069767,6.26953e-05,1,3117,385
HHMW,1.4069328,0.0010240235,1,3117,385
MMVY,1.4068525,0.00014993834,1,3117,385
HHSW,1.4068365,0.00022478565,1,3117,385
HHQW,1.4068121,0.0,1,3117,385
SSNR,1.4067779,0.0002897312,1,3117,385
SSNL,1.4067267,0.00021407516,1,3117,385
HHQD,1.4067066,0.00995301,1,3117,385
RDDH,1.4066244,0.00023431043,1,3117,385
HHMN,1.4065927,0.00037874837,1,3117,385
PHHW,1.4065797,0.0,1,3117,385
EFFT,1.4065542,0.007175981,1,3117,385
HHTA,1.4065207,0.0002071059,1,3117,385
SSEK,1.4064878,0.00014864853,1,3117,385
PHHD,1.406474,0.16223456,1,3117,385
KDDN,1.4064631,8.084393e-05,1,3117,385
PDDF,1.4063879,0.0,1,3117,385
SPSP,1.4063526,0.0002459975,1,3117,385
HDDN,1.4063281,0.00037363017,1,3117,385
HHSR,1.4062134,0.00016858923,1,3117,385
DFDH,1.4061556,0.00029413437,1,3117,385
RSSS,1.4060984,0.00033348135,1,3117,385
PHHR,1.4059561,0.0,1,3117,385
FFLW,1.4059082,0.0008180068,1,3117,385
HSSR,1.4058404,0.0003059793,1,3117,385
DFDG,1.4055586,0.0,1,3117,385
RDDD,1.4055506,0.0,1,3117,385
RDDN,1.405313,0.0002590903,1,3117,385
PGGP,1.4052958,0.00028212892,1,3117,385
RDDF,1.4051926,0.00011917517,1,3117,385
SPSS,1.4051204,0.0003827904,1,3117,385
SPSA,1.4049512,0.0015476398,1,3117,385
RRGG,1.4049356,0.0037810751,1,3117,385
SPSG,1.4046303,0.00034183767,1,3117,385
GDDV,1.4045382,0.0,1,3117,385
GDDF,1.4044207,0.0,1,3117,385
QGGP,1.4044058,0.0002604736,1,3117,385
RRGN,1.4042186,0.0028113897,1,3117,385
GDDE,1.404038,0.0,1,3117,385
SPSV,1.4039116,0.00022989434,1,3117,385
TRRW,1.4034327,0.0,1,3117,385
SPSE,1.4034109,0.00019431765,1,3117,385
GGDH,1.4031075,0.0,1,3117,385
GGHH,1.4031045,0.0,1,3117,385
QGGT,1.4029713,0.0019473206,1,3117,385
GGDA,1.4028305,0.0001510854,1,3117,385
GGDT,1.4027989,0.0001073733,1,3117,385
QGGG,1.4026837,0.0007298822,1,3117,385
DHDA,1.4024221,0.0,1,3117,385
SPTP,1.4022807,0.0003410934,1,3117,385
TKQT,1.4021817,0.0,1,3117,385
KVQP,1.4020364,0.00033832455,1,3117,385
DSTP,1.40188,0.00042319336,1,3117,385
IPIK,1.4017028,0.00030383116,1,3117,385
GPGT,1.4015731,0.00015212454,1,3117,385
IDIF,1.4014361,0.00026083618,1,3117,385
SWPS,1.4012548,0.0004827539,1,3117,385
WDSS,1.4011579,0.00066291017,1,3117,385
FWPS,1.4010996,0.0,1,3117,385
KEPT,1.4009387,0.00020808006,1,3117,385
DGDH,1.4009094,0.0,1,3117,385
SPWH,1.4008937,9.839376e-05,1,3117,385
FSPS,1.4007815,0.00020945935,1,3117,385
PFDT,1.400777,0.00021433049,1,3117,385
DSTS,1.4006423,0.0,1,3117,385
MMAN,1.4006282,0.00074726035,1,3117,385
DSTA,1.4004737,0.00018310349,1,3117,385
APPK,1.4002522,0.0010083913,1,3117,385
PVQP,1.4002374,0.00013963952,1,3117,385
PWDT,1.4000996,0.00014551914,1,3117,385
GTQP,1.3997169,0.00010316654,1,3117,385
MTIQ,1.3995184,0.00016074789,1,3117,385
TDIW,1.399365,0.0,1,3117,385
MTQD,1.3993554,0.0021853747,1,3117,385
WFYP,1.3992075,0.000740162,1,3117,385
PFKD,1.3991463,0.121926054,1,3117,385
KSWQ,1.39903,0.0001253906,1,3117,385
EMIP,1.3986539,0.0,1,3117,385
TDRW,1.3985292,0.0,1,3117,385
PKYQ,1.3985285,0.00035907316,1,3117,385
WPLP,1.3983779,0.00038714535,1,3117,385
WYEP,1.3980261,0.00027787566,1,3117,385
RDIN,1.3977476,0.00023195164,1,3117,385
GMVT,1.397634,0.00023668093,1,3117,385
GWRP,1.3976194,0.0002583984,1,3117,385
TIWT,1.3974407,0.00034134116,1,3117,385
MSFR,1.3972039,0.00026616247,1,3117,385
DEWF,1.397091,0.0,1,3117,385
NWKT,1.3970186,0.0,1,3117,385
NSGG,1.3964198,0.0011682521,1,3117,385
EWQV,1.3962185,0.0,1,3117,385
CKSN,1.3950497,0.00076801755,1,3117,385
WGNR,1.3949522,0.00026211247,1,3117,385
YPEE,1.394515,0.0,1,3117,385
NEYA,1.3945053,0.00030550975,1,3117,385
DYEM,1.3943067,0.0,1,3117,385
YINQ,1.3935294,0.0,1,3117,385
RQAS,1.3912956,0.00032061854,1,3117,385
CHID,1.3912599,0.005385366,1,3117,385
QCHK,1.3907297,0.00064299145,1,3117,385
DEAS,1.3902012,0.00087773433,1,3117,385
ARTI,1.390086,0.0,1,3117,385
NVAA,1.3890693,0.026415419,1,3117,385
GCND,1.3867126,0.030613864,1,3117,385
AVAL,1.385387,0.04090869,1,3117,385
SQCS,1.3843384,0.0013137578,1,3117,385
RKCT,1.3842438,0.003023827,1,3117,385
STVC,1.3841106,0.0007726164,1,3117,385
QRCW,1.3823988,0.00090465875,1,3117,385
LHTD,1.3781134,0.0049007875,1,3117,385
RAMQ,1.3779081,0.00027449004,1,3117,385
SAVC,1.3635926,0.00048318,1,3117,385
LLAC,1.3561347,0.08785818,1,3117,385
WAFA,0.035371974,0.51196253,2,6310,769
LWFA,0.03524418,0.26192555,2,6310,769
WLFA,0.034160808,0.30838665,2,6310,769
LAFA,0.03404446,0.22921911,2,6310,769
WWFD,0.0334837,0.0069955895,2,6310,769
WWFC,0.03339596,0.41109493,2,6310,769
WCFA,0.032865718,0.4453483,2,6310,769
LLFA,0.03281422,0.06863251,2,6310,769
AWFA,0.03272076,0.1903502,2,6310,769
WFFA,0.032428935,0.24798836,2,6310,769
WAFD,0.032308772,0.018917486,2,6310,769
WAFC,0.03226109,0.33233848,2,6310,769
LWFC,0.032097057,0.07372969,2,6310,769
LCFA,0.03152676,0.19990689,2,6310,769
AAFA,0.031486705,0.10910001,2,6310,769
WHFA,0.03140469,0.40625268,2,6310,769
LFFA,0.031086162,0.057023764,2,6310,769
WVFA,0.031084254,0.5294897,2,6310,769
WLFD,0.031059459,0.0044237813,2,6310,769
WLFC,0.031006053,0.13050672,2,6310,769
LAFD,0.030985072,0.0042536356,2,6310,769
LAFC,0.030891612,0.06891318,2,6310,769
WYFA,0.030725673,0.31958213,2,6310,769
WIFA,0.030580714,0.52711594,2,6310,769
WEFA,0.03037472,0.23455144,2,6310,769
ALFA,0.030315593,0.013647081,2,6310,769
LHFA,0.030092433,0.17626533,2,6310,769
IWFA,0.029983714,0.22276112,2,6310,769
VWFA,0.029888347,0.2683211,2,6310,769
WSFA,0.029882625,0.5515763,2,6310,769
WNFA,0.029869273,0.37153563,2,6310,769
WMFA,0.029796794,0.24447003,2,6310,769
LWCA,0.029787257,0.72920364,2,6310,769
WCFD,0.029768184,0.009216211,2,6310,769
LVFA,0.029714778,0.24286628,2,6310,769
WCFC,0.02971287,0.20418932,2,6310,769
LLFC,0.029695705,0.0146024,2,6310,769
WWFY,0.029632762,0.0016881179,2,6310,769
AWFD,0.029630855,0.014478643,2,6310,769
AWFC,0.029573634,0.015359571,2,6310,769
WAFG,0.029552653,0.49196577,2,6310,769
PAFA,0.029543117,0.0006992845,2,6310,769
EWFA,0.02950497,0.017619226,2,6310,769
LYFA,0.029459193,0.07313509,2,6310,769
HWFA,0.029380992,0.045620244,2,6310,769
CAFA,0.029365733,0.1987555,2,6310,769
WFFD,0.02934666,0.0055297264,2,6310,769
WFFC,0.029316142,0.12216838,2,6310,769
WWFF,0.029249385,0.0030855148,2,6310,769
LIFA,0.029239848,0.22240064,2,6310,769
WGFA,0.0291235,0.1065797,2,6310,769
LEFA,0.029072002,0.07094901,2,6310,769
WAAA,0.029070094,0.25711462,2,6310,769
WWFL,0.028980449,0.006120813,2,6310,769
FWFA,0.028974727,0.24732038,2,6310,769
LWAA,0.028942302,0.60803336,2,6310,769
WWFV,0.028921321,0.63299614,2,6310,769
NWFA,0.028896526,0.0024929096,2,6310,769
KWFA,0.028600886,0.01648864,2,6310,769
LSFA,0.028564647,0.24037053,2,6310,769
AFFA,0.028560832,0.023283059,2,6310,769
LACA,0.028558925,0.54882914,2,6310,769
WWFN,0.028520778,0.02405431,2,6310,769
AAFD,0.028457835,0.012524605,2,6310,769
WAFY,0.028455928,0.0011081252,2,6310,769
LCFD,0.02844067,0.0037215278,2,6310,769
WTFA,0.028417781,0.31175646,2,6310,769
AAFC,0.028391078,0.015360352,2,6310,769
WLFG,0.028362468,0.3868158,2,6310,769
WHFD,0.028349116,0.0,2,6310,769
PLFA,0.028320506,0.0002592059,2,6310,769
EAFA,0.028309062,0.01680511,2,6310,769
HAFA,0.02823086,0.030476756,2,6310,769
CLFA,0.028148845,0.039277542,2,6310,769
WWFR,0.028103068,0.0008089247,2,6310,769
WAFF,0.028074458,0.0026289595,2,6310,769
WVFD,0.027960017,0.019354044,2,6310,769
WAFL,0.027809337,0.0043676994,2,6310,769
WWFQ,0.027801707,0.00071285607,2,6310,769
FAFA,0.027786449,0.19263557,2,6310,769
LAAA,0.027761653,0.44254556,2,6310,769
SAFA,0.02771397,0.00747434,2,6310,769
NAFA,0.027691081,0.0014918327,2,6310,769
WYFD,0.027683452,0.011447125,2,6310,769
WAFI,0.02764912,0.025977813,2,6310,769
LWFV,0.027622417,0.20555969,2,6310,769
WYFC,0.027618602,0.16468531,2,6310,769
WAFM,0.027603343,0.009829549,2,6310,769
PWFC,0.027601436,0.00056425773,2,6310,769
TAFA,0.027561381,0.03702942,2,6310,769
WALA,0.027546123,0.4432742,2,6310,769
RAFA,0.027460292,0.019618765,2,6310,769
WWFK,0.027435496,0.0009874512,2,6310,769
CWFC,0.027385905,0.038298476,2,6310,769
YLFA,0.027364925,0.06617392,2,6310,769
LLCA,0.0273325,0.3198636,2,6310,769
WEFD,0.027322963,0.0034560792,2,6310,769
ALFD,0.027242854,0.0030554198,2,6310,769
ALFC,0.027162746,0.0014811767,2,6310,769
LHFD,0.027042583,0.005466143,2,6310,769
WCFG,0.027040675,0.47368187,2,6310,769
LHFC,0.02695866,0.06665295,2,6310,769
IWFD,0.026926234,0.005058906,2,6310,769
LPFA,0.026916698,0.01339513,2,6310,769
WLFF,0.026888087,0.0018729719,2,6310,769
CCFA,0.026846126,0.04550862,2,6310,769
IWFC,0.026817515,0.036673833,2,6310,769
WSFD,0.02679272,0.007813744,2,6310,769
WNFD,0.026781276,0.0098745115,2,6310,769
WNFC,0.026687816,0.23557696,2,6310,769
PFFA,0.026624873,0.00019636817,2,6310,769
FLFA,0.026601985,0.057684004,2,6310,769
LVFC,0.026554301,0.08807657,2,6310,769
LWWA,0.02654095,0.0032750089,2,6310,769
WLFV,0.026537135,0.28673843,2,6310,769
AEFA,0.026518062,0.029275022,2,6310,769
LLAA,0.026491359,0.23398384,2,6310,769
LAFL,0.02648373,0.0015438875,2,6310,769
WLFM,0.026376918,0.0032506557,2,6310,769
ICFA,0.02628155,0.18806456,2,6310,769
WAFK,0.02628155,0.0010634089,2,6310,769
HWFC,0.026279643,0.007176879,2,6310,769
TLFA,0.026279643,0.0030675258,2,6310,769
LALA,0.02622433,0.38195053,2,6310,769
RLFA,0.02619572,0.0022279148,2,6310,769
LWFK,0.026144221,0.00047363827,2,6310,769
WAEA,0.026115611,0.00029423868,2,6310,769
WWGA,0.026113704,0.26311043,2,6310,769
WGFD,0.026062205,0.0017280395,2,6310,769
LCCA,0.02603741,0.28679046,2,6310,769
WCFY,0.02594395,0.0035446964,2,6310,769
WAMA,0.025922969,0.35099497,2,6310,769
ACFD,0.025913432,0.0089942925,2,6310,769
ACFC,0.025865749,0.009301995,2,6310,769
AWFY,0.025819972,0.0013731205,2,6310,769
SWFC,0.025766566,0.0030610985,2,6310,769
WLFR,0.025730327,0.00043282605,2,6310,769
IAFD,0.02572842,0.004375059,2,6310,769
WKFC,0.025678828,0.2637405,2,6310,769
WANA,0.025665477,0.00858691,2,6310,769
ARFA,0.02565594,0.041631848,2,6310,769
YFFA,0.025652125,0.05053348,2,6310,769
VAFD,0.025652125,0.010881707,2,6310,769
PHFA,0.025585368,0.003883235,2,6310,769
WAFW,0.025510982,0.001297916,2,6310,769
AFFD,0.025507167,0.013680276,2,6310,769
KWFC,0.025467113,0.0027648632,2,6310,769
CHFA,0.025394633,0.13589008,2,6310,769
LAWA,0.025394633,0.002643694,2,6310,769
LNFC,0.025381282,0.032743774,2,6310,769
LMFC,0.025345042,0.012528891,2,6310,769
AQFA,0.025308803,0.017890291,2,6310,769
WFFF,0.025198177,0.0019579504,2,6310,769
PLFC,0.025184825,0.0005760131,2,6310,769
HAFD,0.025171474,0.0037259061,2,6310,769
CWCA,0.025076106,0.18251897,2,6310,769
AWFV,0.025074199,0.033469398,2,6310,769
LWRA,0.024967387,0.0021430708,2,6310,769
AWFM,0.024955943,0.0051297625,2,6310,769
KCFA,0.024845317,0.026112597,2,6310,769
ALCA,0.024818614,0.20144004,2,6310,769
LWGA,0.024809077,0.27711523,2,6310,769
LAEA,0.024782375,0.00050615345,2,6310,769
FAFD,0.024748042,0.016284717,2,6310,769
LAHA,0.024725154,0.0017027017,2,6310,769
LAAD,0.024690822,0.013824316,2,6310,769
WASA,0.024666026,0.020070152,2,6310,769
WLFS,0.024608806,0.010730303,2,6310,769
LAMA,0.024606898,0.33141905,2,6310,769
LAYA,0.024597362,0.062109772,2,6310,769
QFFA,0.024595454,0.004133873,2,6310,769
LCFY,0.024595454,0.0024177055,2,6310,769
NAFC,0.02459164,0.0005493105,2,6310,769
LAFS,0.024515346,0.018506117,2,6310,769
IVFA,0.024477199,0.100597605,2,6310,769
QAFC,0.024423793,0.015172386,2,6310,769
GAFC,0.02437611,0.0018623432,2,6310,769
VLFC,0.02433224,0.005060482,2,6310,769
KAFD,0.024315074,0.0,2,6310,769
LANA,0.024301723,0.028075788,2,6310,769
LAKA,0.02423878,0.0008754184,2,6310,769
MFFA,0.024219707,0.030856352,2,6310,769
LLWA,0.024135783,0.0010203266,2,6310,769
ADFA,0.024110988,0.03801576,2,6310,769
PSFA,0.024048045,0.0009347772,2,6310,769
HLFC,0.023851588,0.0008586532,2,6310,769
LFFF,0.023847774,0.00053170446,2,6310,769
CMFA,0.023809627,0.035155308,2,6310,769
LARA,0.023765758,0.011691938,2,6310,769
WWVD,0.02376385,0.0016263901,2,6310,769
SHFA,0.023737147,0.010928077,2,6310,769
WIFY,0.023695186,0.001190789,2,6310,769
AWFK,0.02360554,0.003686524,2,6310,769
QHFA,0.023582652,0.050794072,2,6310,769
LFFV,0.023493007,0.05038974,2,6310,769
WYFF,0.02347584,0.0023996925,2,6310,769
RHFA,0.023441508,0.01858642,2,6310,769
FVFA,0.023435786,0.25414586,2,6310,769
SLFD,0.023393825,0.0022118906,2,6310,769
ALFY,0.023363307,0.0,2,6310,769
SLFC,0.023340419,0.00079909345,2,6310,769
WKCA,0.023287013,0.42201206,2,6310,769
ISFA,0.023279384,0.19470777,2,6310,769
LHFY,0.023184016,0.0007158222,2,6310,769
TLFC,0.023147777,0.0011440814,2,6310,769
YSFA,0.023094371,0.20726296,2,6310,769
LLNA,0.023075297,0.0033545261,2,6310,769
CAAA,0.023040965,0.33893123,2,6310,769
ASFD,0.02295132,0.008135703,2,6310,769
NIFA,0.022941783,0.0019516682,2,6310,769
WSFY,0.022936061,0.0010453169,2,6310,769
WIFM,0.022825435,0.0056696264,2,6310,769
LHFF,0.02280064,0.0008053,2,6310,769
LMFG,0.022695735,0.16296315,2,6310,769
LFFR,0.022680476,0.0004721341,2,6310,769
WVFE,0.022600368,0.001407698,2,6310,769
WVFR,0.022571757,0.00075062277,2,6310,769
WMFF,0.02254887,0.0015627488,2,6310,769
PLFG,0.022520259,0.0008407771,2,6310,769
YFFC,0.022520259,0.017259449,2,6310,769
IAAA,0.02248402,0.5920644,2,6310,769
WKAA,0.022466853,0.24896057,2,6310,769
PWFR,0.02226086,0.00025541466,2,6310,769
KWAA,0.02225323,0.00093328714,2,6310,769
NNFA,0.022194102,0.0005400123,2,6310,769
NMFA,0.022155955,0.0006385365,2,6310,769
WIFR,0.022142604,0.000783494,2,6310,769
WIFE,0.02213879,0.0012881227,2,6310,769
VLCA,0.022005275,0.24795853,2,6310,769
LVFI,0.021953776,0.006554633,2,6310,769
ALFR,0.021858409,0.0006869226,2,6310,769
CWWA,0.021858409,0.002108794,2,6310,769
ILFG,0.021776393,0.13604121,2,6310,769
FWFF,0.021715358,0.0031598436,2,6310,769
ALCD,0.0217001,0.0018237933,2,6310,769
FFFC,0.021698192,0.008797293,2,6310,769
LWAF,0.02168484,0.0044097817,2,6310,769
SWFF,0.021667674,0.0007931984,2,6310,769
LAHD,0.021660045,0.0069946176,2,6310,769
ELCA,0.021625713,0.21810475,2,6310,769
KRFA,0.021520808,0.0071316767,2,6310,769
YHFC,0.021486476,0.088696815,2,6310,769
WSFR,0.021419719,0.00073266943,2,6310,769
WMFR,0.021377757,0.000595744,2,6310,769
LFNA,0.021370128,0.00046989514,2,6310,769
AFFF,0.021333888,0.0014551912,2,6310,769
LWAV,0.021326259,0.038148113,2,6310,769
QAAA,0.021194652,0.08155443,2,6310,769
LWAM,0.021183208,0.07758467,2,6310,769
HWWA,0.02074261,0.0012480285,2,6310,769
WQFR,0.020731166,0.0004024546,2,6310,769
SLFG,0.020681575,0.02513512,2,6310,769
WGFR,0.020660594,0.0003588362,2,6310,769
SWWA,0.020183757,0.0008463867,2,6310,769
CWGA,0.020149425,0.038805097,2,6310,769
LAAV,0.020107463,0.021316666,2,6310,769
WNNA,0.020092204,0.028341774,2,6310,769
KWFQ,0.019848064,0.0,2,6310,769
WPFR,0.019785121,0.00021224636,2,6310,769
LDFY,0.019722179,0.0004816835,2,6310,769
LWLM,0.019628718,0.0059542935,2,6310,769
IAEA,0.019506648,0.00015191552,2,6310,769
CYCA,0.01923962,0.0542656,2,6310,769
QWKA,0.018911555,0.00018432419,2,6310,769
NAEA,0.018472865,0.0,2,6310,769
WWVR,0.018364146,0.000340804,2,6310,769
LAAT,0.018177226,0.013276307,2,6310,769
YCFN,0.01803036,0.009295661,2,6310,769
ATFL,0.01699467,0.00050731434,2,6310,769
TALD,0.016636088,0.0009768332,2,6310,769
WADI,0.016399577,0.00013207943,2,6310,769
CHHA,0.01602383,0.0019495831,2,6310,769
THFV,0.015939906,0.004320099,2,6310,769
WFLK,0.015453532,0.00055482204,2,6310,769
LNAF,0.014953807,0.0016825647,2,6310,769
LFEF,0.014574245,7.144353e-05,2,6310,769
QWLF,0.013622478,0.00070893933,2,6310,769
EMKA,0.012972072,0.00025600588,2,6310,769
KAHG,0.012302592,0.00034399543,2,6310,769
VCAM,0.012134746,0.13151452,2,6310,769
GYLD,0.012041286,0.004496255,2,6310,769
KAAK,0.011974528,0.000280341,2,6310,769
WQVM,0.011686519,0.00043336413,2,6310,769
HAHV,0.011251643,0.0,2,6310,769
IAKM,0.011234477,0.00086401973,2,6310,769
ILKY,0.010870174,0.0005574321,2,6310,769
SLKG,0.010868266,0.00021146185,2,6310,769
IAKE,0.01056309,0.0,2,6310,769
FNWD,0.010536388,0.011626876,2,6310,769
LEWW,0.010511592,0.00033311607,2,6310,769
WTYH,0.0103609115,0.00027254949,2,6310,769
NEHC,0.01028271,0.0,2,6310,769
GCAR,0.010259822,0.00046338484,2,6310,769
RSWC,0.010082439,0.00055653445,2,6310,769
CCML,0.009809688,0.0008014096,2,6310,769
ACNS,0.009748653,0.0010339089,2,6310,769
VSCN,0.00972195,0.0013017247,2,6310,769
ANMY,0.00962849,0.0,2,6310,769
ISAL,0.009391978,0.14733791,2,6310,769
ISAV,0.009338573,0.03425782,2,6310,769
CCKM,0.009260371,0.0010240235,2,6310,769
AHQF,0.009170726,0.012217008,2,6310,769
PKCE,0.0090314895,0.0013553251,2,6310,769
LGDV,0.008943751,0.0041110213,2,6310,769
HSSC,0.008880809,0.0009782034,2,6310,769
NPAG,0.008459285,0.0,2,6310,769
HYYG,0.008346751,0.011891885,2,6310,769
YRDC,0.008339122,0.0009963472,2,6310,769
PFSV,0.008272365,0.00015233406,2,6310,769
HAGT,0.008253291,0.113834016,2,6310,769
AYQM,0.007982448,0.012161094,2,6310,769
MLPG,0.0079481155,0.00029836656,2,6310,769
ECEH,0.007888988,0.0,2,6310,769
GYAQ,0.0078718215,0.0,2,6310,769
IPSD,0.00785847,0.0,2,6310,769
PIQG,0.00782223,0.0,2,6310,769
CFLP,0.0077020675,0.005499637,2,6310,769
DWDY,0.007574275,0.0,2,6310,769
IFEK,0.007492259,0.00012288279,2,6310,769
TCKM,0.00744839,0.0048521794,2,6310,769
VELR,0.0074388534,0.00035296124,2,6310,769
PCNW,0.007387355,0.0012859829,2,6310,769
IFNQ,0.0073244125,0.0001385896,2,6310,769
EHHI,0.0072805434,0.0,2,6310,769
YVYV,0.007162288,0.025903815,2,6310,769
YQLV,0.0068990737,0.05224638,2,6310,769
EESG,0.0068151504,0.0005967331,2,6310,769
CVKH,0.006555751,0.0003021708,2,6310,769
IYVN,0.006447032,0.0008624344,2,6310,769
PVIT,0.0062849075,0.00043313787,2,6310,769
EYVN,0.005943492,0.00052167237,2,6310,769
TLDK,0.0059396774,0.0,2,6310,769
KLMP,0.0058805496,0.00050209375,2,6310,769
ADSL,0.0058042556,0.0,2,6310,769
HFKW,0.005624965,0.00074726035,2,6310,769
CHQH,0.005624965,0.0,2,6310,769
YERI,0.005554393,0.00048648624,2,6310,769
ADWW,0.0055524856,0.0051145814,2,6310,769
APQM,0.0054800063,0.004057454,2,6310,769
PPEM,0.0053274184,0.0,2,6310,769
GVSF,0.0052568465,0.00015844488,2,6310,769
DNSC,0.005220607,0.0008507271,2,6310,769
SQWI,0.0050699264,0.00055297266,2,6310,769
QVNE,0.005029872,0.00017462298,2,6310,769
YMNE,0.004848674,0.0,2,6310,769
YDCP,0.0048467666,0.0011372189,2,6310,769
DDED,0.004804805,0.0070615676,2,6310,769
THGE,0.00467892,0.0025920593,2,6310,769
HISE,0.0043279678,0.000110153866,2,6310,769
KLTS,0.0042554885,0.00034734464,2,6310,769
ITGF,0.004142955,0.1173501,2,6310,769
KNKN,0.0040628463,0.0008014096,2,6310,769
IRDV,0.0040246993,0.0005414223,2,6310,769
TKHV,0.0040132552,0.0,2,6310,769
QMHQ,0.0039331466,0.00026585226,2,6310,769
IMSH,0.0038740188,0.00018059196,2,6310,769
EGGM,0.0038568527,0.018467398,2,6310,769
QTEL,0.0037462264,0.00020181481,2,6310,769
KISE,0.0035059005,0.00013917095,2,6310,769
DTQD,0.0034276992,0.011925436,2,6310,769
YEHP,0.0034219772,0.0,2,6310,769
QTRV,0.0026647598,0.00016054785,2,6310,769
MENW,0.00259991,0.0,2,6310,769
ATTT,0.0025941879,0.0,2,6310,769
GQNK,0.0024301559,0.0,2,6310,769
CDQH,0.002206996,0.00030052866,2,6310,769
QKGE,0.0020658523,0.0008378374,2,6310,769
HQTL,0.0020467788,0.0005042303,2,6310,769
MQDM,0.0019742996,0.0,2,6310,769
QKVT,0.0017129928,0.003436791,2,6310,769
HIPT,0.0017091781,0.00083009753,2,6310,769
MCPP,0.0015413314,0.0005400123,2,6310,769
TDIS,0.0012094527,0.0,2,6310,769
KDKK,0.0011083633,0.00013620013,2,6310,769
EDPM,0.0009443313,0.00021943364,2,6310,769
NPNW,0.00094242394,0.0,2,6310,769
RYTS,0.0008947402,0.0004007048,2,6310,769
KPPF,0.00078220665,0.0,2,6310,769
GSGP,0.0007802993,0.00011732095,2,6310,769
DEHT,0.0007535964,0.0,2,6310,769
RGQS,0.00051517785,0.00028597223,2,6310,769
STDW,-0.0003259629,0.00019200434,2,6310,769
FPTK,-0.0008714646,0.00046081058,2,6310,769
DKDE,-0.001666829,0.0,2,6310,769
WCCA,0.2788514,0.29627952,3,9521,1153
WVCA,0.2615174,0.4065967,3,9521,1153
WICA,0.25956428,0.39945072,3,9521,1153
WACA,0.2561463,0.46219492,3,9521,1153
WSCA,0.2561463,0.4865565,3,9521,1153
WQCA,0.24955451,0.3425615,3,9521,1153
WWCA,0.24955451,0.73461795,3,9521,1153
WTCA,0.24784553,0.25488037,3,9521,1153
WMCA,0.2458924,0.23291783,3,9521,1153
WDCA,0.24564826,0.33768412,3,9521,1153
WLCA,0.24271858,0.30736062,3,9521,1153
WHCA,0.24247444,0.46946943,3,9521,1153
WPCA,0.24052131,0.09288449,3,9521,1153
ICCA,0.24027717,0.2891831,3,9521,1153
WYCA,0.23905647,0.6097229,3,9521,1153
WGCA,0.23661506,0.29672393,3,9521,1153
WECA,0.23539436,0.21553825,3,9521,1153
WRCA,0.23075569,0.5367764,3,9521,1153
WCCG,0.227826,0.145895,3,9521,1153
WVAA,0.22709358,0.2713078,3,9521,1153
WIAA,0.22489631,0.31033412,3,9521,1153
IVCA,0.22294319,0.36801228,3,9521,1153
LVCA,0.22294319,0.4520526,3,9521,1153
WSAA,0.22196662,0.26397574,3,9521,1153
WCLA,0.21781623,0.34581652,3,9521,1153
ISCA,0.21781623,0.49896404,3,9521,1153
WCMA,0.21781623,0.28568238,3,9521,1153
WCCV,0.21781623,0.052255914,3,9521,1153
IACA,0.2175721,0.5219607,3,9521,1153
LSCA,0.2175721,0.53052664,3,9521,1153
WCCC,0.21732795,0.03999929,3,9521,1153
IKCA,0.21683967,0.35345688,3,9521,1153
FCCA,0.21586311,0.17754759,3,9521,1153
WWAA,0.21537483,0.41982874,3,9521,1153
WQAA,0.21488655,0.16403365,3,9521,1153
WTAA,0.21366584,0.13527288,3,9521,1153
WCGA,0.21171272,0.13183162,3,9521,1153
WMAA,0.21146858,0.12981698,3,9521,1153
WDAA,0.2109803,0.14824457,3,9521,1153
LQCA,0.2109803,0.4366505,3,9521,1153
IQCA,0.21073616,0.28573135,3,9521,1153
WICG,0.20902717,0.25709713,3,9521,1153
IMCA,0.20731819,0.1834235,3,9521,1153
LMCA,0.20707405,0.32558882,3,9521,1153
LDCA,0.20658576,0.42000845,3,9521,1153
LCAA,0.20585334,0.29019013,3,9521,1153
DCCA,0.2056092,0.017348161,3,9521,1153
WSCG,0.2056092,0.26721334,3,9521,1153
WACG,0.20536506,0.26026648,3,9521,1153
WKCG,0.20463264,0.2564031,3,9521,1153
IHCA,0.20390022,0.48184136,3,9521,1153
ILCA,0.20365608,0.23297028,3,9521,1153
LHCA,0.20365608,0.48656934,3,9521,1153
WCIA,0.20341194,0.0039128475,3,9521,1153
WGAA,0.2019471,0.099654086,3,9521,1153
IPCA,0.20170295,0.3366811,3,9521,1153
WEAA,0.20097053,0.08663942,3,9521,1153
WVLA,0.20072639,0.36942795,3,9521,1153
IYCA,0.20072639,0.51177466,3,9521,1153
WVMA,0.20048225,0.33490473,3,9521,1153
LYCA,0.20023811,0.5306798,3,9521,1153
WVCC,0.19999397,0.15539232,3,9521,1153
VACA,0.19926155,0.5776955,3,9521,1153
WWCG,0.1990174,0.4619385,3,9521,1153
FVCA,0.1990174,0.3574214,3,9521,1153
WQCG,0.19877326,0.2103242,3,9521,1153
WILA,0.19852912,0.40551814,3,9521,1153
WIMA,0.19828498,0.29708138,3,9521,1153
WICV,0.19828498,0.12755951,3,9521,1153
WICC,0.19828498,0.15301543,3,9521,1153
IGCA,0.1977967,0.3923894,3,9521,1153
WTCG,0.19730842,0.12911434,3,9521,1153
WCQA,0.19706428,0.003488139,3,9521,1153
LECA,0.196576,0.25490868,3,9521,1153
WSLA,0.1953553,0.45485482,3,9521,1153
WSCV,0.1953553,0.08545441,3,9521,1153
WFAA,0.1953553,0.2207073,3,9521,1153
WMCG,0.1953553,0.0960915,3,9521,1153
WSCC,0.19486701,0.12491601,3,9521,1153
WACV,0.19486701,0.11192221,3,9521,1153
WSMA,0.19486701,0.37410727,3,9521,1153
WDCG,0.19462287,0.18323697,3,9521,1153
WKLA,0.19462287,0.367785,3,9521,1153
WACC,0.19437873,0.11917679,3,9521,1153
WCCT,0.19437873,0.02554744,3,9521,1153
INCA,0.1941346,0.54149586,3,9521,1153
WKMA,0.1941346,0.29523528,3,9521,1153
FSCA,0.19364631,0.38775223,3,9521,1153
FACA,0.19315803,0.40715694,3,9521,1153
WCCI,0.19218147,0.041440874,3,9521,1153
IFCA,0.1912049,0.36282918,3,9521,1153
WCDA,0.19071662,0.0010539982,3,9521,1153
WCCH,0.19047248,0.023383416,3,9521,1153
WCSA,0.18949592,0.02469296,3,9521,1153
VMCA,0.18925178,0.21529546,3,9521,1153
WQLA,0.18900764,0.27038014,3,9521,1153
WQCV,0.18851936,0.08929312,3,9521,1153
WSGA,0.18851936,0.16023555,3,9521,1153
WWMA,0.18851936,0.62011933,3,9521,1153
DVCA,0.18851936,0.033603724,3,9521,1153
WYCG,0.18803108,0.37283993,3,9521,1153
WWCC,0.18803108,0.2684888,3,9521,1153
WQCC,0.18778694,0.09133221,3,9521,1153
WKGA,0.18778694,0.11656277,3,9521,1153
WTCV,0.18705451,0.0403682,3,9521,1153
WTCC,0.18705451,0.050129294,3,9521,1153
FWCA,0.18705451,0.7620898,3,9521,1153
FQCA,0.1863221,0.22885403,3,9521,1153
DICA,0.1863221,0.03548241,3,9521,1153
WGCG,0.18558967,0.073279925,3,9521,1153
WMCV,0.18510139,0.03509735,3,9521,1153
WMMA,0.18461311,0.19860606,3,9521,1153
WMCC,0.18436897,0.05615062,3,9521,1153
WDCC,0.18388069,0.09586072,3,9521,1153
FMCA,0.18314826,0.17610191,3,9521,1153
IKAA,0.18265998,0.44354498,3,9521,1153
WCCS,0.18241584,0.020624384,3,9521,1153
FDCA,0.18241584,0.22877014,3,9521,1153
LKAA,0.18241584,0.39849457,3,9521,1153
DKCA,0.18241584,0.0106151,3,9521,1153
WHCC,0.18143928,0.14478597,3,9521,1153
WHMA,0.18119514,0.35030332,3,9521,1153
HVCA,0.180951,0.39641148,3,9521,1153
WLCC,0.18070686,0.07429251,3,9521,1153
WRCG,0.18046272,0.3637123,3,9521,1153
FLCA,0.17948616,0.20146519,3,9521,1153
WPCC,0.17875373,0.004320099,3,9521,1153
LCCC,0.1785096,0.07676287,3,9521,1153
WCCE,0.17826545,0.0010294704,3,9521,1153
WYCC,0.17753303,0.1706439,3,9521,1153
FPCA,0.17704475,0.03339104,3,9521,1153
WCNA,0.17704475,0.012522982,3,9521,1153
WELA,0.1743592,0.1647341,3,9521,1153
VRCA,0.1743592,0.48396897,3,9521,1153
WVCH,0.17362678,0.0009994494,3,9521,1153
WKQA,0.17362678,0.0030330487,3,9521,1153
WVDA,0.17362678,0.00036289822,3,9521,1153
DDCA,0.17216194,0.038282722,3,9521,1153
WVSA,0.1719178,0.051997717,3,9521,1153
WVCQ,0.1719178,0.0009961209,3,9521,1153
WIVA,0.17142951,0.001987122,3,9521,1153
WNCC,0.17142951,0.15464932,3,9521,1153
WIDA,0.17142951,0.0006103451,3,9521,1153
WMIA,0.17045295,0.0004916598,3,9521,1153
WICQ,0.17045295,0.0014712117,3,9521,1153
WDIA,0.16996467,0.0007366829,3,9521,1153
LHAA,0.16947639,0.41312164,3,9521,1153
WCCY,0.16947639,0.0014448217,3,9521,1153
WFCV,0.16849983,0.10983745,3,9521,1153
WVYA,0.16849983,0.062836275,3,9521,1153
WSDA,0.16825569,0.00033524577,3,9521,1153
WAKA,0.16801155,0.0048808157,3,9521,1153
WACH,0.16801155,0.0007819184,3,9521,1153
MLCA,0.16782844,0.24386467,3,9521,1153
WADA,0.1677674,0.0002857025,3,9521,1153
WSKA,0.1677674,0.005097083,3,9521,1153
WCLG,0.16727912,0.3738386,3,9521,1153
WVCP,0.16679084,0.004147998,3,9521,1153
WTQA,0.16679084,0.00047247668,3,9521,1153
WACQ,0.16679084,0.0007109331,3,9521,1153
WSSA,0.1665467,0.015230943,3,9521,1153
CLCA,0.16633308,0.02891443,3,9521,1153
WVCL,0.16630256,0.020149179,3,9521,1153
WVTA,0.16605842,0.006895771,3,9521,1153
WAHA,0.16581428,0.004930618,3,9521,1153
LYAA,0.16557014,0.49366334,3,9521,1153
EDCA,0.16544807,0.30209446,3,9521,1153
WAPA,0.165326,0.0019277388,3,9521,1153
WWCT,0.16508186,0.13219503,3,9521,1153
WMQA,0.16434944,0.00039731766,3,9521,1153
WICL,0.16434944,0.02393054,3,9521,1153
WTCT,0.16386116,0.03226707,3,9521,1153
WICS,0.16337287,0.11598939,3,9521,1153
WWCI,0.16312873,0.30491015,3,9521,1153
WSYA,0.16312873,0.06628306,3,9521,1153
WQCI,0.1628846,0.07410565,3,9521,1153
DECA,0.16215217,0.0038136044,3,9521,1153
WICM,0.16190803,0.13678098,3,9521,1153
WWCH,0.16141975,0.002173255,3,9521,1153
WTCI,0.16117561,0.030786667,3,9521,1153
WWVA,0.16117561,0.010895215,3,9521,1153
WKCN,0.16093147,0.0043384824,3,9521,1153
WHQA,0.16093147,0.0032527803,3,9521,1153
MECA,0.16093147,0.16817632,3,9521,1153
WDCT,0.16068733,0.04338105,3,9521,1153
WWCQ,0.16068733,0.0022724902,3,9521,1153
WSTA,0.16068733,0.0010924471,3,9521,1153
WVCE,0.16068733,0.0007628283,3,9521,1153
QLCA,0.16044319,0.19698137,3,9521,1153
WKTA,0.16019905,0.0033568614,3,9521,1153
WVNA,0.15971076,0.030304056,3,9521,1153
WACS,0.15971076,0.046328988,3,9521,1153
IICC,0.15971076,0.17258452,3,9521,1153
WWSA,0.15971076,0.030164544,3,9521,1153
WTSA,0.15849006,0.0077164974,3,9521,1153
WACK,0.1575135,0.004089925,3,9521,1153
WDCH,0.15702522,0.00090651255,3,9521,1153
WWYA,0.15653694,0.11887554,3,9521,1153
WCMV,0.1562928,0.0768111,3,9521,1153
WCMC,0.15604866,0.06359185,3,9521,1153
IKCC,0.15580451,0.15324494,3,9521,1153
WPCT,0.15580451,0.0011246564,3,9521,1153
WACE,0.15556037,0.0008858993,3,9521,1153
WYCT,0.15458381,0.0814719,3,9521,1153
YIAA,0.15409553,0.4476192,3,9521,1153
LCVA,0.1521424,0.0076255123,3,9521,1153
WTCS,0.1521424,0.014517214,3,9521,1153
WMRA,0.15189826,0.019822897,3,9521,1153
LCKA,0.15189826,0.0053513483,3,9521,1153
AFCA,0.15165412,0.4055133,3,9521,1153
LCPA,0.14945686,0.0051410156,3,9521,1153
WWCE,0.14872444,0.0015695731,3,9521,1153
WWEA,0.1484803,0.00030876644,3,9521,1153
VACG,0.14823616,0.22382227,3,9521,1153
WGCH,0.14823616,0.0006630737,3,9521,1153
KECA,0.14774787,0.11356446,3,9521,1153
AIAA,0.14774787,0.21593581,3,9521,1153
WKCY,0.14628303,0.0015145522,3,9521,1153
LCCL,0.14506233,0.035628237,3,9521,1153
ICAC,0.14457405,0.14211397,3,9521,1153
WMNA,0.14408576,0.0024533295,3,9521,1153
PIAA,0.14237678,0.0009071073,3,9521,1153
WKCR,0.1418885,0.0013501456,3,9521,1153
LCCK,0.14164436,0.00046273865,3,9521,1153
WVMC,0.13871467,0.18161137,3,9521,1153
WNCN,0.13822639,0.002880066,3,9521,1153
WNCL,0.13724983,0.020412246,3,9521,1153
WIMV,0.13676155,0.12811,3,9521,1153
IICT,0.13676155,0.04835128,3,9521,1153
WRCN,0.1365174,0.006717144,3,9521,1153
WFRA,0.13602912,0.0034179497,3,9521,1153
WAMC,0.13358772,0.17231824,3,9521,1153
WAMV,0.13358772,0.09444265,3,9521,1153
WKLV,0.13358772,0.2985107,3,9521,1153
WAAQ,0.13236701,0.00018360424,3,9521,1153
WCMH,0.12943733,0.001641243,3,9521,1153
LSKA,0.1287049,0.0022330459,3,9521,1153
LSPA,0.12650764,0.0013566441,3,9521,1153
LKPA,0.12601936,0.0016494128,3,9521,1153
IIAC,0.12528694,0.3098593,3,9521,1153
WCMN,0.123333804,0.002957073,3,9521,1153
WCMS,0.12113654,0.03974111,3,9521,1153
MMCG,0.1208924,0.116872825,3,9521,1153
WNCR,0.11845099,0.0009509418,3,9521,1153
IDAC,0.11088263,0.24759969,3,9521,1153
WIVV,0.10990607,0.011959442,3,9521,1153
WKLH,0.10673224,0.0020412856,3,9521,1153
WSMH,0.10673224,0.00051542063,3,9521,1153
WKMH,0.10599982,0.00039395716,3,9521,1153
IIGG,0.102917545,0.052358527,3,9521,1153
YMFA,0.10212409,0.04900248,3,9521,1153
AAQA,0.096722476,0.0,3,9521,1153
LECE,0.09608161,0.00037617187,3,9521,1153
LHWA,0.08863532,0.0018587315,3,9521,1153
YTCQ,0.088299625,0.00034909887,3,9521,1153
WEMH,0.08561408,0.0004324604,3,9521,1153
WFLW,0.08442389,0.0009552834,3,9521,1153
PWDA,0.07880866,0.00037363017,3,9521,1153
WPII,0.07792365,8.2165316e-05,3,9521,1153
WRLS,0.07423102,0.14859034,3,9521,1153
VNNA,0.07398688,0.030835254,3,9521,1153
WTVQ,0.07081305,0.00014521337,3,9521,1153
YCAD,0.06934821,0.003108381,3,9521,1153
WAKF,0.065502994,0.00033046168,3,9521,1153
WIRE,0.06544196,0.00041955433,3,9521,1153
LCPT,0.06495368,0.0013775119,3,9521,1153
KICY,0.062970035,0.0008161958,3,9521,1153
RYYA,0.060101386,0.0018117338,3,9521,1153
NEMA,0.055950996,0.00019133996,3,9521,1153
IKFQ,0.055462714,0.00023550793,3,9521,1153
WNDQ,0.05540168,5.7842317e-05,3,9521,1153
FPIG,0.0510987,0.0,3,9521,1153
SMWA,0.048779365,0.00031016095,3,9521,1153
GCRC,0.046002265,0.00052167237,3,9521,1153
WKTR,0.046002265,0.00030626176,3,9521,1153
IYFI,0.04142463,0.007345762,3,9521,1153
QSFV,0.04090583,0.057949737,3,9521,1153
LETV,0.03989875,0.00020866888,3,9521,1153
KKAP,0.03977668,0.00030773305,3,9521,1153
MGMV,0.03953254,0.00028406133,3,9521,1153
QWAP,0.03950202,5.654121e-05,3,9521,1153
TYGG,0.038952705,0.016506646,3,9521,1153
KDMC,0.035382148,0.0008222641,3,9521,1153
GVLQ,0.033673164,4.941669e-05,3,9521,1153
TGLV,0.03257453,0.0003434613,3,9521,1153
VYSV,0.031536933,0.004115331,3,9521,1153
LHKW,0.031231757,0.00054213003,3,9521,1153
DNAL,0.029827949,0.00059587567,3,9521,1153
FIFL,0.028942939,0.0032527803,3,9521,1153
RSYG,0.026745673,0.05768949,3,9521,1153
KNAT,0.026348945,0.00037131427,3,9521,1153
VWIN,0.023205634,0.0014373907,3,9521,1153
VIQK,0.022534247,0.0,3,9521,1153
DDHV,0.021160956,0.0,3,9521,1153
GMKC,0.01835334,0.0016263901,3,9521,1153
KKGW,0.016491767,0.0013769239,3,9521,1153
FVQF,0.01505744,0.0,3,9521,1153
SDMQ,0.01328742,0.00033112132,3,9521,1153
KQLH,0.01316535,0.00018100576,3,9521,1153
LYPM,0.012371893,0.0,3,9521,1153
VDGY,0.012005682,0.0028776359,3,9521,1153
IWHY,0.011547918,0.00031418898,3,9521,1153
TDNG,0.01115119,0.01256756,3,9521,1153
GCDF,0.010907049,0.0,3,9521,1153
GQLE,0.010205145,0.0,3,9521,1153
RWLP,0.008801336,0.00052376854,3,9521,1153
GGMQ,0.00812995,0.0,3,9521,1153
CYLS,0.006146307,0.0043059345,3,9521,1153
FMHH,0.004925604,0.0,3,9521,1153
VRIN,0.0048340512,0.00013653646,3,9521,1153
EQLD,0.0047424985,0.009276794,3,9521,1153
FNMD,0.0044678403,0.0020049736,3,9521,1153
RNQV,0.0041016294,4.360982e-05,3,9521,1153
DSYI,0.0035828305,0.00070893933,3,9521,1153
HKIS,0.00333869,0.00033717847,3,9521,1153
ELFI,0.0032166196,0.00029103828,3,9521,1153
IYSY,0.0014466001,8.481171e-05,3,9521,1153
KLRC,-0.00010979641,0.00064801483,3,9521,1153
HTGE,-0.00029290188,0.000104729625,3,9521,1153
GGIW,-0.0015746402,0.0,3,9521,1153
HNMP,-0.0034056948,0.0002744281,3,9521,1153
HITH,-0.0045958804,0.00017119892,3,9521,1153
SCKR,-0.005053644,0.00045325622,3,9521,1153
NVMH,-0.0058165835,0.00025288385,3,9521,1153
LHWL,-0.006732111,0.00061834,3,9521,1153
VDQR,-0.0067626284,0.0031902269,3,9521,1153
CWYQ,-0.008532648,0.0013041807,3,9521,1153
KVVL,-0.009326105,0.00033161292,3,9521,1153
CLFD,-0.010241632,0.0,3,9521,1153
FLRK,-0.012805109,0.00032720278,3,9521,1153
VYRF,-0.013445978,0.0,3,9521,1153
KGGL,-0.013995294,0.02118859,3,9521,1153
RIPM,-0.0141784,0.00020292576,3,9521,1153
IRYR,-0.014330988,0.00030232102,3,9521,1153
ATNT,-0.015490656,0.0,3,9521,1153
FMEM,-0.0155822085,0.0,3,9521,1153
CWRS,-0.015978936,0.001501901,3,9521,1153
HSPF,-0.017382745,0.00024741504,3,9521,1153
KPLY,-0.017413262,0.00034998267,3,9521,1153
NYVG,-0.017718438,0.00043427173,3,9521,1153
PQVM,-0.018481378,0.0,3,9521,1153
RARL,-0.018756036,0.00028057472,3,9521,1153
GHQF,-0.01881707,0.0,3,9521,1153
EHFY,-0.019305352,0.0,3,9521,1153
GFIS,-0.019976739,0.00014251875,3,9521,1153
RFIQ,-0.020617608,0.0002919162,3,9521,1153
DHKF,-0.021166924,0.0028175216,3,9521,1153
APSN,-0.02122796,0.0,3,9521,1153
AHYP,-0.02211297,0.003306877,3,9521,1153
CQNN,-0.02235711,0.0020108095,3,9521,1153
PQKF,-0.023638848,0.0,3,9521,1153
MNTI,-0.023852471,0.0,3,9521,1153
QLTQ,-0.024066094,0.00029944372,3,9521,1153
TGQM,-0.024157647,0.0,3,9521,1153
CEKL,-0.02461541,0.00089914247,3,9521,1153
GLIR,-0.024981622,0.00022348778,3,9521,1153
NTMP,-0.02501214,0.00014400325,3,9521,1153
GLTP,-0.02501214,0.00011536284,3,9521,1153
QSWW,-0.025164727,0.0002211891,3,9521,1153
SEHQ,-0.025744561,0.00052167237,3,9521,1153
CMNN,-0.025927667,0.0009725649,3,9521,1153
QPHL,-0.026934747,0.0003106588,3,9521,1153
KTRP,-0.026965264,0.00018713118,3,9521,1153
ADPD,-0.026995782,0.0022994364,3,9521,1153
CKRR,-0.027697686,0.0010022935,3,9521,1153
GWWW,-0.027972344,0.0,3,9521,1153
ARYQ,-0.028674249,0.0,3,9521,1153
MEPK,-0.028674249,0.0,3,9521,1153
RRHW,-0.029070977,0.00035599098,3,9521,1153
NGLI,-0.029070977,0.00018514704,3,9521,1153
RFVH,-0.032488946,0.00017731063,3,9521,1153
RRSQ,-0.033221368,0.00019289741,3,9521,1153
RYVK,-0.03383172,0.00025319264,3,9521,1153
QFDN,-0.034228448,0.0003233758,3,9521,1153
GGHD,-0.03560174,0.018679388,3,9521,1153
HVWF,-0.03670037,0.00024324306,3,9521,1153
PRET,-0.03734124,0.00030118335,3,9521,1153
VRER,-0.040728692,0.0001514993,3,9521,1153
SHKR,-0.041339044,0.00013553254,3,9521,1153
NQDI,-0.042864922,0.0,3,9521,1153
GNWL,-0.05589593,0.00026332025,3,9521,1153
NWDY,-0.06575311,0.0,3,9521,1153
NNQD,-0.07075799,0.0110518485,3,9521,1153
NEKD,-0.07518304,0.03653941,3,9521,1153
IWCA,0.57474023,0.6060298,4,12759,1537
VWCA,0.54347974,0.5406935,4,12759,1537
YWCA,0.5085271,0.6027101,4,12759,1537
AWCA,0.47610506,0.642299,4,12759,1537
IYAA,0.47242722,0.44646153,4,12759,1537
IWAA,0.46272358,0.60950506,4,12759,1537
MWCA,0.4526647,0.58575636,4,12759,1537
LRCA,0.4480804,0.5942575,4,12759,1537
HWCA,0.4452971,0.27983946,4,12759,1537
IRCA,0.4405807,0.44589147,4,12759,1537
LICA,0.439679,0.5028127,4,12759,1537
WWMG,0.43907103,0.49594036,4,12759,1537
IHAA,0.42557535,0.47544438,4,12759,1537
LNCA,0.4234551,0.57884896,4,12759,1537
VYCA,0.41973576,0.5407047,4,12759,1537
RWCA,0.4173778,0.09078948,4,12759,1537
INAA,0.4041334,0.50351787,4,12759,1537
EWCA,0.40249953,0.39234725,4,12759,1537
VSCA,0.3994983,0.5445462,4,12759,1537
YSCA,0.39933857,0.43158638,4,12759,1537
FWCG,0.39879927,0.43904123,4,12759,1537
LWCG,0.3969191,0.5564039,4,12759,1537
IIAA,0.3914853,0.42178872,4,12759,1537
LFCA,0.39074144,0.44891864,4,12759,1537
LGCA,0.38432226,0.4184761,4,12759,1537
TWCA,0.38101134,0.1293956,4,12759,1537
IRAA,0.37999472,0.554466,4,12759,1537
QWCA,0.37775072,0.37029734,4,12759,1537
IALA,0.37619862,0.13730438,4,12759,1537
VAAA,0.3761352,0.6255503,4,12759,1537
IWMA,0.37434563,0.09873111,4,12759,1537
YICA,0.37317333,0.5125793,4,12759,1537
YRCA,0.3709167,0.48062128,4,12759,1537
FHCA,0.3703917,0.3341878,4,12759,1537
AYCA,0.36771902,0.6552726,4,12759,1537
WKFG,0.36624226,0.4492211,4,12759,1537
HSCA,0.3660663,0.36938995,4,12759,1537
FYCA,0.36316118,0.56679696,4,12759,1537
HYCA,0.3623012,0.25001422,4,12759,1537
WRFA,0.360957,0.5088827,4,12759,1537
YWMA,0.35969433,0.31773263,4,12759,1537
VFCA,0.35946116,0.40762973,4,12759,1537
ASCA,0.35902032,0.5193606,4,12759,1537
AHCA,0.3577436,1.0,4,12759,1537
WVFG,0.35334143,0.518634,4,12759,1537
VALA,0.3520523,0.17104663,4,12759,1537
HRCA,0.3512362,0.42247644,4,12759,1537
YNCA,0.35115895,0.4419662,4,12759,1537
WKFA,0.3478864,0.41362527,4,12759,1537
ESCA,0.3476785,0.45933056,4,12759,1537
IICA,0.34604248,0.32890704,4,12759,1537
YVCA,0.34527764,0.41432545,4,12759,1537
FWLA,0.34449133,0.36941645,4,12759,1537
ARCA,0.341431,0.44495007,4,12759,1537
YYCA,0.34142432,0.46443248,4,12759,1537
EYCA,0.34081492,0.31187657,4,12759,1537
MSCA,0.3407968,0.46844998,4,12759,1537
IVAA,0.338528,0.41321227,4,12759,1537
IWLA,0.33726773,0.13629383,4,12759,1537
GSCA,0.33605966,0.012092341,4,12759,1537
ITAA,0.33471975,0.23857263,4,12759,1537
IFAA,0.33415732,0.37927574,4,12759,1537
WYAA,0.33338484,0.3194099,4,12759,1537
MYCA,0.33018193,0.45494568,4,12759,1537
EACA,0.3301259,0.38119158,4,12759,1537
WHFG,0.3297027,0.42699882,4,12759,1537
IDCA,0.32966456,0.4166363,4,12759,1537
MRCA,0.3285931,0.46905893,4,12759,1537
IWAG,0.32736382,0.4808951,4,12759,1537
MHCA,0.32711896,0.37637815,4,12759,1537
YHAA,0.32581314,0.5488027,4,12759,1537
GYCA,0.3248447,0.005335701,4,12759,1537
GRCA,0.32174477,0.006488965,4,12759,1537
HNCA,0.3171185,0.4250547,4,12759,1537
SRCA,0.31361517,0.22097403,4,12759,1537
FWMG,0.3113931,0.30931908,4,12759,1537
FAAA,0.31048355,0.40680578,4,12759,1537
RYCA,0.30998263,0.077368364,4,12759,1537
IYAG,0.306959,0.3456079,4,12759,1537
AWMA,0.3054727,0.04700991,4,12759,1537
INLA,0.30511126,0.10444058,4,12759,1537
IQAA,0.30370745,0.35198614,4,12759,1537
AICA,0.30332455,0.45329204,4,12759,1537
NSCA,0.30013642,0.14762796,4,12759,1537
YWLA,0.30010733,0.33744496,4,12759,1537
WHLG,0.29830536,0.41291383,4,12759,1537
VDCA,0.29769358,0.37194687,4,12759,1537
FYAA,0.29491314,0.8115687,4,12759,1537
SSCA,0.29381022,0.29446977,4,12759,1537
YKCA,0.2912911,0.37918124,4,12759,1537
QSCA,0.2904099,0.43005723,4,12759,1537
LMAA,0.28719935,0.24513417,4,12759,1537
YILA,0.28562006,0.3476099,4,12759,1537
FALA,0.2850872,0.21905285,4,12759,1537
GVCA,0.28463683,0.011008251,4,12759,1537
YWMG,0.28274998,0.38434637,4,12759,1537
TSCA,0.2823337,0.32653034,4,12759,1537
LYCG,0.2799295,0.3633325,4,12759,1537
IKAG,0.27938065,0.2870966,4,12759,1537
MWAA,0.27865872,0.4531611,4,12759,1537
WHFV,0.27838454,0.41738227,4,12759,1537
WLMA,0.27687392,0.2148861,4,12759,1537
YGCA,0.2762049,0.18415433,4,12759,1537
MWLA,0.27219614,0.3213555,4,12759,1537
WWGG,0.2715114,0.12914127,4,12759,1537
WHCG,0.26888308,0.309058,4,12759,1537
IWLG,0.26618847,0.49257922,4,12759,1537
LVMA,0.26615325,0.31027505,4,12759,1537
IYMA,0.26568922,0.029406989,4,12759,1537
LVLA,0.26533684,0.31214324,4,12759,1537
SICA,0.2647284,0.28645393,4,12759,1537
YQCA,0.26193222,0.29670137,4,12759,1537
EFCA,0.26127443,0.18873197,4,12759,1537
IRLA,0.26066718,0.106228955,4,12759,1537
CALA,0.2591656,0.08432411,4,12759,1537
FSAA,0.2589148,0.4315467,4,12759,1537
MSLA,0.25717768,0.22856621,4,12759,1537
WKMG,0.25681958,0.23008989,4,12759,1537
LSCG,0.25411877,0.3205808,4,12759,1537
ADCA,0.25406584,0.3607131,4,12759,1537
IHMA,0.25344357,0.13655286,4,12759,1537
ISMA,0.25274548,0.15140156,4,12759,1537
KSCA,0.25206313,0.36163223,4,12759,1537
AWMG,0.25198016,0.20882562,4,12759,1537
YFAA,0.25193438,0.5650018,4,12759,1537
WHMG,0.2511638,0.2715882,4,12759,1537
INMA,0.25105104,0.11502347,4,12759,1537
IRAG,0.24879345,0.34573475,4,12759,1537
AGCA,0.24876103,0.12223606,4,12759,1537
CACA,0.2484034,0.05561547,4,12759,1537
LWLG,0.24599919,0.6498953,4,12759,1537
IYAI,0.24507889,0.081071414,4,12759,1537
SWAA,0.24330834,0.00298456,4,12759,1537
GKCA,0.24237427,0.0057441755,4,12759,1537
KHCA,0.23692974,0.36615756,4,12759,1537
LFCG,0.23105583,0.27741662,4,12759,1537
WWYG,0.2301577,0.1935815,4,12759,1537
ESLA,0.2278069,0.31220052,4,12759,1537
IRMA,0.22632465,0.11345967,4,12759,1537
MQCA,0.22517404,0.3252702,4,12759,1537
LQCG,0.22484669,0.21670845,4,12759,1537
CWMG,0.22380003,0.3166496,4,12759,1537
YRLA,0.2233251,0.31751725,4,12759,1537
GWMG,0.22305521,0.012760907,4,12759,1537
GSLA,0.22254452,0.0007935408,4,12759,1537
IKAI,0.21805081,0.041642226,4,12759,1537
KVCA,0.21792325,0.32141808,4,12759,1537
WWDG,0.21702895,0.00044261414,4,12759,1537
SSLA,0.21651015,0.0029890414,4,12759,1537
ILAG,0.21481666,0.12828659,4,12759,1537
ITAG,0.21453604,0.13524337,4,12759,1537
CSLA,0.21218786,0.081510454,4,12759,1537
EWMG,0.21104845,0.12232425,4,12759,1537
YMAA,0.20994887,0.21906428,4,12759,1537
YWFA,0.2099317,0.20950252,4,12759,1537
FILA,0.20970759,0.33646098,4,12759,1537
PWMG,0.20805106,0.0005700749,4,12759,1537
YRMA,0.20704731,0.27547088,4,12759,1537
WNAA,0.20694813,0.26053026,4,12759,1537
INAI,0.20410308,0.068744555,4,12759,1537
IYLG,0.20373544,0.22247362,4,12759,1537
VYCG,0.19968256,0.45027772,4,12759,1537
ASAA,0.19906029,0.16269037,4,12759,1537
WRCV,0.1959146,0.20583192,4,12759,1537
HMCA,0.19512877,0.21311682,4,12759,1537
DACA,0.19227442,0.020498125,4,12759,1537
SILA,0.19083723,0.0025228255,4,12759,1537
MNLA,0.18870959,0.19851717,4,12759,1537
IRAI,0.18865857,0.06972904,4,12759,1537
NALA,0.18691024,0.0005098658,4,12759,1537
LWGG,0.18670878,0.06549393,4,12759,1537
KSLA,0.18549308,0.006478248,4,12759,1537
NWMG,0.1843923,0.01620782,4,12759,1537
SRLA,0.1813291,0.0017284367,4,12759,1537
INAK,0.18095025,0.00069507735,4,12759,1537
LSCS,0.17783412,0.08954466,4,12759,1537
ASMA,0.17355117,0.09677021,4,12759,1537
CIAG,0.1672307,0.10089762,4,12759,1537
GKLA,0.16591224,0.0006295704,4,12759,1537
LSCY,0.16471753,0.0012627349,4,12759,1537
MRMA,0.16354117,0.28433254,4,12759,1537
WRQG,0.16266283,0.00052994734,4,12759,1537
LRCH,0.15813646,0.0009114933,4,12759,1537
WHGG,0.15728316,0.08647138,4,12759,1537
LHCD,0.15275148,0.011869478,4,12759,1537
CRAG,0.1526011,0.099978894,4,12759,1537
LFCI,0.15253958,0.06964377,4,12759,1537
WNGG,0.15122876,0.034045517,4,12759,1537
LVLG,0.15121707,0.39709526,4,12759,1537
WAGA,0.15003332,0.18398918,4,12759,1537
LDCH,0.14720663,0.0002393821,4,12759,1537
NACG,0.14597282,0.026851075,4,12759,1537
EIAG,0.14585051,0.0073187556,4,12759,1537
WREG,0.14477,0.0002882926,4,12759,1537
IRAE,0.14327583,0.0010913934,4,12759,1537
VYCH,0.13867626,0.0007644783,4,12759,1537
LICY,0.13693866,0.0014362925,4,12759,1537
LGCH,0.13601598,0.0006490289,4,12759,1537
LDCY,0.13546833,0.00088052975,4,12759,1537
MVFG,0.13530502,0.29536954,4,12759,1537
PNLA,0.13496265,0.00051391515,4,12759,1537
WIQG,0.13339838,0.00096636,4,12759,1537
WNDG,0.13308129,0.00026713652,4,12759,1537
VYAH,0.1328524,0.00054827315,4,12759,1537
VYCS,0.12979683,0.04006834,4,12759,1537
WRCT,0.12701067,0.14597645,4,12759,1537
AWYG,0.12600216,0.13407934,4,12759,1537
FAIA,0.12381252,0.00060544454,4,12759,1537
ISAE,0.123024546,0.0007822778,4,12759,1537
YVCC,0.117158495,0.1235688,4,12759,1537
YWHG,0.11611446,0.00035446967,4,12759,1537
LGCY,0.113553606,0.0009534011,4,12759,1537
YDCG,0.113317214,0.10958912,4,12759,1537
ERCW,0.11315253,0.0005120117,4,12759,1537
FYAP,0.11007532,0.012066988,4,12759,1537
DNLA,0.10321268,0.00097012747,4,12759,1537
WISG,0.102395855,0.0021972423,4,12759,1537
LKCH,0.101838194,0.0006912158,4,12759,1537
INYW,0.10054972,0.00046468293,4,12759,1537
YNKG,0.09823074,0.00016655798,4,12759,1537
WHCT,0.09744962,0.092585094,4,12759,1537
FKCI,0.092391275,0.011956166,4,12759,1537
RFLA,0.086959444,0.0005441305,4,12759,1537
IIQA,0.08662995,0.0013440307,4,12759,1537
HHCF,0.08503129,0.0,4,12759,1537
EWYG,0.08460363,0.04633014,4,12759,1537
YHGR,0.079166256,0.00067562447,4,12759,1537
INQD,0.07869091,0.011525234,4,12759,1537
WHVV,0.07769521,0.011361661,4,12759,1537
HACE,0.076613985,0.0006076623,4,12759,1537
CKAS,0.075991474,0.0056887674,4,12759,1537
CHDG,0.0673007,0.00047670057,4,12759,1537
AKHG,0.06525298,0.0010363966,4,12759,1537
HILN,0.059642337,0.0009769835,4,12759,1537
IPHI,0.059416197,0.0,4,12759,1537
PHMI,0.05725559,0.0,4,12759,1537
IFLF,0.055793963,0.00045140626,4,12759,1537
LGAM,0.055560492,0.002099896,4,12759,1537
WHCY,0.05485805,0.001321847,4,12759,1537
AIGG,0.052359425,0.0034029086,4,12759,1537
MNSG,0.051978193,0.0068314713,4,12759,1537
MHMV,0.05021634,0.005811496,4,12759,1537
YMLK,0.047639094,0.00042829206,4,12759,1537
MAAT,0.0469869,0.012872048,4,12759,1537
RSIA,0.04109373,0.0002324196,4,12759,1537
YPMW,0.040132128,0.00027511074,4,12759,1537
QTMF,0.038935028,0.00043200987,4,12759,1537
IKQV,0.037736975,0.0,4,12759,1537
FYGR,0.035301767,0.0017499134,4,12759,1537
YKFT,0.035143577,0.12884857,4,12759,1537
HMCS,0.032861494,0.0024598427,4,12759,1537
ICFT,0.032570325,0.07562843,4,12759,1537
VPMR,0.03223493,0.0,4,12759,1537
ILLQ,0.030848287,0.00035857424,4,12759,1537
YSTC,0.03064438,0.00020893176,4,12759,1537
SICQ,0.030581437,0.000832019,4,12759,1537
NWHG,0.029956244,0.0,4,12759,1537
CHFD,0.02971711,0.017262444,4,12759,1537
FKVW,0.028003477,0.0,4,12759,1537
QREG,0.026149593,0.0002005947,4,12759,1537
NSEG,0.02502545,0.0001536035,4,12759,1537
GREG,0.024569713,0.0001035529,4,12759,1537
MCSA,0.02360662,0.06398254,4,12759,1537
DHTC,0.02355989,0.0,4,12759,1537
MGMQ,0.022024654,0.00015275492,4,12759,1537
RKAH,0.02176752,0.00013586553,4,12759,1537
KKCQ,0.020695947,0.0011187308,4,12759,1537
MWVT,0.020222865,0.001986043,4,12759,1537
VREF,0.020182751,0.0,4,12759,1537
MPHC,0.018991314,0.0,4,12759,1537
HHNG,0.017605446,0.0005760131,4,12759,1537
AKPK,0.017055236,0.0,4,12759,1537
YFVS,0.016939245,0.00044549658,4,12759,1537
TDST,0.016509138,0.0,4,12759,1537
TRIA,0.016171776,0.00012682859,4,12759,1537
SKVQ,0.014743768,0.00031668032,4,12759,1537
VQST,0.014037453,0.0014371814,4,12759,1537
FMGQ,0.013893865,0.0015239404,4,12759,1537
APGL,0.013339721,0.0012760907,4,12759,1537
RNIA,0.0128543,0.0001491066,4,12759,1537
HNDF,0.01175531,0.00031598436,4,12759,1537
PVGR,0.010459386,0.00037291023,4,12759,1537
LRTI,0.0103242025,0.00041828488,4,12759,1537
FYPM,0.010141693,0.00089189137,4,12759,1537
FAIM,0.009775482,0.0,4,12759,1537
GRDH,0.00948336,0.00028901015,4,12759,1537
DDKG,0.006909512,0.0,4,12759,1537
QCSM,0.0044681057,0.0013028152,4,12759,1537
TTVL,0.004464887,0.00014628902,4,12759,1537
PTIC,0.004320048,0.0010186338,4,12759,1537
RQGF,0.003252767,0.02048893,4,12759,1537
KFAL,0.0023136958,0.0006319687,4,12759,1537
MMYC,0.0022926554,0.0013223259,4,12759,1537
QYHI,0.0019273385,0.00086401973,4,12759,1537
SDTE,0.0006330237,0.0,4,12759,1537
VFRF,0.00033851713,0.00028921157,4,12759,1537
IRVR,-0.00023452193,0.0002492416,4,12759,1537
PRDQ,-0.0011440888,0.0001291992,4,12759,1537
PCCH,-0.0036753789,0.0004189187,4,12759,1537
AWVV,-0.004175104,0.0,4,12759,1537
DSIL,-0.005243875,0.00052331795,4,12759,1537
KTCF,-0.005270757,0.0010466359,4,12759,1537
TCHM,-0.006731309,0.0037980294,4,12759,1537
SKKN,-0.0068632737,0.00020633308,4,12759,1537
DYGP,-0.0069035664,0.00031598436,4,12759,1537
GFEP,-0.007319249,0.00011666092,4,12759,1537
QHFP,-0.0076429024,0.0028695636,4,12759,1537
IMTK,-0.008547522,0.00026132926,4,12759,1537
HVTE,-0.008736469,0.00030383116,4,12759,1537
RFTK,-0.009450354,0.00044801022,4,12759,1537
TMMI,-0.010440327,0.0,4,12759,1537
HRDY,-0.010600962,0.00033412242,4,12759,1537
YQWD,-0.010649361,0.0053995866,4,12759,1537
QQNS,-0.010732152,0.0,4,12759,1537
TNEV,-0.011506595,0.0,4,12759,1537
KHQS,-0.011978306,0.0,4,12759,1537
NRVM,-0.012402631,0.0002433858,4,12759,1537
CRYF,-0.012523212,0.0010866275,4,12759,1537
IEQV,-0.012667872,0.0,4,12759,1537
YMRE,-0.013020195,0.0003997393,4,12759,1537
DPAL,-0.013451852,0.0,4,12759,1537
EFVN,-0.013899483,0.00042211649,4,12759,1537
ERIN,-0.014188863,0.0,4,12759,1537
PQPL,-0.014217474,0.0002737488,4,12759,1537
KHQW,-0.014508761,0.0004189187,4,12759,1537
MLPT,-0.014895357,0.00023789458,4,12759,1537
QESQ,-0.015189625,0.000121398996,4,12759,1537
TSYK,-0.015697815,0.0007899609,4,12759,1537
NNTV,-0.0162156,0.0003822392,4,12759,1537
VVIY,-0.01634965,0.00016756746,4,12759,1537
CDIC,-0.01742915,0.00074726035,4,12759,1537
QYDS,-0.017461218,0.00031538366,4,12759,1537
YMNQ,-0.017727293,0.00017173064,4,12759,1537
AEGE,-0.018667497,0.002589715,4,12759,1537
CQPF,-0.019173063,0.0013062346,4,12759,1537
MPDN,-0.021272339,0.0,4,12759,1537
WRVL,-0.021435358,0.0006120907,4,12759,1537
KLNR,-0.022554494,0.000347054,4,12759,1537
EGTE,-0.023820378,0.00023234142,4,12759,1537
CCSM,-0.02576349,0.0009835482,4,12759,1537
TDWA,-0.026167132,0.0009534011,4,12759,1537
EEWI,-0.02688501,0.0004189187,4,12759,1537
QLFS,-0.026950099,0.0012304754,4,12759,1537
KMDC,-0.027594127,0.00038400877,4,12759,1537
PCTS,-0.027596869,0.0013534296,4,12759,1537
RQKR,-0.02782879,0.00018130253,4,12759,1537
ERFF,-0.029090263,0.00041266615,4,12759,1537
TEQF,-0.029534854,0.0026851604,4,12759,1537
CWPS,-0.029600479,0.0012691175,4,12759,1537
IEIE,-0.029940404,0.00055575144,4,12759,1537
AINH,-0.030290164,0.0,4,12759,1537
DYTA,-0.03136591,0.0,4,12759,1537
WPFN,-0.031556047,0.00015424618,4,12759,1537
DYQV,-0.03210119,0.0,4,12759,1537
RLQD,-0.0321481,0.0,4,12759,1537
QEQR,-0.032924213,0.00025521815,4,12759,1537
DQQK,-0.033250786,0.01878953,4,12759,1537
KAKQ,-0.03423474,0.00031329892,4,12759,1537
NFYN,-0.036478557,0.00058826874,4,12759,1537
DSIN,-0.036534704,0.00027106507,4,12759,1537
AMKA,-0.04024092,0.0,4,12759,1537
CPTD,-0.040404,0.001559207,4,12759,1537
PMVP,-0.04272703,0.0003219116,4,12759,1537
TFQE,-0.043197133,0.005976686,4,12759,1537
GWSK,-0.043751396,0.0,4,12759,1537
TFRH,-0.04496304,0.00026083618,4,12759,1537
GAVW,-0.046825923,0.0,4,12759,1537
NTFL,-0.04996971,4.4811364e-05,4,12759,1537
APWY,-0.050742663,0.002513512,4,12759,1537
APNV,-0.056169428,0.00084077945,4,12759,1537
KWAM,-0.057933845,0.0006912158,4,12759,1537
CIDV,-0.058704592,0.0006912158,4,12759,1537
DVWQ,-0.0590441,0.0002737488,4,12759,1537
KAKV,-0.060117044,0.00024686282,4,12759,1537
DQVE,-0.06051276,0.0,4,12759,1537
HPEY,-0.064294375,0.00016756746,4,12759,1537
PIEV,-0.06943808,0.0,4,12759,1537
PCIE,-0.06954316,0.00028503741,4,12759,1537
RYFW,-0.07142655,0.00034778152,4,12759,1537
PAVH,-0.07299594,0.000388051,4,12759,1537
QASN,-0.073711194,0.00023266736,4,12759,1537
PWEF,-0.080918826,0.0,4,12759,1537
KWFF,-0.08320216,0.0,4,12759,1537
WLPM,-0.090137996,0.0003160906,4,12759,1537
AHCG,0.6107421,0.36422828,5,15975,1921
FWAA,0.5727992,0.8838785,5,15975,1921
WWLG,0.56100225,0.69382507,5,15975,1921
VYAA,0.54301596,0.5202131,5,15975,1921
AHAA,0.5364852,0.24730165,5,15975,1921
ANCA,0.5135741,0.7623123,5,15975,1921
YHCA,0.51020575,0.46900564,5,15975,1921
VHCA,0.5087962,0.5107968,5,15975,1921
VHAA,0.5060477,0.51554304,5,15975,1921
YWAA,0.48463202,0.57216406,5,15975,1921
AVCA,0.4829402,0.3931133,5,15975,1921
WWFG,0.48269415,0.63991135,5,15975,1921
AACA,0.47000647,0.37746394,5,15975,1921
VWAA,0.466825,0.61774945,5,15975,1921
WWLA,0.46671438,0.6346239,5,15975,1921
WYLG,0.4651084,0.42908934,5,15975,1921
VFAA,0.46319342,0.43311968,5,15975,1921
AYCG,0.4611125,0.16614018,5,15975,1921
AHCC,0.4597926,0.061591066,5,15975,1921
YWLG,0.45712423,0.568064,5,15975,1921
AHCQ,0.45208883,0.0054578832,5,15975,1921
AHLG,0.45042944,0.45589617,5,15975,1921
VNCA,0.45027304,0.54779893,5,15975,1921
FVAA,0.4452529,0.40700093,5,15975,1921
FHAA,0.4362998,0.57152176,5,15975,1921
YWCG,0.43267202,0.43907085,5,15975,1921
VICA,0.43094778,0.4011386,5,15975,1921
MNCA,0.42325163,0.5531759,5,15975,1921
WRFG,0.42001867,0.55333173,5,15975,1921
WILG,0.41909933,0.45257968,5,15975,1921
FKAA,0.41451216,0.36509183,5,15975,1921
FNAA,0.41147757,0.39565933,5,15975,1921
MWLG,0.41123343,0.51526546,5,15975,1921
AHFG,0.40952635,0.24653363,5,15975,1921
LYLG,0.40736532,0.3776175,5,15975,1921
AKCA,0.40646124,0.33652335,5,15975,1921
WSLG,0.40020514,0.46747953,5,15975,1921
LIAA,0.39959478,0.40001738,5,15975,1921
VKCA,0.3968444,0.40321496,5,15975,1921
FWAG,0.39115477,0.656655,5,15975,1921
FYLG,0.38772154,0.42029762,5,15975,1921
WYFG,0.3871627,0.3484317,5,15975,1921
WSFG,0.38651037,0.5112477,5,15975,1921
AWLG,0.38490057,0.47002676,5,15975,1921
WTLG,0.38438177,0.24491529,5,15975,1921
AHLA,0.3841834,0.09145317,5,15975,1921
LRLG,0.38222647,0.5085378,5,15975,1921
FRCA,0.38164473,0.38946012,5,15975,1921
CWLG,0.38076162,0.41885254,5,15975,1921
AVCG,0.37856436,0.16257396,5,15975,1921
LVAA,0.37737417,0.40077633,5,15975,1921
ICAA,0.3761649,0.38316688,5,15975,1921
EHCA,0.37152243,0.33422318,5,15975,1921
FNCA,0.3714614,0.378065,5,15975,1921
ENCA,0.36818457,0.4592745,5,15975,1921
WIFG,0.36574316,0.5167892,5,15975,1921
ACCA,0.36080694,0.16036206,5,15975,1921
LKLG,0.3605895,0.41123253,5,15975,1921
LTCA,0.35963392,0.27447864,5,15975,1921
LTLG,0.35793447,0.21235585,5,15975,1921
AECA,0.352098,0.15206748,5,15975,1921
WHLA,0.3504691,0.3672762,5,15975,1921
FEAA,0.35035276,0.13580358,5,15975,1921
FYYA,0.3479514,0.007432428,5,15975,1921
WWLC,0.34665442,0.69176656,5,15975,1921
QWLG,0.34539557,0.37546515,5,15975,1921
LLLG,0.34446096,0.2811116,5,15975,1921
MHAA,0.34215498,0.3197234,5,15975,1921
MKCA,0.34053946,0.39733562,5,15975,1921
AHGA,0.3383994,0.12441885,5,15975,1921
WTFG,0.33831167,0.34007388,5,15975,1921
YWAG,0.33830976,0.25887454,5,15975,1921
LDLG,0.3377223,0.321783,5,15975,1921
LGLG,0.3372016,0.28152803,5,15975,1921
VEAA,0.33504248,0.20426314,5,15975,1921
YVLG,0.33384085,0.4127906,5,15975,1921
YQAA,0.33246756,0.24502935,5,15975,1921
LVCG,0.32270384,0.30135664,5,15975,1921
WQFG,0.32097197,0.3623994,5,15975,1921
EVCA,0.32045126,0.39954442,5,15975,1921
YHLG,0.32028723,0.40157288,5,15975,1921
LELG,0.31944418,0.19909178,5,15975,1921
LRCG,0.31701803,0.3918407,5,15975,1921
YALG,0.31594992,0.36262736,5,15975,1921
ATCA,0.31315947,0.28602034,5,15975,1921
YYLG,0.31258345,0.3903197,5,15975,1921
LNLA,0.31235647,0.3568892,5,15975,1921
WVCG,0.30717993,0.28573906,5,15975,1921
LVFG,0.30627584,0.39763668,5,15975,1921
YYCG,0.30453062,0.3494215,5,15975,1921
FVLG,0.3043723,0.40206322,5,15975,1921
FILG,0.30339575,0.4302261,5,15975,1921
WYMG,0.30326986,0.30159372,5,15975,1921
WMFG,0.30318975,0.24620052,5,15975,1921
FKCA,0.30229712,0.3253723,5,15975,1921
AHAQ,0.30197096,0.002513512,5,15975,1921
FYYG,0.29895353,0.056791786,5,15975,1921
AVFG,0.29871893,0.38353616,5,15975,1921
AACG,0.298059,0.19744805,5,15975,1921
KNCA,0.29682493,0.34441322,5,15975,1921
LTLA,0.29432058,0.14001773,5,15975,1921
AHLY,0.29388952,0.0009995883,5,15975,1921
LKLA,0.29327917,0.31645605,5,15975,1921
FYGA,0.29238653,0.54883146,5,15975,1921
VECA,0.29233313,0.17119427,5,15975,1921
YHMA,0.29004812,0.2602852,5,15975,1921
FMAA,0.28799582,0.24861167,5,15975,1921
VAFA,0.28725386,0.27430633,5,15975,1921
AHLQ,0.28663397,0.0,5,15975,1921
AWAA,0.28576422,0.040871892,5,15975,1921
YTCA,0.28533316,0.24620871,5,15975,1921
AVLG,0.2822566,0.2987836,5,15975,1921
YLLG,0.2819152,0.27305958,5,15975,1921
YVFG,0.278337,0.45346868,5,15975,1921
MYLG,0.27761793,0.27899465,5,15975,1921
YYAG,0.27650976,0.3495577,5,15975,1921
NHCA,0.27495527,0.16872755,5,15975,1921
FWLV,0.27346373,0.104562104,5,15975,1921
AHVQ,0.2732005,0.0,5,15975,1921
VHMA,0.2721038,0.20677826,5,15975,1921
WTMA,0.27146292,0.18093556,5,15975,1921
LHMA,0.26830816,0.3644818,5,15975,1921
AHLC,0.2660098,0.011970886,5,15975,1921
NWCA,0.26532507,0.04972627,5,15975,1921
KACA,0.26454687,0.30952668,5,15975,1921
YAAG,0.26378393,0.08742281,5,15975,1921
LVMG,0.2635703,0.2646369,5,15975,1921
YFCG,0.2621646,0.22759652,5,15975,1921
CVLG,0.2587657,0.25138903,5,15975,1921
ELLG,0.25730658,0.175895,5,15975,1921
PWLG,0.25522757,0.0017799549,5,15975,1921
WAMG,0.25340796,0.23204152,5,15975,1921
HDCA,0.25337362,0.22832419,5,15975,1921
FWAV,0.2527995,0.025376141,5,15975,1921
HWCG,0.25248098,0.25379264,5,15975,1921
ANAA,0.25034285,0.21417955,5,15975,1921
IMAA,0.24872732,0.27615374,5,15975,1921
HRLG,0.24650145,0.32684726,5,15975,1921
KICA,0.24522161,0.36695534,5,15975,1921
FYKA,0.24446249,0.0014178787,5,15975,1921
VPCA,0.24279737,0.33221027,5,15975,1921
AHFQ,0.2419219,0.0,5,15975,1921
FWLI,0.23806906,0.001049948,5,15975,1921
FKLG,0.23720312,0.3920826,5,15975,1921
VHFA,0.2367034,0.26883295,5,15975,1921
VHAC,0.23665762,0.33113557,5,15975,1921
FLLG,0.23509741,0.2629824,5,15975,1921
AHNQ,0.23462439,0.0040243184,5,15975,1921
VKFA,0.23415518,0.08555913,5,15975,1921
WFCG,0.23375463,0.31523126,5,15975,1921
VHGA,0.23311377,0.2813326,5,15975,1921
FWLC,0.23265219,0.3437011,5,15975,1921
MCLG,0.23152876,0.24327618,5,15975,1921
FYKG,0.22991705,0.0013824316,5,15975,1921
FWAS,0.2296691,0.31253454,5,15975,1921
AILG,0.22783804,0.323489,5,15975,1921
AFLG,0.22641134,0.2668093,5,15975,1921
VALG,0.22630453,0.421197,5,15975,1921
VYAC,0.22377157,0.30048534,5,15975,1921
ANCQ,0.22296476,0.0033459358,5,15975,1921
VAAQ,0.22115469,0.0006855033,5,15975,1921
AELG,0.21990538,0.110594526,5,15975,1921
VIAC,0.21918249,0.32108673,5,15975,1921
MMCA,0.21736479,0.20506835,5,15975,1921
SKCA,0.21588278,0.19181238,5,15975,1921
ANCR,0.2156272,0.0,5,15975,1921
YHAQ,0.21527624,0.00029518118,5,15975,1921
VNMA,0.21291494,0.20282109,5,15975,1921
CALG,0.21181631,0.27643567,5,15975,1921
THCA,0.21135092,0.5279572,5,15975,1921
ANCT,0.20847464,0.020736475,5,15975,1921
FWAT,0.20712423,0.08216706,5,15975,1921
YWYG,0.20676565,0.1003543,5,15975,1921
LGLC,0.20567656,0.013183189,5,15975,1921
YWVG,0.20530272,0.13339253,5,15975,1921
VKMA,0.20435476,0.10651844,5,15975,1921
KFCA,0.20330572,0.046422396,5,15975,1921
YAAQ,0.20297003,0.0002715976,5,15975,1921
KKCA,0.2028575,0.28863558,5,15975,1921
FGCA,0.20168829,0.13789319,5,15975,1921
FVMG,0.20116949,0.18334596,5,15975,1921
IHGA,0.2007842,0.24506576,5,15975,1921
FFLG,0.19975424,0.3782583,5,15975,1921
LCMA,0.19949102,0.2502707,5,15975,1921
AKFG,0.19858885,0.27648634,5,15975,1921
CWMA,0.19829512,0.15984365,5,15975,1921
HKLG,0.196424,0.25906125,5,15975,1921
KVMG,0.19634199,0.038509827,5,15975,1921
EFLG,0.19632864,0.20130946,5,15975,1921
HLLG,0.19455671,0.14624132,5,15975,1921
MVMG,0.19304991,0.19100921,5,15975,1921
FWAD,0.18193197,0.007127988,5,15975,1921
FHLA,0.1815753,0.22538014,5,15975,1921
LTLC,0.1811614,0.07939853,5,15975,1921
EHMA,0.17937231,0.06028938,5,15975,1921
EGCA,0.17710638,0.17164607,5,15975,1921
LRLC,0.17705297,0.292625,5,15975,1921
AQLG,0.17406607,0.17014544,5,15975,1921
LKLC,0.17352057,0.18433869,5,15975,1921
LRSA,0.16994238,0.20492728,5,15975,1921
HMLG,0.16967535,0.13226749,5,15975,1921
CMLG,0.16878462,0.097126715,5,15975,1921
WWGC,0.16849661,0.23169039,5,15975,1921
WHGA,0.16713476,0.20248558,5,15975,1921
AFCQ,0.1648879,0.0,5,15975,1921
LKAC,0.16440344,0.23607339,5,15975,1921
LRIA,0.15983343,0.0007891698,5,15975,1921
RELG,0.15857458,0.01510233,5,15975,1921
LNIA,0.15312529,0.0007379997,5,15975,1921
YWNG,0.1525855,0.0011059452,5,15975,1921
ANCK,0.15213919,0.0029594128,5,15975,1921
FYPG,0.1483779,0.0041266615,5,15975,1921
VSAC,0.14392805,0.29843122,5,15975,1921
WIFI,0.14226294,0.025694966,5,15975,1921
FTMA,0.13636541,0.06888727,5,15975,1921
WAGC,0.13442755,0.101701595,5,15975,1921
YHCQ,0.13400412,0.0011318154,5,15975,1921
KVCC,0.13270712,0.066782795,5,15975,1921
YNAQ,0.1298194,0.00022662817,5,15975,1921
TYCG,0.1295104,0.22395392,5,15975,1921
LWSA,0.12858725,0.04346091,5,15975,1921
EECA,0.12705374,0.17048289,5,15975,1921
HWMA,0.12677526,0.03965604,5,15975,1921
FEMA,0.12534094,0.052016918,5,15975,1921
VHTA,0.12385893,0.009507633,5,15975,1921
RKAC,0.11783743,0.0010440239,5,15975,1921
YICF,0.11146307,0.003398156,5,15975,1921
FTGA,0.10886526,0.20716439,5,15975,1921
YHCP,0.10805273,0.0011610974,5,15975,1921
MNIA,0.10565519,0.00047835003,5,15975,1921
YKIA,0.10418463,0.0004030413,5,15975,1921
YICQ,0.100430965,0.0011917514,5,15975,1921
MSCW,0.0986228,0.0007726164,5,15975,1921
YICR,0.09324026,0.0013850953,5,15975,1921
RHAQ,0.09314489,0.0003617578,5,15975,1921
MVIA,0.091144085,0.0007696209,5,15975,1921
FVWK,0.08927679,0.00028212892,5,15975,1921
YNLQ,0.088302135,0.00089029584,5,15975,1921
FLLQ,0.087123394,0.00031478514,5,15975,1921
HVWL,0.085706234,0.00016756746,5,15975,1921
VSCR,0.08483267,0.0006065131,5,15975,1921
MRPR,0.08479071,0.00025336666,5,15975,1921
EHCS,0.08467245,0.011355688,5,15975,1921
HRWW,0.07908392,0.0,5,15975,1921
MHCS,0.07842779,0.122443944,5,15975,1921
HALQ,0.075734615,0.00031300337,5,15975,1921
MYWM,0.07451391,0.0035675655,5,15975,1921
FNLQ,0.07179022,0.00051439315,5,15975,1921
YMLI,0.07092428,0.0013229011,5,15975,1921
RRVG,0.070073605,0.0015378529,5,15975,1921
PEID,0.06707907,0.04897221,5,15975,1921
YNCW,0.06612539,0.00016074789,5,15975,1921
YIMN,0.06485891,0.0,5,15975,1921
TNGC,0.06371832,0.13537396,5,15975,1921
YNCF,0.06274748,0.0031902269,5,15975,1921
GHDS,0.062577724,0.00018432419,5,15975,1921
NMHD,0.060018063,0.016536856,5,15975,1921
FEMT,0.05808401,0.013469847,5,15975,1921
LEFV,0.057820797,0.03170715,5,15975,1921
KVQM,0.053208828,0.00039498045,5,15975,1921
TIMA,0.050500393,0.0075725554,5,15975,1921
HCGL,0.049619198,0.0605008,5,15975,1921
FFQG,0.049155712,0.0,5,15975,1921
VSMP,0.047788143,0.0013927483,5,15975,1921
EYCL,0.04768133,0.0017280395,5,15975,1921
YYKF,0.044497967,0.0,5,15975,1921
EDWY,0.042550564,0.00070893933,5,15975,1921
MEWC,0.042081356,0.0012426352,5,15975,1921
GTVQ,0.04097128,0.0,5,15975,1921
NNEV,0.040484905,0.0,5,15975,1921
IDDR,0.039329052,0.0005027024,5,15975,1921
QNCK,0.03928137,0.00031780035,5,15975,1921
CFFL,0.034404278,0.0016007103,5,15975,1921
GKTD,0.03328848,0.0014010959,5,15975,1921
TRTM,0.032687664,0.00044594568,5,15975,1921
DNGW,0.029218197,0.00036864838,5,15975,1921
QDIL,0.028764248,0.00016263903,5,15975,1921
NDSH,0.02861929,0.0002393821,5,15975,1921
CNHF,0.026917934,0.00033311607,5,15975,1921
EFEV,0.02660513,0.0,5,15975,1921
RTVT,0.026002407,0.00028158803,5,15975,1921
QIKP,0.025727749,0.0002916522,5,15975,1921
MVAS,0.0255332,0.104016416,5,15975,1921
QFTL,0.025498867,0.000104729625,5,15975,1921
RLTW,0.024117947,0.00026359927,5,15975,1921
QSWR,0.022298336,0.00021381248,5,15975,1921
GEKR,0.02200079,0.0,5,15975,1921
IPKS,0.021420956,0.00021433049,5,15975,1921
KEVD,0.021211147,0.0,5,15975,1921
GMTD,0.019437313,0.0015298502,5,15975,1921
AVIY,0.019261837,0.0,5,15975,1921
PTQW,0.016416073,0.0,5,15975,1921
SIGL,0.016263485,0.026437802,5,15975,1921
YIPH,0.01606512,0.00040265,5,15975,1921
LHLM,0.015578747,0.0038249097,5,15975,1921
RQCA,0.014512539,0.13541353,5,15975,1921
RKPW,0.013558865,0.00018150086,5,15975,1921
SNWP,0.013417721,0.00048294556,5,15975,1921
QEDR,0.012509823,0.00026296254,5,15975,1921
DSMC,0.0116324425,0.0013597688,5,15975,1921
QFRK,0.010865688,0.00021105824,5,15975,1921
QCGP,0.01003027,0.0013092668,5,15975,1921
CNRR,0.0096793175,0.0010778706,5,15975,1921
VSNT,0.0090994835,0.00032056388,5,15975,1921
RHSR,0.00826025,0.00033445924,5,15975,1921
ERWW,0.0081419945,0.0,5,15975,1921
RTWL,0.0068449974,0.00024950085,5,15975,1921
FLYF,0.005792141,0.0009404296,5,15975,1921
CDIT,0.005727291,0.00042977152,5,15975,1921
HCDL,0.0044150352,0.00086157204,5,15975,1921
FAVE,0.0044112206,0.0,5,15975,1921
IYKS,0.004254818,0.00028800662,5,15975,1921
HHHS,0.0029616356,0.0009372418,5,15975,1921
HNRK,0.0025572777,0.00024147278,5,15975,1921
QVTV,0.0013899803,0.00022333303,5,15975,1921
RQML,0.0008673668,0.0002811725,5,15975,1921
NMNM,-0.00015497208,0.0,5,15975,1921
ENVV,-0.00073099136,0.0005408823,5,15975,1921
TPGF,-0.0023026466,0.00055297266,5,15975,1921
AEMM,-0.0025734901,0.001480046,5,15975,1921
DSEN,-0.0025925636,0.00076801755,5,15975,1921
QERD,-0.0036492348,0.0032527803,5,15975,1921
YAQL,-0.0048508644,0.00010552917,5,15975,1921
EPVF,-0.007139683,0.0,5,15975,1921
VENV,-0.007650852,0.00065311725,5,15975,1921
FKQN,-0.008268833,0.0,5,15975,1921
LMHQ,-0.008276463,0.00017554691,5,15975,1921
TKHF,-0.008459568,0.0016263901,5,15975,1921
PDYI,-0.009390354,0.0,5,15975,1921
LIVW,-0.011690617,0.00018702567,5,15975,1921
AKYM,-0.012075901,0.004158456,5,15975,1921
QTYA,-0.012583256,0.005128606,5,15975,1921
NEMC,-0.013338566,0.00075749675,5,15975,1921
VCQY,-0.013706684,0.0016263901,5,15975,1921
YMYL,-0.014242649,0.00023381502,5,15975,1921
TSCH,-0.014570713,0.00034560793,5,15975,1921
MHIR,-0.014914036,0.00016962353,5,15975,1921
TYSN,-0.018557072,0.0,5,15975,1921
DCRG,-0.019880772,0.0046081054,5,15975,1921
CMEW,-0.021379948,0.0006010572,5,15975,1921
NRQW,-0.023489475,0.0,5,15975,1921
THTA,-0.024549961,0.0012288281,5,15975,1921
MEQY,-0.024893284,0.0,5,15975,1921
YNPS,-0.025606632,0.00040153612,5,15975,1921
CAER,-0.025808811,0.00071899523,5,15975,1921
CQND,-0.026171207,0.0129481405,5,15975,1921
NLLV,-0.02755022,0.0002287374,5,15975,1921
MNFE,-0.02841425,0.0008200865,5,15975,1921
QCMY,-0.030092716,0.0012379985,5,15975,1921
GNSG,-0.030146122,7.353359e-05,5,15975,1921
LQWT,-0.03017664,0.0006036819,5,15975,1921
DREG,-0.03195429,0.0006010572,5,15975,1921
DKEK,-0.03296137,0.0,5,15975,1921
VMEW,-0.037321568,0.0,5,15975,1921
MLED,-0.038336277,0.0009935544,5,15975,1921
VMWH,-0.039244175,0.00016858923,5,15975,1921
LYNT,-0.04149866,0.00059734704,5,15975,1921
SCYC,-0.047274113,0.0008824031,5,15975,1921
KSTY,-0.048185825,0.00028562633,5,15975,1921
GFMG,-0.049143314,0.0027977782,5,15975,1921
ALTI,-0.049429417,0.0,5,15975,1921
AMAL,-0.05084467,0.0040265,5,15975,1921
GEYY,-0.054590702,0.0,5,15975,1921
CPDS,-0.055227757,0.0003707671,5,15975,1921
AMNV,-0.058157444,0.0,5,15975,1921
WTCN,-0.06026697,0.0013796722,5,15975,1921
VELS,-0.06193781,0.0009953508,5,15975,1921
TVCL,-0.06223154,0.0014628907,5,15975,1921
FHIR,-0.0633111,0.00024467814,5,15975,1921
GAMM,-0.0650239,0.00017953658,5,15975,1921
IKHI,-0.06924677,0.00017067052,5,15975,1921
HARP,-0.07000208,0.00020774243,5,15975,1921
WFTP,-0.076918125,0.00014243714,5,15975,1921
TCPS,-0.0773263,0.0006912158,5,15975,1921
GVVY,-0.07999468,0.00015745235,5,15975,1921
FNSP,-0.08411646,5.1487183e-05,5,15975,1921
TASH,-0.089651585,0.0,5,15975,1921
QWHW,-0.091398716,0.0,5,15975,1921
DIAE,-0.09143305,0.0,5,15975,1921
AAPI,-0.09175348,0.0,5,15975,1921
CSCR,-0.09754801,0.00045030346,5,15975,1921
DMCC,-0.13958597,0.0012021145,5,15975,1921
WFEL,-0.15230417,0.00031351036,5,15975,1921
DCCR,-0.16737795,0.00041266615,5,15975,1921
