{"run_id": "16:34:34-05/18/2022", "exp_name": "BO_EVO_proposal-function=UCB", "encoder_name": "ProtTrans_prot_t5_xl_uniref50", "model_name": "GPyTorch", "landscape_name": "GB1_combo", "rounds": 5, "expmt_queries_per_round": 384, "model_queries_per_round": 3072}
sequence,model_score,true_score,round,model_cost,measurement_cost
TKAA,,0.15863559,0,0,1
YKHM,0.14587663,0.0,1,3078,385
RDAV,0.14587663,0.00022976704,1,3078,385
LEKS,0.14587663,0.00011103866,1,3078,385
NEKS,0.14587663,0.0,1,3078,385
NIKS,0.14587663,0.0,1,3078,385
GHKQ,0.14587663,0.0,1,3078,385
GLKH,0.14587663,0.00044237808,1,3078,385
GLKV,0.14587663,0.0,1,3078,385
CLAV,0.14587663,0.0021199274,1,3078,385
CLAS,0.14587663,0.0024860252,1,3078,385
NLAS,0.14587663,0.00015094792,1,3078,385
NEAS,0.14587663,0.00022442068,1,3078,385
KETS,0.14587663,0.0002757968,1,3078,385
KITS,0.14587663,0.00030309102,1,3078,385
KEIA,0.14587663,0.00042609192,1,3078,385
AEIA,0.14587663,0.0,1,3078,385
AEPA,0.14587663,0.0007057772,1,3078,385
AIPA,0.14587663,0.0020480468,1,3078,385
RIMF,0.14587663,0.00023480796,1,3078,385
RIMP,0.14587663,0.00025953032,1,3078,385
RILL,0.14587663,0.0004200254,1,3078,385
RIML,0.14587663,0.00038759768,1,3078,385
IVML,0.14587663,0.0006213176,1,3078,385
LEKT,0.14587663,0.00024147278,1,3078,385
LPKT,0.14587663,0.00026930487,1,3078,385
LTET,0.14587663,0.00017866642,1,3078,385
WVDI,0.14587663,0.000121919526,1,3078,385
WGVP,0.14587663,0.00022619661,1,3078,385
WEVP,0.14587663,0.00022035948,1,3078,385
NQVP,0.14587663,0.00016074789,1,3078,385
VFVI,0.14587663,0.0005888654,1,3078,385
VIVI,0.14587663,0.00046081058,1,3078,385
DIVI,0.14587663,0.0,1,3078,385
DIDI,0.14587663,0.00074726035,1,3078,385
AIDI,0.14587663,0.0,1,3078,385
SHDI,0.14587663,0.0,1,3078,385
WVDH,0.14587663,0.00026649283,1,3078,385
LCRT,0.14587663,0.0023347733,1,3078,385
WVDC,0.14587663,0.0005360273,1,3078,385
WVDR,0.14587663,0.00026255482,1,3078,385
DVAR,0.14587663,0.00012624945,1,3078,385
DVMR,0.14587663,0.0,1,3078,385
DEMR,0.14587663,0.0,1,3078,385
DVVC,0.14587663,0.0006213176,1,3078,385
DVDC,0.14587663,0.0,1,3078,385
DVRT,0.14587663,0.0004495713,1,3078,385
QCRT,0.14587663,0.0012899828,1,3078,385
FVMI,0.14587663,0.014356021,1,3078,385
NVMI,0.14587663,0.000121800185,1,3078,385
NVDI,0.14587663,0.00021770572,1,3078,385
DAYF,0.14587663,0.00095412816,1,3078,385
GRLF,0.14587663,0.00023783768,1,3078,385
GYLF,0.14587663,0.0,1,3078,385
IYLF,0.14587663,0.00089189137,1,3078,385
NYLF,0.14587663,0.0,1,3078,385
NYLP,0.14587663,0.0,1,3078,385
DYTQ,0.14587663,0.00081319513,1,3078,385
TYTV,0.14587663,0.0,1,3078,385
DYTV,0.14587663,0.0,1,3078,385
DADV,0.14587663,0.00070893933,1,3078,385
DAKF,0.14587663,0.0012979291,1,3078,385
GFMF,0.14587663,0.0,1,3078,385
IDKF,0.14587663,0.0,1,3078,385
ICKR,0.14587663,0.0016619397,1,3078,385
VCKR,0.14587663,0.0015108542,1,3078,385
VFGC,0.14587663,0.37359878,1,3078,385
VFDC,0.14587663,0.00031719267,1,3078,385
AGDC,0.14587663,0.0024394463,1,3078,385
NGDC,0.14587663,0.00087082305,1,3078,385
NEVC,0.14587663,0.00068148033,1,3078,385
NIVC,0.14587663,0.0009497621,1,3078,385
GHLF,0.14587663,0.0,1,3078,385
DFRP,0.14587663,0.0006490289,1,3078,385
NLDI,0.14587663,0.0006810008,1,3078,385
YQQG,0.14587663,0.00022662817,1,3078,385
NLDP,0.14587663,0.00016731395,1,3078,385
NLCP,0.14587663,0.0009874512,1,3078,385
NVCP,0.14587663,0.0013295889,1,3078,385
NVCY,0.14587663,0.0010240235,1,3078,385
NVVY,0.14587663,0.00040431073,1,3078,385
NVYR,0.14587663,0.00030162145,1,3078,385
AVYR,0.14587663,0.0,1,3078,385
AQYR,0.14587663,0.0,1,3078,385
AQYG,0.14587663,0.058861274,1,3078,385
YQMG,0.14587663,0.1347642,1,3078,385
PFRP,0.14587663,0.00038211342,1,3078,385
WQKW,0.14587663,0.0,1,3078,385
WQDW,0.14587663,0.0005346421,1,3078,385
WRDW,0.14587663,0.00013943839,1,3078,385
LRDW,0.14587663,0.00022539646,1,3078,385
IRDW,0.14587663,0.0002185663,1,3078,385
TYDW,0.14587663,0.0,1,3078,385
TYAM,0.14587663,0.0049372558,1,3078,385
PAAS,0.14587663,0.0007644783,1,3078,385
PFRT,0.14587663,0.00020900692,1,3078,385
WGVM,0.14587663,0.00018979353,1,3078,385
WVVS,0.14587663,0.0006142047,1,3078,385
WRVS,0.14587663,0.00047999795,1,3078,385
GFCK,0.14587663,0.0012712015,1,3078,385
SIMR,0.14587663,0.00038515506,1,3078,385
KIMH,0.14587663,0.0002349742,1,3078,385
SMMH,0.14587663,0.00017173064,1,3078,385
YMIT,0.14587663,0.0003753208,1,3078,385
GMIN,0.14587663,0.00024253188,1,3078,385
GPII,0.14587663,0.0,1,3078,385
GEII,0.14587663,0.0,1,3078,385
GEYI,0.14587663,0.0,1,3078,385
GECI,0.14587663,0.0,1,3078,385
LFNK,0.14587663,0.00044026482,1,3078,385
SIRW,0.14587663,0.0003127673,1,3078,385
AFNK,0.14587663,0.0019749023,1,3078,385
AFNF,0.14587663,0.0,1,3078,385
RMRF,0.14587663,0.00025736762,1,3078,385
RQYF,0.14587663,0.0,1,3078,385
DQYF,0.14587663,0.0,1,3078,385
AQYF,0.14587663,0.006449732,1,3078,385
AQEL,0.14587663,0.0,1,3078,385
ASKL,0.14587663,0.0013824316,1,3078,385
NSKL,0.14587663,0.00011765375,1,3078,385
SIRR,0.14587663,0.00028517743,1,3078,385
WIRS,0.14587663,0.002151058,1,3078,385
INKK,0.14587663,0.000307207,1,3078,385
FCPR,0.14587663,0.00053170446,1,3078,385
GRAA,0.14587663,0.0018480422,1,3078,385
GVAA,0.14587663,0.00081203,1,3078,385
WAAA,0.14587663,0.25711462,1,3078,385
WAMA,0.14587663,0.35099497,1,3078,385
IHPA,0.14587663,0.0006356007,1,3078,385
IEPL,0.14587663,0.00033717847,1,3078,385
WEPL,0.14587663,0.00024536904,1,3078,385
WAPL,0.14587663,0.00023778655,1,3078,385
QLPL,0.14587663,0.0002003524,1,3078,385
DCPR,0.14587663,0.0006010572,1,3078,385
EIDS,0.14587663,0.00024613025,1,3078,385
DLTR,0.14587663,0.00074726035,1,3078,385
DLDR,0.14587663,0.00044594568,1,3078,385
DLMR,0.14587663,0.00041421168,1,3078,385
DLVR,0.14587663,0.0002320165,1,3078,385
DLWS,0.14587663,0.00046862086,1,3078,385
DEWS,0.14587663,0.0,1,3078,385
DVWS,0.14587663,0.00015890023,1,3078,385
DRWS,0.14587663,0.0,1,3078,385
DRDS,0.14587663,0.00036379782,1,3078,385
MSKD,0.14587663,0.0015892118,1,3078,385
LNKK,0.14587663,0.0003711226,1,3078,385
LRVN,0.14587663,0.00040947754,1,3078,385
EICP,0.14587663,0.0011148641,1,3078,385
DTDP,0.14587663,0.0007029313,1,3078,385
VTDP,0.14587663,0.00025365717,1,3078,385
VTED,0.14587663,0.0050052064,1,3078,385
NTED,0.14587663,0.005683786,1,3078,385
QTHK,0.14587663,0.00028503741,1,3078,385
PTHC,0.14587663,0.0007275955,1,3078,385
PIHC,0.14587663,0.0011059452,1,3078,385
EIGL,0.14587663,0.055297263,1,3078,385
EICL,0.14587663,0.003405991,1,3078,385
EIYP,0.14587663,0.00034778152,1,3078,385
LTNP,0.14587663,0.00024841542,1,3078,385
EEYP,0.14587663,0.00076801755,1,3078,385
AIYP,0.14587663,0.002633203,1,3078,385
AQYP,0.14587663,0.0011721681,1,3078,385
AEYP,0.14587663,0.0,1,3078,385
ADYP,0.14587663,0.0,1,3078,385
ADVE,0.14587663,0.0,1,3078,385
CKVN,0.14587663,0.0012343139,1,3078,385
CAVN,0.14587663,0.0005671514,1,3078,385
CRVN,0.14587663,0.0010247825,1,3078,385
WTDP,0.14587663,0.00022407719,1,3078,385
LTWP,0.14587663,0.0003617578,1,3078,385
LKKC,0.14587663,0.0002764863,1,3078,385
VYQT,0.14587663,0.0013597688,1,3078,385
LKKR,0.14587663,0.0002369883,1,3078,385
LKNR,0.14587663,0.00019919766,1,3078,385
ATNR,0.14587663,0.0,1,3078,385
AINR,0.14587663,0.0,1,3078,385
CLNN,0.14587663,0.00044120156,1,3078,385
CYNN,0.14587663,0.0008253323,1,3078,385
DYDN,0.14587663,0.0,1,3078,385
VNDN,0.14587663,0.00063414295,1,3078,385
VYDN,0.14587663,0.0009534011,1,3078,385
KHQT,0.14587663,0.00025600588,1,3078,385
DTWP,0.14587663,0.0,1,3078,385
KTIT,0.14587663,0.0002196827,1,3078,385
KRIT,0.14587663,0.0004805672,1,3078,385
KIIT,0.14587663,0.00016589179,1,3078,385
KIIP,0.14587663,0.0003604105,1,3078,385
KSIV,0.14587663,0.00037874837,1,3078,385
KSNV,0.14587663,0.0003247323,1,3078,385
KSNP,0.14587663,0.0001863953,1,3078,385
KINP,0.14587663,0.00037653776,1,3078,385
KTWP,0.14587663,0.00026394872,1,3078,385
NIVM,0.14587663,0.00042667642,1,3078,385
NIQM,0.14587663,0.0012021145,1,3078,385
LIQM,0.14587663,0.0007275955,1,3078,385
AEWF,0.14587663,0.00060984597,1,3078,385
WVAL,0.14587663,0.012746665,1,3078,385
WVAG,0.14587663,0.10359707,1,3078,385
WRAG,0.14587663,0.09814933,1,3078,385
WEVR,0.14587663,0.00017084635,1,3078,385
WVVR,0.14587663,0.0002294175,1,3078,385
WQVR,0.14587663,0.00029015407,1,3078,385
WQWQ,0.14587663,0.0005088706,1,3078,385
AQWQ,0.14587663,0.002248054,1,3078,385
AEWQ,0.14587663,0.0,1,3078,385
AEAK,0.14587663,0.00092916895,1,3078,385
FRAL,0.14587663,0.0046239956,1,3078,385
AEMK,0.14587663,0.0013723276,1,3078,385
WSMV,0.14587663,0.06519422,1,3078,385
WRMV,0.14587663,0.18119949,1,3078,385
YRMG,0.14587663,0.28248972,1,3078,385
VRTG,0.14587663,0.0017363875,1,3078,385
VRLA,0.14587663,0.11934108,1,3078,385
QVLT,0.14587663,0.16296175,1,3078,385
CRST,0.14587663,0.0016263901,1,3078,385
DRST,0.14587663,0.00031182665,1,3078,385
WRAL,0.14587663,0.019994838,1,3078,385
FIFL,0.14587663,0.0032527803,1,3078,385
DRMD,0.14587663,0.00014475801,1,3078,385
HQGF,0.14587663,0.014134975,1,3078,385
PADI,0.14587663,0.00046862086,1,3078,385
PVDI,0.14587663,0.00045325622,1,3078,385
PNDM,0.14587663,0.0,1,3078,385
PVDM,0.14587663,0.0,1,3078,385
PVDF,0.14587663,0.00013553254,1,3078,385
PMDF,0.14587663,0.00014034839,1,3078,385
PTIF,0.14587663,0.00032527806,1,3078,385
HQIF,0.14587663,0.00062837807,1,3078,385
HQNF,0.14587663,0.0,1,3078,385
HQYF,0.14587663,0.0,1,3078,385
SIYV,0.14587663,0.0005845377,1,3078,385
HQVF,0.14587663,0.00032527806,1,3078,385
EQLL,0.14587663,0.0007931984,1,3078,385
ERLF,0.14587663,0.0010913934,1,3078,385
ERLP,0.14587663,0.000868811,1,3078,385
ARLP,0.14587663,0.00913607,1,3078,385
VKLP,0.14587663,0.017463809,1,3078,385
VILP,0.14587663,0.031475004,1,3078,385
VMYP,0.14587663,0.003320466,1,3078,385
SIYE,0.14587663,0.00026713652,1,3078,385
DRFD,0.14587663,0.00035099537,1,3078,385
MKMD,0.14587663,0.0,1,3078,385
NACF,0.14587663,0.00091400434,1,3078,385
LGPE,0.14587663,0.00038400877,1,3078,385
HVDK,0.14587663,0.00013166018,1,3078,385
WVDK,0.14587663,0.00013150362,1,3078,385
LQDK,0.14587663,0.0,1,3078,385
LCDP,0.14587663,0.000795893,1,3078,385
LADP,0.14587663,0.00010606896,1,3078,385
GADP,0.14587663,0.0,1,3078,385
EADE,0.14587663,0.0,1,3078,385
EACE,0.14587663,0.00071351306,1,3078,385
EGPE,0.14587663,0.00018130253,1,3078,385
LGNE,0.14587663,0.00044451174,1,3078,385
LVTE,0.14587663,0.00023573743,1,3078,385
LINE,0.14587663,0.00013041809,1,3078,385
LIYL,0.14587663,0.000777466,1,3078,385
AIYL,0.14587663,0.00048506376,1,3078,385
ARKD,0.14587663,0.021181181,1,3078,385
ARKF,0.14587663,0.0020611058,1,3078,385
AMFS,0.14587663,0.001256756,1,3078,385
DACI,0.14587663,0.0,1,3078,385
DYHE,0.14587663,0.0030979367,1,3078,385
EHVN,0.14587663,0.00024908676,1,3078,385
NVTK,0.14587663,0.00036063432,1,3078,385
LMTE,0.14587663,0.00049614185,1,3078,385
FKMA,0.14587663,0.21038881,1,3078,385
MHMV,0.14587663,0.005811496,1,3078,385
FKMS,0.14587663,0.016128369,1,3078,385
QVGS,0.14587663,0.021807944,1,3078,385
GVGS,0.14587663,0.00033290492,1,3078,385
GHGV,0.14587663,0.006411277,1,3078,385
FHGV,0.14587663,0.28283805,1,3078,385
FHCV,0.14587663,0.039498046,1,3078,385
NHCV,0.14587663,0.0008378374,1,3078,385
MDCV,0.14587663,0.029160667,1,3078,385
MHCV,0.14587663,0.047629997,1,3078,385
MRVV,0.14587663,0.0022427747,1,3078,385
LGTM,0.14587663,7.035275e-05,1,3078,385
TRFP,0.14587663,0.00034821953,1,3078,385
MRFV,0.14587663,0.07562466,1,3078,385
MRYV,0.14587663,0.012622202,1,3078,385
PRYC,0.14587663,0.0016145187,1,3078,385
PLYC,0.14587663,0.00018432419,1,3078,385
PLDC,0.14587663,0.00077610195,1,3078,385
FLTC,0.14587663,0.0005296673,1,3078,385
FNTC,0.14587663,0.0,1,3078,385
LNTS,0.14587663,0.00073120353,1,3078,385
PACI,0.14587663,0.00070893933,1,3078,385
NAFF,0.14587663,0.00046081058,1,3078,385
LTKD,0.14587663,0.0021518709,1,3078,385
AQQQ,0.14587663,0.0046700947,1,3078,385
ADMP,0.14587663,0.0,1,3078,385
AEMP,0.14587663,0.0,1,3078,385
NEMP,0.14587663,0.00058412604,1,3078,385
NEYR,0.14587663,0.0004106233,1,3078,385
NMTR,0.14587663,6.283783e-05,1,3078,385
YMWD,0.14587663,0.0026603013,1,3078,385
YQWD,0.14587663,0.0053995866,1,3078,385
YQMD,0.14587663,0.004612257,1,3078,385
AQAQ,0.14587663,0.0010798429,1,3078,385
ALQQ,0.14587663,0.0014551912,1,3078,385
YDMN,0.14587663,0.0,1,3078,385
ALQR,0.14587663,0.0005760131,1,3078,385
ALKR,0.14587663,0.00058826874,1,3078,385
GLKR,0.14587663,0.0005566838,1,3078,385
GLMR,0.14587663,0.0002722087,1,3078,385
GIMR,0.14587663,0.00035752542,1,3078,385
GIMV,0.14587663,0.00021268176,1,3078,385
GINV,0.14587663,0.00012343137,1,3078,385
GIGV,0.14587663,0.0010835747,1,3078,385
GQMV,0.14587663,0.0011362452,1,3078,385
YDMP,0.14587663,0.00024908676,1,3078,385
YDCN,0.14587663,0.0007372969,1,3078,385
GQNC,0.14587663,0.0,1,3078,385
LIVA,0.14587663,0.0027581523,1,3078,385
LVKR,0.14587663,0.00034865865,1,3078,385
LKKA,0.14587663,0.0047204983,1,3078,385
GKNC,0.14587663,0.0006743568,1,3078,385
GKMC,0.14587663,0.00065311725,1,3078,385
GLIC,0.14587663,0.0005120117,1,3078,385
LGHC,0.14587663,0.00052167237,1,3078,385
LNHA,0.14587663,0.0019749023,1,3078,385
LIHA,0.14587663,0.0019749023,1,3078,385
LINA,0.14587663,0.09710653,1,3078,385
LEAA,0.14587663,0.17273317,1,3078,385
CDNS,0.14587663,0.0019102691,1,3078,385
LEMA,0.14587663,0.13984308,1,3078,385
LENA,0.14587663,0.014548735,1,3078,385
LEDA,0.14587663,0.00038324838,1,3078,385
LTDW,0.14587663,0.00034134116,1,3078,385
GLDW,0.14587663,0.0,1,3078,385
GLDF,0.14587663,0.00014551914,1,3078,385
IDDF,0.14587663,0.0,1,3078,385
IDNF,0.14587663,0.0,1,3078,385
IDNS,0.14587663,0.00066623214,1,3078,385
GQNV,0.14587663,0.0,1,3078,385
GRNC,0.14587663,0.00091400434,1,3078,385
NATF,0.14587663,0.0,1,3078,385
LICW,0.14587663,0.0014852571,1,3078,385
KIDW,0.14587663,0.00022387554,1,3078,385
KQDW,0.14587663,0.0004007048,1,3078,385
KRDW,0.14587663,0.00011765375,1,3078,385
KGDW,0.14587663,0.00019443486,1,3078,385
IGDW,0.14587663,0.00031418898,1,3078,385
LRNW,0.14587663,0.0,1,3078,385
LRMW,0.14587663,0.0006991608,1,3078,385
LRYW,0.14587663,0.0004712835,1,3078,385
LRCW,0.14587663,0.0012992779,1,3078,385
AVQW,0.14587663,0.00094512204,1,3078,385
LEDP,0.14587663,0.00031007815,1,3078,385
AVMW,0.14587663,0.0005777612,1,3078,385
AYPW,0.14587663,0.00011548924,1,3078,385
AYCW,0.14587663,0.001949467,1,3078,385
AVCA,0.14587663,0.3931133,1,3078,385
DVCA,0.14587663,0.033603724,1,3078,385
DGCW,0.14587663,0.0,1,3078,385
DGCR,0.14587663,0.00070893933,1,3078,385
NACR,0.14587663,0.00038294503,1,3078,385
NAKR,0.14587663,0.00029890414,1,3078,385
KEDW,0.14587663,0.00055968895,1,3078,385
LECP,0.14587663,0.000818428,1,3078,385
GRWC,0.14587663,0.0007029313,1,3078,385
IRVN,0.14587663,0.00026627898,1,3078,385
GRDC,0.14587663,0.00013963952,1,3078,385
KRDI,0.14587663,0.00022662817,1,3078,385
KGFT,0.14587663,0.0005145683,1,3078,385
KGGH,0.14587663,0.00041320242,1,3078,385
NGGH,0.14587663,0.00016392469,1,3078,385
IGGH,0.14587663,0.0018144415,1,3078,385
IGQH,0.14587663,0.00048506376,1,3078,385
IVQH,0.14587663,0.0,1,3078,385
IDVN,0.14587663,0.00013487138,1,3078,385
IRDN,0.14587663,0.0004547473,1,3078,385
LWCQ,0.14587663,0.0009824388,1,3078,385
YRDL,0.14587663,0.00026957836,1,3078,385
RRTL,0.14587663,0.0002603449,1,3078,385
RRTF,0.14587663,0.00014460579,1,3078,385
RRTG,0.14587663,0.00021458641,1,3078,385
REAG,0.14587663,0.000512255,1,3078,385
DEAG,0.14587663,0.00076801755,1,3078,385
WECG,0.14587663,0.10378641,1,3078,385
WECP,0.14587663,0.0010291744,1,3078,385
LQCT,0.14587663,0.060031276,1,3078,385
TRAA,0.14587663,0.21718201,1,3078,385
IFGC,0.30227488,0.31987724,2,6225,769
VYGC,0.27600875,0.40617454,2,6225,769
AICA,0.26389968,0.45329204,2,6225,769
VLGC,0.26371112,0.08483339,2,6225,769
VVCA,0.25819802,0.336625,2,6225,769
FFGC,0.25787312,0.4404427,2,6225,769
WACA,0.24576056,0.46219492,2,6225,769
MVCA,0.24499857,0.3305343,2,6225,769
MFGC,0.24440846,0.25064343,2,6225,769
AACA,0.24106315,0.37746394,2,6225,769
WKMA,0.2362017,0.29523528,2,6225,769
YFGC,0.23538786,0.3338985,2,6225,769
ILGC,0.23149878,0.07794023,2,6225,769
FVCA,0.23125246,0.3574214,2,6225,769
VMGC,0.22880214,0.11426702,2,6225,769
WAMG,0.22406647,0.23204152,2,6225,769
VIGC,0.22303021,0.19710623,2,6225,769
WVCA,0.22226039,0.4065967,2,6225,769
FYGC,0.22177824,0.44035503,2,6225,769
VWGC,0.22126547,0.42763218,2,6225,769
ARCA,0.22038683,0.44495007,2,6225,769
FHGI,0.21893895,0.04594552,2,6225,769
AYGC,0.21588656,0.21773298,2,6225,769
WSMA,0.21507585,0.37410727,2,6225,769
VFGV,0.21129707,0.3081329,2,6225,769
WVMA,0.2109532,0.33490473,2,6225,769
AMCA,0.21010414,0.17766806,2,6225,769
LAMA,0.20894536,0.33141905,2,6225,769
MYGC,0.20878196,0.31799787,2,6225,769
FACA,0.2086136,0.40715694,2,6225,769
LACA,0.20647612,0.54882914,2,6225,769
FAAA,0.20592156,0.40680578,2,6225,769
VHGC,0.20479348,0.31859487,2,6225,769
AQCA,0.20459229,0.2777411,2,6225,769
VYGA,0.20382264,0.24270917,2,6225,769
AVCG,0.2035316,0.16257396,2,6225,769
YVCA,0.20294294,0.41432545,2,6225,769
FFGV,0.20280886,0.36321434,2,6225,769
HFGC,0.20179957,0.24001458,2,6225,769
FFGA,0.20153663,0.44614506,2,6225,769
WLCA,0.19984257,0.30736062,2,6225,769
IWGC,0.19863576,0.3985512,2,6225,769
MACA,0.19770184,0.47140917,2,6225,769
ATCA,0.19701615,0.28602034,2,6225,769
MICA,0.1953992,0.36518094,2,6225,769
VFGI,0.19519007,0.1561732,2,6225,769
VYGV,0.193988,0.3925579,2,6225,769
LLCA,0.19351596,0.3198636,2,6225,769
WICA,0.19259569,0.39945072,2,6225,769
LHGV,0.19248173,0.33863938,2,6225,769
IHGV,0.19224238,0.28927898,2,6225,769
CVCA,0.19158798,0.08665486,2,6225,769
WAVA,0.19143373,0.0014749579,2,6225,769
YACA,0.19105986,0.44731057,2,6225,769
LRCA,0.18728545,0.5942575,2,6225,769
YAMG,0.18706363,0.16918933,2,6225,769
YYGC,0.18693215,0.39647865,2,6225,769
MLCA,0.18569958,0.24386467,2,6225,769
VACA,0.1851688,0.5776955,2,6225,769
IHGC,0.18425387,0.3135937,2,6225,769
LAAA,0.1829392,0.44254556,2,6225,769
FQMA,0.18169656,0.16886935,2,6225,769
AVCM,0.1814571,0.028965235,2,6225,769
LFGV,0.1802324,0.40643904,2,6225,769
VMCA,0.17969784,0.21529546,2,6225,769
MRCA,0.17955074,0.46905893,2,6225,769
AVCT,0.17827359,0.046081055,2,6225,769
TRCA,0.17793939,0.27614498,2,6225,769
AHCA,0.17764679,1.0,2,6225,769
IFGM,0.1770722,0.3539701,2,6225,769
VRGC,0.17630154,0.22892843,2,6225,769
YMGC,0.17561433,0.079614736,2,6225,769
QFGC,0.17542526,0.17267828,2,6225,769
AMGC,0.1753028,0.07219365,2,6225,769
IFGI,0.1749984,0.18184386,2,6225,769
FMCA,0.1748757,0.17610191,2,6225,769
FMGA,0.17462096,0.19973302,2,6225,769
FVMA,0.17448851,0.29620028,2,6225,769
FRGA,0.17424047,0.36608645,2,6225,769
FFGI,0.17384806,0.0655375,2,6225,769
YFGV,0.17325413,0.1428401,2,6225,769
FQGV,0.17324549,0.074374825,2,6225,769
LYGV,0.17324147,0.51197964,2,6225,769
FMGV,0.17312208,0.072766796,2,6225,769
WSCA,0.17264444,0.4865565,2,6225,769
WKCA,0.17178589,0.42201206,2,6225,769
LQCA,0.171296,0.4366505,2,6225,769
FFGM,0.17108893,0.21208951,2,6225,769
FYGI,0.17096394,0.10067709,2,6225,769
MMCA,0.17087126,0.20506835,2,6225,769
VYGM,0.1705583,0.36402047,2,6225,769
VHGI,0.17041618,0.12572852,2,6225,769
FVGA,0.16955185,0.2972862,2,6225,769
IVGC,0.16909873,0.20664637,2,6225,769
WHGA,0.16878527,0.20248558,2,6225,769
VSCA,0.16866967,0.5445462,2,6225,769
FALA,0.16763037,0.21905285,2,6225,769
LYGA,0.16757685,0.35147816,2,6225,769
FIGA,0.16719574,0.32057732,2,6225,769
WAMC,0.16569147,0.17231824,2,6225,769
YMCA,0.16561425,0.24446535,2,6225,769
LSCA,0.16531709,0.53052664,2,6225,769
IACA,0.16366011,0.5219607,2,6225,769
WECA,0.1636019,0.21553825,2,6225,769
YHGI,0.16336468,0.030832885,2,6225,769
IHGI,0.1621648,0.13705048,2,6225,769
MQCA,0.16062674,0.3252702,2,6225,769
AHGA,0.16022176,0.12441885,2,6225,769
VCGC,0.15908864,0.1484834,2,6225,769
VRGV,0.15905684,0.16598982,2,6225,769
FIGV,0.15904212,0.14592825,2,6225,769
LQAA,0.1581643,0.28755412,2,6225,769
AHGC,0.15795997,0.1589367,2,6225,769
LFCA,0.15775737,0.44891864,2,6225,769
FRGI,0.15720165,0.019090723,2,6225,769
MWGC,0.15698704,0.2872102,2,6225,769
WAMM,0.15548557,0.060321845,2,6225,769
FYGM,0.15471587,0.2655634,2,6225,769
FAGV,0.15393794,0.19354042,2,6225,769
LECA,0.15361544,0.25490868,2,6225,769
WYGA,0.15278369,0.23046272,2,6225,769
YFGI,0.15228581,0.048281252,2,6225,769
AVMA,0.15206537,0.11179665,2,6225,769
MRAA,0.15203446,0.40293735,2,6225,769
WACG,0.15170449,0.26026648,2,6225,769
VFCA,0.1516766,0.40762973,2,6225,769
WPMA,0.15079767,0.004955887,2,6225,769
WHCA,0.14915901,0.46946943,2,6225,769
QACA,0.14915872,0.39529788,2,6225,769
YFGM,0.14885399,0.26158315,2,6225,769
VMAA,0.14873147,0.29240346,2,6225,769
FECA,0.14785302,0.10164353,2,6225,769
VIGA,0.14764541,0.19467252,2,6225,769
AFGV,0.14684272,0.09910016,2,6225,769
LKAA,0.14676926,0.39849457,2,6225,769
VHGM,0.14636406,0.48163494,2,6225,769
WMGA,0.14448401,0.063127756,2,6225,769
VKAA,0.14441335,0.46569434,2,6225,769
ARGC,0.14403343,0.08731147,2,6225,769
LYGM,0.14389166,0.37513632,2,6225,769
YQAA,0.14365679,0.24502935,2,6225,769
WRGA,0.1432158,0.16542454,2,6225,769
VGGC,0.14307308,0.07603374,2,6225,769
AYGV,0.14282438,0.17190237,2,6225,769
FQGI,0.14264697,0.011059453,2,6225,769
ISCA,0.14260602,0.49896404,2,6225,769
IMAA,0.14257303,0.27615374,2,6225,769
WFGV,0.14225224,0.021080535,2,6225,769
LALA,0.14143106,0.38195053,2,6225,769
IMGV,0.14106944,0.08246713,2,6225,769
FLGI,0.14085147,0.004800913,2,6225,769
MECA,0.14061722,0.16817632,2,6225,769
AFGM,0.14000824,0.33063155,2,6225,769
WFMA,0.1395416,0.3075268,2,6225,769
LVMA,0.13947725,0.31027505,2,6225,769
MQAA,0.13872239,0.23831156,2,6225,769
LAMG,0.13838032,0.25129655,2,6225,769
MHCA,0.13783714,0.37637815,2,6225,769
WIGA,0.137817,0.12373143,2,6225,769
LHGM,0.13751769,0.28402686,2,6225,769
VAGC,0.13725677,0.28248242,2,6225,769
VQGV,0.13614348,0.11236595,2,6225,769
MFGI,0.13611218,0.15508138,2,6225,769
WWMA,0.13609523,0.62011933,2,6225,769
IGGC,0.13530242,0.07714462,2,6225,769
MEAA,0.13497347,0.15169701,2,6225,769
FLGM,0.13449198,0.05147285,2,6225,769
FMGM,0.13448775,0.07263624,2,6225,769
IHGM,0.13441458,0.37713978,2,6225,769
YAVA,0.13421723,0.0010140473,2,6225,769
FIGI,0.13413209,0.022605801,2,6225,769
APCA,0.13391492,0.16478585,2,6225,769
IKCA,0.1333006,0.35345688,2,6225,769
LLGM,0.13310197,0.06789978,2,6225,769
HMGC,0.13223279,0.04486382,2,6225,769
AYGM,0.13215646,0.4239457,2,6225,769
HIGC,0.13174748,0.11749267,2,6225,769
FGMA,0.13148937,0.01050648,2,6225,769
MAGC,0.13107619,0.14550442,2,6225,769
AVCF,0.1303446,0.0,2,6225,769
WGGA,0.13003466,0.01788666,2,6225,769
AFGI,0.12967682,0.037049167,2,6225,769
QTCA,0.1293627,0.21559842,2,6225,769
NFGC,0.12931326,0.040035218,2,6225,769
MMGV,0.1277715,0.056246813,2,6225,769
QKCA,0.12578818,0.35046852,2,6225,769
QHGC,0.12447005,0.20771384,2,6225,769
QAAA,0.12430894,0.08155443,2,6225,769
AVFA,0.12421236,0.09061086,2,6225,769
AHGI,0.1239287,0.019141361,2,6225,769
FVGM,0.123131536,0.12634376,2,6225,769
WETA,0.12293183,0.00090933277,2,6225,769
IQGV,0.12125292,0.08847562,2,6225,769
FQLA,0.12100447,0.13692263,2,6225,769
VRGM,0.120757245,0.23943466,2,6225,769
IMGI,0.12064236,0.024265178,2,6225,769
WQVA,0.119925596,0.0008148081,2,6225,769
MCCA,0.11921369,0.1783944,2,6225,769
WVGV,0.118113555,0.01044747,2,6225,769
WFGI,0.11806884,0.0026297816,2,6225,769
VKGC,0.1175156,0.18750408,2,6225,769
WKVA,0.11746963,0.0013150458,2,6225,769
AEAA,0.11623975,0.04423781,2,6225,769
FQGM,0.11605003,0.065297835,2,6225,769
FVFA,0.11544459,0.25414586,2,6225,769
IMGM,0.11543434,0.11517894,2,6225,769
HHGV,0.11520613,0.08165658,2,6225,769
VWGL,0.11402079,0.36913234,2,6225,769
YIGI,0.11331593,0.022333173,2,6225,769
IIGI,0.112756364,0.051923692,2,6225,769
RSMA,0.11245664,0.0047783693,2,6225,769
YACG,0.112100445,0.20419729,2,6225,769
FFGG,0.11147281,0.1605714,2,6225,769
WMCG,0.111394756,0.0960915,2,6225,769
YAGA,0.110909395,0.35103017,2,6225,769
HFGM,0.10982179,0.1877666,2,6225,769
AFGF,0.10942014,0.30010286,2,6225,769
IWGI,0.108911194,0.29893458,2,6225,769
WKGA,0.108804725,0.11656277,2,6225,769
MMGM,0.10812757,0.08300209,2,6225,769
YAAG,0.106908165,0.08742281,2,6225,769
MGMA,0.10688832,0.028024804,2,6225,769
WQCG,0.10639457,0.2103242,2,6225,769
VDGA,0.10637217,0.13849865,2,6225,769
MRSA,0.10544389,0.14548478,2,6225,769
WKCG,0.104629554,0.2564031,2,6225,769
TLGC,0.10454715,0.039414007,2,6225,769
VNAA,0.10387289,0.54470915,2,6225,769
VCGM,0.10349289,0.16400892,2,6225,769
IKGC,0.10307156,0.198504,2,6225,769
VRAC,0.102355085,0.3355402,2,6225,769
WLMC,0.10232746,0.0827636,2,6225,769
CVMA,0.10199051,0.12828347,2,6225,769
SEAA,0.10074472,0.01009621,2,6225,769
YAGI,0.1005326,0.018604152,2,6225,769
ARGM,0.10027718,0.1575972,2,6225,769
WKMM,0.100253336,0.041699577,2,6225,769
EMGC,0.09990985,0.084308855,2,6225,769
WEMC,0.09970976,0.04984193,2,6225,769
QGCA,0.09958231,0.13351938,2,6225,769
QTAA,0.09896874,0.039576244,2,6225,769
LWGI,0.098919295,0.24093808,2,6225,769
FYLA,0.09870448,0.15800682,2,6225,769
VQGM,0.097785614,0.16503447,2,6225,769
FNGM,0.09773948,0.11077291,2,6225,769
IMAC,0.09758692,0.13905011,2,6225,769
WQMM,0.09725278,0.02273332,2,6225,769
LFGG,0.097089045,0.068174526,2,6225,769
AKGV,0.09705382,0.010413121,2,6225,769
VWGF,0.0968545,0.5437995,2,6225,769
LDGA,0.09677436,0.12268341,2,6225,769
IRAC,0.096269704,0.37756458,2,6225,769
MNAA,0.09604689,0.34277028,2,6225,769
WAAM,0.09583024,0.050039407,2,6225,769
IWGL,0.09471401,0.39512783,2,6225,769
AHGL,0.09391204,0.104164615,2,6225,769
GLGC,0.093718044,0.0060130158,2,6225,769
HECA,0.09296826,0.16503668,2,6225,769
YQCG,0.09195144,0.15598437,2,6225,769
GYGC,0.09190158,0.03585682,2,6225,769
NHGC,0.091841765,0.08943731,2,6225,769
WRGM,0.09115892,0.12157177,2,6225,769
MYGG,0.09056284,0.03840946,2,6225,769
FMGG,0.09035159,0.065217,2,6225,769
AYGG,0.090058796,0.015081072,2,6225,769
MFGG,0.0895694,0.02477652,2,6225,769
VFGG,0.08858105,0.08267407,2,6225,769
WVGM,0.08814853,0.09208034,2,6225,769
CHGC,0.08799521,0.20621271,2,6225,769
QTSA,0.087353446,0.0035672537,2,6225,769
WAGM,0.0872987,0.111485,2,6225,769
FIGS,0.08468465,0.31230035,2,6225,769
HMGM,0.083955176,0.06049784,2,6225,769
AQGM,0.08295647,0.08345725,2,6225,769
TTSA,0.080952875,0.0022974508,2,6225,769
HQGV,0.08067306,0.015391072,2,6225,769
LAAM,0.08019183,0.013641616,2,6225,769
AHGG,0.07797433,0.010368237,2,6225,769
RSSA,0.07773662,0.0007827467,2,6225,769
SACG,0.07356208,0.10081733,2,6225,769
QACG,0.073235534,0.14775307,2,6225,769
RTSA,0.072790824,0.00037357077,2,6225,769
VIAA,0.071662806,0.47236663,2,6225,769
IQCG,0.07163692,0.15279508,2,6225,769
ISCG,0.07040238,0.2951935,2,6225,769
IWGG,0.06916467,0.09722884,2,6225,769
IIAC,0.06830578,0.3098593,2,6225,769
SPGC,0.06782886,0.0027461997,2,6225,769
LDGM,0.06734534,0.05649938,2,6225,769
YLFC,0.06634084,0.017901646,2,6225,769
IFGN,0.06590483,0.28891125,2,6225,769
IKAC,0.06472025,0.2793908,2,6225,769
WCGI,0.06330999,0.0052617663,2,6225,769
VTGI,0.06283603,0.028233789,2,6225,769
FQGG,0.062198885,0.06111803,2,6225,769
WWCG,0.061105244,0.4619385,2,6225,769
WETG,0.05949069,0.00027259215,2,6225,769
IFGW,0.05754859,0.052905515,2,6225,769
VWGQ,0.057521977,0.06367826,2,6225,769
NYCA,0.053351276,0.023098858,2,6225,769
WESM,0.050118603,0.0022065414,2,6225,769
WANM,0.04872974,0.000520581,2,6225,769
VRNC,0.04787331,0.0015056186,2,6225,769
IHKC,0.041057535,0.0,2,6225,769
WETM,0.040987976,0.00021673064,2,6225,769
VWGR,0.03949321,0.0022338072,2,6225,769
MSLC,0.03618809,0.12894346,2,6225,769
QLAT,0.031541444,0.0006265322,2,6225,769
WETI,0.030127577,0.0001022761,2,6225,769
TRNC,0.03006389,0.0014178787,2,6225,769
KMLT,0.02829098,0.0042598476,2,6225,769
WEQM,0.02762676,0.00012370756,2,6225,769
WETF,0.027115174,0.00012073634,2,6225,769
VVAQ,0.026458181,0.00070635194,2,6225,769
HCCG,0.022646703,0.039346132,2,6225,769
GLFC,0.019020818,0.00096858264,2,6225,769
RKCI,0.018841855,0.0013030283,2,6225,769
LLNN,0.016516052,0.0004060999,2,6225,769
MYCN,0.016064577,0.0021685201,2,6225,769
LIRT,0.015241437,0.0051056296,2,6225,769
MFLS,0.01461982,0.0037453861,2,6225,769
SRNT,0.009381063,0.00042051153,2,6225,769
VDNS,0.0085307285,0.00080373936,2,6225,769
MTSK,0.008308746,7.810351e-05,2,6225,769
FAHV,0.0079371855,0.0,2,6225,769
FYKT,0.006676249,0.0,2,6225,769
ERAQ,0.0053571686,0.00018744834,2,6225,769
LRDS,0.0052456185,0.00025365717,2,6225,769
AGEM,0.0048713014,0.0018202688,2,6225,769
KRII,0.0028708577,9.185594e-05,2,6225,769
FSDH,0.0025200099,0.00044120156,2,6225,769
QHMR,0.0018720254,9.2162096e-05,2,6225,769
HDSL,0.0013976172,0.0002769479,2,6225,769
KPMF,0.00070825964,0.0005184119,2,6225,769
RARQ,0.00027031451,0.0002611721,2,6225,769
DITS,-0.0001481399,0.0,2,6225,769
MDDQ,-0.0013055727,0.00015709453,2,6225,769
NPME,-0.002134405,0.0,2,6225,769
WKKT,-0.0039220825,0.0014903538,2,6225,769
SLVY,-0.0040403754,0.00023411846,2,6225,769
DFTP,-0.004186198,0.000347054,2,6225,769
ELRC,-0.0042679384,0.00081319513,2,6225,769
PAHV,-0.0042977184,0.00047670057,2,6225,769
GFNF,-0.0052482486,0.0,2,6225,769
CLLQ,-0.00569845,0.0008367808,2,6225,769
GIEM,-0.0062224194,0.0,2,6225,769
CRNT,-0.0068578273,0.0016949354,2,6225,769
VVWR,-0.0070983544,0.0001035529,2,6225,769
ITVP,-0.0074523464,0.00034165356,2,6225,769
ADVL,-0.0075897127,0.0,2,6225,769
GYFS,-0.009823166,0.0010913934,2,6225,769
DAEI,-0.009896219,0.0,2,6225,769
CWKA,-0.01031246,0.0065483605,2,6225,769
PHTM,-0.01136034,0.0,2,6225,769
RYHH,-0.011454321,0.00026083618,2,6225,769
GGDY,-0.0142361075,0.0,2,6225,769
DNMF,-0.014567338,0.0009874512,2,6225,769
YCVM,-0.01534906,0.0033383798,2,6225,769
DIQW,-0.015400231,0.0020431406,2,6225,769
IQPN,-0.015523404,0.0002737488,2,6225,769
ITFQ,-0.016026713,0.00021456815,2,6225,769
DDIQ,-0.016074672,0.0,2,6225,769
YKKL,-0.016299613,0.0,2,6225,769
NPEI,-0.016860299,0.0,2,6225,769
TCWL,-0.017855845,0.0031902269,2,6225,769
YYYK,-0.017970726,0.00043200987,2,6225,769
SCQY,-0.018056571,0.0006743568,2,6225,769
TLPI,-0.019757546,0.0,2,6225,769
CPQG,-0.020412192,0.0007372969,2,6225,769
GSIS,-0.022179812,0.00023351885,2,6225,769
PEFD,-0.023648039,0.007862211,2,6225,769
LNLD,-0.025214717,0.0018432421,2,6225,769
YNHI,-0.025298,0.0,2,6225,769
KCNH,-0.026339345,0.0014178787,2,6225,769
EWQM,-0.026377134,0.0,2,6225,769
CRPQ,-0.026436947,0.00072632136,2,6225,769
KERG,-0.02862209,0.00036153253,2,6225,769
CIDD,-0.029542878,0.0025546602,2,6225,769
LWVD,-0.031659655,0.0017280395,2,6225,769
GPTK,-0.033549346,0.0,2,6225,769
PEDN,-0.03389878,0.0,2,6225,769
KNVD,-0.036539577,0.0,2,6225,769
VWHD,-0.037745215,0.015554801,2,6225,769
DCCI,-0.04134477,0.0021268178,2,6225,769
LHCA,0.5842213,0.48656934,3,9423,1153
WWCA,0.49360874,0.73461795,3,9423,1153
LKCA,0.46560836,0.478155,3,9423,1153
VHAA,0.45596197,0.51554304,3,9423,1153
IRAA,0.45047832,0.554466,3,9423,1153
FHCA,0.44715488,0.3341878,3,9423,1153
IRCA,0.44687456,0.44589147,3,9423,1153
VSAA,0.44212246,0.54937875,3,9423,1153
VAAA,0.44058582,0.6255503,3,9423,1153
QHCA,0.4357921,0.43088466,3,9423,1153
LYCA,0.43557706,0.5306798,3,9423,1153
WYMA,0.43131736,0.35973808,3,9423,1153
LRAA,0.43013653,0.46885478,3,9423,1153
WYCA,0.4290312,0.6097229,3,9423,1153
ASCA,0.4252092,0.5193606,3,9423,1153
WFCA,0.42475143,0.49450403,3,9423,1153
ISAA,0.42412913,0.5320094,3,9423,1153
YRCA,0.4234762,0.48062128,3,9423,1153
RHCA,0.42321464,0.24932966,3,9423,1153
YHCA,0.42311075,0.46900564,3,9423,1153
IHAA,0.418332,0.47544438,3,9423,1153
IKAA,0.4168136,0.44354498,3,9423,1153
LYGC,0.41635656,0.43736556,3,9423,1153
LICA,0.41375503,0.5028127,3,9423,1153
YSCA,0.4092249,0.43158638,3,9423,1153
FRCA,0.40569496,0.38946012,3,9423,1153
LWCA,0.40379524,0.72920364,3,9423,1153
LNCA,0.4036084,0.57884896,3,9423,1153
FSCA,0.40059474,0.38775223,3,9423,1153
IIAA,0.4001604,0.42178872,3,9423,1153
LHAA,0.39746398,0.41312164,3,9423,1153
LNAA,0.3972604,0.44525883,3,9423,1153
AKCA,0.39501747,0.33652335,3,9423,1153
WWAA,0.38897642,0.41982874,3,9423,1153
ANCA,0.38563144,0.7623123,3,9423,1153
IYGC,0.3844429,0.4525078,3,9423,1153
YICA,0.37862298,0.5125793,3,9423,1153
LSAA,0.37382203,0.42917636,3,9423,1153
LWGC,0.3719794,0.35346183,3,9423,1153
LTCA,0.37144244,0.27447864,3,9423,1153
IWGM,0.37081566,0.52750933,3,9423,1153
FYGA,0.36491457,0.54883146,3,9423,1153
VVAA,0.3627027,0.4542208,3,9423,1153
VWGV,0.3557498,0.39356664,3,9423,1153
IYGM,0.35370648,0.38073045,3,9423,1153
VQAA,0.35321134,0.35871273,3,9423,1153
YWCA,0.35118046,0.6027101,3,9423,1153
FWGA,0.3508112,0.49956912,3,9423,1153
FRAA,0.349161,0.42857906,3,9423,1153
WNCA,0.34874234,0.46698457,3,9423,1153
WWFA,0.3486502,0.5892799,3,9423,1153
YWMA,0.34589645,0.31773263,3,9423,1153
YKCA,0.34504822,0.37918124,3,9423,1153
IWCA,0.34190106,0.6060298,3,9423,1153
FHAA,0.3396779,0.57152176,3,9423,1153
IQAA,0.33906877,0.35198614,3,9423,1153
FSAA,0.33869353,0.4315467,3,9423,1153
IYAA,0.3369492,0.44646153,3,9423,1153
QRCA,0.33635357,0.38811317,3,9423,1153
WHMA,0.33621943,0.35030332,3,9423,1153
AHCS,0.33280313,0.011735116,3,9423,1153
VYAA,0.3276737,0.5202131,3,9423,1153
MAAA,0.32382813,0.34875733,3,9423,1153
VHCG,0.32367656,0.34500685,3,9423,1153
VTAA,0.32279283,0.27226463,3,9423,1153
FYCA,0.32215783,0.56679696,3,9423,1153
LWGA,0.3213924,0.27711523,3,9423,1153
ITCA,0.3203065,0.2337591,3,9423,1153
MKAA,0.3200864,0.30486315,3,9423,1153
YNCA,0.3192589,0.4419662,3,9423,1153
FKAA,0.31846988,0.36509183,3,9423,1153
YRAA,0.31696376,0.41951135,3,9423,1153
WWVA,0.316648,0.010895215,3,9423,1153
IWGA,0.31645384,0.23664995,3,9423,1153
YYCA,0.3158203,0.46443248,3,9423,1153
EHCA,0.31559786,0.33422318,3,9423,1153
LYAA,0.31526586,0.49366334,3,9423,1153
FYGV,0.31451294,0.41488224,3,9423,1153
IWAA,0.31287977,0.60950506,3,9423,1153
FWAA,0.30731723,0.8838785,3,9423,1153
MSAA,0.30659416,0.35259682,3,9423,1153
YWGA,0.304597,0.19758,3,9423,1153
MYGV,0.30457506,0.28239053,3,9423,1153
YTCA,0.3012067,0.24620871,3,9423,1153
FVAA,0.30092236,0.40700093,3,9423,1153
TSCA,0.29785502,0.32653034,3,9423,1153
VDAA,0.29778042,0.41944376,3,9423,1153
VWGA,0.29721403,0.20311752,3,9423,1153
LVAA,0.2961894,0.40077633,3,9423,1153
LCCA,0.29552332,0.28679046,3,9423,1153
FYAA,0.29475135,0.8115687,3,9423,1153
YLCA,0.29459146,0.26523176,3,9423,1153
YWAA,0.29334036,0.57216406,3,9423,1153
ITAA,0.291754,0.23857263,3,9423,1153
LGCA,0.2913622,0.4184761,3,9423,1153
AHVA,0.28791285,0.0024395853,3,9423,1153
YAAA,0.28701332,0.39737582,3,9423,1153
LDCA,0.28690577,0.42000845,3,9423,1153
KACA,0.28570655,0.30952668,3,9423,1153
KRCA,0.28528646,0.34915632,3,9423,1153
LHGA,0.28469488,0.3339849,3,9423,1153
LACG,0.28385562,0.352867,3,9423,1153
AHCL,0.28282902,0.0054932414,3,9423,1153
YRGA,0.27922398,0.32267785,3,9423,1153
TACA,0.27821752,0.2805523,3,9423,1153
FYGS,0.27559623,0.5344631,3,9423,1153
IDAA,0.27243775,0.39657015,3,9423,1153
NHCA,0.2687655,0.16872755,3,9423,1153
WWAG,0.2684014,0.14581428,3,9423,1153
IDCA,0.2666488,0.4166363,3,9423,1153
ICCA,0.25878724,0.2891831,3,9423,1153
WSAA,0.2587596,0.26397574,3,9423,1153
FWGS,0.25536546,0.5427464,3,9423,1153
VHGL,0.24908973,0.2463582,3,9423,1153
YRCG,0.24506728,0.3288414,3,9423,1153
LDAA,0.2430367,0.31170952,3,9423,1153
AHCP,0.24259172,0.0029722645,3,9423,1153
VRCG,0.24187557,0.2744025,3,9423,1153
IWAC,0.24147119,0.41420585,3,9423,1153
FLAA,0.23913918,0.29322526,3,9423,1153
MRCG,0.23865403,0.3073799,3,9423,1153
VGAA,0.23667757,0.338183,3,9423,1153
WNAA,0.23625931,0.26053026,3,9423,1153
HICA,0.23420344,0.42178208,3,9423,1153
LHAC,0.23394929,0.23424819,3,9423,1153
VKCG,0.2323999,0.19072631,3,9423,1153
THCG,0.23235472,0.23224851,3,9423,1153
VHCS,0.22994258,0.070871495,3,9423,1153
WWGA,0.2292344,0.26311043,3,9423,1153
IHGL,0.22796224,0.22831587,3,9423,1153
FSMA,0.22728217,0.20275664,3,9423,1153
WWVG,0.22712158,0.16132307,3,9423,1153
WWCV,0.22578366,0.28117713,3,9423,1153
WWWA,0.22423734,0.012309322,3,9423,1153
VNAM,0.22375192,0.23294252,3,9423,1153
LFCG,0.22247325,0.27741662,3,9423,1153
YWFA,0.22213718,0.20950252,3,9423,1153
ERCA,0.22083287,0.45165378,3,9423,1153
MVAA,0.21923606,0.33401364,3,9423,1153
ASCG,0.21813495,0.2096688,3,9423,1153
YSCG,0.21765347,0.202681,3,9423,1153
IRGM,0.21587719,0.20359448,3,9423,1153
EACA,0.21397252,0.38119158,3,9423,1153
VHGS,0.21348505,0.11683777,3,9423,1153
QYCA,0.21316518,0.3407162,3,9423,1153
ISAG,0.21188356,0.35841882,3,9423,1153
ISVA,0.21142983,0.004682043,3,9423,1153
MWCG,0.21063589,0.4540798,3,9423,1153
WSFA,0.21051283,0.5515763,3,9423,1153
VWCG,0.21015285,0.52290606,3,9423,1153
HHAA,0.20996659,0.33523968,3,9423,1153
ACCA,0.20819442,0.16036206,3,9423,1153
LHMG,0.20818843,0.21397637,3,9423,1153
IAAG,0.20557275,0.36003068,3,9423,1153
MKCG,0.20463641,0.24352953,3,9423,1153
GKCA,0.20178144,0.0057441755,3,9423,1153
YFGL,0.20137794,0.16164926,3,9423,1153
VNAT,0.20136042,0.04935725,3,9423,1153
YFGN,0.20119934,0.11859413,3,9423,1153
FYCG,0.20068234,0.35597613,3,9423,1153
TNAA,0.19996096,0.2194753,3,9423,1153
YRAC,0.19884951,0.06634862,3,9423,1153
FWAC,0.19757229,0.31642324,3,9423,1153
IWGN,0.19708377,0.32544377,3,9423,1153
FTMA,0.19502863,0.06888727,3,9423,1153
MAFA,0.1936571,0.16354294,3,9423,1153
VACS,0.18993826,0.03580498,3,9423,1153
MVGA,0.18966973,0.10809752,3,9423,1153
FWAG,0.18176557,0.656655,3,9423,1153
IACS,0.18080102,0.045122568,3,9423,1153
AHYA,0.18002933,0.011882158,3,9423,1153
FKAC,0.17926402,0.05622924,3,9423,1153
FSAC,0.17809622,0.073606804,3,9423,1153
VACT,0.17768756,0.028406128,3,9423,1153
MVFA,0.17662524,0.18560545,3,9423,1153
MFCG,0.1753455,0.2071103,3,9423,1153
WWCI,0.17442133,0.30491015,3,9423,1153
IFGY,0.17361803,0.015099375,3,9423,1153
IIAM,0.1735048,0.2114841,3,9423,1153
IIAT,0.17113577,0.080219686,3,9423,1153
LGAA,0.17064254,0.22795068,3,9423,1153
CKCA,0.16939676,0.07307481,3,9423,1153
WYMT,0.1657493,0.21028244,3,9423,1153
ISGM,0.16568716,0.22305748,3,9423,1153
IKAM,0.16409124,0.18479443,3,9423,1153
WYHA,0.16386892,0.0012454339,3,9423,1153
WWCP,0.16362157,0.0044487566,3,9423,1153
MSGA,0.1611164,0.12722115,3,9423,1153
LYGP,0.16061066,0.002541133,3,9423,1153
WYSA,0.15925871,0.01809108,3,9423,1153
SHVA,0.15886138,0.00051070726,3,9423,1153
IKGM,0.15807334,0.17687677,3,9423,1153
IRCM,0.15798238,0.016172677,3,9423,1153
IVGM,0.1577331,0.11430142,3,9423,1153
FSAG,0.15601702,0.23769924,3,9423,1153
KRCG,0.15570563,0.11976562,3,9423,1153
WWSA,0.15261422,0.030164544,3,9423,1153
YAAC,0.14858796,0.036162388,3,9423,1153
YWMS,0.14839137,0.0312116,3,9423,1153
WYQA,0.14776106,0.0009913852,3,9423,1153
YKAC,0.1470546,0.052705206,3,9423,1153
LACL,0.14579348,0.0098478235,3,9423,1153
MRAV,0.14570852,0.022021223,3,9423,1153
FYGG,0.1456962,0.1972708,3,9423,1153
ANVA,0.14542522,0.0016028193,3,9423,1153
IVGT,0.1441933,0.13693613,3,9423,1153
WIGS,0.14318697,0.21991463,3,9423,1153
YPGA,0.14260766,0.06778256,3,9423,1153
IKAL,0.1421652,0.09726005,3,9423,1153
YFGY,0.14128332,0.034837276,3,9423,1153
VNAP,0.14024362,0.0015550412,3,9423,1153
MRGV,0.1393806,0.13229777,3,9423,1153
VCGV,0.13841301,0.18543032,3,9423,1153
FYGQ,0.13625483,0.03970814,3,9423,1153
WKCV,0.1362377,0.12184661,3,9423,1153
FWMM,0.13445225,0.03637978,3,9423,1153
YVAC,0.13260444,0.097018555,3,9423,1153
FSIA,0.13183482,0.00043336413,3,9423,1153
IKTA,0.13177069,0.0033532665,3,9423,1153
MRCM,0.13154115,0.08640198,3,9423,1153
IWGH,0.13114983,0.04612382,3,9423,1153
QRFA,0.13105884,0.025420932,3,9423,1153
YHGL,0.1270012,0.11711111,3,9423,1153
VHGQ,0.12546505,0.043063357,3,9423,1153
YFGD,0.12502797,0.008507271,3,9423,1153
FWAM,0.1248475,0.065830074,3,9423,1153
WWNA,0.12413598,0.002843395,3,9423,1153
AHYG,0.12234193,0.20833287,3,9423,1153
AHFS,0.12138602,0.016896386,3,9423,1153
AHMC,0.121226,0.010795581,3,9423,1153
FWAS,0.119416095,0.31253454,3,9423,1153
WSRA,0.119215235,0.057674892,3,9423,1153
MQGA,0.11760559,0.06259023,3,9423,1153
AWVA,0.117506385,0.0,3,9423,1153
AHMM,0.11690624,0.0,3,9423,1153
VTAM,0.11476612,0.07710147,3,9423,1153
WWTA,0.1129744,0.0015719958,3,9423,1153
AHMS,0.112114415,0.014637511,3,9423,1153
YFMC,0.11163176,0.03253887,3,9423,1153
VWGD,0.10933287,0.014577942,3,9423,1153
WWPG,0.10089557,0.0025684522,3,9423,1153
LHYG,0.10052119,0.14085563,3,9423,1153
FSRA,0.098710775,0.0029103823,3,9423,1153
KHGL,0.09716899,0.18722676,3,9423,1153
WWHV,0.09651981,0.00046081058,3,9423,1153
VNAW,0.09045006,0.0030985537,3,9423,1153
NPCA,0.087882444,0.0032149572,3,9423,1153
WYMQ,0.08747922,0.00052167237,3,9423,1153
MKGV,0.08668089,0.093468346,3,9423,1153
SNVA,0.085796356,0.00041942036,3,9423,1153
WYME,0.083074585,0.00041266615,3,9423,1153
WISA,0.08299981,0.06532383,3,9423,1153
WLAC,0.08239992,0.01580903,3,9423,1153
AHMY,0.082131,0.010285524,3,9423,1153
IPCS,0.08120032,0.0022118906,3,9423,1153
FWAP,0.07809923,0.005134746,3,9423,1153
YHSG,0.07800278,0.0024498787,3,9423,1153
LVVA,0.077985525,0.0029851636,3,9423,1153
IKQA,0.07623552,0.00069702434,3,9423,1153
HWCS,0.07406944,0.008399584,3,9423,1153
FYMT,0.07338705,0.082144484,3,9423,1153
AHYM,0.07316107,0.011016605,3,9423,1153
YGAC,0.06887637,0.0025552053,3,9423,1153
MKVG,0.06760737,0.010614175,3,9423,1153
TNAS,0.06758554,0.0017029955,3,9423,1153
NFGA,0.06041176,0.0034453124,3,9423,1153
DIGM,0.058414474,0.0129266335,3,9423,1153
WTMM,0.05700709,0.014251266,3,9423,1153
PWWA,0.05374422,0.0003434613,3,9423,1153
AQVA,0.052752286,0.0,3,9423,1153
FHMP,0.04756128,0.00070893933,3,9423,1153
YWNV,0.043248944,0.0,3,9423,1153
NKWA,0.037289955,0.0004189187,3,9423,1153
CYAS,0.037199304,0.010579834,3,9423,1153
ISTF,0.035785526,0.00013520116,3,9423,1153
LVVC,0.035334684,0.0034024534,3,9423,1153
PWLG,0.031974427,0.0017799549,3,9423,1153
LYSY,0.03156212,0.00024730436,3,9423,1153
MQGD,0.030927243,0.006092421,3,9423,1153
IAFQ,0.030221451,0.00065673713,3,9423,1153
VWLN,0.028091516,0.0015046875,3,9423,1153
HLEA,0.02757655,0.00018031716,3,9423,1153
WNWV,0.026493283,0.012965663,3,9423,1153
NIAI,0.02635938,0.00014628902,3,9423,1153
QKGW,0.026051037,0.00057362305,3,9423,1153
CSRC,0.024416752,0.00062420545,3,9423,1153
LGTA,0.024413867,0.00070546067,3,9423,1153
QQCI,0.024000743,0.0027486945,3,9423,1153
WTWY,0.02334889,0.022528516,3,9423,1153
WCWD,0.022792362,0.005027024,3,9423,1153
WHRQ,0.02199126,0.00024613025,3,9423,1153
IGFL,0.0211263,0.00078705937,3,9423,1153
FYKY,0.01872122,0.0,3,9423,1153
IMEV,0.016698692,0.00046468293,3,9423,1153
IVNI,0.016444918,8.4038395e-05,3,9423,1153
QPIA,0.01603019,0.0002760263,3,9423,1153
LFRM,0.015172567,0.00032274664,3,9423,1153
QRSG,0.01494212,0.0012068847,3,9423,1153
MVLE,0.014795502,0.00038832347,3,9423,1153
QVES,0.014622967,0.00033050287,3,9423,1153
HTSG,0.014472238,0.00046625015,3,9423,1153
DHME,0.013449552,0.0,3,9423,1153
RWRV,0.012375058,0.00014164254,3,9423,1153
MEKA,0.012133474,0.00033112132,3,9423,1153
SLAF,0.011669011,0.0002759345,3,9423,1153
PYFY,0.010380771,0.00044237808,3,9423,1153
IWRK,0.010098102,0.00045826467,3,9423,1153
GWDM,0.009103096,0.0,3,9423,1153
HHET,0.009048376,0.0001510854,3,9423,1153
QPFS,0.008251661,0.00035675653,3,9423,1153
TMAL,0.007868064,0.0017953657,3,9423,1153
DDER,0.0076077133,0.0,3,9423,1153
DKCI,0.007481128,0.0,3,9423,1153
HVAI,0.007366416,0.0021437309,3,9423,1153
VSNE,0.0065883426,0.00017226559,3,9423,1153
YESS,0.006057023,0.00043615812,3,9423,1153
PGPY,0.0057897493,0.0005760131,3,9423,1153
GWAD,0.0056978203,0.0008035265,3,9423,1153
CTCE,0.005323056,0.000524974,3,9423,1153
TVHP,0.0050631426,0.00076801755,3,9423,1153
CTST,0.0047938377,0.00078714965,3,9423,1153
TCMN,0.004769734,0.0023944248,3,9423,1153
PPNE,0.004698368,0.00046081058,3,9423,1153
NDEE,0.0045854915,0.0013824316,3,9423,1153
KFDN,0.0043042805,0.0,3,9423,1153
HWTK,0.004293683,0.00023040529,3,9423,1153
NLIE,0.0042666644,0.00029729717,3,9423,1153
WLNH,0.0041271597,0.00024205998,3,9423,1153
CFRD,0.0038311984,0.006627071,3,9423,1153
EICN,0.0030565392,0.001256756,3,9423,1153
STKR,0.0029196572,0.00046273865,3,9423,1153
GTVA,0.0025910735,4.6029953e-05,3,9423,1153
HLTF,0.0024655722,0.00020404892,3,9423,1153
AANH,0.0024187174,0.0,3,9423,1153
NGQR,0.0023905626,0.00022478565,3,9423,1153
GVRG,0.0020348206,6.407559e-05,3,9423,1153
NRWK,0.0019074008,0.00054213003,3,9423,1153
ACQR,0.0015464565,0.0033892163,3,9423,1153
SFWR,0.001202181,0.0002393821,3,9423,1153
KLQM,0.0011714548,0.00062837807,3,9423,1153
PKLP,0.0009571472,0.00033759014,3,9423,1153
FIWI,0.00088778324,0.0023040527,3,9423,1153
AADM,0.00086434186,0.0016850696,3,9423,1153
AEYR,0.0005279565,0.00046494088,3,9423,1153
AMYC,-4.2261556e-05,0.0,3,9423,1153
EASP,-0.0004661791,0.0003284603,3,9423,1153
FDHC,-0.0005319584,0.0,3,9423,1153
AQNH,-0.0009678174,0.0016115811,3,9423,1153
DAHK,-0.001273876,0.0,3,9423,1153
DGRV,-0.0012766756,0.0,3,9423,1153
VGSK,-0.0013947878,0.0,3,9423,1153
DLWC,-0.0015057493,0.0017648063,3,9423,1153
SVNW,-0.0017500762,7.275957e-05,3,9423,1153
RHRT,-0.0020010825,0.0001146567,3,9423,1153
CART,-0.0020209607,0.0013362523,3,9423,1153
SQQQ,-0.0020583253,0.00025365717,3,9423,1153
HYKV,-0.0020794142,0.0008053,3,9423,1153
NRQR,-0.002269987,0.00020945935,3,9423,1153
EGPP,-0.0024169479,0.0002644396,3,9423,1153
DMQN,-0.0024591964,0.0,3,9423,1153
RCLL,-0.0026137717,0.0016230693,3,9423,1153
CYTN,-0.0026843417,0.0017594584,3,9423,1153
SDIE,-0.0040880647,0.00076801755,3,9423,1153
EEVA,-0.004448697,0.0031005633,3,9423,1153
NQVG,-0.0047087986,0.0004371325,3,9423,1153
NNHF,-0.004854176,0.0014945206,3,9423,1153
RIVL,-0.0049034823,0.00029972527,3,9423,1153
FGTW,-0.005333988,0.00064299145,3,9423,1153
EVPT,-0.0057491567,0.00035096993,3,9423,1153
WESL,-0.006832691,0.00039998916,3,9423,1153
AEEM,-0.00790466,0.0019420343,3,9423,1153
CEWM,-0.008268958,0.00056425773,3,9423,1153
LDPM,-0.008283516,0.0,3,9423,1153
FEID,-0.009350212,0.004740097,3,9423,1153
IMNR,-0.00992303,9.83063e-05,3,9423,1153
WPWI,-0.01118274,0.00028701004,3,9423,1153
AMIS,-0.013621757,0.0,3,9423,1153
SSRI,-0.015342724,0.00034104043,3,9423,1153
DQAM,-0.015786538,0.0,3,9423,1153
GRPS,-0.01691153,0.0001673984,3,9423,1153
CMHL,-0.017109325,0.00036540045,3,9423,1153
QTVQ,-0.01992503,0.00017823456,3,9423,1153
RQSI,-0.039100826,8.5732216e-05,3,9423,1153
YEII,-0.042306393,0.00024467814,3,9423,1153
FWCA,0.7363441,0.7620898,4,12624,1537
VNCA,0.6296618,0.54779893,4,12624,1537
MWCA,0.60028243,0.58575636,4,12624,1537
VHCA,0.59522414,0.5107968,4,12624,1537
FWCG,0.568244,0.43904123,4,12624,1537
IAAA,0.5671146,0.5920644,4,12624,1537
AYCA,0.5518749,0.6552726,4,12624,1537
AWCA,0.5427563,0.642299,4,12624,1537
FYAG,0.49868178,0.65570164,4,12624,1537
INAA,0.49271083,0.50351787,4,12624,1537
QNCA,0.47805262,0.4353052,4,12624,1537
VWGM,0.47671008,0.504667,4,12624,1537
FFCA,0.47386336,0.43930605,4,12624,1537
VWAG,0.47238946,0.48868126,4,12624,1537
IWAG,0.47089887,0.4808951,4,12624,1537
WAFA,0.43790197,0.51196253,4,12624,1537
SHCA,0.43010592,0.3427477,4,12624,1537
LWGV,0.42698884,0.40814328,4,12624,1537
FNAA,0.42436004,0.39565933,4,12624,1537
YWCG,0.41871738,0.43907085,4,12624,1537
WVFA,0.41167784,0.5294897,4,12624,1537
VICA,0.4089334,0.4011386,4,12624,1537
IGCA,0.40888762,0.3923894,4,12624,1537
VWCC,0.40849376,0.18999922,4,12624,1537
LWGM,0.40718722,0.41064903,4,12624,1537
LWFG,0.40675902,0.49214566,4,12624,1537
HHCA,0.401752,0.43883774,4,12624,1537
WYFA,0.39991498,0.31958213,4,12624,1537
WYAA,0.3995521,0.3194099,4,12624,1537
YIAA,0.3972261,0.4476192,4,12624,1537
VWAC,0.3892753,0.2615497,4,12624,1537
WHFA,0.38808656,0.40625268,4,12624,1537
WRMA,0.38354564,0.42892635,4,12624,1537
WTFA,0.37854028,0.31175646,4,12624,1537
WQFA,0.37841535,0.3102811,4,12624,1537
YWAG,0.37770438,0.25887454,4,12624,1537
WFFA,0.37594962,0.24798836,4,12624,1537
FWAV,0.37486434,0.025376141,4,12624,1537
FWGM,0.37446094,0.33869573,4,12624,1537
YSAA,0.37206483,0.42666456,4,12624,1537
VWFG,0.37078643,0.48805317,4,12624,1537
IFCA,0.36575198,0.36282918,4,12624,1537
MWGM,0.3611257,0.29487732,4,12624,1537
WQCA,0.35860825,0.3425615,4,12624,1537
KHCA,0.35838425,0.36615756,4,12624,1537
IRAG,0.355469,0.34573475,4,12624,1537
VYAC,0.35528588,0.30048534,4,12624,1537
WDFA,0.35288095,0.29190168,4,12624,1537
WRFG,0.3523414,0.55333173,4,12624,1537
WYCG,0.35082006,0.37283993,4,12624,1537
WCFA,0.34883928,0.4453483,4,12624,1537
LWGL,0.34782195,0.29315907,4,12624,1537
LWAV,0.3363521,0.038148113,4,12624,1537
FHAG,0.33462667,0.3737416,4,12624,1537
IYGF,0.33274913,0.3393743,4,12624,1537
MWFG,0.33257198,0.35808226,4,12624,1537
VIAC,0.33214355,0.32108673,4,12624,1537
YFAA,0.33196664,0.5650018,4,12624,1537
MIAA,0.32653356,0.33421913,4,12624,1537
LFGM,0.32178092,0.28908285,4,12624,1537
VHAC,0.31975913,0.33113557,4,12624,1537
WSFC,0.31865144,0.37954843,4,12624,1537
WHAA,0.3178861,0.26855397,4,12624,1537
VNAC,0.3124082,0.30014718,4,12624,1537
WWFV,0.31102633,0.63299614,4,12624,1537
WTCA,0.3106625,0.25488037,4,12624,1537
LWAC,0.3095758,0.27418825,4,12624,1537
WVFG,0.30944657,0.518634,4,12624,1537
WRCG,0.30930543,0.3637123,4,12624,1537
ISAC,0.30913186,0.35090315,4,12624,1537
VFAC,0.30634856,0.21309258,4,12624,1537
WALA,0.30418873,0.4432742,4,12624,1537
LMCA,0.30408025,0.32558882,4,12624,1537
WIMA,0.30143332,0.29708138,4,12624,1537
VHGV,0.29922843,0.31081796,4,12624,1537
WVFT,0.29565692,0.41246185,4,12624,1537
VNCC,0.29544735,0.18336302,4,12624,1537
FYGN,0.29481673,0.55430514,4,12624,1537
IFGS,0.28998923,0.0824419,4,12624,1537
VYGL,0.28491092,0.335296,4,12624,1537
VIAV,0.28428912,0.03478226,4,12624,1537
VWAI,0.28401542,0.043844484,4,12624,1537
IFAC,0.28132844,0.22868492,4,12624,1537
WVFS,0.28131986,0.08498662,4,12624,1537
IRCG,0.2774861,0.2927076,4,12624,1537
YWGM,0.27606654,0.3195135,4,12624,1537
TWCG,0.27577257,0.23347734,4,12624,1537
WYFT,0.27543426,0.18946423,4,12624,1537
LAGA,0.27253127,0.22384723,4,12624,1537
MWGS,0.27201343,0.09406744,4,12624,1537
WVFC,0.27178073,0.3252997,4,12624,1537
VKAC,0.27125335,0.2578478,4,12624,1537
WTFT,0.27032065,0.2144106,4,12624,1537
LYGI,0.2683599,0.24252903,4,12624,1537
THGM,0.26769423,0.25883827,4,12624,1537
ERAA,0.26598144,0.1484006,4,12624,1537
MFAA,0.26493907,0.26132417,4,12624,1537
LRCC,0.26439404,0.26041898,4,12624,1537
VACC,0.26280665,0.15763848,4,12624,1537
IDAG,0.2616713,0.25989714,4,12624,1537
WQFT,0.26166224,0.2529523,4,12624,1537
WRFC,0.26117396,0.3269068,4,12624,1537
WRLA,0.26113987,0.48025495,4,12624,1537
KKCA,0.26061797,0.28863558,4,12624,1537
VAGM,0.2590258,0.25076666,4,12624,1537
YFGS,0.25898862,0.23983146,4,12624,1537
VIAM,0.25894904,0.24257581,4,12624,1537
AHAG,0.25683117,0.02084859,4,12624,1537
MHGM,0.25670123,0.22235566,4,12624,1537
KWGM,0.25589442,0.46143326,4,12624,1537
VFCC,0.25549865,0.15286957,4,12624,1537
LFCC,0.25011802,0.16941872,4,12624,1537
IDCG,0.24976875,0.23846945,4,12624,1537
YYAG,0.24907805,0.3495577,4,12624,1537
WMMA,0.24726512,0.19860606,4,12624,1537
TWGM,0.24561574,0.43609434,4,12624,1537
WVFV,0.24495341,0.49963847,4,12624,1537
HAAA,0.24438597,0.11210492,4,12624,1537
IHGF,0.24267174,0.28667882,4,12624,1537
IPAA,0.23973013,0.22785568,4,12624,1537
FQCA,0.23946644,0.22885403,4,12624,1537
WVFI,0.23608209,0.034796298,4,12624,1537
WCFT,0.23445393,0.3223884,4,12624,1537
LACC,0.23377253,0.16533242,4,12624,1537
WEFT,0.23353244,0.1522419,4,12624,1537
KYGM,0.23344304,0.4232874,4,12624,1537
MWGN,0.23322417,0.15762725,4,12624,1537
WSFN,0.2329848,0.022759227,4,12624,1537
WAFV,0.2329352,0.49237737,4,12624,1537
WTFP,0.23283769,0.016863234,4,12624,1537
WQLA,0.2321067,0.27038014,4,12624,1537
IRMG,0.23038079,0.098603845,4,12624,1537
LWAI,0.22949912,0.05701734,4,12624,1537
ENCC,0.22919632,0.06484263,4,12624,1537
IWGW,0.22896267,0.10867114,4,12624,1537
WQFC,0.22887613,0.17563328,4,12624,1537
WVFM,0.22861554,0.0076011512,4,12624,1537
ENAA,0.2281592,0.1301329,4,12624,1537
WYFI,0.22597863,0.02906894,4,12624,1537
LNAC,0.22547127,0.29023454,4,12624,1537
VIAI,0.22474076,0.050391864,4,12624,1537
WVFF,0.22462465,0.0029542374,4,12624,1537
LNLA,0.22460009,0.3568892,4,12624,1537
LFAC,0.22457291,0.1540318,4,12624,1537
WVFP,0.2224703,0.087286845,4,12624,1537
CYGA,0.2219422,0.06962581,4,12624,1537
WEFS,0.22148801,0.0120112095,4,12624,1537
VDCC,0.22121073,0.15897964,4,12624,1537
VQAC,0.22098137,0.18006171,4,12624,1537
MRFG,0.21971656,0.23322631,4,12624,1537
EWGM,0.21961857,0.40919974,4,12624,1537
RWAA,0.21887709,0.0014874265,4,12624,1537
IFCC,0.21867539,0.14185634,4,12624,1537
VKGM,0.21772553,0.18002975,4,12624,1537
VIAL,0.21770407,0.12452864,4,12624,1537
WRCC,0.21474482,0.18726823,4,12624,1537
WNFM,0.21463992,0.007710774,4,12624,1537
LNSA,0.2144816,0.17592198,4,12624,1537
FFGL,0.21371837,0.17814705,4,12624,1537
YWFG,0.21368791,0.5056969,4,12624,1537
SNAA,0.21265484,0.07312092,4,12624,1537
WYLA,0.21182181,0.34627616,4,12624,1537
YRFA,0.21075226,0.13901168,4,12624,1537
WIFI,0.20927073,0.025694966,4,12624,1537
IHAV,0.20826031,0.048463654,4,12624,1537
ICGV,0.2077644,0.15842615,4,12624,1537
IRFG,0.20746543,0.2636745,4,12624,1537
CAAA,0.20572974,0.33893123,4,12624,1537
WQFP,0.20525934,0.024490839,4,12624,1537
YTGA,0.20419766,0.16081937,4,12624,1537
VYGI,0.20181729,0.24172965,4,12624,1537
MHAG,0.20093895,0.13753118,4,12624,1537
LKCC,0.19944717,0.20747359,4,12624,1537
HYGA,0.1957977,0.07981786,4,12624,1537
WDFM,0.1924131,0.005243706,4,12624,1537
WAYA,0.19177629,0.050981835,4,12624,1537
YTGS,0.191108,0.13738205,4,12624,1537
WAFN,0.18858482,0.023783514,4,12624,1537
LKAC,0.18498828,0.23607339,4,12624,1537
WTFQ,0.18109776,0.00087818404,4,12624,1537
EACC,0.1807089,0.077093266,4,12624,1537
VEAC,0.17982508,0.09054927,4,12624,1537
WKYA,0.17775966,0.01076762,4,12624,1537
MCAA,0.17684485,0.21449828,4,12624,1537
WDFP,0.17567588,0.009123741,4,12624,1537
YYGN,0.17350794,0.17680946,4,12624,1537
WVYG,0.172606,0.16197594,4,12624,1537
VIGS,0.17185141,0.0944543,4,12624,1537
WYCM,0.17122127,0.17730945,4,12624,1537
MNFG,0.16994621,0.15300936,4,12624,1537
WVYA,0.16851713,0.062836275,4,12624,1537
WKCC,0.16733386,0.11746786,4,12624,1537
EWGC,0.1671064,0.28339848,4,12624,1537
MVFG,0.16700245,0.29536954,4,12624,1537
YKGC,0.1660998,0.13150823,4,12624,1537
LRFC,0.16590144,0.046353903,4,12624,1537
KTCA,0.16514803,0.17770867,4,12624,1537
SWGL,0.16458203,0.2856029,4,12624,1537
VWFI,0.1643808,0.0051477933,4,12624,1537
WHYA,0.16144444,0.06425444,4,12624,1537
FCGN,0.15883233,0.06660807,4,12624,1537
VICV,0.1587527,0.022621607,4,12624,1537
MKFG,0.15829445,0.1733869,4,12624,1537
YYFA,0.15748431,0.07043568,4,12624,1537
PWGM,0.15745284,0.023698827,4,12624,1537
WVFQ,0.15715052,0.0009922214,4,12624,1537
VAFC,0.15626504,0.05969591,4,12624,1537
WNCI,0.15302773,0.13306235,4,12624,1537
ILAG,0.15250017,0.12828659,4,12624,1537
HAFA,0.15058877,0.030476756,4,12624,1537
LTLA,0.14967133,0.14001773,4,12624,1537
LRIG,0.14933707,0.01655138,4,12624,1537
RNCC,0.14924385,0.02618611,4,12624,1537
VMGM,0.14815308,0.17768478,4,12624,1537
IVGV,0.14636494,0.16926803,4,12624,1537
YIAC,0.14518286,0.12815636,4,12624,1537
MYGI,0.14450432,0.23680115,4,12624,1537
HWGN,0.14018132,0.13876092,4,12624,1537
WCMC,0.1380284,0.06359185,4,12624,1537
WDFD,0.13675238,0.0030268745,4,12624,1537
WVFE,0.1345389,0.001407698,4,12624,1537
VLGM,0.13430096,0.07109648,4,12624,1537
WMFK,0.13203312,0.0006261885,4,12624,1537
AWAV,0.12989451,0.0,4,12624,1537
WVYT,0.12988044,0.07007416,4,12624,1537
VHGN,0.12774254,0.19533247,4,12624,1537
MKAC,0.1266277,0.1617871,4,12624,1537
HYAC,0.12631156,0.005597576,4,12624,1537
YIAM,0.12495972,0.08317955,4,12624,1537
IEGC,0.12451102,0.07364233,4,12624,1537
LPAA,0.12315585,0.07908196,4,12624,1537
LAPA,0.1218207,0.0013303735,4,12624,1537
YTGN,0.11881854,0.0122649195,4,12624,1537
LACI,0.11852528,0.044682927,4,12624,1537
WTMP,0.11707927,0.0007111836,4,12624,1537
LCGN,0.11701609,0.027708609,4,12624,1537
WKYT,0.109014764,0.029944457,4,12624,1537
WTLC,0.10881539,0.2210844,4,12624,1537
WVWT,0.10369803,0.017664589,4,12624,1537
ITGV,0.101315275,0.09500829,4,12624,1537
FHGD,0.09752466,0.037554126,4,12624,1537
AVMG,0.09492214,0.18278818,4,12624,1537
ICGI,0.09358288,0.061347798,4,12624,1537
FKPA,0.09251048,0.001619064,4,12624,1537
WMFQ,0.09216787,0.0005914146,4,12624,1537
IRIG,0.09136535,0.0054678265,4,12624,1537
VYMV,0.09107901,0.0018316129,4,12624,1537
IHSV,0.09039141,0.004481509,4,12624,1537
CHLA,0.086648,0.065759756,4,12624,1537
SHLA,0.08247949,0.0035518394,4,12624,1537
LWMM,0.07969512,0.028078962,4,12624,1537
ERIG,0.07847716,0.0068246624,4,12624,1537
LAAI,0.07822539,0.014465178,4,12624,1537
VVRV,0.07738043,0.00045325622,4,12624,1537
VYPV,0.076939836,0.0009830624,4,12624,1537
HNAC,0.07671858,0.0055761947,4,12624,1537
WKYD,0.071459785,0.0010993995,4,12624,1537
WHQA,0.06853558,0.0032527803,4,12624,1537
LVCI,0.06777562,0.07058897,4,12624,1537
KWFI,0.067719236,0.0032527803,4,12624,1537
CTLA,0.05913259,0.016948858,4,12624,1537
MIWC,0.058099285,0.00066623214,4,12624,1537
YVYF,0.055980936,0.00013229015,4,12624,1537
SYLG,0.055109993,0.039905243,4,12624,1537
VMTC,0.05433871,0.0006869226,4,12624,1537
GDCV,0.052869216,0.0012343139,4,12624,1537
ISYN,0.048068896,0.0003981403,4,12624,1537
IRFS,0.04798056,0.012345837,4,12624,1537
VMYC,0.046809807,0.0010772194,4,12624,1537
YVAH,0.046779707,0.00055593764,4,12624,1537
FFSS,0.042570487,0.003988528,4,12624,1537
LFSN,0.03822787,0.0006869226,4,12624,1537
WGIM,0.036178067,0.00033717847,4,12624,1537
ELIH,0.03460215,0.00044594568,4,12624,1537
AVMC,0.033848003,0.019354044,4,12624,1537
APFG,0.03326954,0.01797161,4,12624,1537
SHQN,0.032528654,0.0,4,12624,1537
TIYA,0.0283093,0.0022829147,4,12624,1537
LKAP,0.026850656,0.0006753654,4,12624,1537
WCWF,0.026834443,0.007754149,4,12624,1537
CQMD,0.02594538,0.0010105899,4,12624,1537
GYLG,0.025392488,0.0026649283,4,12624,1537
WHQN,0.0243776,0.00062482787,4,12624,1537
EKNH,0.02310358,0.0,4,12624,1537
CKWH,0.021771625,0.00024908676,4,12624,1537
NNKD,0.021228448,0.015220296,4,12624,1537
FRNN,0.019897267,0.0,4,12624,1537
EEHE,0.019790277,0.0,4,12624,1537
SNQA,0.018415287,0.00017723478,4,12624,1537
MRKL,0.018163875,0.0,4,12624,1537
GPWI,0.017985776,0.0003434613,4,12624,1537
ECDM,0.017913446,0.0011059452,4,12624,1537
LRNL,0.01760228,0.00056970783,4,12624,1537
MPYI,0.01727517,0.0,4,12624,1537
WSGE,0.017097905,0.0003127673,4,12624,1537
YCYM,0.016737178,0.0043655736,4,12624,1537
MGNN,0.0148064345,0.00052167237,4,12624,1537
MPYH,0.014555499,0.0005368667,4,12624,1537
QVFR,0.014494732,0.00028135593,4,12624,1537
WHQM,0.012416139,0.00017499138,4,12624,1537
KHKE,0.0093936175,0.00064299145,4,12624,1537
PHKV,0.00910072,0.0,4,12624,1537
DALE,0.007795587,0.0,4,12624,1537
QQPE,0.007213369,0.0,4,12624,1537
PCSY,0.006951228,0.001658918,4,12624,1537
PTER,0.006748572,0.00030052866,4,12624,1537
NFMT,0.0059289485,0.0001035529,4,12624,1537
HIDI,0.0055025965,0.00066224264,4,12624,1537
TEFI,0.0027211457,0.0011059452,4,12624,1537
LHAE,0.0020542294,0.0006710833,4,12624,1537
WDPS,0.0019314438,0.00031226687,4,12624,1537
FVQF,0.0017474443,0.0,4,12624,1537
NMKH,0.0014939159,0.00035907316,4,12624,1537
ECQQ,0.0013242811,0.0,4,12624,1537
EHPR,0.0012997538,0.00029413437,4,12624,1537
ISDY,0.00017912686,0.00020851151,4,12624,1537
AGYR,-0.0005696267,0.0,4,12624,1537
PVNS,-0.0008006841,0.0003462262,4,12624,1537
KIES,-0.0014922768,0.00044261414,4,12624,1537
HSER,-0.0017495304,0.00017746235,4,12624,1537
VNGE,-0.0023035258,0.0048821936,4,12624,1537
PFWY,-0.0024741143,0.0,4,12624,1537
SVEQ,-0.0026739687,0.0001941618,4,12624,1537
LEKG,-0.0028933138,0.00023431043,4,12624,1537
DTCG,-0.0031307787,0.00062837807,4,12624,1537
QMPM,-0.0038394183,0.00017666856,4,12624,1537
YCCK,-0.004071757,0.0005474977,4,12624,1537
SSEG,-0.00466232,4.9997536e-05,4,12624,1537
QMYT,-0.0055956095,0.0055885534,4,12624,1537
WWQY,-0.006455049,0.00031538366,4,12624,1537
KGQS,-0.0096428245,0.00024467814,4,12624,1537
WFAY,-0.009839818,0.0007919574,4,12624,1537
ARIP,-0.010411128,0.0010054049,4,12624,1537
NDLM,-0.010651216,0.00035446967,4,12624,1537
TMSP,-0.011947915,0.00038477223,4,12624,1537
MCYY,-0.012727842,0.0011520264,4,12624,1537
SAGD,-0.0136000365,0.0018186311,4,12624,1537
NWDS,-0.013681278,0.0,4,12624,1537
KHFT,-0.014436528,0.023224851,4,12624,1537
FEDF,-0.015228793,0.0021268178,4,12624,1537
WPDQ,-0.015346155,0.0002148857,4,12624,1537
INPS,-0.016220018,0.00028069678,4,12624,1537
CCLS,-0.018786535,0.0015565157,4,12624,1537
HWDE,-0.019564226,0.00035907316,4,12624,1537
VSRQ,-0.019725189,0.00023665017,4,12624,1537
VQDI,-0.02033548,0.0006010572,4,12624,1537
ANYT,-0.020603225,0.010368237,4,12624,1537
NRVR,-0.021182463,0.00021343953,4,12624,1537
ARNY,-0.022561178,0.0,4,12624,1537
RAKT,-0.023437545,0.00024433678,4,12624,1537
QPAN,-0.023715064,0.00018371188,4,12624,1537
RGLK,-0.02436702,0.00029729717,4,12624,1537
NKHQ,-0.025062427,0.0,4,12624,1537
TSST,-0.025525615,5.256394e-05,4,12624,1537
GPVW,-0.025566205,0.0,4,12624,1537
YGPY,-0.026645705,0.000216852,4,12624,1537
DYDG,-0.027117029,0.0,4,12624,1537
MEHL,-0.028474554,0.00049668207,4,12624,1537
ARAH,-0.028548226,0.0,4,12624,1537
YEQV,-0.0290436,0.00015981871,4,12624,1537
QCHM,-0.029943094,0.0,4,12624,1537
YQWW,-0.030490443,0.00023835024,4,12624,1537
GHLP,-0.030847237,0.00047181966,4,12624,1537
HASD,-0.03254567,0.0,4,12624,1537
TKRL,-0.03420274,0.00041733784,4,12624,1537
YAVE,-0.035019204,0.00011425057,4,12624,1537
LLSP,-0.03612654,0.00022088274,4,12624,1537
SQMI,-0.036956415,0.00023431043,4,12624,1537
LLWF,-0.03697346,0.00050624256,4,12624,1537
YMKN,-0.037396982,0.0,4,12624,1537
RTYT,-0.04149799,0.0022976275,4,12624,1537
RSKT,-0.042462036,0.00024781105,4,12624,1537
YMTR,-0.04521905,0.00016580887,4,12624,1537
MNKP,-0.04606448,0.00034134116,4,12624,1537
IMRI,-0.048243925,0.0004001776,4,12624,1537
PYVC,-0.049517557,0.0008670303,4,12624,1537
AMMP,-0.04993938,0.00086401973,4,12624,1537
RWMP,-0.051876172,0.0004981735,4,12624,1537
MGVS,-0.06129192,0.00031737122,4,12624,1537
TMVT,-0.063433036,0.00044390012,4,12624,1537
FNIH,-0.064588055,0.00021433049,4,12624,1537
GPNA,-0.07314031,0.0002032988,4,12624,1537
LCCL,-0.076407894,0.035628237,4,12624,1537
HMHA,-0.08375697,0.00017067052,4,12624,1537
VWCA,0.6115293,0.5406935,5,15840,1921
WWFG,0.55758727,0.63991135,5,15840,1921
FWFG,0.537439,0.52186793,5,15840,1921
WRCA,0.53046536,0.5367764,5,15840,1921
YYAA,0.52892196,0.70425415,5,15840,1921
VYCA,0.5037213,0.5407047,5,15840,1921
WRFA,0.49672008,0.5088827,5,15840,1921
MYCA,0.45454496,0.45494568,5,15840,1921
AFCA,0.45348227,0.4055133,5,15840,1921
WSFG,0.44610113,0.5112477,5,15840,1921
LVCA,0.4391653,0.4520526,5,15840,1921
AHCG,0.43325022,0.36422828,5,15840,1921
MWAA,0.42639208,0.4531611,5,15840,1921
VYAG,0.4252513,0.42661706,5,15840,1921
IVAA,0.42244852,0.41321227,5,15840,1921
AWCG,0.41987583,0.38984573,5,15840,1921
WYFG,0.41602972,0.3484317,5,15840,1921
WHFG,0.41471457,0.42699882,5,15840,1921
LWAG,0.41310546,0.3353433,5,15840,1921
FHGA,0.40778166,0.41840854,5,15840,1921
IYAG,0.39799005,0.3456079,5,15840,1921
MYAA,0.39475134,0.34062153,5,15840,1921
YVAA,0.39407453,0.39461967,5,15840,1921
FYFG,0.38220048,0.26671156,5,15840,1921
WFFG,0.37884173,0.29846275,5,15840,1921
LWMG,0.36696556,0.48236528,5,15840,1921
LRCG,0.3656685,0.3918407,5,15840,1921
WMFG,0.362191,0.24620052,5,15840,1921
ENCA,0.36119914,0.4592745,5,15840,1921
WHLA,0.36020556,0.3672762,5,15840,1921
FFFG,0.35346758,0.22602756,5,15840,1921
IFAA,0.35328758,0.37927574,5,15840,1921
HRCA,0.3475532,0.42247644,5,15840,1921
LFGC,0.34564173,0.33882967,5,15840,1921
WRLG,0.34520003,0.53512865,5,15840,1921
AHAA,0.3442002,0.24730165,5,15840,1921
FAGA,0.34351122,0.45811656,5,15840,1921
VWMG,0.34326226,0.25464517,5,15840,1921
FVFG,0.3408559,0.41595057,5,15840,1921
LYGN,0.33447325,0.3346415,5,15840,1921
ANCG,0.3338272,0.21515435,5,15840,1921
VQCA,0.33309615,0.338886,5,15840,1921
FIFG,0.3321382,0.46127367,5,15840,1921
WNFA,0.33038902,0.37153563,5,15840,1921
IWMA,0.3291468,0.09873111,5,15840,1921
LHCG,0.32416567,0.32710773,5,15840,1921
IYCG,0.32256246,0.39420977,5,15840,1921
VSAG,0.320001,0.34150407,5,15840,1921
FKCA,0.3193982,0.3253723,5,15840,1921
YLAA,0.3151597,0.2789058,5,15840,1921
WKLA,0.31345758,0.367785,5,15840,1921
YQCA,0.31176677,0.29670137,5,15840,1921
TWCA,0.3103413,0.1293956,5,15840,1921
IACG,0.30796802,0.31973436,5,15840,1921
EWGF,0.30761904,0.17539601,5,15840,1921
VACG,0.3056918,0.22382227,5,15840,1921
YHGA,0.30529797,0.3914665,5,15840,1921
WHCG,0.3041924,0.309058,5,15840,1921
FQAA,0.29649162,0.2570431,5,15840,1921
LHGC,0.29647636,0.26967207,5,15840,1921
VWMA,0.296394,0.14226256,5,15840,1921
VNCG,0.29474682,0.42334363,5,15840,1921
IHAG,0.29296747,0.30126768,5,15840,1921
LRFG,0.2889008,0.38559735,5,15840,1921
YYGA,0.2856642,0.32055324,5,15840,1921
FHFG,0.28267437,0.3010936,5,15840,1921
IWFA,0.27965716,0.22276112,5,15840,1921
IKAG,0.27957958,0.2870966,5,15840,1921
IHCG,0.27851135,0.31426367,5,15840,1921
IALA,0.2779119,0.13730438,5,15840,1921
WFCG,0.27609622,0.31523126,5,15840,1921
WNMA,0.27568302,0.31483674,5,15840,1921
FIMA,0.27533197,0.37216514,5,15840,1921
VAGA,0.2741306,0.1766889,5,15840,1921
VALA,0.27367443,0.17104663,5,15840,1921
MNCG,0.27122855,0.3086622,5,15840,1921
FFCG,0.27011496,0.2646369,5,15840,1921
IEAA,0.26988313,0.2201405,5,15840,1921
VAMA,0.26922193,0.19538367,5,15840,1921
LRMA,0.26696727,0.39905873,5,15840,1921
LYGS,0.26536083,0.19879846,5,15840,1921
WSCG,0.26483533,0.26721334,5,15840,1921
LRGA,0.264781,0.24146251,5,15840,1921
HWCG,0.2634549,0.25379264,5,15840,1921
YRMA,0.26341134,0.27547088,5,15840,1921
LHFG,0.2623508,0.29218587,5,15840,1921
FMFG,0.25882933,0.1730043,5,15840,1921
ANCV,0.25853184,0.0074818386,5,15840,1921
VKAG,0.25800243,0.2836006,5,15840,1921
WMLA,0.25796622,0.21581814,5,15840,1921
WDLA,0.25795475,0.31369647,5,15840,1921
VHFG,0.25787845,0.4208876,5,15840,1921
WNCG,0.25527528,0.2548731,5,15840,1921
FAFG,0.2547787,0.33422318,5,15840,1921
ASAA,0.2522675,0.16269037,5,15840,1921
FWVA,0.2515719,0.006175329,5,15840,1921
LWGN,0.25002703,0.17933908,5,15840,1921
WKLG,0.24883613,0.41230226,5,15840,1921
WYGC,0.24725056,0.226268,5,15840,1921
YVGA,0.24480146,0.3115615,5,15840,1921
YIGA,0.24284065,0.33922967,5,15840,1921
FHMA,0.24143311,0.29234362,5,15840,1921
YHGC,0.24006236,0.26365492,5,15840,1921
YVLA,0.23714337,0.3071306,5,15840,1921
YAMA,0.23546019,0.21022835,5,15840,1921
KYGC,0.23507172,0.21405393,5,15840,1921
WVCG,0.23270646,0.28573906,5,15840,1921
LFGN,0.2316823,0.2329052,5,15840,1921
AWAA,0.23147294,0.040871892,5,15840,1921
LDLA,0.23133633,0.2758881,5,15840,1921
RWCG,0.23048794,0.08463293,5,15840,1921
FAMA,0.22974,0.20845205,5,15840,1921
FNAG,0.22876978,0.26364478,5,15840,1921
FHLG,0.22646064,0.40171048,5,15840,1921
VNLA,0.22617865,0.1453346,5,15840,1921
YKGA,0.2260916,0.25406408,5,15840,1921
VWIG,0.22591978,0.012471298,5,15840,1921
QWFG,0.22354954,0.24874102,5,15840,1921
HHCG,0.22332633,0.1831722,5,15840,1921
YNCG,0.22133341,0.22871034,5,15840,1921
VSFG,0.22098088,0.38162866,5,15840,1921
FVGC,0.22037727,0.20671594,5,15840,1921
FVGN,0.21875268,0.10070979,5,15840,1921
WFGC,0.2182656,0.15759419,5,15840,1921
RWFG,0.2181958,0.09785154,5,15840,1921
IQAG,0.21791855,0.2144707,5,15840,1921
FKAG,0.21593073,0.20014538,5,15840,1921
FAAG,0.21574903,0.17701481,5,15840,1921
WCLG,0.21544033,0.3738386,5,15840,1921
FQFG,0.21451929,0.24781367,5,15840,1921
VNSA,0.21407574,0.2288316,5,15840,1921
FACG,0.21395716,0.15589832,5,15840,1921
VMAG,0.20739141,0.13477433,5,15840,1921
WFGS,0.20721164,0.06998142,5,15840,1921
KVCA,0.20646855,0.32141808,5,15840,1921
WMLG,0.20577446,0.24140851,5,15840,1921
VAMG,0.2042625,0.15037471,5,15840,1921
ISAM,0.19978377,0.23346311,5,15840,1921
WCCG,0.19935036,0.145895,5,15840,1921
VLFG,0.19803831,0.18627681,5,15840,1921
FNFG,0.19743332,0.25928274,5,15840,1921
AWGV,0.19568488,0.06635672,5,15840,1921
LVGA,0.19564712,0.18413797,5,15840,1921
VWGT,0.19511604,0.110682026,5,15840,1921
TFGF,0.195061,0.17611481,5,15840,1921
DWGC,0.19428828,0.029491875,5,15840,1921
FFLG,0.19345823,0.3782583,5,15840,1921
WRYG,0.19193146,0.09528563,5,15840,1921
TWGY,0.18925735,0.085710764,5,15840,1921
VNGC,0.18860176,0.2858701,5,15840,1921
VVCG,0.18858293,0.21197285,5,15840,1921
LKGA,0.18729392,0.18227161,5,15840,1921
AVFG,0.18692216,0.38353616,5,15840,1921
THGF,0.18629187,0.16691582,5,15840,1921
YYGN,0.18623164,0.17680946,5,15840,1921
AWGY,0.18523711,0.005293653,5,15840,1921
IAFA,0.18420073,0.20408681,5,15840,1921
EWFG,0.1824047,0.14681034,5,15840,1921
IEAG,0.18219295,0.114529915,5,15840,1921
WYYG,0.18190256,0.07184402,5,15840,1921
TYGC,0.17907915,0.3456079,5,15840,1921
AYCV,0.17887011,0.002513512,5,15840,1921
FIAC,0.1774211,0.14081912,5,15840,1921
WDCG,0.17706984,0.18323697,5,15840,1921
IKGA,0.1755934,0.2031403,5,15840,1921
IDLA,0.17501459,0.065543525,5,15840,1921
VASA,0.17338026,0.16228803,5,15840,1921
YAFA,0.17060664,0.20782514,5,15840,1921
TYGV,0.1704993,0.3718459,5,15840,1921
IRGN,0.16727489,0.04320099,5,15840,1921
FKLG,0.16674995,0.3920826,5,15840,1921
VHSA,0.16672564,0.23489471,5,15840,1921
FAGN,0.16642708,0.14394844,5,15840,1921
FTFG,0.16606572,0.17147556,5,15840,1921
RWGV,0.16468939,0.11526514,5,15840,1921
VKMA,0.16441506,0.10651844,5,15840,1921
WHIA,0.16199055,0.00054213003,5,15840,1921
IRAM,0.16084597,0.22341879,5,15840,1921
YKLG,0.15724039,0.36892354,5,15840,1921
FAGM,0.15573561,0.1554669,5,15840,1921
TVCA,0.1545007,0.22031595,5,15840,1921
IAAS,0.1533995,0.13752429,5,15840,1921
VRAM,0.15253767,0.22284509,5,15840,1921
VWGW,0.14858752,0.23781216,5,15840,1921
FRGG,0.14822444,0.12387768,5,15840,1921
FAGG,0.14300358,0.20213392,5,15840,1921
VKLA,0.14088653,0.06986164,5,15840,1921
YDLA,0.13776794,0.15738453,5,15840,1921
TAAA,0.13632831,0.12946582,5,15840,1921
VWAT,0.13616917,0.025748726,5,15840,1921
FHIG,0.13553569,0.005720407,5,15840,1921
VAGG,0.13526931,0.057040874,5,15840,1921
WFGF,0.1350913,0.15797694,5,15840,1921
VRAS,0.1326561,0.17339502,5,15840,1921
VSAS,0.13239866,0.11485044,5,15840,1921
LGCC,0.1318956,0.04463755,5,15840,1921
VWGG,0.12951562,0.10529521,5,15840,1921
AFCC,0.12913224,0.02377203,5,15840,1921
WRGC,0.12748414,0.12092681,5,15840,1921
VWVA,0.12603346,0.0017512989,5,15840,1921
HMFG,0.12503922,0.052783754,5,15840,1921
AHLG,0.12498108,0.45589617,5,15840,1921
VPAG,0.12469211,0.020842815,5,15840,1921
WYGV,0.12318296,0.038509663,5,15840,1921
YTCG,0.12011069,0.11211492,5,15840,1921
VSAT,0.117095865,0.03352794,5,15840,1921
AYGY,0.116768725,0.004567718,5,15840,1921
NNAA,0.11619306,0.020822661,5,15840,1921
TYGY,0.11610431,0.021268178,5,15840,1921
IAAI,0.11162449,0.047397655,5,15840,1921
WNSA,0.110083885,0.055133857,5,15840,1921
VVAT,0.10786817,0.06392036,5,15840,1921
YHIA,0.10709515,0.00032784938,5,15840,1921
VHAT,0.10504519,0.07813022,5,15840,1921
THYG,0.10476913,0.03554824,5,15840,1921
VSAY,0.10157288,0.0022189913,5,15840,1921
WSCI,0.09993725,0.043069076,5,15840,1921
QHMA,0.09940655,0.054777227,5,15840,1921
KNFG,0.09400121,0.02473825,5,15840,1921
VRAY,0.093693756,0.0027429198,5,15840,1921
QWMA,0.092479005,0.031800646,5,15840,1921
KMFG,0.09110656,0.01489611,5,15840,1921
FKGG,0.089954235,0.09660757,5,15840,1921
FIKA,0.081849195,0.0040017758,5,15840,1921
DYGV,0.08117569,0.021804206,5,15840,1921
VWPG,0.0810768,0.0010164938,5,15840,1921
VLWG,0.08081429,0.0005709157,5,15840,1921
CWFC,0.08026891,0.038298476,5,15840,1921
IWMS,0.078016594,0.013216654,5,15840,1921
EWFC,0.07607512,0.0019068022,5,15840,1921
VWMS,0.07195947,0.016648639,5,15840,1921
KFCG,0.07150181,0.017890291,5,15840,1921
THLG,0.069727086,0.15613346,5,15840,1921
QLCG,0.06587112,0.07877813,5,15840,1921
DWFC,0.0607272,0.00089189137,5,15840,1921
EMCG,0.060248647,0.052783754,5,15840,1921
KYLG,0.05890257,0.07557293,5,15840,1921
FHIA,0.05793079,0.00074726035,5,15840,1921
ISGY,0.057530843,0.022498397,5,15840,1921
KRMG,0.056530043,0.022982048,5,15840,1921
FAQA,0.051808406,0.0003291504,5,15840,1921
AQCC,0.050935835,0.024564171,5,15840,1921
VYAH,0.049532704,0.00054827315,5,15840,1921
KGLG,0.049382456,0.0070852786,5,15840,1921
FLKA,0.048903897,0.00011472459,5,15840,1921
FDAT,0.042948008,0.0070989733,5,15840,1921
IAMS,0.042490117,0.008611019,5,15840,1921
RYVG,0.04246684,0.0021393164,5,15840,1921
VAAD,0.03913123,0.0103394715,5,15840,1921
DLGY,0.033282414,0.00040860052,5,15840,1921
TVVC,0.029834613,0.0014551912,5,15840,1921
EAMC,0.028997991,0.0019907015,5,15840,1921
KDFC,0.024997536,0.0004065975,5,15840,1921
VFCN,0.024251694,0.0021205442,5,15840,1921
RIMT,0.021694504,0.0017578951,5,15840,1921
MWYS,0.0207472,0.0035263505,5,15840,1921
EAMS,0.020265859,0.004646347,5,15840,1921
EWKG,0.01998031,0.005027024,5,15840,1921
VMKY,0.017532017,0.00064801483,5,15840,1921
EAFL,0.017253503,0.00071329396,5,15840,1921
EAMR,0.015723731,0.00017876276,5,15840,1921
ERHF,0.015441621,0.0,5,15840,1921
CAFL,0.014860667,0.00301533,5,15840,1921
KVTC,0.012982802,0.00039041718,5,15840,1921
FEQG,0.012185945,0.0039498047,5,15840,1921
TIQN,0.012135663,0.0018432421,5,15840,1921
HIMQ,0.011865266,0.00048791707,5,15840,1921
GDLC,0.011667317,0.0001035529,5,15840,1921
DWTC,0.011529577,0.0,5,15840,1921
YVFH,0.011172082,0.0009935092,5,15840,1921
YECS,0.011147063,0.0056465515,5,15840,1921
IWSH,0.010758055,0.00038996656,5,15840,1921
EDSY,0.010125018,8.613279e-05,5,15840,1921
IVEE,0.009744875,0.00014551914,5,15840,1921
KPCI,0.009601053,0.00048720054,5,15840,1921
SREF,0.009468073,0.00059300015,5,15840,1921
MICD,0.009340184,0.013152476,5,15840,1921
DWTW,0.0078653395,0.0,5,15840,1921
KKWQ,0.007865235,0.00043200987,5,15840,1921
EFWK,0.007822022,0.0005719138,5,15840,1921
VMRT,0.007742144,0.0002764863,5,15840,1921
CASS,0.0076842364,0.0017225653,5,15840,1921
VSLI,0.0073920675,0.0011520264,5,15840,1921
EPHR,0.007381997,0.0,5,15840,1921
QMKL,0.007289812,0.00016962353,5,15840,1921
EMQR,0.007221956,0.0,5,15840,1921
SWKD,0.007074427,0.0038112507,5,15840,1921
KAYR,0.0062614903,0.00024176069,5,15840,1921
FVKH,0.0062244907,0.00046862086,5,15840,1921
KFRV,0.006145969,0.000101277015,5,15840,1921
NATH,0.0060321745,0.0,5,15840,1921
MKGK,0.005768288,0.00048352138,5,15840,1921
CCPL,0.005490549,0.00084038393,5,15840,1921
LHQC,0.005412169,0.0009534011,5,15840,1921
FDPC,0.005370343,0.00052167237,5,15840,1921
GENL,0.005153803,0.0,5,15840,1921
YDSY,0.0051165856,0.00036379782,5,15840,1921
PCAH,0.005045548,0.0011108826,5,15840,1921
DDPQ,0.005016478,0.0,5,15840,1921
WSTR,0.004877506,0.00022082664,5,15840,1921
TQDY,0.004690405,0.00061636494,5,15840,1921
DNPR,0.004670713,0.00058207643,5,15840,1921
DFDK,0.0046500843,0.0,5,15840,1921
CWNN,0.003764363,0.0010842601,5,15840,1921
PDEQ,0.003717551,0.0006583008,5,15840,1921
HIRS,0.0035210215,0.00026377704,5,15840,1921
ICWD,0.003269719,0.00967441,5,15840,1921
CMRK,0.0032378659,0.0017325514,5,15840,1921
PGDL,0.0030122213,0.00018808589,5,15840,1921
LMDI,0.0030039381,0.0002916522,5,15840,1921
QMPN,0.0028378665,7.76647e-05,5,15840,1921
IYEY,0.002827283,0.00017499138,5,15840,1921
PMWR,0.0026075095,0.00014362931,5,15840,1921
CYDY,0.0025793146,0.0008463867,5,15840,1921
YSHH,0.0023741573,0.00022850114,5,15840,1921
HTNH,0.0022029616,0.00023631314,5,15840,1921
APSK,0.0019893572,0.0,5,15840,1921
CMLR,0.0017827079,0.0011345184,5,15840,1921
NKVR,0.0016929321,0.00017573283,5,15840,1921
PHQR,0.0016349927,0.0,5,15840,1921
HTKR,0.001498282,0.00035907316,5,15840,1921
HKDY,0.0014881976,0.00018310349,5,15840,1921
RHER,0.001309894,0.00038842263,5,15840,1921
MEGI,0.00079136714,0.019749023,5,15840,1921
GYDI,0.0007879976,0.0,5,15840,1921
LGYR,0.0002784785,0.00012435671,5,15840,1921
TYCL,3.8374215e-05,0.0004065975,5,15840,1921
PFYP,-0.00030213594,0.00015503907,5,15840,1921
PYQR,-0.00035253912,0.0,5,15840,1921
MHLF,-0.00052269176,0.0027648632,5,15840,1921
VNDT,-0.0009099841,0.0005111512,5,15840,1921
GHDR,-0.0009449348,0.00038400877,5,15840,1921
NAFK,-0.0011814293,0.00038136047,5,15840,1921
ACIP,-0.0021171682,0.0,5,15840,1921
YSRK,-0.002135357,0.00018514704,5,15840,1921
EGVQ,-0.0022710394,0.00017280396,5,15840,1921
SLES,-0.0023690835,0.00035025977,5,15840,1921
DLPY,-0.0026198998,0.00029729717,5,15840,1921
GVNW,-0.0031931698,0.00023835024,5,15840,1921
FRLW,-0.0033052862,0.0019661249,5,15840,1921
PWRT,-0.004183924,0.0002575959,5,15840,1921
WMGK,-0.004512582,0.00042923464,5,15840,1921
NWCR,-0.005439326,0.0014024669,5,15840,1921
VMVD,-0.0060202405,0.000966188,5,15840,1921
ENAD,-0.007321138,0.0009890308,5,15840,1921
SPQQ,-0.007552365,0.0,5,15840,1921
CGWA,-0.007621838,0.00097012747,5,15840,1921
KGGQ,-0.007644996,0.00040796882,5,15840,1921
IMQK,-0.007978933,0.00026332025,5,15840,1921
EKTT,-0.008121286,0.00010316654,5,15840,1921
SFYS,-0.008653358,0.00042211649,5,15840,1921
GDVW,-0.0088761225,0.0,5,15840,1921
GNKS,-0.009978797,0.00025521815,5,15840,1921
CMMP,-0.010170441,0.0010466359,5,15840,1921
CQDP,-0.010435943,0.0005907828,5,15840,1921
GLIQ,-0.01057066,0.00013260731,5,15840,1921
HMRL,-0.010625515,0.00023198704,5,15840,1921
DSVQ,-0.010756537,0.00022387554,5,15840,1921
IYLH,-0.012755215,0.022780476,5,15840,1921
NYFN,-0.012864698,0.0004007048,5,15840,1921
MGKM,-0.013341658,0.0,5,15840,1921
SFVL,-0.01497414,0.0003744239,5,15840,1921
MYYK,-0.015139323,0.00020633308,5,15840,1921
HDTI,-0.015240829,0.0,5,15840,1921
LDGQ,-0.015361898,0.007647494,5,15840,1921
IGIF,-0.018431474,0.00013755541,5,15840,1921
YAPP,-0.018691577,0.00026016677,5,15840,1921
LQTS,-0.022216301,0.00044120156,5,15840,1921
QFFM,-0.022431739,0.0005760131,5,15840,1921
DQCF,-0.022451848,0.0,5,15840,1921
NGTV,-0.022659928,0.00017499138,5,15840,1921
MDTP,-0.022825267,0.0001407055,5,15840,1921
GHGG,-0.023271628,0.001138473,5,15840,1921
EHVF,-0.023411773,0.0010800246,5,15840,1921
DSIL,-0.02559352,0.00052331795,5,15840,1921
GGVF,-0.026893843,4.7021473e-05,5,15840,1921
ALFF,-0.02833261,0.0019068022,5,15840,1921
CWVY,-0.029889695,0.0007653601,5,15840,1921
AMPV,-0.033088908,0.0,5,15840,1921
YGGQ,-0.03671396,0.00063317484,5,15840,1921
CECI,-0.03722639,0.00048506376,5,15840,1921
FSIQ,-0.04077033,0.00042211649,5,15840,1921
DHVS,-0.04247787,0.00046862086,5,15840,1921
MLCL,-0.058424436,0.016206995,5,15840,1921
