{"run_id": "17:01:02-05/18/2022", "exp_name": "BO_EVO_proposal-function=UCB", "encoder_name": "ESM_esm-1v", "model_name": "GPyTorch", "landscape_name": "GB1_combo", "rounds": 5, "expmt_queries_per_round": 384, "model_queries_per_round": 3072}
sequence,model_score,true_score,round,model_cost,measurement_cost
NHGL,,0.0994094,0,0,1
THTN,-0.41252655,0.0,1,3076,385
RTIP,-0.41252655,0.00021943364,1,3076,385
DTSS,-0.41252655,0.00014142525,1,3076,385
DESS,-0.41252655,0.0019068022,1,3076,385
NESS,-0.41252655,0.0003764047,1,3076,385
NEMS,-0.41252655,0.00036024273,1,3076,385
DEMS,-0.41252655,0.0,1,3076,385
DEMG,-0.41252655,0.0,1,3076,385
DEVG,-0.41252655,0.0,1,3076,385
PEYN,-0.41252655,0.00076801755,1,3076,385
WEDN,-0.41252655,0.00019713816,1,3076,385
EEAR,-0.41252655,8.120012e-05,1,3076,385
CYAR,-0.41252655,0.00074125023,1,3076,385
CAAV,-0.41252655,0.005827898,1,3076,385
DAAV,-0.41252655,0.00043200987,1,3076,385
DRAV,-0.41252655,0.00014945211,1,3076,385
DRET,-0.41252655,0.0,1,3076,385
ERAV,-0.41252655,0.0009993482,1,3076,385
ERAS,-0.41252655,0.0007251066,1,3076,385
ERDS,-0.41252655,0.00016523084,1,3076,385
EYDS,-0.41252655,0.0,1,3076,385
AYKS,-0.41252655,0.0011465321,1,3076,385
DYKS,-0.41252655,0.0,1,3076,385
DDYS,-0.41252655,0.0,1,3076,385
DDYR,-0.41252655,0.0,1,3076,385
DDCP,-0.41252655,0.0,1,3076,385
HVCC,-0.41252655,0.067281194,1,3076,385
SPMF,-0.41252655,0.00019200434,1,3076,385
SIMF,-0.41252655,0.00043032886,1,3076,385
SICF,-0.41252655,0.0010115353,1,3076,385
SICP,-0.41252655,0.0013398016,1,3076,385
HIQP,-0.41252655,0.0004937255,1,3076,385
HIMP,-0.41252655,0.00048983796,1,3076,385
HLMT,-0.41252655,0.001264205,1,3076,385
HVMR,-0.41252655,0.00020736475,1,3076,385
DVMR,-0.41252655,0.0,1,3076,385
DVCC,-0.41252655,0.015431795,1,3076,385
DDCR,-0.41252655,0.0,1,3076,385
DNCC,-0.41252655,0.011641529,1,3076,385
LNCC,-0.41252655,0.22528516,1,3076,385
PSCC,-0.41252655,0.0018694805,1,3076,385
PSCP,-0.41252655,0.0012729028,1,3076,385
PDCA,-0.41252655,0.020352466,1,3076,385
DDCA,-0.41252655,0.038282722,1,3076,385
LDCA,-0.41252655,0.42000845,1,3076,385
LDCR,-0.41252655,0.00066180236,1,3076,385
ADCR,-0.41252655,0.0,1,3076,385
DYKP,-0.41252655,0.0,1,3076,385
WYKP,-0.41252655,0.00033472918,1,3076,385
WYYP,-0.41252655,0.0013940487,1,3076,385
IAAF,-0.41252655,0.019408973,1,3076,385
RRRT,-0.41252655,0.00029644082,1,3076,385
RRKT,-0.41252655,0.00023269701,1,3076,385
RQVT,-0.41252655,0.00039605083,1,3076,385
IQVY,-0.41252655,0.0,1,3076,385
IQYY,-0.41252655,0.0002737488,1,3076,385
ILYY,-0.41252655,0.00034087358,1,3076,385
IAQY,-0.41252655,0.0,1,3076,385
IAKV,-0.41252655,0.0013653645,1,3076,385
IALA,-0.41252655,0.13730438,1,3076,385
MYAT,-0.41252655,0.01641228,1,3076,385
WWRI,-0.41252655,0.0010891885,1,3076,385
MYDT,-0.41252655,0.00029147658,1,3076,385
AYDT,-0.41252655,0.0,1,3076,385
WIDT,-0.41252655,0.00044031325,1,3076,385
WAQT,-0.41252655,0.0005415175,1,3076,385
WRQT,-0.41252655,0.0022673383,1,3076,385
PRQW,-0.41252655,0.0,1,3076,385
PRQS,-0.41252655,0.00013041809,1,3076,385
PRQA,-0.41252655,0.0003434613,1,3076,385
ARQA,-0.41252655,0.0,1,3076,385
WERI,-0.41252655,0.00050168886,1,3076,385
KWRI,-0.41252655,0.00023631314,1,3076,385
WYRE,-0.41252655,0.00033769326,1,3076,385
DPTE,-0.41252655,0.0013166015,1,3076,385
WVNE,-0.41252655,0.00034998267,1,3076,385
WAKG,-0.41252655,0.00036439713,1,3076,385
WAKP,-0.41252655,0.00020935363,1,3076,385
WACP,-0.41252655,0.0015612731,1,3076,385
WTCN,-0.41252655,0.0013796722,1,3076,385
WTDN,-0.41252655,0.0003231658,1,3076,385
LTDN,-0.41252655,0.00014825007,1,3076,385
DTDN,-0.41252655,0.0,1,3076,385
DNDE,-0.41252655,0.0,1,3076,385
DPYE,-0.41252655,0.0,1,3076,385
PERI,-0.41252655,0.0002684333,1,3076,385
DQME,-0.41252655,0.0,1,3076,385
NYME,-0.41252655,0.0,1,3076,385
HEME,-0.41252655,0.0,1,3076,385
HEMN,-0.41252655,0.0,1,3076,385
HENN,-0.41252655,0.0,1,3076,385
HENS,-0.41252655,0.00014706719,1,3076,385
NENP,-0.41252655,0.00016457515,1,3076,385
RERP,-0.41252655,0.0002588016,1,3076,385
NERY,-0.41252655,0.00037489668,1,3076,385
SEMM,-0.41252655,0.0008327901,1,3076,385
SEYM,-0.41252655,0.0,1,3076,385
NEYG,-0.41252655,0.0076397536,1,3076,385
DHDH,-0.41252655,0.0029103823,1,3076,385
HYFD,-0.41252655,0.008394658,1,3076,385
HYLL,-0.41252655,0.00063804537,1,3076,385
VYLL,-0.41252655,0.001771875,1,3076,385
VYVL,-0.41252655,0.0005075882,1,3076,385
YMVL,-0.41252655,0.000187086,1,3076,385
FMVH,-0.41252655,0.00011425057,1,3076,385
DRLH,-0.41252655,0.0003233758,1,3076,385
DRRH,-0.41252655,0.0006583008,1,3076,385
DERH,-0.41252655,0.0,1,3076,385
DEDH,-0.41252655,0.0014551912,1,3076,385
MYMS,-0.41252655,0.033370994,1,3076,385
DESH,-0.41252655,0.0,1,3076,385
DEGH,-0.41252655,0.0,1,3076,385
DEPH,-0.41252655,0.0,1,3076,385
DEPP,-0.41252655,0.0,1,3076,385
LEPP,-0.41252655,0.00029944372,1,3076,385
LIPP,-0.41252655,0.0003807545,1,3076,385
LIPG,-0.41252655,0.0008485514,1,3076,385
TIPY,-0.41252655,0.0,1,3076,385
TIYY,-0.41252655,0.0,1,3076,385
MYFC,-0.41252655,0.010621121,1,3076,385
MYVS,-0.41252655,0.0005772659,1,3076,385
TGDY,-0.41252655,0.0,1,3076,385
TAEL,-0.41252655,0.00055297266,1,3076,385
QCGL,-0.41252655,0.06570307,1,3076,385
QCGF,-0.41252655,0.045972627,1,3076,385
ACGF,-0.41252655,0.12441885,1,3076,385
DCGF,-0.41252655,0.0062068356,1,3076,385
DCLL,-0.41252655,0.0,1,3076,385
DYLL,-0.41252655,0.00047670057,1,3076,385
DEHL,-0.41252655,0.0,1,3076,385
KEEL,-0.41252655,0.00018681504,1,3076,385
LQEL,-0.41252655,0.00023835024,1,3076,385
TAEP,-0.41252655,0.0,1,3076,385
MYVE,-0.41252655,0.00031182665,1,3076,385
TAFP,-0.41252655,0.0006743568,1,3076,385
AAFP,-0.41252655,0.0060105724,1,3076,385
AVFP,-0.41252655,0.020081637,1,3076,385
AQFP,-0.41252655,0.0024042288,1,3076,385
AVAP,-0.41252655,0.0,1,3076,385
RVAP,-0.41252655,0.00026704604,1,3076,385
NVAP,-0.41252655,0.00017149388,1,3076,385
NVAV,-0.41252655,0.00029518118,1,3076,385
MVVS,-0.41252655,0.0006465292,1,3076,385
TIDY,-0.41252655,0.0,1,3076,385
DGDY,-0.41252655,0.0,1,3076,385
NVYG,-0.41252655,0.025391601,1,3076,385
GNCT,-0.41252655,0.00045889846,1,3076,385
VMMA,-0.41252655,0.044731103,1,3076,385
VMMS,-0.41252655,0.0032476173,1,3076,385
VMNS,-0.41252655,0.0003665105,1,3076,385
VTES,-0.41252655,0.0,1,3076,385
VDEE,-0.41252655,0.0,1,3076,385
VEEE,-0.41252655,0.0,1,3076,385
VEYE,-0.41252655,0.0,1,3076,385
LECE,-0.41252655,0.00037617187,1,3076,385
GECE,-0.41252655,0.0,1,3076,385
LNCT,-0.41252655,0.10184816,1,3076,385
NQMF,-0.41252655,0.0,1,3076,385
MICT,-0.41252655,0.093848,1,3076,385
MHCT,-0.41252655,0.058224767,1,3076,385
RQWT,-0.41252655,0.00027106507,1,3076,385
CQVD,-0.41252655,0.002576766,1,3076,385
CVVD,-0.41252655,0.0012021145,1,3076,385
NVRT,-0.41252655,0.00033251513,1,3076,385
NVMT,-0.41252655,0.0005873076,1,3076,385
NVDT,-0.41252655,0.0004189187,1,3076,385
NVDG,-0.41252655,6.678413e-05,1,3076,385
NMMA,-0.41252655,0.00029836656,1,3076,385
NAMF,-0.41252655,0.0,1,3076,385
DGDR,-0.41252655,0.0,1,3076,385
DVSD,-0.41252655,0.00018462814,1,3076,385
DLDR,-0.41252655,0.00044594568,1,3076,385
ALDR,-0.41252655,0.00056425773,1,3076,385
WEDR,-0.41252655,0.00018925636,1,3076,385
DEDR,-0.41252655,0.0,1,3076,385
DRDR,-0.41252655,0.0,1,3076,385
DQDR,-0.41252655,0.0,1,3076,385
DVDR,-0.41252655,0.0006912158,1,3076,385
DVSR,-0.41252655,0.00016556072,1,3076,385
DVSI,-0.41252655,0.00025365717,1,3076,385
DWFD,-0.41252655,0.0010534569,1,3076,385
SAMF,-0.41252655,0.0,1,3076,385
DWKS,-0.41252655,0.0023040527,1,3076,385
GWKS,-0.41252655,0.0,1,3076,385
WVKS,-0.41252655,0.00036036014,1,3076,385
WFFS,-0.41252655,0.0063275476,1,3076,385
WYPS,-0.41252655,0.00040719632,1,3076,385
HNPL,-0.41252655,0.00010842605,1,3076,385
TYPL,-0.41252655,0.0,1,3076,385
TYPF,-0.41252655,0.0004061793,1,3076,385
EQMF,-0.41252655,0.0,1,3076,385
ARVN,-0.41252655,0.0,1,3076,385
AEVN,-0.41252655,0.0027648632,1,3076,385
WEVN,-0.41252655,0.00025195398,1,3076,385
SYNC,-0.41252655,0.0011520264,1,3076,385
NKCQ,-0.41252655,0.00089189137,1,3076,385
LKCQ,-0.41252655,0.0006583008,1,3076,385
SKCL,-0.41252655,0.00074463524,1,3076,385
GACN,-0.41252655,0.00021105824,1,3076,385
RNCN,-0.41252655,0.00087128044,1,3076,385
SNCN,-0.41252655,0.00070893933,1,3076,385
SHCP,-0.41252655,0.0009918791,1,3076,385
SYCP,-0.41252655,0.0009874512,1,3076,385
SYCC,-0.41252655,0.07390692,1,3076,385
NYNC,-0.41252655,0.0,1,3076,385
NEDM,-0.41252655,0.0,1,3076,385
NYVC,-0.41252655,0.0006798844,1,3076,385
NQMS,-0.41252655,0.00026332025,1,3076,385
NQCS,-0.41252655,0.0003921792,1,3076,385
NICS,-0.41252655,0.0034407186,1,3076,385
TICQ,-0.41252655,0.00061441405,1,3076,385
TICP,-0.41252655,0.0016145187,1,3076,385
TIMP,-0.41252655,0.00018937419,1,3076,385
TAMP,-0.41252655,0.0,1,3076,385
TRMP,-0.41252655,0.0002229728,1,3076,385
NEDF,-0.41252655,0.0003106588,1,3076,385
NEEM,-0.41252655,0.0,1,3076,385
NRMI,-0.41252655,0.00020788446,1,3076,385
LWNS,-0.41252655,0.0022370575,1,3076,385
VRVD,-0.41252655,0.0,1,3076,385
VRND,-0.41252655,0.008323207,1,3076,385
VGNW,-0.41252655,0.0,1,3076,385
VGNI,-0.41252655,0.00090158585,1,3076,385
IGDI,-0.41252655,0.0022850109,1,3076,385
IGDP,-0.41252655,8.278036e-05,1,3076,385
LFDP,-0.41252655,0.00034212336,1,3076,385
LFNP,-0.41252655,0.00022576455,1,3076,385
LWNY,-0.41252655,0.0,1,3076,385
KINS,-0.41252655,0.00015859639,1,3076,385
TVEM,-0.41252655,0.0,1,3076,385
KINV,-0.41252655,0.00025059184,1,3076,385
YFNG,-0.41252655,0.0,1,3076,385
YENG,-0.41252655,0.0,1,3076,385
TEVG,-0.41252655,0.0024686279,1,3076,385
TEDG,-0.41252655,0.0,1,3076,385
TIDL,-0.41252655,0.00011969105,1,3076,385
TIEI,-0.41252655,0.0,1,3076,385
TDEI,-0.41252655,0.0,1,3076,385
TVEI,-0.41252655,0.0012859829,1,3076,385
KRMI,-0.41252655,0.00024631293,1,3076,385
WVMI,-0.41252655,0.11674053,1,3076,385
VCFC,-0.41252655,0.039137334,1,3076,385
TCMD,-0.41252655,0.0003068499,1,3076,385
TVYG,-0.41252655,0.043777,1,3076,385
WVQG,-0.41252655,0.0007029313,1,3076,385
YVPD,-0.41252655,0.0,1,3076,385
VVPD,-0.41252655,0.0062482054,1,3076,385
PVPD,-0.41252655,0.0033147747,1,3076,385
PQPD,-0.41252655,0.012108714,1,3076,385
PQKD,-0.41252655,0.3728966,1,3076,385
DQLD,-0.41252655,0.0016664527,1,3076,385
DQMD,-0.41252655,0.00059557747,1,3076,385
ACMD,-0.41252655,0.00065836444,1,3076,385
TVPW,-0.41252655,0.0,1,3076,385
LCMD,-0.41252655,0.0057335007,1,3076,385
LCCD,-0.41252655,0.004825423,1,3076,385
LCCI,-0.41252655,0.037558097,1,3076,385
ICCI,-0.41252655,0.026472095,1,3076,385
ICCP,-0.41252655,0.0011179851,1,3076,385
ICCR,-0.41252655,0.00058309943,1,3076,385
ICVN,-0.41252655,0.0025416904,1,3076,385
GLST,-0.41252655,0.00024134104,1,3076,385
KDNP,-0.41252655,0.0002590903,1,3076,385
TVEG,-0.41252655,0.0,1,3076,385
TVKW,-0.41252655,0.0,1,3076,385
NVMI,-0.41252655,0.000121800185,1,3076,385
VINY,-0.41252655,0.00034134116,1,3076,385
NVDI,-0.41252655,0.00021770572,1,3076,385
NVVI,-0.41252655,0.00039051744,1,3076,385
NGVG,-0.41252655,0.0003106588,1,3076,385
DIVG,-0.41252655,0.00018310349,1,3076,385
DIMG,-0.41252655,0.0025920593,1,3076,385
DEMY,-0.41252655,0.005027024,1,3076,385
DVMY,-0.41252655,0.0,1,3076,385
DIMY,-0.41252655,0.0,1,3076,385
VIMY,-0.41252655,0.00035446967,1,3076,385
DINY,-0.41252655,0.0,1,3076,385
TGKW,-0.41252655,0.001145934,1,3076,385
DIYY,-0.41252655,0.0,1,3076,385
IAYY,-0.41252655,0.0,1,3076,385
IAMY,-0.41252655,0.00014551914,1,3076,385
WAMY,-0.41252655,0.000470433,1,3076,385
NAMY,-0.41252655,0.00018070998,1,3076,385
IAQP,-0.41252655,0.00024253188,1,3076,385
IQQP,-0.41252655,0.0,1,3076,385
RQYW,-0.41252655,0.0003894174,1,3076,385
HGYW,-0.41252655,0.0,1,3076,385
VCFD,-0.41252655,0.009080954,1,3076,385
VRDP,-0.41252655,0.000356501,1,3076,385
NEVN,-0.41252655,0.00015275492,1,3076,385
NANQ,-0.41252655,0.001049948,1,3076,385
SDMG,-0.41252655,0.015225017,1,3076,385
EDMT,-0.41252655,0.009216211,1,3076,385
NDMT,-0.41252655,0.00083064556,1,3076,385
PDMY,-0.41252655,0.0,1,3076,385
PDMF,-0.41252655,0.0,1,3076,385
PMWF,-0.41252655,0.0003711226,1,3076,385
PDPQ,-0.41252655,0.0,1,3076,385
PANQ,-0.41252655,0.0,1,3076,385
WANQ,-0.41252655,0.00018872786,1,3076,385
HADQ,-0.41252655,0.0,1,3076,385
GTGG,-0.41252655,0.00013250139,1,3076,385
HYDE,-0.41252655,0.0007372969,1,3076,385
HWVT,-0.41252655,0.0005951276,1,3076,385
HWDT,-0.41252655,0.00017554691,1,3076,385
HVDF,-0.41252655,0.00019819807,1,3076,385
HQDF,-0.41252655,0.00047670057,1,3076,385
HQDQ,-0.41252655,0.0,1,3076,385
KLDQ,-0.41252655,0.00043688584,1,3076,385
KQDQ,-0.41252655,0.00016556072,1,3076,385
KKDM,-0.41252655,0.00022387554,1,3076,385
SDNG,-0.41252655,0.00088712195,1,3076,385
GTNW,-0.41252655,0.0,1,3076,385
TRDM,-0.41252655,0.0,1,3076,385
EMMF,-0.41252655,0.00033311607,1,3076,385
EEHN,-0.41252655,0.0004007048,1,3076,385
EEYN,-0.41252655,0.0,1,3076,385
ERYN,-0.41252655,0.00033717847,1,3076,385
ERDN,-0.41252655,0.00014475721,1,3076,385
EQDN,-0.41252655,0.0,1,3076,385
EQMN,-0.41252655,0.0055297264,1,3076,385
EIMN,-0.41252655,0.00039498045,1,3076,385
ERMN,-0.41252655,0.0004007048,1,3076,385
EMME,-0.41252655,0.0,1,3076,385
EMDF,-0.41252655,0.0,1,3076,385
GENN,-0.41252655,0.0,1,3076,385
EEDF,-0.41252655,0.0,1,3076,385
ERCF,-0.41252655,0.000829459,1,3076,385
ERCS,-0.41252655,0.011169772,1,3076,385
ESCQ,-0.41252655,0.00020181481,1,3076,385
EEVQ,-0.41252655,0.00041532284,1,3076,385
AEVQ,-0.41252655,0.0,1,3076,385
AEVD,-0.41252655,0.0016758482,1,3076,385
CENN,-0.41252655,0.00034560793,1,3076,385
VENN,-0.41252655,0.0,1,3076,385
TCDM,-0.41252655,0.0,1,3076,385
LRDM,-0.41252655,0.00028921157,1,3076,385
VRDM,-0.41252655,0.00043427173,1,3076,385
WDQW,-0.41252655,7.7015655e-05,1,3076,385
HIAH,-0.41252655,0.00017723478,1,3076,385
HHAH,-0.41252655,0.00025961152,1,3076,385
HLAG,-0.41252655,0.0036063434,1,3076,385
HLSR,-0.41252655,0.00018497011,1,3076,385
HLSP,-0.41252655,0.00018468332,1,3076,385
GTSP,-0.41252655,0.0002122154,1,3076,385
GHKP,-0.41252655,0.0,1,3076,385
GVKP,-0.41252655,0.00011425057,1,3076,385
FDQW,-0.41252655,0.0,1,3076,385
NGQN,-0.41252655,0.00034134116,1,3076,385
KTAA,-0.41252655,0.014347797,1,3076,385
NGQS,-0.41252655,0.00024908676,1,3076,385
NTQW,-0.41252655,0.0,1,3076,385
NIQW,-0.41252655,0.0,1,3076,385
NQQW,-0.41252655,0.0,1,3076,385
NQNW,-0.41252655,0.002513512,1,3076,385
NQNR,-0.41252655,0.00037874837,1,3076,385
AQNR,-0.41252655,0.0014045659,1,3076,385
AYNR,-0.41252655,0.0,1,3076,385
IRNR,-0.41252655,0.00023555808,1,3076,385
HTAH,-0.41252655,5.3068426e-05,1,3076,385
KSKR,-0.41252655,0.00017093432,1,3076,385
GRDN,-0.41252655,0.00012021148,1,3076,385
HGMF,-0.41252655,0.0,1,3076,385
GFDV,-0.41252655,0.0,1,3076,385
AFDP,-0.41252655,0.0,1,3076,385
AVDP,-0.41252655,0.0004253636,1,3076,385
ALDP,-0.41252655,0.00026585226,1,3076,385
AGDG,-0.41252655,0.000767227,1,3076,385
QGCG,-0.41252655,0.021275898,1,3076,385
HGLG,-0.41252655,0.02737029,1,3076,385
HGLV,-0.41252655,0.00020011069,1,3076,385
HGMV,-0.41252655,0.000104729625,1,3076,385
HLMY,-0.41252655,0.00017032008,1,3076,385
KSSR,-0.41252655,0.00027202512,1,3076,385
HLNY,-0.41252655,0.00012370756,1,3076,385
GLMF,-0.41252655,0.00011148645,1,3076,385
GPMM,-0.41252655,0.0,1,3076,385
KAYM,-0.41252655,0.00045971596,1,3076,385
KAYC,-0.41252655,0.002633203,1,3076,385
KEYC,-0.41252655,0.0010433446,1,3076,385
KTVC,-0.41252655,0.0007243093,1,3076,385
KSVK,-0.41252655,0.00021288653,1,3076,385
KSSP,-0.41252655,0.00024381514,1,3076,385
WYGL,-0.41252655,0.25245315,1,3076,385
LNCA,0.16073082,0.57884896,2,6278,769
LDGA,0.15909453,0.12268341,2,6278,769
LNGA,0.14852004,0.25756085,2,6278,769
IDCA,0.14792198,0.4166363,2,6278,769
LDFA,0.1461012,0.096364185,2,6278,769
LDYA,0.14585322,0.022385966,2,6278,769
LDLA,0.14545204,0.2758881,2,6278,769
LDMA,0.14485808,0.24954008,2,6278,769
LDVA,0.14387777,0.00225468,2,6278,769
LDIA,0.14273009,0.00066853344,2,6278,769
FDCA,0.1426825,0.22877014,2,6278,769
LDAA,0.14185436,0.31170952,2,6278,769
LDWA,0.13965122,0.0016945936,2,6278,769
WDGA,0.1394519,0.032344107,2,6278,769
IDGA,0.13899991,0.15249005,2,6278,769
MDCA,0.13876207,0.3323028,2,6278,769
FDGA,0.13822226,0.17481071,2,6278,769
LSCA,0.1376527,0.53052664,2,6278,769
LQGA,0.13687544,0.10344231,2,6278,769
WYGA,0.13664825,0.23046272,2,6278,769
LHGA,0.1357712,0.3339849,2,6278,769
WDCA,0.13560526,0.33768412,2,6278,769
LSGA,0.13417181,0.21443644,2,6278,769
LDHA,0.1319195,0.0034909889,2,6278,769
LHCA,0.13177629,0.48656934,2,6278,769
LDTA,0.13133283,0.005379798,2,6278,769
FNGA,0.13127454,0.3290134,2,6278,769
LEGA,0.13105527,0.05085597,2,6278,769
LEGA,0.13105506,0.05085597,2,6278,769
INCA,0.13076103,0.54149586,2,6278,769
LNFA,0.13051483,0.11700675,2,6278,769
LACA,0.13035344,0.54882914,2,6278,769
LNYA,0.13000795,0.027440121,2,6278,769
LTCA,0.12978904,0.27447864,2,6278,769
INGA,0.12955484,0.28562966,2,6278,769
LNMA,0.12908964,0.35175005,2,6278,769
FNCA,0.12902005,0.378065,2,6278,769
WVGA,0.12890522,0.14202873,2,6278,769
MDGA,0.12831463,0.06339437,2,6278,769
YDGA,0.12803102,0.11010661,2,6278,769
VDCA,0.12790953,0.37194687,2,6278,769
LAGA,0.1274055,0.22384723,2,6278,769
LKCA,0.12698323,0.478155,2,6278,769
LNIA,0.12659092,0.0007379997,2,6278,769
LNVA,0.1264853,0.0039175176,2,6278,769
LKGA,0.12609673,0.18227161,2,6278,769
LTGA,0.12555131,0.082398504,2,6278,769
LNAA,0.12527469,0.44525883,2,6278,769
LVCA,0.12456836,0.4520526,2,6278,769
WNCA,0.12455475,0.46698457,2,6278,769
LNWA,0.124354646,0.002408256,2,6278,769
LDKA,0.1242782,0.00045512154,2,6278,769
LGGA,0.12345834,0.02997929,2,6278,769
MNCA,0.12317687,0.5531759,2,6278,769
WQGA,0.12301156,0.089851595,2,6278,769
WIGA,0.12276167,0.12373143,2,6278,769
MNGA,0.12240319,0.15703689,2,6278,769
LGCA,0.12142548,0.4184761,2,6278,769
YNGA,0.121164635,0.26745778,2,6278,769
FHGA,0.120938614,0.41840854,2,6278,769
IDLA,0.12065111,0.065543525,2,6278,769
FVGA,0.12010574,0.2972862,2,6278,769
IDFA,0.119666144,0.1267229,2,6278,769
VDGA,0.11963904,0.13849865,2,6278,769
FQGA,0.11963278,0.17800748,2,6278,769
LCGA,0.1193399,0.15411678,2,6278,769
IQGA,0.11913185,0.12812889,2,6278,769
FSGA,0.11887993,0.3547478,2,6278,769
IDYA,0.11868678,0.03368684,2,6278,769
LDRA,0.11865066,0.009683699,2,6278,769
IDMA,0.11860107,0.07595046,2,6278,769
IHGA,0.118403405,0.24506576,2,6278,769
LYCA,0.11828701,0.5306798,2,6278,769
LPCA,0.11735934,0.35674572,2,6278,769
WFGA,0.11718227,0.14990228,2,6278,769
WAGA,0.117160514,0.18398918,2,6278,769
IDVA,0.11690928,0.0035866043,2,6278,769
LMGA,0.1169063,0.09997197,2,6278,769
LNHA,0.11676355,0.0019749023,2,6278,769
ISGA,0.116733745,0.20170619,2,6278,769
MQGA,0.116686136,0.06259023,2,6278,769
LIGA,0.1163668,0.1903112,2,6278,769
WEGA,0.115838245,0.04229798,2,6278,769
LNSA,0.11517613,0.17592198,2,6278,769
FDLA,0.1150924,0.12830813,2,6278,769
IYGA,0.11509104,0.24565688,2,6278,769
WMGA,0.11491577,0.063127756,2,6278,769
YYGA,0.114868596,0.32055324,2,6278,769
LNTA,0.11475417,0.01158586,2,6278,769
WLGA,0.11439237,0.030575847,2,6278,769
FAGA,0.114142,0.45811656,2,6278,769
FDFA,0.1140932,0.09813318,2,6278,769
LFGA,0.114087224,0.24953867,2,6278,769
MHGA,0.11401139,0.1770689,2,6278,769
IDWA,0.11365181,0.0022850109,2,6278,769
WKGA,0.11337538,0.11656277,2,6278,769
FEGA,0.11311385,0.10131105,2,6278,769
IEGA,0.113098115,0.06183376,2,6278,769
FDIA,0.11298965,0.0,2,6278,769
FDVA,0.11263746,0.0014178787,2,6278,769
IAGA,0.11255492,0.21258293,2,6278,769
MDLA,0.112472415,0.12637752,2,6278,769
VNGA,0.11197394,0.27217352,2,6278,769
IVGA,0.11187063,0.19297394,2,6278,769
VNCA,0.111610696,0.54779893,2,6278,769
YVGA,0.1113645,0.3115615,2,6278,769
FTGA,0.111294836,0.20716439,2,6278,769
LSFA,0.11107661,0.24037053,2,6278,769
WDMA,0.11084986,0.23647153,2,6278,769
LLGA,0.110839576,0.08403276,2,6278,769
IDSA,0.110780075,0.13892224,2,6278,769
LNKA,0.11067523,0.0031481115,2,6278,769
MDVA,0.110132754,0.0023641167,2,6278,769
MDMA,0.109918475,0.15528868,2,6278,769
YQGA,0.10981864,0.19497994,2,6278,769
LDNA,0.109538496,0.03798049,2,6278,769
LSLA,0.10943042,0.3991555,2,6278,769
FVCA,0.10936248,0.3574214,2,6278,769
MYGA,0.10931365,0.13940352,2,6278,769
MEGA,0.10907382,0.023552539,2,6278,769
CNGA,0.108807474,0.060230594,2,6278,769
FGGA,0.10859293,0.09537583,2,6278,769
LSMA,0.1084975,0.3792674,2,6278,769
LHYA,0.10817516,0.044786997,2,6278,769
LVYA,0.1078119,0.04414228,2,6278,769
FDWA,0.10741775,0.00070893933,2,6278,769
LICA,0.10722613,0.5028127,2,6278,769
MDAA,0.10721658,0.24419558,2,6278,769
IHCA,0.10666612,0.48184136,2,6278,769
INLA,0.10638212,0.10444058,2,6278,769
VQGA,0.106380165,0.095256604,2,6278,769
LHFA,0.10564408,0.17626533,2,6278,769
INFA,0.10563727,0.15386824,2,6278,769
YAGA,0.10513568,0.35103017,2,6278,769
LSIA,0.10471122,0.00065850175,2,6278,769
IVCA,0.10451172,0.36801228,2,6278,769
VDYA,0.10451111,0.026891135,2,6278,769
MDWA,0.10448471,0.0015995076,2,6278,769
YDMA,0.10414174,0.12977421,2,6278,769
LHMA,0.10410148,0.3644818,2,6278,769
LEYA,0.104071945,0.012596924,2,6278,769
YDIA,0.10405953,0.00016168796,2,6278,769
YDIA,0.10405927,0.00016168796,2,6278,769
YEGA,0.103938654,0.11002361,2,6278,769
LDCM,0.10390881,0.032193612,2,6278,769
FTCA,0.10384582,0.16315848,2,6278,769
LNRA,0.10374917,0.019474074,2,6278,769
FDKA,0.10374226,0.0,2,6278,769
YDFA,0.10356286,0.097992405,2,6278,769
MECA,0.10352628,0.16817632,2,6278,769
LQWA,0.10320558,0.0020090702,2,6278,769
IMGA,0.1031086,0.09801676,2,6278,769
CQGA,0.102941185,0.02540685,2,6278,769
FNFA,0.10266222,0.07833779,2,6278,769
YDYA,0.10259791,0.0063877874,2,6278,769
YIGA,0.10238482,0.33922967,2,6278,769
VDMA,0.101980135,0.12091669,2,6278,769
FNGC,0.10196604,0.14494586,2,6278,769
LQKA,0.101450935,0.0026045814,2,6278,769
LLCA,0.10136388,0.3198636,2,6278,769
MNGL,0.101347044,0.07222092,2,6278,769
PQGA,0.10115264,0.00036742364,2,6278,769
LQIA,0.10027419,0.00038249098,2,6278,769
WICA,0.1002014,0.39945072,2,6278,769
CYGA,0.10002479,0.06962581,2,6278,769
FNVA,0.099876225,0.0012230629,2,6278,769
LGLA,0.09973933,0.13838452,2,6278,769
LAIA,0.09972717,0.0005511355,2,6278,769
LPFA,0.09958257,0.01339513,2,6278,769
LNCL,0.09947005,0.016489433,2,6278,769
LEVA,0.09912607,0.00073289947,2,6278,769
IGCA,0.099118754,0.3923894,2,6278,769
INGL,0.09910658,0.08270101,2,6278,769
LDCG,0.09907083,0.21153015,2,6278,769
IDRA,0.09902954,0.0024667925,2,6278,769
MTCA,0.09892914,0.25264946,2,6278,769
LYYA,0.098911196,0.030583732,2,6278,769
LNCV,0.09884064,0.073356055,2,6278,769
IWGA,0.09861301,0.23664995,2,6278,769
MDHA,0.09829596,0.0013824316,2,6278,769
LNCI,0.09767057,0.06753663,2,6278,769
MKCA,0.09760086,0.39733562,2,6278,769
MDKA,0.09750037,0.00062365335,2,6278,769
MNVA,0.096919656,0.0025326991,2,6278,769
MVCA,0.09683609,0.3305343,2,6278,769
YLGA,0.09678449,0.15023611,2,6278,769
MCGA,0.09672718,0.08618254,2,6278,769
LNNA,0.09636757,0.0706997,2,6278,769
MMGA,0.096341714,0.051192567,2,6278,769
YDSA,0.09630801,0.024303148,2,6278,769
CVGA,0.09619948,0.058415294,2,6278,769
YDWA,0.096071795,0.0015831528,2,6278,769
FGCA,0.095948294,0.13789319,2,6278,769
VAGA,0.095877945,0.1766889,2,6278,769
WNGM,0.09571758,0.08506919,2,6278,769
YDTA,0.09567866,0.0011723802,2,6278,769
LDCT,0.09564595,0.03259495,2,6278,769
WNGF,0.09536767,0.06382226,2,6278,769
LHCC,0.093307585,0.17620145,2,6278,769
LDYC,0.093248025,0.002108794,2,6278,769
YNFA,0.093042135,0.07591479,2,6278,769
IDNA,0.092688456,0.043185696,2,6278,769
LDFC,0.092653126,0.01698416,2,6278,769
WDGM,0.09263149,0.031153059,2,6278,769
FVFA,0.091825485,0.25414586,2,6278,769
CKGA,0.091408655,0.042990588,2,6278,769
LKVA,0.091400355,0.0019137487,2,6278,769
LNCF,0.090854645,0.001820486,2,6278,769
LFFA,0.0907017,0.057023764,2,6278,769
YNAA,0.09069492,0.39628544,2,6278,769
LMYA,0.09042965,0.005970342,2,6278,769
FNGM,0.09028809,0.11077291,2,6278,769
LECC,0.08954826,0.07279771,2,6278,769
LYIA,0.089502126,0.00070442376,2,6278,769
QQGA,0.089483574,0.02018595,2,6278,769
FDGM,0.088857725,0.041230418,2,6278,769
IVLA,0.08824222,0.09875099,2,6278,769
ISFA,0.08814098,0.19470777,2,6278,769
FFCA,0.08778593,0.43930605,2,6278,769
PNGA,0.087725565,0.0009565933,2,6278,769
FSLA,0.08711578,0.22010615,2,6278,769
FSYA,0.08662179,0.015912363,2,6278,769
LKTA,0.08646241,0.007403062,2,6278,769
KDCA,0.08620517,0.2404317,2,6278,769
FSFA,0.08608252,0.2004224,2,6278,769
CFGA,0.085592896,0.034523066,2,6278,769
LYCC,0.08499418,0.20572679,2,6278,769
LDCD,0.08483711,0.005506784,2,6278,769
FNRA,0.084461585,0.002835757,2,6278,769
YVFA,0.08377625,0.25880796,2,6278,769
CNIA,0.08370504,0.0010240235,2,6278,769
FSIA,0.08317271,0.00043336413,2,6278,769
FSWA,0.08253811,0.001308295,2,6278,769
VPCA,0.08219579,0.33221027,2,6278,769
FTLA,0.080470175,0.07387493,2,6278,769
PNGL,0.07989557,0.0021990626,2,6278,769
LKRA,0.078583226,0.017714897,2,6278,769
WLLA,0.07796629,0.19568585,2,6278,769
LNCW,0.07756366,0.001008023,2,6278,769
IHGM,0.07748568,0.37713978,2,6278,769
LHGS,0.07708359,0.14045201,2,6278,769
FSHA,0.07610336,0.00013041809,2,6278,769
CNWA,0.07605696,0.0013303735,2,6278,769
LNCK,0.07596178,0.0010278303,2,6278,769
MTWA,0.07448197,0.0011433645,2,6278,769
ASCA,0.07381968,0.5193606,2,6278,769
PNGC,0.07378529,0.0055297264,2,6278,769
LHGQ,0.07273862,0.028071826,2,6278,769
LGRA,0.07269335,0.00072872365,2,6278,769
LNLI,0.071124524,0.0017173064,2,6278,769
IHCC,0.06901662,0.19661249,2,6278,769
MYIA,0.06807207,0.00039782203,2,6278,769
LECI,0.06780456,0.012980083,2,6278,769
FMMA,0.06710693,0.11149611,2,6278,769
CQIA,0.06649248,0.00054213003,2,6278,769
LKCI,0.06338957,0.050775293,2,6278,769
LNKI,0.0627639,0.0003711226,2,6278,769
MPGV,0.06169843,0.015609228,2,6278,769
FSPA,0.061662544,0.00076009985,2,6278,769
KNIA,0.05996192,0.00024631293,2,6278,769
LNLS,0.055827517,0.029803071,2,6278,769
FNNC,0.049852394,0.0018432421,2,6278,769
LHRC,0.047970146,0.00074726035,2,6278,769
YDKL,0.047322255,0.0,2,6278,769
FLCV,0.041296925,0.013860792,2,6278,769
IQCD,0.039809916,0.0077784886,2,6278,769
LPYM,0.03979403,0.0,2,6278,769
FQCD,0.038791735,0.02810294,2,6278,769
YNYG,0.03787744,0.018893233,2,6278,769
CQKN,0.036368817,0.0034560792,2,6278,769
ILCV,0.035827123,0.0076905736,2,6278,769
SEGH,0.03560543,0.0025315625,2,6278,769
PNTC,0.03509635,0.00036379782,2,6278,769
GHGS,0.034899577,0.0014114917,2,6278,769
WDVH,0.03154509,0.00023204897,2,6278,769
KNCM,0.029371433,0.002947316,2,6278,769
TNKV,0.028870672,0.0,2,6278,769
IAWM,0.024568621,0.0053298566,2,6278,769
PSDL,0.023723971,0.00025059184,2,6278,769
EQRL,0.023160137,0.00012021148,2,6278,769
PIET,0.021834254,0.00016311879,2,6278,769
ITWT,0.021647327,0.0007543965,2,6278,769
VNHS,0.021599524,0.0043059345,2,6278,769
ADFK,0.020100173,0.0017136901,2,6278,769
AQNT,0.019939281,0.0010111678,2,6278,769
YECY,0.019323792,0.0007308008,2,6278,769
FMCW,0.01862071,0.0005120117,2,6278,769
HKKL,0.018617075,0.00012980576,2,6278,769
SETD,0.018155444,0.0008345961,2,6278,769
PARY,0.017922357,0.00029729717,2,6278,769
DYKL,0.017567992,0.0,2,6278,769
PERP,0.017393436,0.00031871622,2,6278,769
WHVK,0.016851608,0.00035985204,2,6278,769
DTKH,0.016110688,0.0,2,6278,769
FCWF,0.015645344,0.0009874512,2,6278,769
DYCL,0.014996151,0.0005027024,2,6278,769
QVFT,0.014046689,0.12352731,2,6278,769
VELF,0.013430654,0.0009534011,2,6278,769
HDTP,0.013232718,8.861739e-05,2,6278,769
SPVC,0.012771274,0.00051156053,2,6278,769
LVRQ,0.012759096,0.00022578685,2,6278,769
HNVN,0.011834509,0.00068739697,2,6278,769
FWPL,0.011819239,0.00023431043,2,6278,769
CLVL,0.010477341,0.00088159466,2,6278,769
KMKV,0.010210141,0.00041113212,2,6278,769
VSMH,0.010012406,0.0005631086,2,6278,769
PCWL,0.009564637,0.0011059452,2,6278,769
ETYD,0.00897131,0.001120622,2,6278,769
PLLY,0.0089039905,0.0003051725,2,6278,769
QGAI,0.007971915,0.00017437815,2,6278,769
CGVD,0.007054626,0.0,2,6278,769
RSLV,0.006800621,0.00062085927,2,6278,769
EHHI,0.0062222695,0.0,2,6278,769
KGFL,0.0061380668,0.00025163713,2,6278,769
QSSN,0.0060957475,0.00022379322,2,6278,769
WWQI,0.006056755,0.00020866888,2,6278,769
NDDS,0.0059172614,0.00064299145,2,6278,769
MADK,0.005868218,0.0,2,6278,769
CHEF,0.00580079,0.00027106507,2,6278,769
AIDV,0.005009449,0.0,2,6278,769
ERYG,0.00466014,0.023040527,2,6278,769
ETCK,0.0042734696,0.0013999307,2,6278,769
NVVL,0.0039940244,0.00021698636,2,6278,769
NHDQ,0.00382563,0.0,2,6278,769
VRYK,0.003683488,0.0001382432,2,6278,769
TASN,0.0034961207,0.0,2,6278,769
IMAN,0.0034800014,0.0007215989,2,6278,769
QEQC,0.00318922,0.0006490289,2,6278,769
HELS,0.0030999025,0.00062647957,2,6278,769
VLMS,0.0027418686,0.0032751823,2,6278,769
QSDM,0.0019565513,0.00066405017,2,6278,769
KTFV,0.0016906327,0.0034055023,2,6278,769
CIWP,0.001356381,0.0023132323,2,6278,769
NPAP,0.0011387905,0.00033809475,2,6278,769
NIAE,0.0010334468,0.00048791707,2,6278,769
VPNN,0.0009053303,0.0,2,6278,769
PYVQ,0.0008841781,8.749564e-05,2,6278,769
EHTR,0.00074412953,0.0003894174,2,6278,769
EITQ,0.00036631618,0.0006743568,2,6278,769
QSMH,0.00025667157,0.00036864838,2,6278,769
QYFK,0.00023193192,0.0,2,6278,769
RSLK,0.00019775238,0.0003506552,2,6278,769
EMAK,-0.00016151089,0.0008507271,2,6278,769
TGRI,-0.0007110471,0.00061441405,2,6278,769
RYCR,-0.0008443529,0.0005833045,2,6278,769
AMVT,-0.0011722976,0.0021105825,2,6278,769
QLLS,-0.0013050074,0.0013567547,2,6278,769
ERNP,-0.0016969489,0.0001092831,2,6278,769
QGDQ,-0.0017547617,0.0003536453,2,6278,769
HVQT,-0.0018276749,0.00046301534,2,6278,769
SYEM,-0.0020283693,0.0,2,6278,769
NDPN,-0.0027127909,0.0007029313,2,6278,769
EHWY,-0.0031213323,0.0,2,6278,769
SWWV,-0.0033021988,0.001222039,2,6278,769
LWQY,-0.0038722428,0.0,2,6278,769
WLQW,-0.004340471,0.00015219435,2,6278,769
KEAH,-0.004620821,0.00022426472,2,6278,769
RELQ,-0.0046565467,0.00023705952,2,6278,769
VCRW,-0.005418976,0.00040960938,2,6278,769
MLPN,-0.0054898085,0.00014325717,2,6278,769
TKLY,-0.005621382,0.0,2,6278,769
DAHM,-0.005676613,0.0,2,6278,769
KCRQ,-0.005853721,0.0022118906,2,6278,769
CWFN,-0.0062158788,0.00581022,2,6278,769
EWHR,-0.007001669,0.0,2,6278,769
NKHK,-0.007278369,0.0006583008,2,6278,769
YFVN,-0.007347108,0.00015890023,2,6278,769
STQT,-0.00779358,0.00036063432,2,6278,769
YWPT,-0.007990469,0.0008963397,2,6278,769
DHWY,-0.008036104,0.0013532289,2,6278,769
SVVW,-0.008217861,0.00019068024,2,6278,769
ATPH,-0.0084523605,0.0,2,6278,769
YCDS,-0.00990411,0.00046862086,2,6278,769
DLQW,-0.0108327465,0.0,2,6278,769
CTPQ,-0.011102633,0.00060692115,2,6278,769
EQPR,-0.011205704,0.0,2,6278,769
RLFR,-0.011303921,0.00034081517,2,6278,769
QFVR,-0.011496973,0.00022163235,2,6278,769
DWEP,-0.011598558,0.0,2,6278,769
GSQT,-0.012457968,0.00011472459,2,6278,769
TRWR,-0.0127385305,0.0005027024,2,6278,769
YHQR,-0.013239634,0.00070532225,2,6278,769
RKLR,-0.01481155,0.00021175106,2,6278,769
GGPP,-0.018021002,6.0900093e-05,2,6278,769
LFCA,0.46118587,0.44891864,3,9484,1153
VSCA,0.45901972,0.5445462,3,9484,1153
IYCA,0.45531917,0.51177466,3,9484,1153
ISCA,0.45315868,0.49896404,3,9484,1153
LRCA,0.43772548,0.5942575,3,9484,1153
IACA,0.43744165,0.5219607,3,9484,1153
ANCA,0.43733555,0.7623123,3,9484,1153
VHCA,0.4298312,0.5107968,3,9484,1153
VACA,0.4219548,0.5776955,3,9484,1153
IFCA,0.4196006,0.36282918,3,9484,1153
LQCA,0.41487712,0.4366505,3,9484,1153
IICA,0.41361678,0.32890704,3,9484,1153
LWCA,0.41281682,0.72920364,3,9484,1153
WYCA,0.41043776,0.6097229,3,9484,1153
YYCA,0.41017348,0.46443248,3,9484,1153
LCCA,0.40856487,0.28679046,3,9484,1153
IKCA,0.40756226,0.35345688,3,9484,1153
LMCA,0.40623492,0.32558882,3,9484,1153
FACA,0.40542513,0.40715694,3,9484,1153
YACA,0.4044655,0.44731057,3,9484,1153
FYCA,0.40376753,0.56679696,3,9484,1153
VKCA,0.40224522,0.40321496,3,9484,1153
YFCA,0.39780885,0.39227122,3,9484,1153
MHCA,0.39634544,0.37637815,3,9484,1153
VYCA,0.3958043,0.5407047,3,9484,1153
AKCA,0.39540058,0.33652335,3,9484,1153
YVCA,0.39195025,0.41432545,3,9484,1153
WFCA,0.38930535,0.49450403,3,9484,1153
IRCA,0.38809395,0.44589147,3,9484,1153
AACA,0.37996602,0.37746394,3,9484,1153
YHCA,0.37910867,0.46900564,3,9484,1153
WSCA,0.37853634,0.4865565,3,9484,1153
HNCA,0.37524194,0.4250547,3,9484,1153
IWCA,0.37450325,0.6060298,3,9484,1153
AHCA,0.3716662,1.0,3,9484,1153
IQCA,0.36980027,0.28573135,3,9484,1153
WVCA,0.36794174,0.4065967,3,9484,1153
MNAA,0.36206603,0.34277028,3,9484,1153
ICCA,0.3586973,0.2891831,3,9484,1153
MFCA,0.35700327,0.2852997,3,9484,1153
LSAA,0.3567912,0.42917636,3,9484,1153
VRCA,0.35567522,0.48396897,3,9484,1153
VQCA,0.3555122,0.338886,3,9484,1153
FNAA,0.34696686,0.39565933,3,9484,1153
VFCA,0.34327227,0.40762973,3,9484,1153
AQCA,0.34116435,0.2777411,3,9484,1153
FSCA,0.33764905,0.38775223,3,9484,1153
FYGA,0.33660573,0.54883146,3,9484,1153
YMCA,0.33415335,0.24446535,3,9484,1153
CSCA,0.33137637,0.03225315,3,9484,1153
YKCA,0.33059824,0.37918124,3,9484,1153
AYCA,0.32778984,0.6552726,3,9484,1153
VICA,0.32684422,0.4011386,3,9484,1153
WRCA,0.3244862,0.5367764,3,9484,1153
VGCA,0.32038933,0.322613,3,9484,1153
WCCA,0.3199516,0.29627952,3,9484,1153
FHGM,0.31913602,0.23627013,3,9484,1153
WMCA,0.31893092,0.23291783,3,9484,1153
RNCA,0.31844425,0.26844174,3,9484,1153
WQCA,0.3180552,0.3425615,3,9484,1153
YWCA,0.31784356,0.6027101,3,9484,1153
WWCA,0.31680584,0.73461795,3,9484,1153
IPCA,0.31239295,0.3366811,3,9484,1153
FHAA,0.31098837,0.57152176,3,9484,1153
HKCA,0.31081897,0.3565644,3,9484,1153
YQCA,0.30518854,0.29670137,3,9484,1153
AVCA,0.3042578,0.3931133,3,9484,1153
YSAA,0.30338907,0.42666456,3,9484,1153
FIGA,0.3026545,0.32057732,3,9484,1153
WLCA,0.3016606,0.30736062,3,9484,1153
YAAA,0.30074906,0.39737582,3,9484,1153
FMCA,0.2999242,0.17610191,3,9484,1153
FFGA,0.29942626,0.44614506,3,9484,1153
VMCA,0.297329,0.21529546,3,9484,1153
AICA,0.2970696,0.45329204,3,9484,1153
VWCA,0.2967832,0.5406935,3,9484,1153
ADCA,0.2915771,0.3607131,3,9484,1153
CICA,0.2884937,0.108258024,3,9484,1153
ILCA,0.2882675,0.23297028,3,9484,1153
FCCA,0.28779042,0.17754759,3,9484,1153
KKCA,0.28567517,0.28863558,3,9484,1153
LKAA,0.28409988,0.39849457,3,9484,1153
WNMA,0.2803352,0.31483674,3,9484,1153
YYAA,0.27247113,0.70425415,3,9484,1153
KACA,0.27186978,0.30952668,3,9484,1153
CNAA,0.27110755,0.35455114,3,9484,1153
MGCA,0.26755613,0.33872515,3,9484,1153
VTCA,0.2669766,0.262662,3,9484,1153
VSAA,0.26650578,0.54937875,3,9484,1153
NSCA,0.26601124,0.14762796,3,9484,1153
HVCA,0.2647336,0.39641148,3,9484,1153
YPCA,0.2638598,0.061962232,3,9484,1153
AMCA,0.25825745,0.17766806,3,9484,1153
MNMA,0.2576478,0.21169977,3,9484,1153
IDAA,0.25746018,0.39657015,3,9484,1153
YVFA,0.25636148,0.25880796,3,9484,1153
KHCA,0.2560321,0.36615756,3,9484,1153
YRAA,0.25443614,0.41951135,3,9484,1153
WSLA,0.25340825,0.45485482,3,9484,1153
FVAA,0.25160515,0.40700093,3,9484,1153
FHGL,0.25077286,0.12450804,3,9484,1153
FCGA,0.24926348,0.26031095,3,9484,1153
WGCA,0.2488919,0.29672393,3,9484,1153
WDAA,0.24479689,0.14824457,3,9484,1153
FHGC,0.24439363,0.4013241,3,9484,1153
HFCA,0.24236186,0.10985648,3,9484,1153
FHGI,0.24084099,0.04594552,3,9484,1153
FHGF,0.2358929,0.13015088,3,9484,1153
GNCA,0.23517407,0.033153336,3,9484,1153
HPCA,0.2351727,0.04489789,3,9484,1153
YWGA,0.2350275,0.19758,3,9484,1153
WECA,0.23409314,0.21553825,3,9484,1153
RQCA,0.23262711,0.13541353,3,9484,1153
IYAA,0.22335215,0.44646153,3,9484,1153
YAMA,0.22321536,0.21022835,3,9484,1153
RDCA,0.22190209,0.16211592,3,9484,1153
CPCA,0.22036345,0.046867803,3,9484,1153
LNCG,0.21793601,0.37963107,3,9484,1153
LYCG,0.21787359,0.3633325,3,9484,1153
LEAA,0.21748687,0.17273317,3,9484,1153
LWGA,0.2167023,0.27711523,3,9484,1153
IHGF,0.21616681,0.28667882,3,9484,1153
HSAA,0.21555658,0.16083851,3,9484,1153
FAGV,0.2137806,0.19354042,3,9484,1153
YYMA,0.2133329,0.15923564,3,9484,1153
MAAA,0.21058501,0.34875733,3,9484,1153
FAGI,0.2103983,0.020826243,3,9484,1153
VNCC,0.20791031,0.18336302,3,9484,1153
FMGA,0.20726122,0.19973302,3,9484,1153
FYMA,0.20621105,0.21804717,3,9484,1153
VSGA,0.20607181,0.21055692,3,9484,1153
YMGA,0.20605089,0.1512054,3,9484,1153
FHGW,0.20032202,0.086895704,3,9484,1153
FYGI,0.19850098,0.10067709,3,9484,1153
QNAA,0.1958905,0.13432261,3,9484,1153
FAGF,0.19502573,0.10517323,3,9484,1153
HCCA,0.19409133,0.15353037,3,9484,1153
YNAG,0.1933261,0.13427477,3,9484,1153
CWCA,0.18793978,0.18251897,3,9484,1153
FYGV,0.18730117,0.41488224,3,9484,1153
FHGP,0.18710957,0.04153439,3,9484,1153
YYGC,0.18703984,0.39647865,3,9484,1153
IIGA,0.18434311,0.21085355,3,9484,1153
QFCA,0.18343301,0.16409093,3,9484,1153
YVGL,0.183149,0.06971765,3,9484,1153
YRMA,0.18292488,0.27547088,3,9484,1153
YNAC,0.1827543,0.054210637,3,9484,1153
YIGI,0.18226907,0.022333173,3,9484,1153
YIGC,0.18142,0.19729455,3,9484,1153
NQCA,0.18080868,0.08027022,3,9484,1153
LSSA,0.18077655,0.09579934,3,9484,1153
YAGL,0.17985202,0.071146905,3,9484,1153
ADAA,0.17969073,0.19566724,3,9484,1153
FSGG,0.17935954,0.14865206,3,9484,1153
INAC,0.17684777,0.36445317,3,9484,1153
VNAC,0.17316087,0.30014718,3,9484,1153
FFCG,0.17304839,0.2646369,3,9484,1153
FAGK,0.17291017,0.0,3,9484,1153
WSGA,0.17212369,0.16023555,3,9484,1153
WYGF,0.17209016,0.24460372,3,9484,1153
IIAA,0.17104085,0.42178872,3,9484,1153
FAGD,0.17027108,0.019226056,3,9484,1153
FAGE,0.16928609,0.0016927734,3,9484,1153
IKGA,0.168848,0.2031403,3,9484,1153
RVCA,0.16719379,0.23894598,3,9484,1153
WNAG,0.16713963,0.075599924,3,9484,1153
FPGA,0.16411425,0.16412415,3,9484,1153
FIGC,0.16397531,0.17767109,3,9484,1153
TFCA,0.16369103,0.12178564,3,9484,1153
KVCA,0.16244884,0.32141808,3,9484,1153
FFGC,0.16218422,0.4404427,3,9484,1153
KWCA,0.15883954,0.15466604,3,9484,1153
WHGF,0.15713675,0.10555685,3,9484,1153
FIGF,0.15416913,0.07219365,3,9484,1153
RNMA,0.15304925,0.0027461818,3,9484,1153
FVGF,0.15185891,0.06318224,3,9484,1153
IHAC,0.15174241,0.303374,3,9484,1153
YNAS,0.1508794,0.0744591,3,9484,1153
YFCG,0.15066274,0.22759652,3,9484,1153
YFGI,0.14998452,0.048281252,3,9484,1153
RWCA,0.14975213,0.09078948,3,9484,1153
FVGV,0.14906906,0.16012214,3,9484,1153
YNAT,0.14866038,0.14021541,3,9484,1153
NDCA,0.14673372,0.11250133,3,9484,1153
WSSA,0.14660825,0.015230943,3,9484,1153
YFGC,0.14410008,0.3338985,3,9484,1153
VNAS,0.14351411,0.17847957,3,9484,1153
EICA,0.14262612,0.39429355,3,9484,1153
FFGY,0.14232607,0.0241008,3,9484,1153
ANGA,0.1413414,0.02738278,3,9484,1153
HNGA,0.14052291,0.03380012,3,9484,1153
YIGR,0.13998799,0.00058688136,3,9484,1153
LNAT,0.138968,0.029822914,3,9484,1153
YYGP,0.13857786,0.03470238,3,9484,1153
VNAT,0.13835241,0.04935725,3,9484,1153
FCGF,0.13829114,0.067535184,3,9484,1153
FHGQ,0.1375737,0.0079450095,3,9484,1153
VNGC,0.13725893,0.2858701,3,9484,1153
GDCA,0.13701881,0.007362062,3,9484,1153
IFGC,0.13623913,0.31987724,3,9484,1153
FIGY,0.13619195,0.022281544,3,9484,1153
FSCG,0.13383289,0.18350042,3,9484,1153
WHGG,0.13324188,0.08647138,3,9484,1153
IFGI,0.13275199,0.18184386,3,9484,1153
YYGK,0.13274132,0.00032149578,3,9484,1153
WYGY,0.13178246,0.13267405,3,9484,1153
LCCG,0.1312175,0.1567085,3,9484,1153
FAAG,0.13071324,0.17701481,3,9484,1153
FIGH,0.12857024,0.0069392645,3,9484,1153
YMFA,0.12807424,0.04900248,3,9484,1153
VNAP,0.12790145,0.0015550412,3,9484,1153
YNAE,0.12676556,0.0008378374,3,9484,1153
FSAG,0.12673809,0.23769924,3,9484,1153
AYGA,0.12585382,0.026299918,3,9484,1153
GMCA,0.12412722,0.003393695,3,9484,1153
HSCG,0.12406672,0.12593281,3,9484,1153
YNAY,0.119937606,0.00026332025,3,9484,1153
FVGP,0.11811126,0.04767818,3,9484,1153
INAP,0.11788715,0.0014912527,3,9484,1153
HNAG,0.11785228,0.011332724,3,9484,1153
FIGP,0.11758778,0.054585516,3,9484,1153
YRAG,0.11701561,0.17645971,3,9484,1153
WDLG,0.11341996,0.31145856,3,9484,1153
HYAA,0.112662084,0.18906786,3,9484,1153
WHLG,0.11204029,0.41291383,3,9484,1153
VNGT,0.11171696,0.093502946,3,9484,1153
GKAA,0.11165912,0.0015659856,3,9484,1153
VNAQ,0.10924489,0.00043886717,3,9484,1153
YHAT,0.10885393,0.29039842,3,9484,1153
FRCG,0.10875464,0.27783504,3,9484,1153
LYGT,0.1067094,0.27091473,3,9484,1153
INGY,0.105704494,0.0072650826,3,9484,1153
WHAF,0.10405079,0.008804036,3,9484,1153
YNAW,0.10337738,0.0006370652,3,9484,1153
LFGY,0.10112519,0.017022403,3,9484,1153
FNAV,0.09870929,0.009672136,3,9484,1153
LSEA,0.09796596,0.0006231848,3,9484,1153
FNGY,0.09748382,0.010022629,3,9484,1153
FNAP,0.09715212,0.00074179255,3,9484,1153
YHAW,0.09676326,0.0011401498,3,9484,1153
IIGY,0.095635526,0.003306813,3,9484,1153
QAAA,0.09392483,0.08155443,3,9484,1153
WRAG,0.09297059,0.09814933,3,9484,1153
WQLG,0.091821946,0.3177629,3,9484,1153
ANAT,0.08671919,0.0024253186,3,9484,1153
HNAS,0.08265174,0.014755955,3,9484,1153
YHAQ,0.08202837,0.00029518118,3,9484,1153
IVFC,0.076985665,0.014629828,3,9484,1153
FNGK,0.07377086,0.00058004126,3,9484,1153
IVAC,0.07033957,0.2931329,3,9484,1153
WHSG,0.0702684,0.0012348746,3,9484,1153
WHSF,0.06493402,0.0005488562,3,9484,1153
HVFM,0.06331024,0.0014236423,3,9484,1153
HVFC,0.0604266,0.011214624,3,9484,1153
ICGH,0.05991657,0.009454708,3,9484,1153
MHAN,0.05254838,0.0012172353,3,9484,1153
VRCR,0.04993595,0.0008360278,3,9484,1153
THAI,0.046521366,0.0017837827,3,9484,1153
YRMS,0.046381608,0.045933742,3,9484,1153
RVAA,0.04518701,0.061696444,3,9484,1153
WDFV,0.04508853,0.25751343,3,9484,1153
SHFM,0.044907868,0.00047945604,3,9484,1153
PLKL,0.04329335,0.00013443419,3,9484,1153
NSGC,0.041798405,0.0414383,3,9484,1153
NDLG,0.037340276,0.011949833,3,9484,1153
ACMM,0.037320048,0.0042954474,3,9484,1153
RAGC,0.035623446,0.11967633,3,9484,1153
CVFD,0.03311894,0.010054048,3,9484,1153
KDCV,0.03132779,0.0013378371,3,9484,1153
IIAH,0.031030154,0.00033626714,3,9484,1153
HFCN,0.030069085,0.0017280395,3,9484,1153
TVGW,0.029140437,0.0013824316,3,9484,1153
KSGV,0.028921777,0.06548098,3,9484,1153
ENAE,0.028225893,0.00029413437,3,9484,1153
EPED,0.025349885,0.014374255,3,9484,1153
HITA,0.025343003,0.0006186441,3,9484,1153
MCLC,0.025194796,0.06535789,3,9484,1153
QYAM,0.023746843,0.0031498442,3,9484,1153
KSLQ,0.023612062,0.0001035529,3,9484,1153
KHKP,0.021928025,0.000347054,3,9484,1153
PMQE,0.021087637,0.0,3,9484,1153
EMKK,0.02041815,0.0,3,9484,1153
SWCL,0.020060819,0.0016145187,3,9484,1153
DHKY,0.019690273,0.0,3,9484,1153
PANA,0.018383862,0.00016457515,3,9484,1153
PEES,0.01735563,0.0,3,9484,1153
HSKG,0.016467677,0.00011148645,3,9484,1153
EQCT,0.016387062,0.008043239,3,9484,1153
YFDD,0.015523998,0.0015771156,3,9484,1153
QNGS,0.014290417,0.020517953,3,9484,1153
VFFC,0.01378675,0.006289174,3,9484,1153
QFNL,0.013153907,0.00012261033,3,9484,1153
QCWT,0.013083832,0.006988116,3,9484,1153
RVWI,0.013035895,0.00032270618,3,9484,1153
PATS,0.012122044,0.00051748776,3,9484,1153
TVPA,0.011926038,0.00018808589,3,9484,1153
YLVT,0.010630826,0.0005995737,3,9484,1153
NKFD,0.010443756,0.00094512996,3,9484,1153
PLNI,0.0101310015,0.00028701004,3,9484,1153
QTCP,0.0095142,0.0009916176,3,9484,1153
FWNK,0.009484237,0.0,3,9484,1153
KTED,0.009467153,0.0010604471,3,9484,1153
YQSV,0.008756252,0.00036523957,3,9484,1153
DCKK,0.007493444,0.0,3,9484,1153
FDLW,0.007338116,0.0014362925,3,9484,1153
EHNS,0.0072378963,0.0,3,9484,1153
GVLV,0.007191049,0.00019140019,3,9484,1153
SAEE,0.0071293265,0.0005730287,3,9484,1153
RKSL,0.00524758,0.00025233428,3,9484,1153
KWTL,0.0036626365,0.0,3,9484,1153
LSWC,0.0035643224,0.0010754735,3,9484,1153
QSVP,0.0035061035,0.00020349058,3,9484,1153
PTTL,0.003027575,0.0002443178,3,9484,1153
VADY,0.0024457444,0.0005760131,3,9484,1153
ALRK,0.0020884592,0.0,3,9484,1153
CFGD,0.0018960554,0.020275664,3,9484,1153
ERNM,0.0017834269,0.0006213176,3,9484,1153
TDSN,0.0014721248,0.0,3,9484,1153
SSQS,0.001257047,0.0001704601,3,9484,1153
QLMW,0.00080031157,8.429462e-05,3,9484,1153
ELRN,0.00063768495,0.0004959396,3,9484,1153
SATA,0.0005766265,0.0003025842,3,9484,1153
ECPM,0.00034094602,0.00089303806,3,9484,1153
KCTA,0.00011813827,0.0013421666,3,9484,1153
PNNP,-0.0002475027,0.0,3,9484,1153
KDEN,-0.0004018154,0.00024613025,3,9484,1153
YSVY,-0.00097497366,0.00027730188,3,9484,1153
QMNF,-0.0010449868,0.00017953658,3,9484,1153
EATC,-0.00143837,0.00019470864,3,9484,1153
MFNH,-0.0022642352,0.00023835024,3,9484,1153
SYNY,-0.002468856,0.00029729717,3,9484,1153
ISQP,-0.0032594558,0.0,3,9484,1153
IRQY,-0.0036132913,0.00024253188,3,9484,1153
WDVW,-0.003698988,0.00014230913,3,9484,1153
LLTA,-0.0043169316,0.0018713255,3,9484,1153
AWIM,-0.004420353,0.0022519585,3,9484,1153
RRVS,-0.004876895,0.0003135951,3,9484,1153
VDFQ,-0.0048809815,0.0004937255,3,9484,1153
QLFV,-0.005381977,0.0039538103,3,9484,1153
TDEM,-0.0056557823,0.0,3,9484,1153
TGRF,-0.005920103,0.00047670057,3,9484,1153
DGQF,-0.0062747486,0.0077382736,3,9484,1153
DSVQ,-0.0070402008,0.00022387554,3,9484,1153
NQVM,-0.0071467813,0.00016074789,3,9484,1153
DRCK,-0.007800838,0.0,3,9484,1153
DCDP,-0.008278569,0.0011849414,3,9484,1153
MCTW,-0.008992894,0.0003089233,3,9484,1153
HLTS,-0.009845575,0.00034186873,3,9484,1153
TSVW,-0.0098540615,0.00021105824,3,9484,1153
ENNY,-0.00986805,0.0002684333,3,9484,1153
KGQG,-0.010050014,0.00014034839,3,9484,1153
KFFF,-0.010189403,0.0011765376,3,9484,1153
YQTF,-0.011035537,0.0,3,9484,1153
DRPF,-0.01121803,0.0,3,9484,1153
QSWP,-0.011971591,0.0008725407,3,9484,1153
GSQQ,-0.0125565585,0.0002583984,3,9484,1153
VGYK,-0.012585705,0.0,3,9484,1153
QMVW,-0.012815105,7.910915e-05,3,9484,1153
DTTN,-0.013550939,0.0005760131,3,9484,1153
ELIG,-0.014677664,0.0022528516,3,9484,1153
HSHD,-0.015662363,0.0026407763,3,9484,1153
TETI,-0.016635163,0.0013166015,3,9484,1153
YCRR,-0.016692916,0.0015275488,3,9484,1153
RPLV,-0.016903074,0.00018556125,3,9484,1153
TETM,-0.017728148,0.0,3,9484,1153
KTHD,-0.0180421,0.0012309841,3,9484,1153
LMDH,-0.01984862,0.00019094363,3,9484,1153
LKHG,-0.020387894,0.00081319513,3,9484,1153
KKPV,-0.022314107,0.00021268176,3,9484,1153
WARR,-0.024101375,0.00029020975,3,9484,1153
IMWY,-0.025921727,0.0002592059,3,9484,1153
LGGD,-0.027574735,0.013011121,3,9484,1153
GLIT,-0.02879865,0.00023487917,3,9484,1153
TTHA,-0.029012268,0.0,3,9484,1153
CRRT,-0.033063695,0.0011413884,3,9484,1153
QCIP,-0.03376562,0.00066508737,3,9484,1153
LCTP,-0.034068264,0.0009127877,3,9484,1153
FQRI,-0.036182404,0.0,3,9484,1153
ERIV,-0.03967753,0.0004147295,3,9484,1153
LRPQ,-0.042307697,0.00018150086,3,9484,1153
YKHR,-0.043784387,0.00056425773,3,9484,1153
INTV,-0.05424168,0.00032582562,3,9484,1153
WGIR,-0.056403108,0.00026042672,3,9484,1153
FSHH,-0.06803929,0.00024042286,3,9484,1153
FWCA,0.64340955,0.7620898,4,12713,1537
YHAA,0.53331774,0.5488027,4,12713,1537
YWAA,0.53070825,0.57216406,4,12713,1537
AHAA,0.53067154,0.24730165,4,12713,1537
ARCA,0.5192345,0.44495007,4,12713,1537
FWAA,0.515971,0.8838785,4,12713,1537
WHCA,0.5061417,0.46946943,4,12713,1537
YIAA,0.5018792,0.4476192,4,12713,1537
AHCG,0.49252445,0.36422828,4,12713,1537
MWCA,0.4836574,0.58575636,4,12713,1537
WYAA,0.4821697,0.3194099,4,12713,1537
VNAA,0.4705664,0.54470915,4,12713,1537
ISAA,0.46946886,0.5320094,4,12713,1537
MACA,0.46329227,0.47140917,4,12713,1537
YRCA,0.46109027,0.48062128,4,12713,1537
LHAA,0.4609634,0.41312164,4,12713,1537
AHLA,0.4593662,0.09145317,4,12713,1537
WWAA,0.4486651,0.41982874,4,12713,1537
FRCA,0.44295427,0.38946012,4,12713,1537
LWAA,0.43625265,0.60803336,4,12713,1537
FSAA,0.433177,0.4315467,4,12713,1537
MRCA,0.43075374,0.46905893,4,12713,1537
MYCA,0.43066168,0.45494568,4,12713,1537
FRAA,0.42501807,0.42857906,4,12713,1537
WWLA,0.422885,0.6346239,4,12713,1537
MSCA,0.42200267,0.46844998,4,12713,1537
VYAA,0.42123944,0.5202131,4,12713,1537
LRAA,0.41797212,0.46885478,4,12713,1537
FAAA,0.41755044,0.40680578,4,12713,1537
YNCA,0.41716525,0.4419662,4,12713,1537
VAAA,0.41291767,0.6255503,4,12713,1537
YICA,0.40832335,0.5125793,4,12713,1537
AHVA,0.4063796,0.0024395853,4,12713,1537
YSCA,0.4039761,0.43158638,4,12713,1537
YCAA,0.4025743,0.33869573,4,12713,1537
VKAA,0.39299566,0.46569434,4,12713,1537
QHCA,0.39049208,0.43088466,4,12713,1537
AHCS,0.38470966,0.011735116,4,12713,1537
WWMA,0.3844362,0.62011933,4,12713,1537
YKAA,0.3839356,0.32659346,4,12713,1537
WKCA,0.38281834,0.42201206,4,12713,1537
ANCG,0.37800437,0.21515435,4,12713,1537
WRLA,0.3758721,0.48025495,4,12713,1537
WWFA,0.37203842,0.5892799,4,12713,1537
WWCG,0.36918807,0.4619385,4,12713,1537
EHCA,0.36887243,0.33422318,4,12713,1537
FWGA,0.36540622,0.49956912,4,12713,1537
WSMA,0.3583824,0.37410727,4,12713,1537
LWLA,0.3575951,0.51991785,4,12713,1537
YLAA,0.3571387,0.2789058,4,12713,1537
LRMA,0.3559289,0.39905873,4,12713,1537
MSAA,0.35554066,0.35259682,4,12713,1537
WSLG,0.355119,0.46747953,4,12713,1537
WFAA,0.35386044,0.2207073,4,12713,1537
KNCA,0.3517242,0.34441322,4,12713,1537
WRMA,0.35171202,0.42892635,4,12713,1537
AHCQ,0.34999537,0.0054578832,4,12713,1537
WYLA,0.34950003,0.34627616,4,12713,1537
AHCD,0.34772348,0.011029533,4,12713,1537
IFAA,0.345776,0.37927574,4,12713,1537
ANAA,0.34158492,0.21417955,4,12713,1537
YQAA,0.34094936,0.24502935,4,12713,1537
MHAA,0.33941287,0.3197234,4,12713,1537
FWCG,0.33684796,0.43904123,4,12713,1537
YHGA,0.3271231,0.3914665,4,12713,1537
MKAA,0.3258503,0.30486315,4,12713,1537
FQAA,0.32030693,0.2570431,4,12713,1537
WSFA,0.3187199,0.5515763,4,12713,1537
FWLA,0.3141223,0.36941645,4,12713,1537
LFAA,0.31409675,0.39387694,4,12713,1537
YHGC,0.31295115,0.26365492,4,12713,1537
VVAA,0.312105,0.4542208,4,12713,1537
WRLG,0.31190932,0.53512865,4,12713,1537
VIAA,0.3099502,0.47236663,4,12713,1537
LCAA,0.30924708,0.29019013,4,12713,1537
YWLA,0.30856067,0.33744496,4,12713,1537
ISAC,0.30756676,0.35090315,4,12713,1537
WQLA,0.30665872,0.27038014,4,12713,1537
WYLG,0.30080703,0.42908934,4,12713,1537
AHSA,0.29795626,0.036496196,4,12713,1537
WYCV,0.29742244,0.17432918,4,12713,1537
WWLG,0.2966077,0.69382507,4,12713,1537
WFLA,0.29573643,0.2948682,4,12713,1537
QICA,0.29500613,0.37148196,4,12713,1537
YYAV,0.29440832,0.020095835,4,12713,1537
LYGV,0.28551275,0.51197964,4,12713,1537
ITAA,0.28549945,0.23857263,4,12713,1537
WYMA,0.28518844,0.35973808,4,12713,1537
IYAC,0.28440517,0.31963494,4,12713,1537
WALA,0.28437707,0.4432742,4,12713,1537
WILA,0.2828549,0.40551814,4,12713,1537
IYGV,0.2802211,0.44262144,4,12713,1537
FDAA,0.2801712,0.24970852,4,12713,1537
AHLG,0.2760471,0.45589617,4,12713,1537
WYGV,0.27539712,0.038509663,4,12713,1537
YWMA,0.2751637,0.31773263,4,12713,1537
WNLG,0.2750837,0.4271078,4,12713,1537
WKLG,0.27459157,0.41230226,4,12713,1537
YGAA,0.27068582,0.19749866,4,12713,1537
WAAA,0.27031666,0.25711462,4,12713,1537
ANCS,0.27012908,0.015360352,4,12713,1537
FHAG,0.2683591,0.3737416,4,12713,1537
DHCA,0.2664982,0.07188644,4,12713,1537
QACA,0.26594666,0.39529788,4,12713,1537
WKMA,0.26403004,0.29523528,4,12713,1537
YSGA,0.2630005,0.30956858,4,12713,1537
YRLA,0.26105756,0.31751725,4,12713,1537
FHCG,0.2606792,0.2705229,4,12713,1537
WVLG,0.2590562,0.41241017,4,12713,1537
CRAA,0.25824362,0.31916925,4,12713,1537
LYGM,0.25822067,0.37513632,4,12713,1537
FHLG,0.2573216,0.40171048,4,12713,1537
WYCC,0.25501633,0.1706439,4,12713,1537
YWGC,0.25335756,0.37886098,4,12713,1537
AHMG,0.25322887,0.32975474,4,12713,1537
FWGV,0.25180748,0.3208799,4,12713,1537
KYCA,0.24947675,0.12580128,4,12713,1537
WFLG,0.24872933,0.37651998,4,12713,1537
WTLA,0.24607693,0.20319062,4,12713,1537
YGCA,0.24502964,0.18415433,4,12713,1537
CAAA,0.24242337,0.33893123,4,12713,1537
ANCE,0.24082936,0.0022379782,4,12713,1537
LNLA,0.2374932,0.3568892,4,12713,1537
AHQA,0.23452683,0.006195812,4,12713,1537
WALG,0.23111014,0.44910976,4,12713,1537
ANCN,0.23045315,0.0019453344,4,12713,1537
WMLG,0.2286299,0.24140851,4,12713,1537
IWGM,0.22730358,0.52750933,4,12713,1537
FAMA,0.22317655,0.20845205,4,12713,1537
WSMG,0.2229883,0.2674788,4,12713,1537
WRLV,0.2221509,0.41546425,4,12713,1537
YTCA,0.22033094,0.24620871,4,12713,1537
AHVG,0.21725298,0.062209424,4,12713,1537
WFFA,0.21700877,0.24798836,4,12713,1537
IWGV,0.2150126,0.37528953,4,12713,1537
WWAC,0.21424876,0.096534304,4,12713,1537
WRMG,0.21284117,0.33574077,4,12713,1537
LRFA,0.21263503,0.15957427,4,12713,1537
YRFA,0.2099968,0.13901168,4,12713,1537
FHMG,0.2097571,0.15779951,4,12713,1537
YALA,0.20874386,0.23756984,4,12713,1537
FYVA,0.20846437,0.010091751,4,12713,1537
WTMA,0.2060364,0.18093556,4,12713,1537
LWGM,0.20452197,0.41064903,4,12713,1537
ANCL,0.20300035,0.00064299145,4,12713,1537
AHIG,0.2020074,0.0063135675,4,12713,1537
WWGA,0.20067342,0.26311043,4,12713,1537
YHVA,0.19893841,0.0020585114,4,12713,1537
YWWA,0.19170596,0.0037070792,4,12713,1537
WWMV,0.19143723,0.23385392,4,12713,1537
WYCS,0.18570554,0.05863849,4,12713,1537
WDMV,0.18569356,0.07160639,4,12713,1537
WFAC,0.18420525,0.028067948,4,12713,1537
WKLV,0.18357766,0.2985107,4,12713,1537
LFLA,0.1829813,0.15608753,4,12713,1537
YHMG,0.18119903,0.22782473,4,12713,1537
AHHG,0.18007149,0.0032011296,4,12713,1537
YHGV,0.17997359,0.09714872,4,12713,1537
WYAL,0.17911322,0.030528698,4,12713,1537
PRCA,0.17877518,0.011384731,4,12713,1537
FLAC,0.17823206,0.03285166,4,12713,1537
YRVA,0.17484736,0.0014499283,4,12713,1537
FKMA,0.17416279,0.21038881,4,12713,1537
YISA,0.1723751,0.14822482,4,12713,1537
WYMV,0.17135154,0.14535509,4,12713,1537
WTFA,0.17044298,0.31175646,4,12713,1537
FHAS,0.16990627,0.20742407,4,12713,1537
WELV,0.16971569,0.1183204,4,12713,1537
WYLL,0.16825306,0.00541927,4,12713,1537
YWCI,0.16697672,0.075886674,4,12713,1537
WYMC,0.16574195,0.19513553,4,12713,1537
MRFA,0.16509779,0.09957983,4,12713,1537
IRGV,0.16232307,0.17603359,4,12713,1537
IWGL,0.16223054,0.39512783,4,12713,1537
MLAA,0.16117708,0.16581547,4,12713,1537
WNLV,0.15972985,0.32413647,4,12713,1537
AAAA,0.15894826,0.16257396,4,12713,1537
WLFA,0.15805325,0.30838665,4,12713,1537
IVAV,0.15526165,0.028012995,4,12713,1537
WTMG,0.15403876,0.122419104,4,12713,1537
IVGV,0.15339656,0.16926803,4,12713,1537
AHGT,0.15221578,0.03888089,4,12713,1537
YRSA,0.15032232,0.0957543,4,12713,1537
INGV,0.14897318,0.2306352,4,12713,1537
LMLG,0.14721765,0.23933834,4,12713,1537
YHGG,0.14542963,0.03469959,4,12713,1537
CYGV,0.14438833,0.41088364,4,12713,1537
YWGV,0.14377005,0.1897239,4,12713,1537
WFFG,0.14375287,0.29846275,4,12713,1537
WNMC,0.142924,0.15586622,4,12713,1537
TTCA,0.14188494,0.14924893,4,12713,1537
VNGF,0.14033903,0.1793801,4,12713,1537
VSMG,0.13894732,0.19270648,4,12713,1537
WDLS,0.13787414,0.04578032,4,12713,1537
YIEA,0.13727428,0.0003679476,4,12713,1537
YHWA,0.13679583,0.0010905494,4,12713,1537
WPLA,0.13461758,0.012239,4,12713,1537
IHNC,0.13417736,0.00081319513,4,12713,1537
FLAG,0.13373733,0.16727605,4,12713,1537
WYML,0.13355689,0.015986143,4,12713,1537
WYLS,0.13313639,0.03396101,4,12713,1537
MWCF,0.13298494,0.0034340657,4,12713,1537
HKMA,0.13242544,0.026687583,4,12713,1537
WYFL,0.13154665,0.007847373,4,12713,1537
YKMG,0.12610279,0.1820613,4,12713,1537
HYGV,0.12483541,0.25089705,4,12713,1537
AGAA,0.12295463,0.0029103823,4,12713,1537
VNMC,0.12221906,0.021405393,4,12713,1537
VWGF,0.12206521,0.5437995,4,12713,1537
WRAC,0.118957885,0.080053106,4,12713,1537
ASMG,0.11594675,0.119513445,4,12713,1537
WNMM,0.11141134,0.055773966,4,12713,1537
APCG,0.110584594,0.020736475,4,12713,1537
WHCD,0.10392731,0.0074611255,4,12713,1537
AVCE,0.1032506,0.0,4,12713,1537
QRFA,0.10177616,0.025420932,4,12713,1537
WRWC,0.098925,0.0066279313,4,12713,1537
FRRA,0.09870865,0.008228759,4,12713,1537
VFAM,0.09736387,0.09314082,4,12713,1537
ANAG,0.0961772,0.01777412,4,12713,1537
WRMS,0.092770584,0.13431941,4,12713,1537
ANIG,0.091612734,0.0,4,12713,1537
WPLV,0.09150731,0.00092681823,4,12713,1537
YQVG,0.08865606,0.0072483364,4,12713,1537
FFCF,0.088465504,0.001256756,4,12713,1537
VNLC,0.08830892,0.03481149,4,12713,1537
WYTL,0.08421341,0.0003698814,4,12713,1537
WRWM,0.08214215,0.0014922161,4,12713,1537
IVAE,0.08045686,0.0015933111,4,12713,1537
AIGC,0.079195514,0.05649938,4,12713,1537
ANHG,0.07917813,0.0013693919,4,12713,1537
WYQL,0.07733426,0.00040793058,4,12713,1537
QKMA,0.072060324,0.021020874,4,12713,1537
WKIV,0.071348764,0.00074614,4,12713,1537
FSCM,0.07006768,0.018432422,4,12713,1537
YHRC,0.065288804,0.00074726035,4,12713,1537
LDLI,0.062701985,0.0017280395,4,12713,1537
FMVG,0.06135674,0.006392747,4,12713,1537
CIAG,0.057829022,0.10089762,4,12713,1537
VCDC,0.053651974,0.0010634089,4,12713,1537
RHWA,0.051037967,0.00069835817,4,12713,1537
CYGS,0.043718465,0.05466551,4,12713,1537
YHMH,0.04085762,0.00020945935,4,12713,1537
HYGS,0.037039615,0.26822984,4,12713,1537
PNCT,0.03680122,0.0010928313,4,12713,1537
EILS,0.036602788,0.058432676,4,12713,1537
TWGV,0.03435964,0.32856864,4,12713,1537
LSAQ,0.03410925,0.00036540045,4,12713,1537
LLCW,0.033750374,0.0009440996,4,12713,1537
RNKD,0.033057354,0.0025712105,4,12713,1537
LESC,0.032661125,0.0077610197,4,12713,1537
VSEM,0.029511431,0.00017067052,4,12713,1537
KILF,0.027852593,0.00077967945,4,12713,1537
ECGW,0.024733083,0.0,4,12713,1537
QRFD,0.024552202,0.0052630226,4,12713,1537
FRQV,0.023179492,0.00032527806,4,12713,1537
SRYG,0.02295305,0.007809841,4,12713,1537
PRRC,0.022411885,0.0004623517,4,12713,1537
TSKS,0.022071762,0.0,4,12713,1537
HFGI,0.021991232,0.030304996,4,12713,1537
HSGL,0.020556325,0.03622976,4,12713,1537
VWKE,0.020510348,0.00090651255,4,12713,1537
EYGS,0.019738758,0.0040519545,4,12713,1537
SHLI,0.018812874,0.00043200987,4,12713,1537
VYVM,0.017759623,0.00061899924,4,12713,1537
WMMS,0.017321246,0.024758244,4,12713,1537
MVGR,0.0161424,0.0005672779,4,12713,1537
HDNC,0.015199238,0.0031300338,4,12713,1537
ENVG,0.01308989,0.13577244,4,12713,1537
VVNW,0.012912546,0.00058412604,4,12713,1537
GWWT,0.011763522,0.0,4,12713,1537
IPHL,0.009923896,0.00014551914,4,12713,1537
VQPV,0.0083079655,0.0007788347,4,12713,1537
DHQM,0.008180732,0.006283795,4,12713,1537
QTKG,0.0073816422,0.00053860975,4,12713,1537
EWLI,0.0066714864,0.00054213003,4,12713,1537
NVHQ,0.006335022,0.0,4,12713,1537
LCQT,0.0059484188,0.001960896,4,12713,1537
PSDW,0.005878115,0.00013755541,4,12713,1537
DIFW,0.00577356,0.0,4,12713,1537
ANAT,0.0051836725,0.0024253186,4,12713,1537
PEQQ,0.0051749144,0.0,4,12713,1537
HEDH,0.005133124,0.0002737488,4,12713,1537
NVRP,0.0049399585,0.00038759768,4,12713,1537
TIIT,0.00480354,0.00013041809,4,12713,1537
NLTD,0.004361581,0.00084822637,4,12713,1537
PNCL,0.0040379185,0.0007899609,4,12713,1537
GWFL,0.00360615,0.00074726035,4,12713,1537
ANVR,0.0032048319,0.0009963472,4,12713,1537
QVEQ,0.0029970016,0.0001160488,4,12713,1537
ECIT,0.0026391018,0.0015360351,4,12713,1537
EERT,0.0020317193,0.00013704407,4,12713,1537
KTED,0.0015504975,0.0010604471,4,12713,1537
KNKS,0.0014530215,0.00030652588,4,12713,1537
VMEA,0.0013124458,0.00028621778,4,12713,1537
AVPV,0.00060506724,0.0,4,12713,1537
EEHN,0.0005844515,0.0004007048,4,12713,1537
QRSI,0.00013071857,0.00028850746,4,12713,1537
SADN,-0.00022259913,0.000107582215,4,12713,1537
VCHD,-0.0006169025,0.020264516,4,12713,1537
SKGS,-0.0007400345,0.03557115,4,12713,1537
QLHN,-0.00093548745,0.00035333712,4,12713,1537
NRTL,-0.0014519636,0.0,4,12713,1537
FVDQ,-0.0017473884,0.00028212892,4,12713,1537
QDEP,-0.0018076058,0.0003029987,4,12713,1537
IDLT,-0.001997469,0.058694366,4,12713,1537
EKSN,-0.0020967852,0.0002684333,4,12713,1537
WVED,-0.0022684634,0.0,4,12713,1537
NAEI,-0.002418423,0.00028800662,4,12713,1537
EPEK,-0.0024664197,0.0,4,12713,1537
WCDT,-0.0027512927,0.0009902805,4,12713,1537
MTDE,-0.0031201262,0.00018310349,4,12713,1537
GGCG,-0.0035764407,0.00032149578,4,12713,1537
GAQM,-0.0038878005,0.0004189187,4,12713,1537
QPNI,-0.0041637216,0.00034778152,4,12713,1537
VHHN,-0.0044743326,0.0009874512,4,12713,1537
WKAK,-0.0045403363,0.00048720054,4,12713,1537
SSQN,-0.0045491755,0.0005720407,4,12713,1537
THDQ,-0.0046803933,0.0,4,12713,1537
TPRY,-0.004707543,0.0,4,12713,1537
NTMM,-0.004917098,0.00021770572,4,12713,1537
YQEI,-0.005384071,0.0010433446,4,12713,1537
KCYD,-0.005704878,0.0012675901,4,12713,1537
QYAI,-0.0057121497,0.0007540536,4,12713,1537
QFHS,-0.00665031,0.0004670377,4,12713,1537
QALQ,-0.0068192426,0.0003959642,4,12713,1537
KPPR,-0.0072794706,0.00042083152,4,12713,1537
DTPY,-0.0072948243,0.0008378374,4,12713,1537
PTWR,-0.007441124,0.00028069678,4,12713,1537
ITSR,-0.0075911637,0.0003076343,4,12713,1537
DRVH,-0.007714698,0.00023136927,4,12713,1537
TYID,-0.008238023,0.0072871805,4,12713,1537
QDGE,-0.008472307,0.00043557485,4,12713,1537
PPCL,-0.0086257495,0.00072521,4,12713,1537
QRHW,-0.008733196,0.00012126594,4,12713,1537
VGRT,-0.009320153,0.00081921875,4,12713,1537
LTTG,-0.009739375,0.00053170446,4,12713,1537
PTPS,-0.010503693,0.00034809424,4,12713,1537
NLTK,-0.01075251,0.00015275492,4,12713,1537
ISQK,-0.011408223,0.0,4,12713,1537
RPRN,-0.011699276,0.00034821953,4,12713,1537
IMML,-0.012277421,0.0005306303,4,12713,1537
CIEW,-0.012611175,0.0004937255,4,12713,1537
VKQI,-0.012676803,0.0,4,12713,1537
AAWI,-0.01312728,0.002513512,4,12713,1537
GGRI,-0.013649745,0.0,4,12713,1537
TNQA,-0.014352789,0.0,4,12713,1537
MLTH,-0.014964318,8.694536e-05,4,12713,1537
KKRP,-0.015366567,0.00025262713,4,12713,1537
HPEC,-0.015480228,0.00023631314,4,12713,1537
EMLQ,-0.016312685,0.00027106507,4,12713,1537
SMTE,-0.016641654,0.0005374464,4,12713,1537
ADSK,-0.017074028,0.0005740191,4,12713,1537
FAVN,-0.017253887,0.0013653645,4,12713,1537
RYTG,-0.017656205,8.976829e-05,4,12713,1537
SRMP,-0.01775643,0.00028780667,4,12713,1537
SGSA,-0.018996054,0.0006763687,4,12713,1537
YSWD,-0.019418923,0.0,4,12713,1537
ITMR,-0.022344595,0.00015480755,4,12713,1537
GCVP,-0.02261266,0.00056812254,4,12713,1537
DNQM,-0.023534892,0.002668064,4,12713,1537
MDAQ,-0.02395985,0.00012859827,4,12713,1537
SLMP,-0.024238648,0.00034807346,4,12713,1537
HWQH,-0.025219126,0.0,4,12713,1537
TTIP,-0.025467081,0.00046862086,4,12713,1537
PAIQ,-0.02557064,0.00045826467,4,12713,1537
MSEE,-0.02584193,0.00011815652,4,12713,1537
SCWN,-0.02598952,0.00089189137,4,12713,1537
KEWQ,-0.027680939,0.00019470864,4,12713,1537
CPWD,-0.02861278,0.0035613948,4,12713,1537
LEYY,-0.02888885,0.00028651435,4,12713,1537
MCMH,-0.028929086,0.0019891104,4,12713,1537
VTVM,-0.028987618,0.00029650005,4,12713,1537
GPIL,-0.030154524,0.00010240229,4,12713,1537
QMCQ,-0.031834096,0.00053513487,4,12713,1537
SPFL,-0.0328371,0.00021733902,4,12713,1537
CEDK,-0.033132344,0.0002737488,4,12713,1537
IFFN,-0.0369249,0.0052740164,4,12713,1537
LHVH,-0.037623182,0.00018189891,4,12713,1537
GDRM,-0.041203268,0.0,4,12713,1537
LCYS,-0.04441031,0.008208187,4,12713,1537
IKMQ,-0.046477698,0.00034998267,4,12713,1537
PEIA,-0.05292973,0.0004007048,4,12713,1537
CCIW,-0.067697726,0.00045325622,4,12713,1537
FYAA,0.6563029,0.8115687,5,15992,1921
IWAA,0.5778817,0.60950506,5,15992,1921
VWAA,0.5669894,0.61774945,5,15992,1921
FFAA,0.54159755,0.6989,5,15992,1921
LWMA,0.51061046,0.51193583,5,15992,1921
INAA,0.49905843,0.50351787,5,15992,1921
LWLG,0.49737164,0.6498953,5,15992,1921
VRAA,0.48413414,0.5382238,5,15992,1921
FWLG,0.47103935,0.7376769,5,15992,1921
FIAA,0.46634287,0.4641554,5,15992,1921
WACA,0.46439382,0.46219492,5,15992,1921
AWCA,0.45997,0.642299,5,15992,1921
IWGC,0.44636798,0.3985512,5,15992,1921
IAAA,0.44634432,0.5920644,5,15992,1921
YFAA,0.44317126,0.5650018,5,15992,1921
VYGV,0.41740942,0.3925579,5,15992,1921
YWLG,0.4163679,0.568064,5,15992,1921
FWFA,0.4153947,0.24732038,5,15992,1921
LHLG,0.41527554,0.3889241,5,15992,1921
VVCA,0.41255608,0.336625,5,15992,1921
VDAA,0.40755433,0.41944376,5,15992,1921
LRLG,0.40463695,0.5085378,5,15992,1921
YVAA,0.4035566,0.39461967,5,15992,1921
FICA,0.39730364,0.39106625,5,15992,1921
WCLG,0.39393198,0.3738386,5,15992,1921
FRLG,0.38154188,0.44675708,5,15992,1921
IWLG,0.37924588,0.49257922,5,15992,1921
YRLG,0.37472138,0.476915,5,15992,1921
VWLG,0.3650121,0.44132176,5,15992,1921
MICA,0.36380297,0.36518094,5,15992,1921
YHLG,0.36132416,0.40157288,5,15992,1921
FMAA,0.35691732,0.24861167,5,15992,1921
FWFG,0.35584253,0.52186793,5,15992,1921
IWCG,0.3548351,0.48441428,5,15992,1921
WYCG,0.352903,0.37283993,5,15992,1921
WKFA,0.35128516,0.41362527,5,15992,1921
FYGM,0.34833756,0.2655634,5,15992,1921
WRFG,0.34155568,0.55333173,5,15992,1921
VHLG,0.34024775,0.37548625,5,15992,1921
YWCG,0.3379284,0.43907085,5,15992,1921
YMAA,0.33026946,0.21906428,5,15992,1921
WWLC,0.32882226,0.69176656,5,15992,1921
WCFA,0.32734364,0.4453483,5,15992,1921
LFGC,0.323042,0.33882967,5,15992,1921
VTAA,0.32199642,0.27226463,5,15992,1921
FYGG,0.31556895,0.1972708,5,15992,1921
MIAA,0.31350058,0.33421913,5,15992,1921
LYGA,0.31172702,0.35147816,5,15992,1921
LWFG,0.31104347,0.49214566,5,15992,1921
LFGV,0.31079438,0.40643904,5,15992,1921
FWVA,0.30821726,0.006175329,5,15992,1921
CWLG,0.30765158,0.41885254,5,15992,1921
MWFA,0.30389532,0.18455487,5,15992,1921
WWGC,0.3036734,0.23169039,5,15992,1921
VGAA,0.30273846,0.338183,5,15992,1921
FSLG,0.3009938,0.36451435,5,15992,1921
FYLG,0.30087277,0.42029762,5,15992,1921
ARLG,0.29927638,0.2849593,5,15992,1921
WLLG,0.29845297,0.28503048,5,15992,1921
FWIA,0.29450423,0.0005266406,5,15992,1921
WWHA,0.29241413,0.0019546354,5,15992,1921
WFMA,0.2913568,0.3075268,5,15992,1921
MSLG,0.28728926,0.3238587,5,15992,1921
VWAC,0.2865132,0.2615497,5,15992,1921
WWLH,0.28605363,0.005053465,5,15992,1921
YWAG,0.28563547,0.25887454,5,15992,1921
VCCA,0.2838657,0.2437723,5,15992,1921
VWGG,0.2818356,0.10529521,5,15992,1921
FRGA,0.28171033,0.36608645,5,15992,1921
KICA,0.28164703,0.36695534,5,15992,1921
WELG,0.28028297,0.2091725,5,15992,1921
YRCG,0.27804947,0.3288414,5,15992,1921
FHAC,0.2777832,0.1844366,5,15992,1921
FNLG,0.2717054,0.4012788,5,15992,1921
YWMG,0.2681779,0.38434637,5,15992,1921
FALG,0.26666307,0.38863012,5,15992,1921
WTLG,0.26662487,0.24491529,5,15992,1921
YYCG,0.26564154,0.3494215,5,15992,1921
VWFG,0.25966582,0.48805317,5,15992,1921
IRCG,0.25768077,0.2927076,5,15992,1921
ISCG,0.25722402,0.2951935,5,15992,1921
FYGS,0.25683907,0.5344631,5,15992,1921
LFGM,0.25528917,0.28908285,5,15992,1921
MNLG,0.25346848,0.3751247,5,15992,1921
CNCA,0.2531176,0.061811093,5,15992,1921
HHLG,0.25016803,0.29298058,5,15992,1921
WWLW,0.25013256,0.0018336917,5,15992,1921
VALG,0.24942905,0.421197,5,15992,1921
IACG,0.24924546,0.31973436,5,15992,1921
KRCA,0.24859475,0.34915632,5,15992,1921
QDCA,0.24736834,0.26662108,5,15992,1921
WQMA,0.24720213,0.28182057,5,15992,1921
FFLG,0.24640524,0.3782583,5,15992,1921
WRLK,0.24554043,0.0007543518,5,15992,1921
WRLH,0.24219777,0.003900611,5,15992,1921
WKMG,0.23574395,0.23008989,5,15992,1921
LTLG,0.23431373,0.21235585,5,15992,1921
TKCA,0.23412028,0.21740556,5,15992,1921
TWGC,0.23311682,0.21693543,5,15992,1921
CFGV,0.22571002,0.29514042,5,15992,1921
WRLD,0.2254315,0.0108918855,5,15992,1921
WRIG,0.22540285,0.041921347,5,15992,1921
IKGC,0.2251098,0.198504,5,15992,1921
WRLY,0.2233612,0.0010548377,5,15992,1921
YQLG,0.2220457,0.27632052,5,15992,1921
VDAC,0.22193542,0.16555868,5,15992,1921
LWLN,0.22167885,0.00633385,5,15992,1921
MRLA,0.22149952,0.23236902,5,15992,1921
LNAC,0.22003405,0.29023454,5,15992,1921
FLGA,0.21966614,0.15609229,5,15992,1921
VCLG,0.2161866,0.32573324,5,15992,1921
CYCA,0.21560219,0.0542656,5,15992,1921
LWHA,0.21544105,0.000980448,5,15992,1921
MCAA,0.21519445,0.21449828,5,15992,1921
FFAC,0.21333013,0.23176503,5,15992,1921
YWAC,0.21275602,0.026022242,5,15992,1921
YSCG,0.21222807,0.202681,5,15992,1921
LSAC,0.21131067,0.21804447,5,15992,1921
YVCG,0.2083449,0.2927912,5,15992,1921
WWMS,0.20572232,0.10791107,5,15992,1921
LWLR,0.20522909,0.0006758555,5,15992,1921
QTCA,0.20450768,0.21559842,5,15992,1921
WKAA,0.20196667,0.24896057,5,15992,1921
FYGN,0.20153432,0.55430514,5,15992,1921
FYGH,0.20134287,0.052061785,5,15992,1921
LRLV,0.20125103,0.102374665,5,15992,1921
LWLS,0.19881202,0.077216625,5,15992,1921
WWMF,0.19787769,0.0039498047,5,15992,1921
LSGC,0.19649613,0.21729511,5,15992,1921
YKMA,0.1963762,0.19671842,5,15992,1921
YMGC,0.19613162,0.079614736,5,15992,1921
LWLQ,0.19131109,0.0008401518,5,15992,1921
FYGQ,0.1898053,0.03970814,5,15992,1921
WWCH,0.18829006,0.002173255,5,15992,1921
FKLA,0.1882867,0.21164536,5,15992,1921
YMLG,0.18490493,0.23199575,5,15992,1921
LWCH,0.1848611,0.0011248909,5,15992,1921
LWCS,0.18404925,0.20683417,5,15992,1921
LFAC,0.18098654,0.1540318,5,15992,1921
LKGC,0.1809472,0.17247981,5,15992,1921
TDCA,0.18036927,0.2488377,5,15992,1921
WWMY,0.17890842,0.0009024776,5,15992,1921
VKGA,0.17568167,0.17022046,5,15992,1921
LMGM,0.17318968,0.11085506,5,15992,1921
VCGL,0.1707879,0.093590796,5,15992,1921
IQCG,0.16968066,0.15279508,5,15992,1921
HRCG,0.16524056,0.19493741,5,15992,1921
WVIG,0.15894143,0.036316387,5,15992,1921
IWCP,0.15391321,0.0030084003,5,15992,1921
MNMG,0.15217347,0.19287258,5,15992,1921
KGCA,0.14968853,0.050348904,5,15992,1921
MRAC,0.1490472,0.20594686,5,15992,1921
FHLC,0.14870547,0.3255491,5,15992,1921
MRAG,0.14823289,0.13140838,5,15992,1921
HDAA,0.14744698,0.08433933,5,15992,1921
VCGA,0.14721112,0.14652069,5,15992,1921
EIHA,0.14684789,0.0,5,15992,1921
LDAC,0.14522205,0.2051256,5,15992,1921
ANMG,0.14475316,0.19354042,5,15992,1921
LCGL,0.1426131,0.09481994,5,15992,1921
WKLS,0.14260961,0.084479555,5,15992,1921
YNMG,0.14042099,0.1971034,5,15992,1921
FFAS,0.14015634,0.3664021,5,15992,1921
SECA,0.12877518,0.07068111,5,15992,1921
YWCH,0.12546898,0.0006810008,5,15992,1921
LCAC,0.123399876,0.07866931,5,15992,1921
VSGL,0.118905336,0.12518185,5,15992,1921
LTAC,0.11736428,0.09201624,5,15992,1921
TWGA,0.11294252,0.020849789,5,15992,1921
VCGG,0.11058512,0.04392697,5,15992,1921
VMAS,0.10702179,0.058918845,5,15992,1921
MRLH,0.106333315,0.0031857304,5,15992,1921
NFGV,0.102467366,0.024906157,5,15992,1921
FIHA,0.100713186,0.001256756,5,15992,1921
KRAA,0.10049258,0.056940533,5,15992,1921
LQLN,0.099759385,0.0012333962,5,15992,1921
MIAC,0.09781569,0.19777854,5,15992,1921
PWGR,0.09458357,0.00017666856,5,15992,1921
LQLR,0.08831841,0.0003001208,5,15992,1921
VAVC,0.07776068,0.0015191557,5,15992,1921
MCAC,0.075478956,0.05157071,5,15992,1921
QWYG,0.074948624,0.14078975,5,15992,1921
LMGS,0.0748553,0.025853675,5,15992,1921
AIGF,0.07466608,0.058864832,5,15992,1921
LQLS,0.07375346,0.012783154,5,15992,1921
DKCA,0.072309844,0.0106151,5,15992,1921
FKLE,0.069675624,0.00075749675,5,15992,1921
MNWG,0.066363946,0.00071351306,5,15992,1921
FQLH,0.063854136,0.0015446163,5,15992,1921
YSAY,0.059868652,0.00047494585,5,15992,1921
ESGF,0.05968356,0.055725925,5,15992,1921
SNLA,0.055703565,0.0012462358,5,15992,1921
WHQG,0.049338683,0.00018808589,5,15992,1921
APAA,0.044647202,0.0048791706,5,15992,1921
NWMC,0.04439456,0.0014551912,5,15992,1921
MHCV,0.043736078,0.047629997,5,15992,1921
LIMR,0.038613267,0.00029825923,5,15992,1921
FVPG,0.035913445,0.00068631355,5,15992,1921
ENLT,0.035737723,0.1725824,5,15992,1921
IEAY,0.035115525,0.00067766255,5,15992,1921
PICL,0.03492081,0.00087680656,5,15992,1921
VVSP,0.033805758,0.0002448587,5,15992,1921
MGDC,0.03233979,0.00024908676,5,15992,1921
PEVG,0.031191427,0.001067973,5,15992,1921
QRLS,0.03081908,0.007585342,5,15992,1921
ACWF,0.03036695,0.0018244545,5,15992,1921
LMMF,0.02866152,0.0009827713,5,15992,1921
TLKD,0.025574159,0.008863638,5,15992,1921
PHDG,0.024128463,0.0,5,15992,1921
VIKI,0.023368146,0.0,5,15992,1921
YWQT,0.02293393,0.0,5,15992,1921
LQGR,0.022805393,0.0006831784,5,15992,1921
EWMT,0.022380795,0.0145519115,5,15992,1921
TYPC,0.02176172,0.0011602361,5,15992,1921
VVKN,0.021667939,0.0,5,15992,1921
RKLA,0.021550298,0.0010837947,5,15992,1921
ISKT,0.020837098,0.0002465483,5,15992,1921
QDCV,0.020748302,0.002617622,5,15992,1921
SGSM,0.019951057,0.000300996,5,15992,1921
QWVK,0.019198745,0.00023431043,5,15992,1921
PRAD,0.01828438,0.009216211,5,15992,1921
HTDC,0.015808903,0.00033112132,5,15992,1921
CQQD,0.015252157,0.012273767,5,15992,1921
YTQT,0.01505693,0.0002844509,5,15992,1921
SLAG,0.014614073,0.0007637744,5,15992,1921
LGQV,0.014391138,0.028010841,5,15992,1921
KQFP,0.013503137,0.00062647957,5,15992,1921
TCYC,0.013302284,0.0,5,15992,1921
GIAF,0.013033354,0.00020866888,5,15992,1921
DQNT,0.0127277905,0.0,5,15992,1921
SQLR,0.012507356,0.00028602034,5,15992,1921
WYRN,0.012466355,0.0005274779,5,15992,1921
YDAK,0.011799305,0.0,5,15992,1921
QSME,0.011454235,0.0004151446,5,15992,1921
QMSC,0.010378643,0.00089429534,5,15992,1921
RYRD,0.009296141,0.0017764061,5,15992,1921
NTPC,0.0088846,0.0008378374,5,15992,1921
LGRV,0.008820533,0.002751376,5,15992,1921
VDEW,0.008584215,0.0,5,15992,1921
NASC,0.007597034,0.0010344727,5,15992,1921
MASP,0.007502037,0.00024516034,5,15992,1921
TCTG,0.007333179,0.0,5,15992,1921
LAEV,0.0071129045,0.00056044525,5,15992,1921
PYCP,0.006934396,0.001138473,5,15992,1921
RWCV,0.00658556,0.0016039262,5,15992,1921
ENDF,0.0060880063,0.0,5,15992,1921
GVLK,0.00606257,0.00011617076,5,15992,1921
RARV,0.005869488,0.00019419307,5,15992,1921
PMTG,0.0058579436,0.00017723478,5,15992,1921
PPLM,0.005753818,0.0005493105,5,15992,1921
KKDG,0.0055785896,0.00033112132,5,15992,1921
NPEL,0.005354424,0.0,5,15992,1921
WCPF,0.0049586287,0.0014801194,5,15992,1921
SGNH,0.004810541,0.00029623532,5,15992,1921
QKSL,0.0043062335,0.00021756298,5,15992,1921
AYKR,0.004305466,0.0,5,15992,1921
NASP,0.0041915895,0.00038568274,5,15992,1921
MYDR,0.003417491,0.00028420033,5,15992,1921
RHLW,0.003337442,0.0001835086,5,15992,1921
RHDL,0.0027220668,0.00022686059,5,15992,1921
DPWY,0.0026765782,0.0,5,15992,1921
KADP,0.0025249487,0.00035664698,5,15992,1921
YDCY,0.0023988662,0.0009589121,5,15992,1921
NGEI,0.0017796895,0.00044237808,5,15992,1921
IYHP,0.0016824072,0.000115684634,5,15992,1921
RQDK,0.0015593795,0.0004981735,5,15992,1921
CYLK,0.0014711162,0.00126958,5,15992,1921
FAHT,0.0013695573,0.0006213176,5,15992,1921
NALS,0.0012405282,0.00045164675,5,15992,1921
MPKE,0.0011110483,0.0028602034,5,15992,1921
KIKW,0.0007420154,0.0,5,15992,1921
EYFS,0.0003284691,0.0024576562,5,15992,1921
SIQL,-0.00064352807,0.0002122736,5,15992,1921
DKSS,-0.0017294819,0.00018872786,5,15992,1921
SPTR,-0.001996723,0.00022501434,5,15992,1921
HRSF,-0.0022197785,0.00028587953,5,15992,1921
LHTM,-0.0023428062,0.00033717847,5,15992,1921
HWIQ,-0.0025974633,0.00027106507,5,15992,1921
KQPD,-0.003051023,0.0018939165,5,15992,1921
MAEW,-0.0032189423,0.0,5,15992,1921
EEHW,-0.0032892646,0.0011765376,5,15992,1921
NTRH,-0.0034689112,0.00038400877,5,15992,1921
HRFP,-0.0035334388,0.000985025,5,15992,1921
TCNE,-0.0035614641,0.0019749023,5,15992,1921
QFYL,-0.0039458675,7.472606e-05,5,15992,1921
DCAL,-0.0040448764,0.00091400434,5,15992,1921
HAME,-0.0043774107,0.0,5,15992,1921
RLSG,-0.004389412,0.00034420495,5,15992,1921
GEEK,-0.004884406,0.0,5,15992,1921
LIYH,-0.0049967235,0.00038759768,5,15992,1921
GLET,-0.005041321,0.00017837832,5,15992,1921
MIVV,-0.005057485,0.0028306933,5,15992,1921
EMNW,-0.005255849,0.00043200987,5,15992,1921
SMEW,-0.0055627925,0.000121800185,5,15992,1921
HHAR,-0.0056517394,0.0002828505,5,15992,1921
WQWP,-0.0058216015,0.00033827854,5,15992,1921
RPNV,-0.006624342,0.00011765375,5,15992,1921
NNDK,-0.0067477496,0.0006999654,5,15992,1921
RWHL,-0.006903344,6.678413e-05,5,15992,1921
NMNP,-0.0069578765,8.8902365e-05,5,15992,1921
GTMM,-0.007116881,0.0,5,15992,1921
DQFR,-0.007523886,0.0014811767,5,15992,1921
IDTD,-0.0076946774,0.0025108901,5,15992,1921
GLYE,-0.007764871,0.00016457515,5,15992,1921
AVDN,-0.007879392,0.0,5,15992,1921
EYKS,-0.007917025,0.00092162105,5,15992,1921
DSYK,-0.008082318,0.0013824316,5,15992,1921
VHQS,-0.008329854,0.0006743568,5,15992,1921
DKTS,-0.0083541395,0.00017837832,5,15992,1921
EHRY,-0.008575938,0.00048506376,5,15992,1921
CGHC,-0.008594462,0.0011239281,5,15992,1921
RLMW,-0.008678592,0.00039041718,5,15992,1921
DSRG,-0.008834106,0.0002583984,5,15992,1921
MCPW,-0.008853898,0.00091400434,5,15992,1921
MQNY,-0.009171375,0.0,5,15992,1921
WLTG,-0.009464552,0.00034148167,5,15992,1921
HRWY,-0.009567541,0.00040960938,5,15992,1921
VMYT,-0.009957944,0.0045970017,5,15992,1921
TLYP,-0.010543094,0.00045889846,5,15992,1921
GDMP,-0.010600197,9.0651265e-05,5,15992,1921
RRAH,-0.010658965,0.00022921141,5,15992,1921
AWHQ,-0.011014768,0.0029383143,5,15992,1921
LVVL,-0.011172661,0.0005113016,5,15992,1921
KNSM,-0.011488703,0.000117155214,5,15992,1921
QFAH,-0.01149913,0.0004036297,5,15992,1921
CIVY,-0.012164944,0.0012130262,5,15992,1921
DFVH,-0.0126510775,0.00017554691,5,15992,1921
SHTE,-0.013023528,0.00045826467,5,15992,1921
KYMA,-0.013524362,0.0016074787,5,15992,1921
HEFV,-0.013683398,0.004349223,5,15992,1921
WNAN,-0.0137070725,0.00035346262,5,15992,1921
CNDN,-0.014025227,0.0004065975,5,15992,1921
HHEN,-0.014163834,0.0,5,15992,1921
FKDY,-0.014894529,0.0004189187,5,15992,1921
RFTR,-0.015041913,0.00026751662,5,15992,1921
RDPQ,-0.015048214,0.0002229728,5,15992,1921
DHEN,-0.015354074,0.0,5,15992,1921
TKRS,-0.015463551,0.00021105824,5,15992,1921
HMVS,-0.015858836,0.00030198751,5,15992,1921
QFTY,-0.016662702,0.0,5,15992,1921
PKMQ,-0.016952831,0.0006855033,5,15992,1921
SLFQ,-0.017087124,0.0003758067,5,15992,1921
EEVV,-0.01798442,0.00023150767,5,15992,1921
ALEE,-0.018101078,0.0,5,15992,1921
RDTH,-0.01814501,0.00025072953,5,15992,1921
RKLI,-0.018485866,0.00045574666,5,15992,1921
RMYS,-0.018635545,0.0004451173,5,15992,1921
FSSD,-0.018744256,0.0056183245,5,15992,1921
WGWQ,-0.01994995,0.00028623967,5,15992,1921
YHTR,-0.02083002,0.00020945935,5,15992,1921
MMPS,-0.020952843,0.00060612516,5,15992,1921
GPLI,-0.021006133,0.00016457515,5,15992,1921
HNKI,-0.022372939,0.0,5,15992,1921
GCDA,-0.022749279,0.00029103828,5,15992,1921
WTQM,-0.022814855,0.0003089233,5,15992,1921
AMST,-0.023505125,0.00081319513,5,15992,1921
IMTD,-0.02358219,0.0022504644,5,15992,1921
TKAQ,-0.024196465,0.0011520264,5,15992,1921
AGSK,-0.025344506,0.0,5,15992,1921
FTYH,-0.025644623,0.0,5,15992,1921
DFCE,-0.026656687,0.0016927734,5,15992,1921
HFET,-0.026668862,0.0004145222,5,15992,1921
ARAS,-0.026842978,0.0020866892,5,15992,1921
RNWC,-0.029384747,0.0004367873,5,15992,1921
APYP,-0.029804714,0.0,5,15992,1921
SMEA,-0.030864943,0.00042999425,5,15992,1921
CNMK,-0.032340586,0.0008507271,5,15992,1921
DTCD,-0.032869883,0.00048466984,5,15992,1921
WIAI,-0.034256324,0.022625322,5,15992,1921
PPYA,-0.035703517,0.0004168136,5,15992,1921
MKTP,-0.03765999,0.00021749166,5,15992,1921
WMEG,-0.038500674,0.0005464157,5,15992,1921
HNTH,-0.04270588,9.124957e-05,5,15992,1921
YCIR,-0.044567347,0.0019495831,5,15992,1921
LTHD,-0.0446432,0.0033821585,5,15992,1921
IAIW,-0.04555301,0.000307207,5,15992,1921
YPEA,-0.049458317,0.00029296562,5,15992,1921
ICIF,-0.05228743,0.0019593518,5,15992,1921
AKYD,-0.053489685,0.0017885976,5,15992,1921
YPFL,-0.062080994,0.00023343119,5,15992,1921
APIA,-0.07628119,0.0,5,15992,1921
LHWQ,-0.07933881,0.00024686282,5,15992,1921
AHNQ,-0.08174177,0.0040243184,5,15992,1921
HKIV,-0.08249925,0.0,5,15992,1921
