{"run_id": "14:36:53-05/19/2022", "exp_name": "BO_EVO_proposal-function=UCB", "encoder_name": "ESM_esm-1v", "model_name": "GPyTorch", "landscape_name": "GB1_combo", "rounds": 5, "expmt_queries_per_round": 384, "model_queries_per_round": 3072}
sequence,model_score,true_score,round,model_cost,measurement_cost
HHCM,,0.015044109,0,0,1
QHCM,,0.00888706,1,0,76
MHCM,,0.041109152,1,0,76
KHCM,,0.0013292611,1,0,76
SHCM,,0.00350216,1,0,76
GHCM,,0.0,1,0,76
AHCM,,0.0309153,1,0,76
FHCM,,0.05068916,1,0,76
RHCM,,0.0041846577,1,0,76
PHCM,,0.0006743568,1,0,76
YHCM,,0.06485995,1,0,76
LHCM,,0.049636915,1,0,76
NHCM,,0.0023698828,1,0,76
VHCM,,0.03271106,1,0,76
WHCM,,0.10871207,1,0,76
IHCM,,0.018267846,1,0,76
CHCM,,0.0031598436,1,0,76
DHCM,,0.0,1,0,76
EHCM,,0.037888866,1,0,76
THCM,,0.0,1,0,76
HQCM,,0.0055297264,1,0,76
HMCM,,0.0029527666,1,0,76
HKCM,,0.009810805,1,0,76
HSCM,,0.0058856,1,0,76
HGCM,,0.00045325622,1,0,76
HACM,,0.003536453,1,0,76
HFCM,,0.023217762,1,0,76
HRCM,,0.0122420145,1,0,76
HPCM,,0.0007340345,1,0,76
HYCM,,0.03504756,1,0,76
HLCM,,0.003187869,1,0,76
HNCM,,0.0069702435,1,0,76
HVCM,,0.038941737,1,0,76
HWCM,,0.044317186,1,0,76
HICM,,0.06082699,1,0,76
HCCM,,0.0049681137,1,0,76
HDCM,,0.0028117255,1,0,76
HECM,,0.0011208905,1,0,76
HTCM,,0.0033311606,1,0,76
HHQM,,0.0008378374,1,0,76
HHMM,,0.0,1,0,76
HHKM,,0.0,1,0,76
HHSM,,0.0002003524,1,0,76
HHGM,,0.18015732,1,0,76
HHAM,,0.0057125273,1,0,76
HHFM,,0.0022118906,1,0,76
HHRM,,0.0,1,0,76
HHPM,,0.00043200987,1,0,76
HHYM,,0.0,1,0,76
HHLM,,0.0010017621,1,0,76
HHNM,,0.0,1,0,76
HHVM,,0.0004739765,1,0,76
HHHM,,0.0,1,0,76
HHWM,,0.0,1,0,76
HHIM,,0.0,1,0,76
HHDM,,0.0,1,0,76
HHEM,,0.0,1,0,76
HHTM,,0.0,1,0,76
HHCQ,,0.0005945942,1,0,76
HHCK,,0.0004937255,1,0,76
HHCS,,0.008243071,1,0,76
HHCG,,0.1831722,1,0,76
HHCA,,0.43883774,1,0,76
HHCF,,0.0,1,0,76
HHCR,,0.0004739765,1,0,76
HHCP,,0.0009628877,1,0,76
HHCY,,0.0003894174,1,0,76
HHCL,,0.0024192554,1,0,76
HHCN,,0.0018432421,1,0,76
HHCV,,0.008262809,1,0,76
HHCH,,0.0,1,0,76
HHCW,,0.0006010572,1,0,76
HHCI,,0.012760907,1,0,76
HHCC,,0.11644328,1,0,76
HHCD,,0.006722265,1,0,76
HHCE,,0.0014551912,1,0,76
HHCT,,0.01569636,1,0,76
WHGA,0.54627454,0.20248558,2,3216,461
YHGA,0.533005,0.3914665,2,3216,461
WIGA,0.5246857,0.12373143,2,3216,461
FHGA,0.5232579,0.41840854,2,3216,461
HHGA,0.52285105,0.09663288,2,3216,461
WYGA,0.51758224,0.23046272,2,3216,461
WVGA,0.5149235,0.14202873,2,3216,461
LHGA,0.5147332,0.3339849,2,3216,461
MHGA,0.5111299,0.1770689,2,3216,461
WRGA,0.51101154,0.16542454,2,3216,461
YIGA,0.50797606,0.33922967,2,3216,461
VHGA,0.50454825,0.2813326,2,3216,461
YYGA,0.50365126,0.32055324,2,3216,461
YVGA,0.50278556,0.3115615,2,3216,461
FIGA,0.5016993,0.32057732,2,3216,461
WCGA,0.5016604,0.13183162,2,3216,461
WQGA,0.4999708,0.089851595,2,3216,461
WWGA,0.49969783,0.26311043,2,3216,461
IHGA,0.49809304,0.24506576,2,3216,461
WKGA,0.4977119,0.11656277,2,3216,461
FVGA,0.4953013,0.2972862,2,3216,461
WNGA,0.49482298,0.09855191,2,3216,461
WFGA,0.49460173,0.14990228,2,3216,461
FYGA,0.49416918,0.54883146,2,3216,461
WSGA,0.49233055,0.16023555,2,3216,461
WAGA,0.49116927,0.18398918,2,3216,461
FRGA,0.49083632,0.36608645,2,3216,461
AHGA,0.48784024,0.12441885,2,3216,461
HRGA,0.48647195,0.0495679,2,3216,461
HVGA,0.48631352,0.059317183,2,3216,461
YQGA,0.4862926,0.19497994,2,3216,461
WDGA,0.48627037,0.032344107,2,3216,461
YWGA,0.48620868,0.19758,2,3216,461
YCGA,0.48614502,0.25844443,2,3216,461
LYGA,0.4858806,0.35147816,2,3216,461
HYGA,0.4856384,0.07981786,2,3216,461
YKGA,0.48509783,0.25406408,2,3216,461
LIGA,0.4846911,0.1903112,2,3216,461
YSGA,0.48383194,0.30956858,2,3216,461
WEGA,0.48359346,0.04229798,2,3216,461
HSGA,0.48321557,0.03204123,2,3216,461
LVGA,0.48237556,0.18413797,2,3216,461
WGGA,0.4823168,0.01788666,2,3216,461
YNGA,0.48184413,0.26745778,2,3216,461
HKGA,0.48115742,0.033316217,2,3216,461
FWGA,0.48048568,0.49956912,2,3216,461
HNGA,0.48017013,0.03380012,2,3216,461
YAGA,0.47971988,0.35103017,2,3216,461
MYGA,0.47936767,0.13940352,2,3216,461
FQGA,0.479159,0.17800748,2,3216,461
WTGA,0.47908986,0.060719796,2,3216,461
YMGA,0.47875696,0.1512054,2,3216,461
FCGA,0.4785008,0.26031095,2,3216,461
FKGA,0.478326,0.2838864,2,3216,461
YFGA,0.4782756,0.24566941,2,3216,461
MIGA,0.47703758,0.122914396,2,3216,461
FSGA,0.47636485,0.3547478,2,3216,461
FNGA,0.47631145,0.3290134,2,3216,461
VYGA,0.47423637,0.24270917,2,3216,461
WHCA,0.47408232,0.46946943,2,3216,461
IIGA,0.47271806,0.21085355,2,3216,461
YEGA,0.472686,0.11002361,2,3216,461
FAGA,0.4725513,0.45811656,2,3216,461
HWGA,0.4721502,0.025709637,2,3216,461
LCGA,0.47196263,0.15411678,2,3216,461
QHGA,0.47187176,0.059544735,2,3216,461
YTGA,0.47178656,0.16081937,2,3216,461
MKGA,0.47149292,0.111079596,2,3216,461
YGGA,0.47087136,0.0336221,2,3216,461
RHGA,0.47018087,0.026427325,2,3216,461
LKGA,0.47016484,0.18227161,2,3216,461
HAGA,0.4700624,0.034668792,2,3216,461
IVGA,0.47000527,0.19297394,2,3216,461
FMGA,0.4697204,0.19973302,2,3216,461
LSGA,0.4694919,0.21443644,2,3216,461
MSGA,0.46939683,0.12722115,2,3216,461
HEGA,0.46886778,0.008197845,2,3216,461
MWGA,0.46813107,0.10714094,2,3216,461
LNGA,0.46717227,0.25756085,2,3216,461
HDGA,0.46710086,0.009930759,2,3216,461
MNGA,0.46649307,0.15703689,2,3216,461
IWGA,0.4661006,0.23664995,2,3216,461
WPGA,0.46588963,0.00070464984,2,3216,461
VIGA,0.4658735,0.19467252,2,3216,461
VVGA,0.46560687,0.17768784,2,3216,461
VWGA,0.4650264,0.20311752,2,3216,461
FEGA,0.4647393,0.10131105,2,3216,461
CYGA,0.46402153,0.06962581,2,3216,461
FGGA,0.46385744,0.09537583,2,3216,461
HGGA,0.4617824,0.0024715378,2,3216,461
YLGA,0.46082568,0.15023611,2,3216,461
MTGA,0.4602479,0.03728218,2,3216,461
VKGA,0.4602158,0.17022046,2,3216,461
MAGA,0.45887756,0.09763681,2,3216,461
LEGA,0.4568306,0.05085597,2,3216,461
HFGA,0.45640585,0.03154743,2,3216,461
VNGA,0.4556034,0.27217352,2,3216,461
VCGA,0.45510805,0.14652069,2,3216,461
FLGA,0.4541828,0.15609229,2,3216,461
AYGA,0.45391935,0.026299918,2,3216,461
WVCA,0.45338464,0.4065967,2,3216,461
IKGA,0.45305422,0.2031403,2,3216,461
AKGA,0.4525911,0.036063433,2,3216,461
INGA,0.45219728,0.28562966,2,3216,461
CSGA,0.4509239,0.054188877,2,3216,461
VAGA,0.449373,0.1766889,2,3216,461
YHCA,0.4486716,0.46900564,2,3216,461
VTGA,0.44827148,0.064219624,2,3216,461
VDGA,0.44706863,0.13849865,2,3216,461
VFGA,0.4465548,0.172305,2,3216,461
WRCA,0.44459814,0.5367764,2,3216,461
QRGA,0.44455725,0.04694785,2,3216,461
ESGA,0.4434684,0.03639517,2,3216,461
CAGA,0.4433721,0.057168223,2,3216,461
IGGA,0.44297725,0.016938886,2,3216,461
RSGA,0.44242948,0.011332576,2,3216,461
EKGA,0.44223845,0.028365087,2,3216,461
EYGA,0.44190627,0.006988116,2,3216,461
RQGA,0.43967062,0.007205876,2,3216,461
RRGA,0.43956196,0.01957656,2,3216,461
ATGA,0.43845886,0.010978133,2,3216,461
IEGA,0.43769556,0.06183376,2,3216,461
LLGA,0.43716472,0.08403276,2,3216,461
PHGA,0.43715134,0.0012233908,2,3216,461
WFCA,0.4370306,0.49450403,2,3216,461
WQCA,0.43700874,0.3425615,2,3216,461
WKCA,0.43581796,0.42201206,2,3216,461
FICA,0.434999,0.39106625,2,3216,461
YYCA,0.4340454,0.46443248,2,3216,461
YVCA,0.4331779,0.41432545,2,3216,461
ADGA,0.4326756,0.012165398,2,3216,461
AAGA,0.4320141,0.0212302,2,3216,461
NKGA,0.4315072,0.0023687733,2,3216,461
QEGA,0.4306227,0.011166307,2,3216,461
KKGA,0.4297189,0.016161283,2,3216,461
KSGA,0.42922467,0.011707497,2,3216,461
QDGA,0.42654467,0.008979448,2,3216,461
SKGA,0.4264574,0.01127988,2,3216,461
LHCA,0.42625612,0.48656934,2,3216,461
WHFA,0.42554414,0.40625268,2,3216,461
YWCA,0.42518982,0.6027101,2,3216,461
EGGA,0.4237335,0.002958988,2,3216,461
YRCA,0.4225691,0.48062128,2,3216,461
WIAA,0.42208245,0.31033412,2,3216,461
RAGA,0.421727,0.0072166654,2,3216,461
CPGA,0.42136666,0.004452705,2,3216,461
PVGA,0.42123598,0.00056275976,2,3216,461
WECA,0.42093962,0.21553825,2,3216,461
WIHA,0.42053062,0.012842432,2,3216,461
QAGA,0.41987872,0.029153408,2,3216,461
WIVA,0.4189024,0.001987122,2,3216,461
WILA,0.4186014,0.40551814,2,3216,461
TYGA,0.4136343,0.030946176,2,3216,461
QMGA,0.41345844,0.0069048125,2,3216,461
YSCA,0.41280043,0.43158638,2,3216,461
YQCA,0.4125233,0.29670137,2,3216,461
WYIA,0.4113893,0.0006705825,2,3216,461
WYVA,0.41086963,0.0058171437,2,3216,461
GWGA,0.41030854,0.0021783772,2,3216,461
WYYA,0.40989888,0.077380836,2,3216,461
WVAA,0.4094907,0.2713078,2,3216,461
WVHA,0.4090011,0.012171268,2,3216,461
WVMA,0.40857306,0.33490473,2,3216,461
WVYA,0.4070142,0.062836275,2,3216,461
DSGA,0.40675735,0.0020095496,2,3216,461
YIWA,0.4058783,0.0027203483,2,3216,461
KAGA,0.40558627,0.007466892,2,3216,461
WVIA,0.40552288,0.001313361,2,3216,461
WVLA,0.40466216,0.36942795,2,3216,461
WYWA,0.40259895,0.010700062,2,3216,461
YILA,0.4006716,0.3476099,2,3216,461
TAGA,0.40008032,0.03613725,2,3216,461
FIYA,0.4000634,0.01150924,2,3216,461
WVSA,0.39914232,0.051997717,2,3216,461
AYCA,0.39893907,0.6552726,2,3216,461
YIAA,0.3986548,0.4476192,2,3216,461
PGGA,0.39795524,0.0008417617,2,3216,461
YLCA,0.39735186,0.26523176,2,3216,461
WFAA,0.39715415,0.2207073,2,3216,461
FHAA,0.39429346,0.57152176,2,3216,461
GGGA,0.39385346,0.0007740649,2,3216,461
WCLA,0.3935486,0.34581652,2,3216,461
NPGA,0.39332938,0.00031688975,2,3216,461
GAGA,0.39275557,0.00032352138,2,3216,461
LSCA,0.39269257,0.53052664,2,3216,461
LIFA,0.39139402,0.22240064,2,3216,461
FILA,0.39107555,0.33646098,2,3216,461
LNCA,0.3910615,0.57884896,2,3216,461
FHWA,0.39103064,0.0018790333,2,3216,461
FIAA,0.3902833,0.4641554,2,3216,461
RHCA,0.38928238,0.24932966,2,3216,461
FHMA,0.3889865,0.29234362,2,3216,461
FYYA,0.38543314,0.007432428,2,3216,461
HHAA,0.38316062,0.33523968,2,3216,461
FVYA,0.3819381,0.01332091,2,3216,461
MACA,0.3803734,0.47140917,2,3216,461
HHMA,0.3784163,0.07389426,2,3216,461
DAGA,0.3777483,0.0030413496,2,3216,461
FYLA,0.3764216,0.15800682,2,3216,461
WWNA,0.37639916,0.002843395,2,3216,461
FRWA,0.37549478,0.003058477,2,3216,461
WCNA,0.37465596,0.012522982,2,3216,461
FIRA,0.3737889,0.02103271,2,3216,461
HHTA,0.37328735,0.0002071059,2,3216,461
FISA,0.3703796,0.11717754,2,3216,461
CIFA,0.36759347,0.15972963,2,3216,461
FKWA,0.36340863,0.0027998614,2,3216,461
FMWA,0.36279476,0.0022478562,2,3216,461
FKMA,0.36128455,0.21038881,2,3216,461
FKSA,0.3603109,0.0513981,2,3216,461
MIPA,0.3588048,0.0002071059,2,3216,461
WHGG,0.35697836,0.08647138,2,3216,461
HHKA,0.3549832,0.0,2,3216,461
LSFA,0.35492805,0.24037053,2,3216,461
RACA,0.35268965,0.20421505,2,3216,461
WIGG,0.35170245,0.054970793,2,3216,461
SIWA,0.35073316,0.00052697526,2,3216,461
HKMA,0.34964836,0.026687583,2,3216,461
HRRA,0.34727174,0.00069702434,2,3216,461
FCSA,0.34688932,0.049298033,2,3216,461
WVGG,0.3438228,0.06344527,2,3216,461
TACA,0.3415978,0.2805523,2,3216,461
EMFA,0.3347722,0.0022080506,2,3216,461
GHWA,0.33399868,0.00065311725,2,3216,461
YIGG,0.3329424,0.055470612,2,3216,461
YVGG,0.32863873,0.05461915,2,3216,461
YYGG,0.32483208,0.03163774,2,3216,461
HANA,0.32442683,0.00018618608,2,3216,461
FVGG,0.3202232,0.14298293,2,3216,461
NVAA,0.31416395,0.026415419,2,3216,461
NEYA,0.31335357,0.00030550975,2,3216,461
LIGG,0.3114677,0.039722186,2,3216,461
YSGG,0.3092461,0.021223363,2,3216,461
AFKA,0.30770314,0.0008378374,2,3216,461
YFGG,0.30171576,0.016919313,2,3216,461
GKRA,0.29664692,0.00013755541,2,3216,461
MKGG,0.28627175,0.016083926,2,3216,461
MNGG,0.28615743,0.022484561,2,3216,461
QVGG,0.27409095,0.003879974,2,3216,461
VAGG,0.27375984,0.057040874,2,3216,461
VCGG,0.27306077,0.04392697,2,3216,461
THGG,0.2716983,0.025056573,2,3216,461
NSGG,0.26441425,0.0011682521,2,3216,461
QNGG,0.26359394,0.0030547532,2,3216,461
QCGG,0.24997208,0.0031027142,2,3216,461
TAGG,0.24162221,0.0057383953,2,3216,461
VTGC,0.21599191,0.12883292,2,3216,461
YVYG,0.20655042,0.11227562,2,3216,461
FVYG,0.19878799,0.09440647,2,3216,461
FESG,0.1609469,0.00056425773,2,3216,461
NFCG,0.15857828,0.004349223,2,3216,461
LNSG,0.15775901,0.0051531503,2,3216,461
ICCG,0.15342739,0.14230914,2,3216,461
GWGW,0.14356226,0.008192187,2,3216,461
TVPG,0.14245498,0.0,2,3216,461
MPQG,0.1336731,0.0,2,3216,461
GYGL,0.1331464,0.030949961,2,3216,461
AIYC,0.13202354,0.0,2,3216,461
RKGK,0.12855116,0.0003857949,2,3216,461
SMNG,0.12287364,0.00083190575,2,3216,461
GRGQ,0.1174,0.00014654757,2,3216,461
FQFC,0.106564425,0.02020477,2,3216,461
LLAC,0.09049729,0.08785818,2,3216,461
WYEP,0.08119596,0.00027787566,2,3216,461
ISRC,0.07214052,0.0011331408,2,3216,461
WFYP,0.07088343,0.000740162,2,3216,461
WTWP,0.06983561,0.00029926366,2,3216,461
NWKT,0.06816947,0.0,2,3216,461
YINQ,0.06678476,0.0,2,3216,461
LWYT,0.06286172,0.031989507,2,3216,461
EWQV,0.061167605,0.0,2,3216,461
WCHV,0.05962845,0.0021551214,2,3216,461
PITS,0.0586328,0.00021295482,2,3216,461
WPLP,0.057194687,0.00038714535,2,3216,461
TIWT,0.05288198,0.00034134116,2,3216,461
YQCI,0.05183617,0.023951432,2,3216,461
WGNR,0.050130375,0.00026211247,2,3216,461
GWRP,0.045435987,0.0002583984,2,3216,461
YHTD,0.044422902,0.004326301,2,3216,461
YNYD,0.04365746,0.0023672755,2,3216,461
AVAL,0.043359675,0.04090869,2,3216,461
SWPS,0.03869041,0.0004827539,2,3216,461
IIYL,0.037372597,0.0003171376,2,3216,461
DWMS,0.03674022,0.0005027024,2,3216,461
TYAP,0.036721103,0.00043541152,2,3216,461
PVQP,0.033761777,0.00013963952,2,3216,461
MFRE,0.032663204,5.296674e-05,2,3216,461
IIVF,0.032109566,0.00041143797,2,3216,461
LHTD,0.031386353,0.0049007875,2,3216,461
ECPN,0.029382296,0.0011059452,2,3216,461
HVEY,0.028696962,7.76647e-05,2,3216,461
LKMW,0.028267704,0.0006166981,2,3216,461
PFKD,0.02757936,0.121926054,2,3216,461
EMIP,0.027483083,0.0,2,3216,461
MFRF,0.02675534,0.00015890023,2,3216,461
HVRY,0.025884561,0.00020991369,2,3216,461
LCMV,0.025826804,0.014826078,2,3216,461
DYEM,0.025388546,0.0,2,3216,461
KYLK,0.024600528,0.00037874837,2,3216,461
LSYQ,0.024510227,0.00016893262,2,3216,461
ACCE,0.024063848,0.0019488643,2,3216,461
MAIT,0.024054043,0.0004136953,2,3216,461
FFLW,0.023434766,0.0008180068,2,3216,461
VYHH,0.022920705,0.00081319513,2,3216,461
LTKI,0.022297658,0.00014034839,2,3216,461
GIMH,0.021251298,0.0001280029,2,3216,461
QKWT,0.021156438,0.0043638204,2,3216,461
FDLR,0.02107247,0.0005585582,2,3216,461
YPEE,0.020391338,0.0,2,3216,461
MAYD,0.020155318,0.0023328469,2,3216,461
ARTI,0.019915588,0.0,2,3216,461
NYVR,0.019817777,0.00015754202,2,3216,461
LCFK,0.019813068,0.0027169175,2,3216,461
ADWS,0.019069903,0.0,2,3216,461
MKAR,0.018444173,0.0003746427,2,3216,461
EEPP,0.017530851,0.00039162367,2,3216,461
MTQD,0.016841732,0.0021853747,2,3216,461
KFVE,0.01662182,0.000100540514,2,3216,461
RYWI,0.015853785,0.0,2,3216,461
VEYS,0.0150237605,0.00080725935,2,3216,461
NAQW,0.014795266,0.00046862086,2,3216,461
GCND,0.014522083,0.030613864,2,3216,461
AHPQ,0.013948627,0.004248756,2,3216,461
ASFN,0.013614498,0.0,2,3216,461
QFYY,0.012224741,0.00042866098,2,3216,461
MSFR,0.011764474,0.00026616247,2,3216,461
TKQT,0.011578925,0.0,2,3216,461
IATI,0.010396741,0.00015981871,2,3216,461
TRDP,0.009491853,0.00062837807,2,3216,461
QLCE,0.0093258545,0.00092000706,2,3216,461
IKLK,0.008605368,0.00023431043,2,3216,461
NDKN,0.008590467,0.0,2,3216,461
TFYY,0.0073234215,0.0011765376,2,3216,461
TMSY,0.0060300156,0.0,2,3216,461
QCHK,0.0057870075,0.00064299145,2,3216,461
NMAN,0.005735643,0.00053948554,2,3216,461
IMWS,0.005464725,0.00018104812,2,3216,461
DCFT,0.005263485,0.0039168894,2,3216,461
RKCT,0.005193673,0.003023827,2,3216,461
NCWK,0.0050653145,0.0013166015,2,3216,461
QRCW,0.0035186037,0.00090465875,2,3216,461
SRNQ,0.0030194893,0.0002053116,2,3216,461
GTQP,0.0025989488,0.00010316654,2,3216,461
GMVT,0.0023879483,0.00023668093,2,3216,461
INYQ,0.0020054057,0.00017280396,2,3216,461
SRRN,0.0009937957,0.00026124695,2,3216,461
KEPT,0.00029624254,0.00020808006,2,3216,461
QPSV,0.0002431944,0.00017970323,2,3216,461
TRCK,7.516891e-05,0.0,2,3216,461
VPHI,-0.00015931576,0.0,2,3216,461
TGPH,-0.00052254647,0.0,2,3216,461
SQCS,-0.0012101904,0.0013137578,2,3216,461
QHRV,-0.0028171763,6.760053e-05,2,3216,461
RHAK,-0.0033244714,0.0005084806,2,3216,461
RHKI,-0.0033259764,0.0013256194,2,3216,461
CCCH,-0.0034688488,0.002817695,2,3216,461
SQKE,-0.003584899,0.0,2,3216,461
TLPI,-0.003650628,0.0,2,3216,461
RNTV,-0.0042501315,0.00021195716,2,3216,461
CHID,-0.005911611,0.005385366,2,3216,461
GKCQ,-0.006736256,0.0005057677,2,3216,461
CKSN,-0.006818749,0.00076801755,2,3216,461
RQAS,-0.0069628432,0.00032061854,2,3216,461
DQPQ,-0.007520862,0.0019664979,2,3216,461
KSWQ,-0.008194558,0.0001253906,2,3216,461
DNLY,-0.009078763,0.0,2,3216,461
SGFV,-0.009622745,0.00012324797,2,3216,461
PCMY,-0.010553457,0.0011765376,2,3216,461
PDMP,-0.010678686,0.00089914247,2,3216,461
PKRH,-0.010848023,0.0001731647,2,3216,461
PKYQ,-0.010868318,0.00035907316,2,3216,461
DEAS,-0.012134485,0.00087773433,2,3216,461
GGVR,-0.012299679,9.879555e-05,2,3216,461
THPY,-0.013213731,0.0,2,3216,461
GGFV,-0.014400847,0.00026713652,2,3216,461
RAMQ,-0.015270494,0.00027449004,2,3216,461
DDIL,-0.01635585,0.0,2,3216,461
PPWF,-0.016690709,0.0,2,3216,461
RDIN,-0.016872488,0.00023195164,2,3216,461
IEQY,-0.017392255,0.0,2,3216,461
GKHE,-0.020094626,0.0005474977,2,3216,461
CSHY,-0.023542218,0.0017436075,2,3216,461
DEWF,-0.024286471,0.0,2,3216,461
HEHL,-0.026141755,0.00017610597,2,3216,461
FWCA,0.6229402,0.7620898,3,6470,845
WWCA,0.5612159,0.73461795,3,6470,845
LWCA,0.5521245,0.72920364,3,6470,845
LYCA,0.5456361,0.5306798,3,6470,845
IWCA,0.50995964,0.6060298,3,6470,845
VYCA,0.5002218,0.5407047,3,6470,845
VWCA,0.49355265,0.5406935,3,6470,845
MWCA,0.4932896,0.58575636,3,6470,845
LRCA,0.49270317,0.5942575,3,6470,845
FYCA,0.48898897,0.56679696,3,6470,845
MYCA,0.4831349,0.45494568,3,6470,845
AWCA,0.48174188,0.642299,3,6470,845
FFCA,0.47970203,0.43930605,3,6470,845
LACA,0.47816902,0.54882914,3,6470,845
FACA,0.47787303,0.40715694,3,6470,845
MNCA,0.47654086,0.5531759,3,6470,845
FRCA,0.47523314,0.38946012,3,6470,845
VNCA,0.47293615,0.54779893,3,6470,845
FWAA,0.46882814,0.8838785,3,6470,845
INCA,0.46706155,0.54149586,3,6470,845
YFCA,0.46533498,0.39227122,3,6470,845
MSCA,0.4558494,0.46844998,3,6470,845
FNCA,0.4556829,0.378065,3,6470,845
IYCA,0.45464596,0.51177466,3,6470,845
LFCA,0.4533253,0.44891864,3,6470,845
WYCA,0.45032817,0.6097229,3,6470,845
MRCA,0.44933695,0.46905893,3,6470,845
FRAA,0.4461608,0.42857906,3,6470,845
MHCA,0.44423616,0.37637815,3,6470,845
AHCA,0.44360793,1.0,3,6470,845
WACA,0.4426064,0.46219492,3,6470,845
YACA,0.44243374,0.44731057,3,6470,845
VHCA,0.4355042,0.5107968,3,6470,845
ARCA,0.43433434,0.44495007,3,6470,845
YNCA,0.428202,0.4419662,3,6470,845
WSCA,0.42820156,0.4865565,3,6470,845
VSCA,0.4250391,0.5445462,3,6470,845
LKCA,0.42429486,0.478155,3,6470,845
WCCA,0.42128387,0.29627952,3,6470,845
WNCA,0.4185691,0.46698457,3,6470,845
ISCA,0.4163878,0.49896404,3,6470,845
IRCA,0.41521883,0.44589147,3,6470,845
FSAA,0.41384092,0.4315467,3,6470,845
LVCA,0.41372353,0.4520526,3,6470,845
IFCA,0.4136179,0.36282918,3,6470,845
LMCA,0.41185534,0.32558882,3,6470,845
YCCA,0.41107833,0.25935325,3,6470,845
HYCA,0.40627903,0.25001422,3,6470,845
WHAA,0.40353772,0.26855397,3,6470,845
MFCA,0.40194792,0.2852997,3,6470,845
LCCA,0.40089402,0.28679046,3,6470,845
VHAA,0.39981624,0.51554304,3,6470,845
VACA,0.39783612,0.5776955,3,6470,845
IACA,0.39709583,0.5219607,3,6470,845
YMCA,0.39432928,0.24446535,3,6470,845
MKCA,0.39137903,0.39733562,3,6470,845
LTCA,0.39104658,0.27447864,3,6470,845
FMCA,0.38784277,0.17610191,3,6470,845
LDCA,0.3852647,0.42000845,3,6470,845
FCAA,0.3844952,0.28021422,3,6470,845
LQCA,0.38265395,0.4366505,3,6470,845
FCCA,0.37718025,0.17754759,3,6470,845
LICA,0.37278977,0.5028127,3,6470,845
MVCA,0.37006935,0.3305343,3,6470,845
MVCA,0.3700693,0.3305343,3,6470,845
AKCA,0.3688415,0.33652335,3,6470,845
YKCA,0.36704084,0.37918124,3,6470,845
FKCA,0.36413983,0.3253723,3,6470,845
FMAA,0.36378354,0.24861167,3,6470,845
VMCA,0.3599643,0.21529546,3,6470,845
VVCA,0.3594228,0.336625,3,6470,845
HWCA,0.35822457,0.27983946,3,6470,845
IMCA,0.3574203,0.1834235,3,6470,845
VKCA,0.3570135,0.40321496,3,6470,845
HRCA,0.3567855,0.42247644,3,6470,845
FFGA,0.35571784,0.44614506,3,6470,845
ICCA,0.35517687,0.2891831,3,6470,845
MMCA,0.35418758,0.20506835,3,6470,845
HSCA,0.353795,0.36938995,3,6470,845
MTCA,0.35274056,0.25264946,3,6470,845
VCCA,0.34723848,0.2437723,3,6470,845
MQCA,0.34663445,0.3252702,3,6470,845
IKCA,0.345788,0.35345688,3,6470,845
LGCA,0.34361714,0.4184761,3,6470,845
MCCA,0.3434539,0.1783944,3,6470,845
WRAA,0.3418927,0.3093595,3,6470,845
SYCA,0.3417254,0.2006788,3,6470,845
WRFA,0.34169775,0.5088827,3,6470,845
CSCA,0.34142447,0.03225315,3,6470,845
FKAA,0.34138718,0.36509183,3,6470,845
TYCA,0.34078354,0.23872234,3,6470,845
MDCA,0.33893052,0.3323028,3,6470,845
WWLA,0.33616596,0.6346239,3,6470,845
KYCA,0.3290052,0.12580128,3,6470,845
VDCA,0.32443583,0.37194687,3,6470,845
MICA,0.3240514,0.36518094,3,6470,845
WMLA,0.3225263,0.21581814,3,6470,845
FTCA,0.3223948,0.16315848,3,6470,845
CKCA,0.31920797,0.07307481,3,6470,845
FALA,0.31679842,0.21905285,3,6470,845
GYCA,0.3136518,0.005335701,3,6470,845
WWFA,0.3136393,0.5892799,3,6470,845
HKCA,0.31200612,0.3565644,3,6470,845
ITCA,0.31123132,0.2337591,3,6470,845
FTAA,0.3103726,0.2516812,3,6470,845
WWMA,0.30990887,0.62011933,3,6470,845
YTCA,0.30974245,0.24620871,3,6470,845
FDCA,0.30750176,0.22877014,3,6470,845
MRAA,0.30662447,0.40293735,3,6470,845
FGCA,0.30606136,0.13789319,3,6470,845
FGCA,0.3060613,0.13789319,3,6470,845
WDCA,0.30586207,0.33768412,3,6470,845
LECA,0.30584154,0.25490868,3,6470,845
LNLA,0.30489504,0.3568892,3,6470,845
VYAA,0.3028259,0.5202131,3,6470,845
IQCA,0.30212817,0.28573135,3,6470,845
YDCA,0.3010073,0.3312591,3,6470,845
FQCA,0.2989216,0.22885403,3,6470,845
FWFA,0.29794896,0.24732038,3,6470,845
HFCA,0.2936432,0.10985648,3,6470,845
HQCA,0.29182938,0.27784166,3,6470,845
FDAA,0.29051465,0.24970852,3,6470,845
LPCA,0.28646123,0.35674572,3,6470,845
FLCA,0.28636637,0.20146519,3,6470,845
HTCA,0.28412893,0.21622095,3,6470,845
YQAA,0.28336218,0.24502935,3,6470,845
SWCA,0.2824915,0.15964505,3,6470,845
ICAA,0.28237304,0.38316688,3,6470,845
LLCA,0.2821166,0.3198636,3,6470,845
FYGV,0.28188032,0.41488224,3,6470,845
HDCA,0.28101882,0.22832419,3,6470,845
HMCA,0.27880844,0.21311682,3,6470,845
LSLA,0.27787971,0.3991555,3,6470,845
YCLA,0.27729884,0.20307979,3,6470,845
FRLA,0.27649432,0.30669045,3,6470,845
EHCA,0.27006033,0.33422318,3,6470,845
WKAA,0.26989388,0.24896057,3,6470,845
SSCA,0.26750118,0.29446977,3,6470,845
HCCA,0.2661881,0.15353037,3,6470,845
MYAA,0.26244062,0.34062153,3,6470,845
SRCA,0.26143473,0.22097403,3,6470,845
WVFA,0.26008907,0.5294897,3,6470,845
KKCA,0.25808486,0.28863558,3,6470,845
FGAA,0.25775546,0.21715276,3,6470,845
CSAA,0.2576623,0.34735954,3,6470,845
EWCA,0.25728396,0.39234725,3,6470,845
GNCA,0.25513864,0.033153336,3,6470,845
YMLA,0.2537881,0.122898035,3,6470,845
LFAA,0.2512994,0.39387694,3,6470,845
VKAA,0.25063473,0.46569434,3,6470,845
WMFA,0.25047973,0.24447003,3,6470,845
SKCA,0.2494775,0.19181238,3,6470,845
WMAA,0.24603567,0.12981698,3,6470,845
FWVA,0.2432636,0.006175329,3,6470,845
VQAA,0.24227867,0.35871273,3,6470,845
IWMA,0.2414917,0.09873111,3,6470,845
GWCA,0.24083969,0.009943807,3,6470,845
GHCA,0.2395297,0.11173078,3,6470,845
EKCA,0.23588377,0.3812376,3,6470,845
WTMA,0.23510972,0.18093556,3,6470,845
KQCA,0.23458472,0.22946051,3,6470,845
MQAA,0.23447469,0.23831156,3,6470,845
FYGG,0.23381785,0.1972708,3,6470,845
KTCA,0.23304245,0.17770867,3,6470,845
KDCA,0.23011696,0.2404317,3,6470,845
NKCA,0.22881812,0.09955783,3,6470,845
FRFA,0.22844064,0.12796018,3,6470,845
CECA,0.22836292,0.01836994,3,6470,845
YCFA,0.22257778,0.18514867,3,6470,845
FYGN,0.22246036,0.55430514,3,6470,845
FYGE,0.21276578,0.001920044,3,6470,845
PHCA,0.21258444,0.07161449,3,6470,845
THAA,0.20951664,0.219141,3,6470,845
FYGW,0.20757312,0.23365805,3,6470,845
HAAA,0.20343867,0.11210492,3,6470,845
YTLA,0.20034188,0.09265502,3,6470,845
EECA,0.1941506,0.17048289,3,6470,845
DKCA,0.19362265,0.0106151,3,6470,845
IRMA,0.19074243,0.11345967,3,6470,845
KMCA,0.18819132,0.12100289,3,6470,845
LNRA,0.18713504,0.019474074,3,6470,845
DTCA,0.18313718,0.004861298,3,6470,845
FFGI,0.17262262,0.0655375,3,6470,845
MFAA,0.1725381,0.26132417,3,6470,845
FIGV,0.17011532,0.14592825,3,6470,845
SICA,0.1697798,0.28645393,3,6470,845
FWAD,0.16226396,0.007127988,3,6470,845
FIAD,0.15956536,0.008954868,3,6470,845
IMMA,0.15349483,0.02534458,3,6470,845
LSCT,0.15317804,0.04370983,3,6470,845
WILK,0.15316355,0.00071451516,3,6470,845
FYCV,0.15235195,0.051659286,3,6470,845
FRAL,0.14821643,0.0046239956,3,6470,845
MTMA,0.14641333,0.096849814,3,6470,845
YIGI,0.14601359,0.022333173,3,6470,845
YCIA,0.14480579,0.0027977782,3,6470,845
YIGL,0.14406121,0.071242586,3,6470,845
WRLK,0.1370897,0.0007543518,3,6470,845
ASIA,0.13651672,0.0,3,6470,845
LACS,0.13554767,0.10121959,3,6470,845
FIGQ,0.13254434,0.007131095,3,6470,845
PKAA,0.1325312,0.0015157094,3,6470,845
FFGW,0.12893975,0.15115522,3,6470,845
FNCT,0.12812287,0.025229378,3,6470,845
YHAH,0.12489625,0.00029002063,3,6470,845
FVLC,0.1224457,0.28187156,3,6470,845
MNPA,0.12127467,0.0013166015,3,6470,845
LFCL,0.12101574,0.010699695,3,6470,845
FNCK,0.11438435,0.0008014096,3,6470,845
MRAG,0.105273105,0.13140838,3,6470,845
YCGL,0.10311005,0.079325624,3,6470,845
VMCV,0.10105946,0.004557467,3,6470,845
FILD,0.09398147,0.012490271,3,6470,845
LICY,0.09273025,0.0014362925,3,6470,845
LICK,0.08864283,0.0014350502,3,6470,845
GYCF,0.08828254,0.0,3,6470,845
YSAW,0.0808271,0.00028800662,3,6470,845
YCEA,0.079335794,0.0010394224,3,6470,845
WAAW,0.07523388,0.0003424537,3,6470,845
VISA,0.07522815,0.19475554,3,6470,845
CFCL,0.07303831,0.0010443816,3,6470,845
FTCK,0.0719297,0.0014178787,3,6470,845
FMGW,0.064396076,0.010000569,3,6470,845
YHTG,0.061964937,0.00047670057,3,6470,845
MVAN,0.06086827,0.0016987508,3,6470,845
RHAG,0.05825848,0.0028245365,3,6470,845
MISA,0.04781609,0.13614996,3,6470,845
VAFL,0.046398938,0.0016121652,3,6470,845
MECE,0.042245023,0.0,3,6470,845
FMLQ,0.039988272,7.78835e-05,3,6470,845
FVSC,0.038147695,0.006122197,3,6470,845
VIFN,0.037555873,0.0013465242,3,6470,845
YEAW,0.034716584,0.0004065975,3,6470,845
PYFV,0.03382609,0.00032720278,3,6470,845
VKLS,0.032408006,0.0017060862,3,6470,845
WAPQ,0.031418987,0.00021530404,3,6470,845
MYLC,0.031109318,0.08664609,3,6470,845
FHSS,0.028330036,0.0036567545,3,6470,845
AFIQ,0.027247638,0.0,3,6470,845
YGCW,0.026676856,0.0001291992,3,6470,845
EGYA,0.02526015,0.0007653601,3,6470,845
GMCP,0.025166683,0.00043886717,3,6470,845
MLAD,0.02320806,0.0,3,6470,845
PTLD,0.022609845,0.0033714045,3,6470,845
PVVD,0.022190243,0.0021268178,3,6470,845
VHQT,0.021841325,0.0030720702,3,6470,845
DTAL,0.02103769,0.0006490289,3,6470,845
AYDC,0.019272774,0.0017014844,3,6470,845
QYVD,0.01919629,0.0027648632,3,6470,845
GLCT,0.01899048,0.0009459874,3,6470,845
AMLR,0.018696822,0.00021600493,3,6470,845
ECWA,0.018603243,0.0,3,6470,845
SYLN,0.01823232,0.00012567556,3,6470,845
LWTY,0.018214129,0.00015067373,3,6470,845
NGCQ,0.017863527,0.00060544454,3,6470,845
NWFL,0.0175624,0.00036540045,3,6470,845
DYND,0.017347332,0.01149054,3,6470,845
HVGS,0.015576385,0.16412485,3,6470,845
DCRD,0.014507342,0.002973136,3,6470,845
QCKH,0.0137979165,0.002880066,3,6470,845
DPKY,0.013223391,0.00011313961,3,6470,845
YSNS,0.012867816,0.00018391554,3,6470,845
GGQN,0.012612771,0.0,3,6470,845
VEGG,0.012472533,0.013155398,3,6470,845
EYQL,0.012413368,0.0,3,6470,845
SEAF,0.012296692,9.436393e-05,3,6470,845
SRGQ,0.011990376,0.0021980742,3,6470,845
QATC,0.011179928,0.00073212886,3,6470,845
TCSD,0.0104930885,0.0018394842,3,6470,845
CMLP,0.009709887,0.002088433,3,6470,845
LHER,0.009595819,0.0,3,6470,845
SNDV,0.009424634,0.00018650001,3,6470,845
AFKF,0.008980259,0.0,3,6470,845
GWPF,0.008931503,0.0,3,6470,845
SFSF,0.008908771,0.00033759014,3,6470,845
WITY,0.00842876,0.00016858923,3,6470,845
AIQM,0.00820034,0.0070105423,3,6470,845
THNC,0.007719986,0.0,3,6470,845
TYKG,0.007631179,0.0,3,6470,845
VCDQ,0.0074423105,0.0004981735,3,6470,845
MIKH,0.0074420124,0.00034560793,3,6470,845
AIRD,0.007054575,0.005241877,3,6470,845
SVEL,0.006876901,0.0002000418,3,6470,845
WAIM,0.0066896696,0.00030789123,3,6470,845
NVKY,0.005783936,0.0,3,6470,845
QFYL,0.005678721,7.472606e-05,3,6470,845
DYEH,0.005213298,0.0,3,6470,845
KITG,0.0050761886,0.00020893176,3,6470,845
EKWA,0.004968263,0.00055575144,3,6470,845
QPQI,0.0049191155,0.0,3,6470,845
YTDI,0.003988445,0.0,3,6470,845
WFKL,0.0038386732,0.0012620926,3,6470,845
EDNT,0.0036966838,0.00020181481,3,6470,845
EWDH,0.0027987882,0.0,3,6470,845
QFPT,0.0025976673,0.00024819237,3,6470,845
KADW,0.0025422983,0.0005027024,3,6470,845
DIMS,0.0024490468,0.000307207,3,6470,845
VPPE,0.0023929253,0.00055297266,3,6470,845
KATT,0.0020154286,0.00028038054,3,6470,845
DYES,0.0015141051,0.0,3,6470,845
WFYP,0.0012084991,0.000740162,3,6470,845
FMQT,0.0006847903,0.0,3,6470,845
LRYD,0.0006781444,0.0019431077,3,6470,845
NANM,0.00037982687,0.00031418898,3,6470,845
NATF,-0.0006940551,0.0,3,6470,845
QFYF,-0.00086319447,0.0,3,6470,845
NNFY,-0.0008957274,0.0010949954,3,6470,845
EDTQ,-0.0011920258,0.0003434613,3,6470,845
PQEN,-0.0013834126,0.0008378374,3,6470,845
GGYL,-0.0018070228,0.0,3,6470,845
EKQW,-0.0019524489,0.0,3,6470,845
PEDP,-0.0019656941,0.0,3,6470,845
LQKG,-0.0023899674,0.00046862086,3,6470,845
QSLK,-0.0025320724,0.00022079657,3,6470,845
SDEH,-0.0027507618,0.00010971677,3,6470,845
DLEE,-0.0034709498,0.00070893933,3,6470,845
DELM,-0.0035359934,0.0,3,6470,845
RTHG,-0.0037473813,0.00022976704,3,6470,845
NFRE,-0.0040818527,0.0004893563,3,6470,845
GLGD,-0.0044407025,0.0,3,6470,845
TDNS,-0.004602611,0.0023698828,3,6470,845
NIRI,-0.0046957806,0.0004168136,3,6470,845
WCDF,-0.005280778,0.0010066249,3,6470,845
VPVI,-0.0058916435,0.00027284838,3,6470,845
IQMH,-0.0060574636,0.0,3,6470,845
MNRW,-0.006260708,0.00012859827,3,6470,845
ARPW,-0.0063173994,0.0,3,6470,845
RFWE,-0.0065632463,0.0006810008,3,6470,845
TIPS,-0.0067085177,0.00017953658,3,6470,845
GDEV,-0.0068221428,8.640193e-05,3,6470,845
KTKH,-0.006939858,0.00037489668,3,6470,845
LLEW,-0.007483918,0.00021377808,3,6470,845
IKDK,-0.007489696,0.00041266615,3,6470,845
WPKC,-0.007505901,0.00053170446,3,6470,845
PHVE,-0.008454762,0.0011589247,3,6470,845
FDIT,-0.009376701,0.0007540536,3,6470,845
WERR,-0.009377994,0.00025961152,3,6470,845
HKAH,-0.009456247,0.00035907316,3,6470,845
NRRL,-0.009611372,0.00030642137,3,6470,845
DLWF,-0.009835433,0.0,3,6470,845
KPFS,-0.010149825,0.00025749605,3,6470,845
GDMW,-0.01055868,0.0,3,6470,845
PEFW,-0.010768998,0.0006583008,3,6470,845
ERYT,-0.010995083,0.003742828,3,6470,845
SEES,-0.011559024,0.00019655429,3,6470,845
YFNW,-0.01275669,0.00062837807,3,6470,845
AKPP,-0.012899764,0.0,3,6470,845
NKPN,-0.013873868,0.00081319513,3,6470,845
TLNA,-0.013886154,0.00043200987,3,6470,845
VPWH,-0.013993934,0.00056425773,3,6470,845
IKNK,-0.014321871,0.00020480469,3,6470,845
THYY,-0.014325105,0.0009847634,3,6470,845
APHP,-0.014386527,0.0,3,6470,845
QDHR,-0.016583677,0.00033954464,3,6470,845
DKIS,-0.017014772,0.00014475721,3,6470,845
DLFE,-0.017196327,0.0,3,6470,845
QMIK,-0.017520439,0.00018070998,3,6470,845
SHMV,-0.017868437,0.000117155214,3,6470,845
RDWD,-0.018221192,0.0,3,6470,845
ALSP,-0.018725082,0.00024112183,3,6470,845
PHWK,-0.018969182,0.0,3,6470,845
EQFF,-0.01901564,0.0,3,6470,845
FHYV,-0.019426212,0.0060324287,3,6470,845
NKRF,-0.02059595,0.0,3,6470,845
QRSW,-0.021374684,0.000115202645,3,6470,845
KHFK,-0.022682503,0.00038400877,3,6470,845
HKLT,-0.023210421,0.0757447,3,6470,845
CGSG,-0.023312084,0.00086035347,3,6470,845
MLRY,-0.023998871,0.00018556125,3,6470,845
VQWL,-0.024478722,0.00031963733,3,6470,845
TQIS,-0.026750162,0.0014178787,3,6470,845
MEHH,-0.027037546,0.0,3,6470,845
NKWK,-0.027294658,0.0,3,6470,845
IGTD,-0.028148323,0.0039084787,3,6470,845
HHIS,-0.028948277,0.00026585226,3,6470,845
FFWH,-0.029298857,0.0009372418,3,6470,845
CIWH,-0.02970649,0.00090486434,3,6470,845
MMSV,-0.029907353,0.00066774053,3,6470,845
MQEV,-0.030339055,0.0,3,6470,845
MCHQ,-0.033324756,0.0,3,6470,845
HMDE,-0.03562876,0.00036379782,3,6470,845
HAHQ,-0.036243886,0.0,3,6470,845
CQTR,-0.038371895,0.00054213003,3,6470,845
HEYV,-0.045150608,0.0005474977,3,6470,845
LWAA,0.62881345,0.60803336,4,9708,1229
YWAA,0.5698551,0.57216406,4,9708,1229
VWAA,0.54924273,0.61774945,4,9708,1229
ANCA,0.5099506,0.7623123,4,9708,1229
AHAA,0.50517803,0.24730165,4,9708,1229
MWAA,0.5029514,0.4531611,4,9708,1229
VSAA,0.4937207,0.54937875,4,9708,1229
ASCA,0.47432348,0.5193606,4,9708,1229
LRAA,0.4699849,0.46885478,4,9708,1229
LYAA,0.46757293,0.49366334,4,9708,1229
AACA,0.46613184,0.37746394,4,9708,1229
AICA,0.45353353,0.45329204,4,9708,1229
LSAA,0.43925914,0.42917636,4,9708,1229
FHCA,0.43883148,0.3341878,4,9708,1229
AQCA,0.43296877,0.2777411,4,9708,1229
IHCA,0.43173704,0.48184136,4,9708,1229
AVCA,0.4289126,0.3931133,4,9708,1229
YICA,0.42760363,0.5125793,4,9708,1229
AFCA,0.4215844,0.4055133,4,9708,1229
CWAA,0.4212174,0.22083458,4,9708,1229
WRLA,0.4198804,0.48025495,4,9708,1229
IRAA,0.41197518,0.554466,4,9708,1229
INAA,0.40868548,0.50351787,4,9708,1229
ADCA,0.39204827,0.3607131,4,9708,1229
LWLA,0.39175418,0.51991785,4,9708,1229
LNAA,0.39151862,0.44525883,4,9708,1229
VAAA,0.38934,0.6255503,4,9708,1229
MSAA,0.38848707,0.35259682,4,9708,1229
WSFA,0.38461652,0.5515763,4,9708,1229
AWAA,0.3834945,0.040871892,4,9708,1229
YRAA,0.38130608,0.41951135,4,9708,1229
FWLA,0.37924102,0.36941645,4,9708,1229
LIAA,0.37810972,0.40001738,4,9708,1229
AMCA,0.37620774,0.17766806,4,9708,1229
WFFA,0.37529624,0.24798836,4,9708,1229
VQCA,0.36822256,0.338886,4,9708,1229
VICA,0.36657533,0.4011386,4,9708,1229
IFAA,0.36530125,0.37927574,4,9708,1229
IVCA,0.35986057,0.36801228,4,9708,1229
FNAA,0.35658017,0.39565933,4,9708,1229
QHCA,0.3562338,0.43088466,4,9708,1229
LVAA,0.35622832,0.40077633,4,9708,1229
WSLA,0.35245487,0.45485482,4,9708,1229
MNAA,0.34952384,0.34277028,4,9708,1229
VCAA,0.34677258,0.41170102,4,9708,1229
IDCA,0.33916894,0.4166363,4,9708,1229
YWLA,0.33761978,0.33744496,4,9708,1229
WHLA,0.3363236,0.3672762,4,9708,1229
FVCA,0.33267745,0.3574214,4,9708,1229
AHCG,0.3272988,0.36422828,4,9708,1229
WYMA,0.32242095,0.35973808,4,9708,1229
VSLA,0.31761667,0.19727956,4,9708,1229
VIAA,0.31673443,0.47236663,4,9708,1229
FYGM,0.31318396,0.2655634,4,9708,1229
MWLA,0.31194845,0.3213555,4,9708,1229
VVAA,0.31117263,0.4542208,4,9708,1229
WIMA,0.31115937,0.29708138,4,9708,1229
WALA,0.31111753,0.4432742,4,9708,1229
ATCA,0.30713996,0.28602034,4,9708,1229
YNAA,0.30644736,0.39628544,4,9708,1229
FLAA,0.30549482,0.29322526,4,9708,1229
AGCA,0.30342886,0.12223606,4,9708,1229
WNLA,0.30276144,0.42393413,4,9708,1229
YCAA,0.30245158,0.33869573,4,9708,1229
WKLA,0.30144128,0.367785,4,9708,1229
LHLA,0.2996623,0.27792636,4,9708,1229
VEAA,0.2992073,0.20426314,4,9708,1229
YVFA,0.2980946,0.25880796,4,9708,1229
WYLA,0.2935352,0.34627616,4,9708,1229
YVLA,0.29194614,0.3071306,4,9708,1229
MRLA,0.28957692,0.23236902,4,9708,1229
LWGA,0.28766885,0.27711523,4,9708,1229
VMAA,0.28725198,0.29240346,4,9708,1229
HWAA,0.28556526,0.096920714,4,9708,1229
MNLA,0.28552148,0.19851717,4,9708,1229
HSAA,0.28479382,0.16083851,4,9708,1229
WMCA,0.28080156,0.23291783,4,9708,1229
WWLC,0.2729831,0.69176656,4,9708,1229
LWFA,0.27206233,0.26192555,4,9708,1229
QKCA,0.27044454,0.35046852,4,9708,1229
MILA,0.26733926,0.2144079,4,9708,1229
VILA,0.26579568,0.08692075,4,9708,1229
YSLA,0.26444063,0.234412,4,9708,1229
LTAA,0.26360363,0.23139256,4,9708,1229
VSMA,0.26334307,0.22224517,4,9708,1229
WVFC,0.2631232,0.3252997,4,9708,1229
YHLA,0.26193693,0.23299733,4,9708,1229
YWFA,0.26162747,0.20950252,4,9708,1229
FWCG,0.25732383,0.43904123,4,9708,1229
WAAA,0.2569021,0.25711462,4,9708,1229
FWHA,0.2546865,0.0,4,9708,1229
YPCA,0.25304058,0.061962232,4,9708,1229
WDLA,0.24998283,0.31369647,4,9708,1229
LWCG,0.24978998,0.5564039,4,9708,1229
FSMA,0.24664146,0.20275664,4,9708,1229
MGCA,0.24390951,0.33872515,4,9708,1229
WWFC,0.2421812,0.41109493,4,9708,1229
MNFA,0.23905063,0.061652806,4,9708,1229
YHFA,0.23799732,0.16971919,4,9708,1229
FIMA,0.23791158,0.37216514,4,9708,1229
LEAA,0.237111,0.17273317,4,9708,1229
EWAA,0.23657733,0.004659882,4,9708,1229
IRLA,0.23649612,0.106228955,4,9708,1229
YSMA,0.23536414,0.20191708,4,9708,1229
WWCC,0.23437002,0.2684888,4,9708,1229
YNLA,0.23432313,0.19279316,4,9708,1229
ILCA,0.23426268,0.23297028,4,9708,1229
YGCA,0.23382887,0.18415433,4,9708,1229
SACA,0.23374167,0.25999862,4,9708,1229
WCAA,0.23239353,0.21913119,4,9708,1229
WVLC,0.23121625,0.4081404,4,9708,1229
YIFA,0.22996637,0.28940946,4,9708,1229
MALA,0.22870022,0.20517069,4,9708,1229
YALA,0.2279081,0.23756984,4,9708,1229
VLCA,0.2274045,0.24795853,4,9708,1229
WNAA,0.2254101,0.26053026,4,9708,1229
HNAA,0.22283936,0.22995953,4,9708,1229
EDCA,0.22202146,0.30209446,4,9708,1229
AHRA,0.22182974,0.0021268178,4,9708,1229
AWCG,0.22110084,0.38984573,4,9708,1229
AHCQ,0.2166709,0.0054578832,4,9708,1229
RSAA,0.21553794,0.023379222,4,9708,1229
FWCC,0.21484455,0.1758453,4,9708,1229
FHGM,0.21441974,0.23627013,4,9708,1229
AHCK,0.21365258,0.0046070274,4,9708,1229
FWRA,0.21328494,0.0011059452,4,9708,1229
YAFA,0.21054864,0.20782514,4,9708,1229
TICA,0.20841132,0.26720566,4,9708,1229
LWCC,0.20787832,0.28834742,4,9708,1229
HYAA,0.20776102,0.18906786,4,9708,1229
MEAA,0.2064718,0.15169701,4,9708,1229
FHGC,0.20606944,0.4013241,4,9708,1229
WWCQ,0.20554802,0.0022724902,4,9708,1229
WWCN,0.2045652,0.004907333,4,9708,1229
IVFA,0.20434985,0.100597605,4,9708,1229
AHCS,0.20420024,0.011735116,4,9708,1229
LSTA,0.20157737,0.0056069368,4,9708,1229
WGMA,0.20145747,0.11855728,4,9708,1229
FWAQ,0.2008911,0.0010240235,4,9708,1229
AHCD,0.19898596,0.011029533,4,9708,1229
WWAC,0.19867247,0.096534304,4,9708,1229
YWCG,0.1976825,0.43907085,4,9708,1229
FWEA,0.19627169,0.0,4,9708,1229
WYCC,0.1918897,0.1706439,4,9708,1229
FIGN,0.19170141,0.10269492,4,9708,1229
WWFI,0.19085278,0.032704383,4,9708,1229
WTLA,0.18859246,0.20319062,4,9708,1229
WSCG,0.18749729,0.26721334,4,9708,1229
AHCE,0.18571821,0.003631416,4,9708,1229
KICA,0.1834264,0.36695534,4,9708,1229
WVFS,0.17972532,0.08498662,4,9708,1229
YDLA,0.1791135,0.15738453,4,9708,1229
WWAM,0.17900646,0.19189468,4,9708,1229
EFCA,0.17802376,0.18873197,4,9708,1229
WWFS,0.17654938,0.04026385,4,9708,1229
MIFA,0.17476651,0.16595331,4,9708,1229
FWCQ,0.17147896,0.0019289743,4,9708,1229
FHGT,0.16949095,0.3704039,4,9708,1229
AYCS,0.16830626,0.01711582,4,9708,1229
LWCI,0.16799077,0.14889047,4,9708,1229
FVGC,0.16798724,0.20671594,4,9708,1229
IYGM,0.16794321,0.38073045,4,9708,1229
HVAA,0.16717663,0.22871183,4,9708,1229
WWAI,0.16543221,0.043848395,4,9708,1229
LWCS,0.16503057,0.20683417,4,9708,1229
MHFA,0.1639995,0.12231005,4,9708,1229
FVGS,0.16259739,0.31359223,4,9708,1229
YYLA,0.16257033,0.16509378,4,9708,1229
VWAI,0.16154885,0.043844484,4,9708,1229
WSFC,0.16147846,0.37954843,4,9708,1229
WICG,0.16052374,0.25709713,4,9708,1229
WFFC,0.16042563,0.12216838,4,9708,1229
YWHA,0.1601086,0.00019891108,4,9708,1229
MWAC,0.15841953,0.17502105,4,9708,1229
LSQA,0.15802935,0.0019495831,4,9708,1229
WSCC,0.15485735,0.12491601,4,9708,1229
YWAM,0.1537838,0.083847485,4,9708,1229
MWWA,0.15244648,0.003524441,4,9708,1229
VKAG,0.15228648,0.2836006,4,9708,1229
VQMA,0.15193489,0.072500855,4,9708,1229
FHGP,0.15181163,0.04153439,4,9708,1229
IYGS,0.15127347,0.1398215,4,9708,1229
WHCC,0.15078638,0.14478597,4,9708,1229
WACC,0.15054011,0.11917679,4,9708,1229
VHQA,0.1457296,0.0,4,9708,1229
AICG,0.14311,0.2459273,4,9708,1229
SILA,0.14275962,0.0025228255,4,9708,1229
WQFC,0.1418649,0.17563328,4,9708,1229
IRFA,0.14112937,0.10962295,4,9708,1229
MDFA,0.14041385,0.059582125,4,9708,1229
YWIA,0.1399599,0.0006583008,4,9708,1229
IHTA,0.13934103,0.009420448,4,9708,1229
YWCI,0.13757443,0.075886674,4,9708,1229
FWCY,0.13582656,0.0016263901,4,9708,1229
MELA,0.13568157,0.04899076,4,9708,1229
VWAK,0.13320121,0.00073241413,4,9708,1229
YWAT,0.13290066,0.29717642,4,9708,1229
ILLA,0.13262913,0.026608387,4,9708,1229
YWSA,0.13094431,0.020484205,4,9708,1229
WDFC,0.12928285,0.15060554,4,9708,1229
FNGS,0.12881757,0.31763652,4,9708,1229
QILA,0.12784629,0.092398666,4,9708,1229
KHFA,0.12767476,0.01736552,4,9708,1229
IHGM,0.12483751,0.37713978,4,9708,1229
CHGA,0.1237917,0.112533614,4,9708,1229
IYGL,0.123221435,0.37405136,4,9708,1229
VKAI,0.118857406,0.020999987,4,9708,1229
IYGQ,0.1151196,0.118534856,4,9708,1229
YHIA,0.114793606,0.00032784938,4,9708,1229
YWQA,0.11409319,0.00081319513,4,9708,1229
YWAR,0.11127157,0.0006725343,4,9708,1229
LVCV,0.102343716,0.09684617,4,9708,1229
MWAK,0.10210241,0.00037668433,4,9708,1229
ATLA,0.097350635,0.01736077,4,9708,1229
LCAV,0.096261695,0.021050664,4,9708,1229
IFGM,0.09020313,0.3539701,4,9708,1229
WEMC,0.08801402,0.04984193,4,9708,1229
YWFG,0.084700145,0.5056969,4,9708,1229
LVCS,0.078745104,0.20669572,4,9708,1229
WVGS,0.0742624,0.19583516,4,9708,1229
MFAG,0.06475313,0.08756206,4,9708,1229
FGGC,0.06142474,0.078547254,4,9708,1229
HIAM,0.05919365,0.025830902,4,9708,1229
VVLN,0.059014425,0.0008731147,4,9708,1229
YVGG,0.05897618,0.05461915,4,9708,1229
WWWK,0.0588891,0.00079564407,4,9708,1229
EKLG,0.053046666,0.32286954,4,9708,1229
FWTF,0.048246704,0.0,4,9708,1229
YGCC,0.046975482,0.007763409,4,9708,1229
VHCF,0.045191407,0.002580539,4,9708,1229
YWFQ,0.044874825,0.00035907316,4,9708,1229
VWFV,0.041977912,0.045384824,4,9708,1229
YRFN,0.040234685,0.0042632814,4,9708,1229
WTLP,0.039869793,0.011658192,4,9708,1229
DCAA,0.03769042,0.0028503744,4,9708,1229
CNWA,0.035758816,0.0013303735,4,9708,1229
EMAC,0.02846715,0.00061441405,4,9708,1229
ITLV,0.027280416,0.0013351453,4,9708,1229
TPAV,0.025210813,0.0,4,9708,1229
GVGR,0.025080252,0.0001320194,4,9708,1229
WDYV,0.02490843,0.0075803334,4,9708,1229
LHMI,0.024171833,0.02926147,4,9708,1229
IVYS,0.022973325,0.0034651028,4,9708,1229
HWAE,0.021097764,0.00043200987,4,9708,1229
SNSA,0.019787354,0.0234196,4,9708,1229
LYRT,0.019313259,0.0007594233,4,9708,1229
YCMV,0.019243289,0.015499991,4,9708,1229
FISG,0.019162584,0.008922467,4,9708,1229
IREC,0.017874993,0.001194694,4,9708,1229
CGAY,0.017267644,0.00054213003,4,9708,1229
CANA,0.016501926,0.0076147052,4,9708,1229
QVMG,0.016441988,0.08427781,4,9708,1229
TVMS,0.01631854,0.00061441405,4,9708,1229
DIGL,0.016093675,0.012641705,4,9708,1229
AYNV,0.016083771,0.0,4,9708,1229
AQAR,0.015421284,0.0,4,9708,1229
KTGY,0.014949579,0.0006288391,4,9708,1229
IFLS,0.014447743,0.0011013682,4,9708,1229
VADY,0.014251813,0.0005760131,4,9708,1229
LTTV,0.014224278,0.00034134116,4,9708,1229
EKTR,0.013965016,9.0949456e-05,4,9708,1229
NAAC,0.012591219,0.00088052975,4,9708,1229
MIHC,0.012337571,0.0005120117,4,9708,1229
VLQF,0.012218275,0.00037874837,4,9708,1229
KIHD,0.0114557855,0.0021062132,4,9708,1229
RLAQ,0.0107002165,0.00018983863,4,9708,1229
DLAS,0.010570779,0.00025719655,4,9708,1229
QITS,0.010481754,0.0005517465,4,9708,1229
GGAY,0.010261765,0.0,4,9708,1229
SMDN,0.0095996745,0.0002737488,4,9708,1229
VHTY,0.009567926,0.0,4,9708,1229
PIIQ,0.009226685,0.0,4,9708,1229
KDVN,0.009215537,0.00022342331,4,9708,1229
CACY,0.0086361915,0.00028212892,4,9708,1229
WSEH,0.008239076,0.00020821998,4,9708,1229
SDCM,0.008072801,0.0009874512,4,9708,1229
ANQV,0.008046413,0.004431015,4,9708,1229
EKDL,0.00761947,0.00013041809,4,9708,1229
HWLK,0.007010314,0.00033046168,4,9708,1229
NIFF,0.006434496,0.00058826874,4,9708,1229
AWNC,0.0059678066,0.0020760777,4,9708,1229
TAEN,0.005955183,0.00093799137,4,9708,1229
GLRN,0.0056720604,0.00032993592,4,9708,1229
WDQH,0.005006026,0.0,4,9708,1229
LRHK,0.00500242,0.00056425773,4,9708,1229
SLDR,0.0048714904,0.00016434939,4,9708,1229
RWSH,0.0040681786,0.00017666856,4,9708,1229
HKFN,0.004007529,0.0005502216,4,9708,1229
QLEC,0.003782159,0.001256756,4,9708,1229
KAAQ,0.0035870238,0.00017578609,4,9708,1229
TPSV,0.0035081399,0.00023835024,4,9708,1229
ICYP,0.0033042352,0.013078606,4,9708,1229
GGLD,0.0027045398,0.0,4,9708,1229
ETRP,0.0024919813,0.0002369883,4,9708,1229
GKNT,0.0023038364,0.000112851514,4,9708,1229
PYFR,0.0022923178,9.155179e-05,4,9708,1229
FHSS,0.001980077,0.0036567545,4,9708,1229
DPNM,0.0017081187,0.0,4,9708,1229
RWTF,0.0015827245,0.00021516443,4,9708,1229
QLDK,0.0013020705,0.00013011122,4,9708,1229
GFRF,0.001223478,0.0,4,9708,1229
EMDY,0.0009480468,0.00054213003,4,9708,1229
DLTK,0.00089748995,0.0,4,9708,1229
APDW,0.0006811945,0.0,4,9708,1229
IQKG,0.00057042344,0.0005760131,4,9708,1229
TWGG,0.00032138126,0.016305603,4,9708,1229
ARHN,0.00032000197,0.0,4,9708,1229
QDYF,4.8679765e-05,0.00022850114,4,9708,1229
NVNY,-7.113349e-05,0.0,4,9708,1229
SPEP,-0.00020621391,0.00028146605,4,9708,1229
TGEH,-0.00033634808,0.0,4,9708,1229
YLST,-0.000722717,0.00064634794,4,9708,1229
RPKQ,-0.00095081655,0.00067908916,4,9708,1229
STQF,-0.0009529921,0.0004253636,4,9708,1229
GVWW,-0.0010769549,0.00013755541,4,9708,1229
DDQF,-0.0014611087,0.004812031,4,9708,1229
QYFD,-0.0015741796,0.015746841,4,9708,1229
IRDL,-0.0016350248,0.00042330704,4,9708,1229
PCFM,-0.0017719683,0.002835757,4,9708,1229
CYRL,-0.0018010517,0.00097225956,4,9708,1229
KKRD,-0.0019576442,0.0,4,9708,1229
TRPS,-0.0024665468,0.0005507695,4,9708,1229
NDQV,-0.0025848919,0.00024467814,4,9708,1229
GYCF,-0.0027122875,0.0,4,9708,1229
TIYD,-0.0027931673,0.0015864986,4,9708,1229
PAVG,-0.0028685383,0.00043541152,4,9708,1229
VQFW,-0.003012369,0.0013166015,4,9708,1229
WIYN,-0.003479377,0.00031347657,4,9708,1229
KGWV,-0.0035284222,0.00018160022,4,9708,1229
KAWE,-0.0037486157,0.00018407876,4,9708,1229
KVYW,-0.0037933723,0.00029959815,4,9708,1229
KVWL,-0.0037960806,0.00024221,4,9708,1229
YPME,-0.004149806,0.000121800185,4,9708,1229
GHDK,-0.004236832,0.00081319513,4,9708,1229
SFVW,-0.0043233098,0.00039344752,4,9708,1229
MDNH,-0.004415533,0.00016858923,4,9708,1229
DQRF,-0.0048469338,0.0,4,9708,1229
DAAM,-0.004993484,0.0009534011,4,9708,1229
CPTL,-0.0050039575,0.0003924885,4,9708,1229
KEQP,-0.005402977,0.00030988507,4,9708,1229
DHVW,-0.005421207,0.00076801755,4,9708,1229
YSVL,-0.005854245,0.00029959815,4,9708,1229
KTFH,-0.005891165,0.00028406133,4,9708,1229
DGYY,-0.00625046,0.0004945047,4,9708,1229
TKNW,-0.00628283,0.0,4,9708,1229
KRRW,-0.0065293764,0.000252211,4,9708,1229
HQFN,-0.007653669,0.00029103828,4,9708,1229
PEWQ,-0.007710858,0.0,4,9708,1229
LTPH,-0.007930478,5.158332e-05,4,9708,1229
CDSF,-0.008197963,0.0010240235,4,9708,1229
FDNW,-0.00849787,0.0016263901,4,9708,1229
YEQL,-0.008727673,0.000388051,4,9708,1229
RQEF,-0.009143209,0.00022756077,4,9708,1229
KTRL,-0.009358909,0.00028834032,4,9708,1229
LEDS,-0.00994451,0.0001763868,4,9708,1229
GPIY,-0.0100872535,0.00032149578,4,9708,1229
AMWW,-0.010268409,0.004291509,4,9708,1229
QEHE,-0.010327108,0.00033717847,4,9708,1229
FLWG,-0.010366021,0.0014680689,4,9708,1229
RCVG,-0.010564541,0.0041347994,4,9708,1229
CSNV,-0.010671075,0.00086401973,4,9708,1229
GLVF,-0.0107770525,0.00029930865,4,9708,1229
YQYY,-0.0111072585,0.00024042286,4,9708,1229
GKWW,-0.0117817335,0.00063804537,4,9708,1229
CEFS,-0.012421567,0.0057100435,4,9708,1229
RHWN,-0.012748715,0.00042211649,4,9708,1229
GIWQ,-0.013111256,0.0005167969,4,9708,1229
HEWY,-0.013122546,0.0,4,9708,1229
FVNQ,-0.013836117,0.00021770572,4,9708,1229
GYCI,-0.014789831,0.0013166015,4,9708,1229
MHHD,-0.014846336,0.0037911462,4,9708,1229
NTYE,-0.015148021,0.00034560793,4,9708,1229
ICMK,-0.015570018,0.001920044,4,9708,1229
HFHK,-0.018036656,0.00033311607,4,9708,1229
LMPP,-0.01987322,0.0003212467,4,9708,1229
VMHV,-0.020604871,0.0005808536,4,9708,1229
HEMS,-0.022339957,0.00066356716,4,9708,1229
CQYQ,-0.022891998,0.00025365717,4,9708,1229
NQVW,-0.024234414,0.0003894174,4,9708,1229
TMIK,-0.02447623,0.0,4,9708,1229
MFPD,-0.025571004,0.003988535,4,9708,1229
FGTY,-0.026565157,0.0,4,9708,1229
CKRK,-0.037181016,0.001885134,4,9708,1229
MLVR,-0.048625115,0.00019837108,4,9708,1229
IWAA,0.5797333,0.60950506,5,12965,1613
IHAA,0.5069948,0.47544438,5,12965,1613
IYAA,0.48939,0.44646153,5,12965,1613
LHAA,0.46575361,0.41312164,5,12965,1613
VRCA,0.4500425,0.48396897,5,12965,1613
WWFG,0.44212982,0.63991135,5,12965,1613
WICA,0.4249068,0.39945072,5,12965,1613
IVAA,0.42263684,0.41321227,5,12965,1613
WAFA,0.42167556,0.51196253,5,12965,1613
WWCG,0.41578427,0.4619385,5,12965,1613
WKFA,0.39445683,0.41362527,5,12965,1613
FWMA,0.3862729,0.37918124,5,12965,1613
YSAA,0.38182554,0.42666456,5,12965,1613
WNFA,0.381132,0.37153563,5,12965,1613
WCFA,0.37485445,0.4453483,5,12965,1613
WQFA,0.35022017,0.3102811,5,12965,1613
VFCA,0.34866697,0.40762973,5,12965,1613
WILC,0.34773418,0.44274464,5,12965,1613
WFLC,0.33373538,0.33580598,5,12965,1613
CHAA,0.32840788,0.38999736,5,12965,1613
WHMA,0.3238046,0.35030332,5,12965,1613
HACA,0.3229277,0.33834723,5,12965,1613
LQAA,0.31953007,0.28755412,5,12965,1613
WCLC,0.31688103,0.21653652,5,12965,1613
CNAA,0.31374252,0.35455114,5,12965,1613
IGCA,0.3116121,0.3923894,5,12965,1613
IYGA,0.31065342,0.24565688,5,12965,1613
LYGN,0.30462286,0.3346415,5,12965,1613
YWMG,0.30250585,0.38434637,5,12965,1613
CRAA,0.30216804,0.31916925,5,12965,1613
IYGN,0.30033332,0.37038034,5,12965,1613
YRLA,0.29411557,0.31751725,5,12965,1613
LFLA,0.29239145,0.15608753,5,12965,1613
LHGC,0.2912819,0.26967207,5,12965,1613
WNLC,0.28930864,0.44136572,5,12965,1613
WWLF,0.2865167,0.0046498706,5,12965,1613
EACA,0.28125954,0.38119158,5,12965,1613
YHGC,0.28114974,0.26365492,5,12965,1613
FYMA,0.28011551,0.21804717,5,12965,1613
WKLC,0.27968606,0.39334238,5,12965,1613
ILAA,0.27940586,0.25153887,5,12965,1613
WWLT,0.27879223,0.6748381,5,12965,1613
KRCA,0.2765648,0.34915632,5,12965,1613
FQAA,0.27628386,0.2570431,5,12965,1613
LGAA,0.2746514,0.22795068,5,12965,1613
VAMA,0.27371344,0.19538367,5,12965,1613
LMAA,0.27207235,0.24513417,5,12965,1613
IWFG,0.27094886,0.416977,5,12965,1613
YVMA,0.27054825,0.2942408,5,12965,1613
WWLL,0.2689062,0.005685018,5,12965,1613
INGM,0.26498353,0.15906826,5,12965,1613
CVAA,0.26373294,0.27952534,5,12965,1613
LLAA,0.26311302,0.23398384,5,12965,1613
LFGA,0.26278576,0.24953867,5,12965,1613
WSLG,0.26267105,0.46747953,5,12965,1613
YWMA,0.26253036,0.31773263,5,12965,1613
WQLC,0.25806135,0.30820093,5,12965,1613
EKCG,0.25629136,0.1402025,5,12965,1613
YHGT,0.2555703,0.17532764,5,12965,1613
IHGL,0.25543326,0.22831587,5,12965,1613
WILG,0.25101134,0.45257968,5,12965,1613
EWCG,0.24972954,0.34007818,5,12965,1613
EYCA,0.24967077,0.31187657,5,12965,1613
WWLH,0.24805161,0.005053465,5,12965,1613
CWFG,0.24606472,0.4037341,5,12965,1613
FVGT,0.24246986,0.288578,5,12965,1613
WWYA,0.24073887,0.11887554,5,12965,1613
WDLC,0.23993671,0.28316417,5,12965,1613
WWLI,0.23857966,0.046530627,5,12965,1613
YYCG,0.23824944,0.3494215,5,12965,1613
FVGN,0.23357768,0.10070979,5,12965,1613
WWIA,0.23328619,0.0016263901,5,12965,1613
LAFA,0.23156153,0.22921911,5,12965,1613
WWLW,0.22908717,0.0018336917,5,12965,1613
LAGA,0.22746623,0.22384723,5,12965,1613
WCLG,0.22719935,0.3738386,5,12965,1613
LWWG,0.22691654,0.002623593,5,12965,1613
YAMA,0.22668426,0.21022835,5,12965,1613
LMLA,0.22384433,0.16586043,5,12965,1613
IKAG,0.21964009,0.2870966,5,12965,1613
IPCA,0.2194284,0.3366811,5,12965,1613
WSLM,0.21619423,0.0047836043,5,12965,1613
VYGN,0.2157656,0.394495,5,12965,1613
HWFG,0.21564502,0.24796227,5,12965,1613
YWWG,0.21426395,0.007970776,5,12965,1613
IWAT,0.20950706,0.041631043,5,12965,1613
ISAG,0.20761327,0.35841882,5,12965,1613
YKCG,0.20547952,0.21411034,5,12965,1613
FKGC,0.20174696,0.12331779,5,12965,1613
VICG,0.19969171,0.24326336,5,12965,1613
IYAG,0.19921467,0.3456079,5,12965,1613
FVGV,0.1977736,0.16012214,5,12965,1613
WVLV,0.19758853,0.3268373,5,12965,1613
WRLM,0.19705224,0.006622215,5,12965,1613
WTFC,0.19610935,0.17130676,5,12965,1613
LHGF,0.19526978,0.10486344,5,12965,1613
YHGS,0.19500655,0.3322392,5,12965,1613
LMLG,0.1948357,0.23933834,5,12965,1613
WSFL,0.19215809,0.0053079035,5,12965,1613
WSFL,0.19215779,0.0053079035,5,12965,1613
WSFF,0.19164537,0.0026610186,5,12965,1613
FKGN,0.18936703,0.04253636,5,12965,1613
IVAG,0.1889979,0.26755023,5,12965,1613
WMLG,0.18856439,0.24140851,5,12965,1613
CRCA,0.18837936,0.08579367,5,12965,1613
YYGT,0.18603162,0.09735229,5,12965,1613
FVAG,0.18231273,0.2628612,5,12965,1613
SDCA,0.18162741,0.2251811,5,12965,1613
LNFA,0.18071274,0.11700675,5,12965,1613
LNLC,0.17992201,0.20102473,5,12965,1613
VSAC,0.17643009,0.29843122,5,12965,1613
HHGC,0.17544685,0.18333852,5,12965,1613
WSLI,0.17274296,0.003294335,5,12965,1613
WRFM,0.17269851,0.0073777437,5,12965,1613
YYAT,0.17181318,0.43498373,5,12965,1613
IKGC,0.17134215,0.198504,5,12965,1613
LFLC,0.17126223,0.084446564,5,12965,1613
YCMA,0.17035685,0.20764688,5,12965,1613
LYGS,0.17024294,0.19879846,5,12965,1613
IYAT,0.17020816,0.034735046,5,12965,1613
VNAS,0.16605616,0.17847957,5,12965,1613
RWFG,0.16602497,0.09785154,5,12965,1613
YKAG,0.16476671,0.12787493,5,12965,1613
VWAC,0.16373001,0.2615497,5,12965,1613
YHGL,0.16356516,0.11711111,5,12965,1613
YHGF,0.16199659,0.12365554,5,12965,1613
YDGA,0.16042022,0.11010661,5,12965,1613
YRGC,0.15929611,0.1760142,5,12965,1613
WCCG,0.15881728,0.145895,5,12965,1613
WWLK,0.15816675,0.0007960846,5,12965,1613
ICAG,0.15728949,0.26280072,5,12965,1613
WGFG,0.15715626,0.19480118,5,12965,1613
YNGC,0.15659367,0.15392448,5,12965,1613
ALCG,0.15636154,0.13598613,5,12965,1613
NRCA,0.15541412,0.103246234,5,12965,1613
HQAA,0.15135746,0.110800095,5,12965,1613
WWCL,0.15133208,0.07153535,5,12965,1613
LGLG,0.15130056,0.28152803,5,12965,1613
VYAC,0.15021789,0.30048534,5,12965,1613
LMFG,0.14877442,0.16296315,5,12965,1613
YYMG,0.14863531,0.21602798,5,12965,1613
YNFA,0.14793994,0.07591479,5,12965,1613
WNIA,0.1478404,0.0007462519,5,12965,1613
VWAM,0.1441956,0.32189712,5,12965,1613
WVLH,0.1416978,0.0019765764,5,12965,1613
CICG,0.14153363,0.022878582,5,12965,1613
YSAG,0.14102118,0.09722732,5,12965,1613
LWGS,0.13848169,0.14082715,5,12965,1613
WSFK,0.13751332,0.0010225668,5,12965,1613
ILCG,0.13749333,0.14503615,5,12965,1613
LPFA,0.1370923,0.01339513,5,12965,1613
WVGT,0.13652514,0.19601485,5,12965,1613
WDLM,0.13623017,0.0052867606,5,12965,1613
WDLV,0.13484155,0.21052805,5,12965,1613
WRLY,0.13316737,0.0010548377,5,12965,1613
YHGR,0.13301265,0.00067562447,5,12965,1613
LSGS,0.13300063,0.06066178,5,12965,1613
CHGT,0.13014661,0.07025167,5,12965,1613
EWCP,0.12982757,0.0,5,12965,1613
SRAA,0.1291887,0.07303217,5,12965,1613
WRFT,0.12815265,0.48417148,5,12965,1613
WRFF,0.12720469,0.0029093116,5,12965,1613
TRCG,0.12587154,0.123280376,5,12965,1613
LRGF,0.1256242,0.097519435,5,12965,1613
RNAA,0.12475668,0.02495472,5,12965,1613
VQAT,0.12406629,0.020854428,5,12965,1613
WKCC,0.12148066,0.11746786,5,12965,1613
RICG,0.1205574,0.09816762,5,12965,1613
ICFG,0.119822755,0.27471614,5,12965,1613
CHFA,0.11921294,0.13589008,5,12965,1613
YHPA,0.11530088,0.00070532225,5,12965,1613
WKYG,0.114769906,0.057443507,5,12965,1613
WCYG,0.112801954,0.122317076,5,12965,1613
LSLS,0.11278419,0.026250422,5,12965,1613
ILAG,0.11186589,0.12828659,5,12965,1613
VGAT,0.10775788,0.004412016,5,12965,1613
WFLL,0.10712437,0.0026769796,5,12965,1613
YNVA,0.10662304,0.0010765204,5,12965,1613
CQLG,0.10652675,0.14967872,5,12965,1613
LSLT,0.10569303,0.32774922,5,12965,1613
RVAA,0.105551615,0.061696444,5,12965,1613
WDLT,0.10448578,0.25603268,5,12965,1613
LSLP,0.10447779,0.019512745,5,12965,1613
FYQA,0.10244022,0.0,5,12965,1613
WAFT,0.10195197,0.40730554,5,12965,1613
FYDA,0.101490274,0.00059247063,5,12965,1613
WNGC,0.10052964,0.10058872,5,12965,1613
LRGR,0.09828025,0.000679808,5,12965,1613
WKGC,0.09781131,0.08392961,5,12965,1613
WNGT,0.09597765,0.14788993,5,12965,1613
MAAT,0.092371225,0.012872048,5,12965,1613
MSGT,0.090149805,0.08588471,5,12965,1613
LMFA,0.08753295,0.055395737,5,12965,1613
VGAS,0.086089164,0.006880305,5,12965,1613
LICP,0.08543429,0.0066178846,5,12965,1613
VCAC,0.084418535,0.108659126,5,12965,1613
QTFG,0.08431475,0.1208093,5,12965,1613
WTFT,0.08039944,0.2144106,5,12965,1613
ENFA,0.078641474,0.0040345644,5,12965,1613
WKQC,0.0771724,0.00071154564,5,12965,1613
TNAG,0.07546881,0.053128745,5,12965,1613
IPAT,0.071038365,0.0017077962,5,12965,1613
QKGC,0.060893852,0.1162258,5,12965,1613
TCCG,0.06040619,0.030966468,5,12965,1613
GWMG,0.05955004,0.012760907,5,12965,1613
CKAS,0.059372272,0.0056887674,5,12965,1613
WGFV,0.05678642,0.04879039,5,12965,1613
WSYP,0.056475665,0.0008443387,5,12965,1613
ISLM,0.05489381,0.002564063,5,12965,1613
FVAW,0.05329061,0.00033717847,5,12965,1613
ENGA,0.047187556,0.018146092,5,12965,1613
YKFT,0.046787556,0.12884857,5,12965,1613
NHGN,0.046432637,0.013497758,5,12965,1613
VSYV,0.0462875,0.007392911,5,12965,1613
KIGT,0.041120145,0.008378373,5,12965,1613
ANAH,0.037636932,0.0,5,12965,1613
QQAT,0.037152473,0.000814526,5,12965,1613
ERCW,0.035042636,0.0005120117,5,12965,1613
WSYK,0.03406452,0.0002928364,5,12965,1613
GPCA,0.032982428,0.0027794922,5,12965,1613
VFNG,0.03189471,0.00035497535,5,12965,1613
IYRF,0.02977496,0.00042667642,5,12965,1613
CQLM,0.027960863,0.000829459,5,12965,1613
CHAH,0.026231065,0.0008955023,5,12965,1613
FYPM,0.025050603,0.00089189137,5,12965,1613
CNPA,0.024545897,0.000980448,5,12965,1613
CNMH,0.022722911,0.00043066408,5,12965,1613
WRVL,0.022696692,0.0006120907,5,12965,1613
DVCT,0.022435272,0.0013166015,5,12965,1613
EPGT,0.0214596,0.0006159349,5,12965,1613
HFKS,0.021038242,0.0003570857,5,12965,1613
MNST,0.019506108,0.0038730702,5,12965,1613
WKYS,0.018563595,0.0009040998,5,12965,1613
VTTT,0.017726336,0.00037874837,5,12965,1613
QCSM,0.014479255,0.0013028152,5,12965,1613
CWCN,0.013380757,0.00087773433,5,12965,1613
EDKF,0.011851456,0.0,5,12965,1613
EKDH,0.0117169125,0.00017723478,5,12965,1613
TFRH,0.010840941,0.00026083618,5,12965,1613
NIKK,0.010291432,0.0,5,12965,1613
IWQV,0.009566855,0.0,5,12965,1613
SSFL,0.009537015,0.00035336224,5,12965,1613
EQYV,0.009375095,0.0,5,12965,1613
NILL,0.0090995785,0.0003620116,5,12965,1613
SWAA,0.008661915,0.00298456,5,12965,1613
GFEP,0.007896224,0.00011666092,5,12965,1613
VFRF,0.007864004,0.00028921157,5,12965,1613
ETMI,0.0072416384,0.0006798844,5,12965,1613
TVQV,0.0065938793,0.0,5,12965,1613
MNSG,0.0062368177,0.0068314713,5,12965,1613
KVTS,0.0059743105,0.0003883472,5,12965,1613
ACRG,0.0058810227,0.0046795164,5,12965,1613
GVEP,0.005829362,0.00011815652,5,12965,1613
EYGA,0.0058062915,0.006988116,5,12965,1613
NPLW,0.005756543,0.00042104517,5,12965,1613
KAKQ,0.0055678915,0.00031329892,5,12965,1613
DITH,0.0055402126,0.0,5,12965,1613
KAKG,0.005373018,0.0004109138,5,12965,1613
HIQY,0.0051414864,0.0,5,12965,1613
GVTY,0.0050773537,0.0,5,12965,1613
DWKD,0.0050693303,0.01962271,5,12965,1613
KEHH,0.0046452507,0.00019678741,5,12965,1613
YFPM,0.0045162924,0.00052167237,5,12965,1613
KMDC,0.004369625,0.00038400877,5,12965,1613
DSLQ,0.004363913,0.00029890414,5,12965,1613
FKCI,0.004320424,0.011956166,5,12965,1613
MPDN,0.0042213444,0.0,5,12965,1613
DFFM,0.0039538173,0.0006912158,5,12965,1613
NFNY,0.0038006753,0.0,5,12965,1613
IRSD,0.0037868954,0.0,5,12965,1613
DAPT,0.0034622326,0.0007372969,5,12965,1613
ECYY,0.0034145517,0.0021268178,5,12965,1613
GPPF,0.0031734193,0.0004893563,5,12965,1613
NNTV,0.0031255763,0.0003822392,5,12965,1613
FSDF,0.0029230956,0.00065311725,5,12965,1613
LRTI,0.002832912,0.00041828488,5,12965,1613
VQHY,0.002832353,0.0,5,12965,1613
ERFF,0.0026766714,0.00041266615,5,12965,1613
PMET,0.0025968254,0.00042427564,5,12965,1613
NPSC,0.002392115,0.0005266406,5,12965,1613
WPFN,0.002339378,0.00015424618,5,12965,1613
TRSM,0.0020761723,0.0006912158,5,12965,1613
CVYN,0.0020647012,0.0012682859,5,12965,1613
NNFY,0.002048295,0.0010949954,5,12965,1613
CCKH,0.0014144881,0.0007788347,5,12965,1613
TQWW,0.001410557,0.0023542957,5,12965,1613
GYDL,0.0012081694,0.0,5,12965,1613
QPER,0.0010609394,0.00020083752,5,12965,1613
ITLF,0.0008938424,0.0007788347,5,12965,1613
DSFT,0.0007213503,0.001986728,5,12965,1613
MPHL,0.0005379692,0.0011059452,5,12965,1613
KMGI,0.00041524693,0.01698035,5,12965,1613
SELQ,0.00030746683,0.0003377669,5,12965,1613
DNRF,0.00026398525,0.00055297266,5,12965,1613
TDWA,-0.0002742447,0.0009534011,5,12965,1613
QTHV,-0.00032346137,0.0002781553,5,12965,1613
ACTR,-0.0004729582,0.0013043099,5,12965,1613
PCIE,-0.0005124612,0.00028503741,5,12965,1613
DHTC,-0.0005715471,0.0,5,12965,1613
SNDQ,-0.00084037334,0.00025211516,5,12965,1613
RMQS,-0.00089308247,0.00023234142,5,12965,1613
GLEH,-0.0012066187,0.00023332184,5,12965,1613
WKAK,-0.0014630742,0.00048720054,5,12965,1613
QEKV,-0.0016009621,8.559946e-05,5,12965,1613
DYQV,-0.001821287,0.0,5,12965,1613
TPVF,-0.0018764753,0.0,5,12965,1613
IIYM,-0.0020083226,0.0003434613,5,12965,1613
WHQN,-0.002054356,0.00062482787,5,12965,1613
IHHW,-0.002104845,0.0,5,12965,1613
FPIC,-0.002157569,0.0006213176,5,12965,1613
NAHS,-0.0023989454,0.0005379112,5,12965,1613
YHEI,-0.0024409331,0.0,5,12965,1613
TEQF,-0.0029186923,0.0026851604,5,12965,1613
WFQH,-0.002948586,9.534012e-05,5,12965,1613
AAMR,-0.0030610599,0.0,5,12965,1613
QTEF,-0.0031952672,0.00030550975,5,12965,1613
GSFK,-0.0032932125,0.00024796985,5,12965,1613
RQKR,-0.0035330318,0.00018130253,5,12965,1613
ITPQ,-0.0036279522,0.00026756737,5,12965,1613
EQGE,-0.0042560417,0.0005120117,5,12965,1613
TQCM,-0.0044845305,0.0023040527,5,12965,1613
RFPQ,-0.0045928154,0.00017895554,5,12965,1613
DETL,-0.0046495628,0.0,5,12965,1613
WADY,-0.004730182,0.00030118335,5,12965,1613
DTSS,-0.0048602726,0.00014142525,5,12965,1613
NDNQ,-0.0050899796,0.0004937255,5,12965,1613
CVWE,-0.0059027337,0.001129872,5,12965,1613
RPTI,-0.0064343046,0.00022013241,5,12965,1613
YEPL,-0.007124968,9.7698314e-05,5,12965,1613
PRME,-0.0072374307,0.00012398488,5,12965,1613
CPYW,-0.007654041,0.001642493,5,12965,1613
DGAH,-0.0077986587,0.0,5,12965,1613
RWQD,-0.008214124,0.002005213,5,12965,1613
CRYF,-0.008277189,0.0010866275,5,12965,1613
HQYF,-0.008285765,0.0,5,12965,1613
NQMD,-0.0085990615,0.0009633663,5,12965,1613
LEWT,-0.008822992,0.000574517,5,12965,1613
HAFS,-0.009487029,0.0029623534,5,12965,1613
RQYE,-0.010143869,0.00014945211,5,12965,1613
WDTD,-0.0105152875,0.0,5,12965,1613
NETP,-0.010670977,0.0,5,12965,1613
RQNK,-0.01121071,0.00024467814,5,12965,1613
VEKF,-0.011241328,0.0,5,12965,1613
FIKN,-0.011647372,0.0,5,12965,1613
QHHQ,-0.011665706,0.0,5,12965,1613
AWQW,-0.012493689,0.0012983021,5,12965,1613
DQQK,-0.012714613,0.01878953,5,12965,1613
LCEY,-0.012764275,0.0013726271,5,12965,1613
MLPT,-0.012984371,0.00023789458,5,12965,1613
RKAH,-0.013081372,0.00013586553,5,12965,1613
YGAH,-0.013417423,0.0003775989,5,12965,1613
HDQF,-0.013614077,0.0007275955,5,12965,1613
SFLK,-0.013830164,0.00017389082,5,12965,1613
QESQ,-0.0139365215,0.000121398996,5,12965,1613
HQTH,-0.014438599,0.0,5,12965,1613
VDVI,-0.01575904,0.00052167237,5,12965,1613
IFYD,-0.016073134,0.0062483605,5,12965,1613
KWAM,-0.016105916,0.0006912158,5,12965,1613
GWQS,-0.016440269,0.0,5,12965,1613
YMLK,-0.016955834,0.00042829206,5,12965,1613
LTSP,-0.017200164,0.00027535667,5,12965,1613
FIFE,-0.01777656,0.0011331408,5,12965,1613
NMPI,-0.018083043,0.0,5,12965,1613
HDDA,-0.019742,0.0002229728,5,12965,1613
KTIM,-0.020979263,8.559946e-05,5,12965,1613
YIWF,-0.021646094,0.00083362707,5,12965,1613
VMNK,-0.023068968,0.0002356418,5,12965,1613
HAFL,-0.025774933,0.00021059896,5,12965,1613
ILLQ,-0.027418502,0.00035857424,5,12965,1613
WYNQ,-0.028392307,0.00014628902,5,12965,1613
LNRP,-0.028529242,0.0003714788,5,12965,1613
KSNA,-0.03198786,0.0004512388,5,12965,1613
FEKR,-0.032005616,0.0017280395,5,12965,1613
NLHA,-0.03299126,0.0004495713,5,12965,1613
CYIY,-0.03725936,0.0014336327,5,12965,1613
CWEE,-0.03732148,0.0,5,12965,1613
IMTK,-0.044180904,0.00026132926,5,12965,1613
FFEI,-0.044304516,0.00043200987,5,12965,1613
MRIK,-0.04460993,0.00022013241,5,12965,1613
CMVN,-0.053209912,0.000818545,5,12965,1613
FLYT,-0.053699303,0.0020710586,5,12965,1613
FLRP,-0.06659806,0.0004133155,5,12965,1613
FGHI,-0.071026504,0.0,5,12965,1613
PHQA,-0.08330034,0.0,5,12965,1613
