{"run_id": "11:28:33-06/07/2022", "exp_name": "BO_EVO_proposal-function=UCB", "encoder_name": "onehot", "model_name": "GPyTorch", "landscape_name": "GB1_combo", "rounds": 4, "expmt_queries_per_round": 384, "model_queries_per_round": 3072}
sequence,model_score,true_score,round,model_cost,measurement_cost
DCQF,,0.01051706,0,0,1
RYIS,0.8096905,0.00016756746,1,3083,385
QEVL,0.8096905,0.00023431043,1,3083,385
ARNG,0.8096905,0.0034560792,1,3083,385
CGNG,0.8096905,0.0006467516,1,3083,385
VWNG,0.8096905,0.0013033025,1,3083,385
VQNG,0.8096905,0.008985805,1,3083,385
VING,0.8096905,0.0063038883,1,3083,385
VIDG,0.8096905,0.00034275162,1,3083,385
VVDG,0.8096905,0.0,1,3083,385
VMDI,0.8096905,0.00017723478,1,3083,385
VMNI,0.8096905,0.00036379782,1,3083,385
VRNI,0.8096905,0.00039125426,1,3083,385
VRDI,0.8096905,0.00035296124,1,3083,385
VRMI,0.8096905,0.0019470868,1,3083,385
VKSP,0.8096905,0.0005029974,1,3083,385
GKSP,0.8096905,0.00022683476,1,3083,385
GKMP,0.8096905,7.2189614e-05,1,3083,385
FTMC,0.8096905,0.010208726,1,3083,385
FIMC,0.8096905,0.1353631,1,3083,385
WIYC,0.8096905,0.012086834,1,3083,385
WIYP,0.8096905,0.0018658586,1,3083,385
NIYP,0.8096905,0.0,1,3083,385
NRYP,0.8096905,0.00029729717,1,3083,385
ARNA,0.8096905,0.0019068022,1,3083,385
CRNA,0.8096905,0.012280984,1,3083,385
CKNA,0.8096905,0.008222641,1,3083,385
MQCY,0.8096905,0.0016858921,1,3083,385
GQIG,0.8096905,0.0,1,3083,385
GEDG,0.8096905,0.00017723478,1,3083,385
GENG,0.8096905,0.0,1,3083,385
LENG,0.8096905,0.0033877771,1,3083,385
MENY,0.8096905,0.00011969105,1,3083,385
MEYY,0.8096905,0.0,1,3083,385
MENC,0.8096905,0.0014844903,1,3083,385
MECC,0.8096905,0.06760797,1,3083,385
MVCR,0.8096905,0.0009521383,1,3083,385
MQNY,0.8096905,0.0,1,3083,385
CRNS,0.8096905,0.0018538355,1,3083,385
IQNY,0.8096905,0.00037874837,1,3083,385
INNI,0.8096905,0.0007275955,1,3083,385
HENI,0.8096905,0.0017837827,1,3083,385
HENP,0.8096905,0.00046862086,1,3083,385
ARNP,0.8096905,0.00074726035,1,3083,385
FRWP,0.8096905,0.0013553251,1,3083,385
NRWP,0.8096905,0.0002828505,1,3083,385
NRCP,0.8096905,0.0013734741,1,3083,385
NRNP,0.8096905,0.00016910482,1,3083,385
GRYP,0.8096905,0.00014864853,1,3083,385
GIYP,0.8096905,0.0017603998,1,3083,385
AIYP,0.8096905,0.002633203,1,3083,385
PMDI,0.8096905,0.0,1,3083,385
QISS,0.8096905,0.0017756002,1,3083,385
AISS,0.8096905,0.0004253636,1,3083,385
PISD,0.8096905,0.0022509017,1,3083,385
PIND,0.8096905,0.029074807,1,3083,385
PILD,0.8096905,0.0,1,3083,385
PIMD,0.8096905,0.0015219429,1,3083,385
PIDD,0.8096905,0.025824843,1,3083,385
PRDD,0.8096905,0.025914792,1,3083,385
PEDD,0.8096905,0.117523685,1,3083,385
PVDI,0.8096905,0.00045325622,1,3083,385
QEFC,0.8096905,0.0028602034,1,3083,385
PVKI,0.8096905,0.00030383116,1,3083,385
PYGI,0.8096905,0.0040519545,1,3083,385
HYGR,0.8096905,0.0007302462,1,3083,385
EPGR,0.8096905,0.00014551914,1,3083,385
EIGR,0.8096905,0.0003042491,1,3083,385
EQGR,0.8096905,0.00011666092,1,3083,385
ERGR,0.8096905,0.00025288385,1,3083,385
EYGR,0.8096905,0.0,1,3083,385
LYGR,0.8096905,0.0029984438,1,3083,385
QESS,0.8096905,0.00048852497,1,3083,385
HENC,0.8096905,0.00064299145,1,3083,385
AVYP,0.8096905,0.008640198,1,3083,385
ARKL,0.8096905,0.0,1,3083,385
KVHP,0.8096905,0.00027927916,1,3083,385
KIHK,0.8096905,0.0004808458,1,3083,385
KVHK,0.8096905,0.00020945935,1,3083,385
KRHK,0.8096905,0.00035907316,1,3083,385
KAIY,0.8096905,9.583583e-05,1,3083,385
LAIY,0.8096905,5.551933e-05,1,3083,385
LFIY,0.8096905,3.595398e-05,1,3083,385
AFIY,0.8096905,0.0,1,3083,385
ATKL,0.8096905,0.0,1,3083,385
ARGL,0.8096905,0.030374553,1,3083,385
HEKC,0.8096905,0.0011520264,1,3083,385
AEGY,0.8096905,0.0032527803,1,3083,385
LEGY,0.8096905,0.00404479,1,3083,385
LVGY,0.8096905,0.035243634,1,3083,385
LVMY,0.8096905,0.0006501535,1,3083,385
CAIC,0.8096905,0.0010368237,1,3083,385
HAYC,0.8096905,0.00044594568,1,3083,385
HAYP,0.8096905,0.0006392747,1,3083,385
RAYC,0.8096905,0.002003524,1,3083,385
HAKC,0.8096905,0.0006583008,1,3083,385
GIIG,0.8096905,0.00030052866,1,3083,385
NIMG,0.8096905,0.007589821,1,3083,385
NIDG,0.8096905,0.0,1,3083,385
ERDC,0.8096905,0.00038669413,1,3083,385
LVYP,0.8096905,0.007393275,1,3083,385
LADY,0.8096905,0.00029518118,1,3083,385
IYVY,0.8096905,0.0004253636,1,3083,385
NYVY,0.8096905,0.00036620707,1,3083,385
NYDY,0.8096905,0.001256756,1,3083,385
NGDL,0.8096905,0.0001679067,1,3083,385
NGDP,0.8096905,0.00017536129,1,3083,385
EGDC,0.8096905,0.0008463867,1,3083,385
EEDC,0.8096905,0.0007788347,1,3083,385
ERNC,0.8096905,0.0,1,3083,385
LVDM,0.8096905,0.0004139017,1,3083,385
FRDI,0.8096905,0.0002737488,1,3083,385
FRDP,0.8096905,0.00019962911,1,3083,385
FQDP,0.8096905,0.0,1,3083,385
FQYP,0.8096905,0.00076801755,1,3083,385
FIYP,0.8096905,0.00069702434,1,3083,385
FEYP,0.8096905,0.0,1,3083,385
AEYP,0.8096905,0.0,1,3083,385
LEYP,0.8096905,0.0005591858,1,3083,385
VQKP,0.8096905,0.00043200987,1,3083,385
LVDP,0.8096905,0.00023990132,1,3083,385
LGDM,0.8096905,0.00044026482,1,3083,385
AVKP,0.8096905,0.0,1,3083,385
CICP,0.8096905,0.0010258327,1,3083,385
LNKK,0.8096905,0.0003711226,1,3083,385
LNII,0.8096905,0.00044738883,1,3083,385
WNII,0.8096905,0.0006356007,1,3083,385
WNIR,0.8096905,0.00036379782,1,3083,385
WIIR,0.8096905,0.00050767267,1,3083,385
WSIR,0.8096905,0.00023759165,1,3083,385
WSMR,0.8096905,0.00033050287,1,3083,385
WSMP,0.8096905,0.001807691,1,3083,385
CIMP,0.8096905,0.0017713609,1,3083,385
CICS,0.8096905,0.008647082,1,3083,385
VGNM,0.8096905,0.0,1,3083,385
CHMS,0.8096905,0.02196591,1,3083,385
CHDS,0.8096905,0.00068631355,1,3083,385
PHDS,0.8096905,0.00013553254,1,3083,385
PHLD,0.8096905,0.011460778,1,3083,385
MESD,0.8096905,0.0,1,3083,385
MNSD,0.8096905,0.0,1,3083,385
MNND,0.8096905,0.0075232536,1,3083,385
VNND,0.8096905,0.010551958,1,3083,385
VGNL,0.8096905,0.0018937419,1,3083,385
VVKP,0.8096905,0.00049668207,1,3083,385
GVTP,0.8096905,0.00017302025,1,3083,385
NVDG,0.8096905,6.678413e-05,1,3083,385
FRCE,0.8096905,0.001097168,1,3083,385
KDNI,0.8096905,0.0003670172,1,3083,385
KENI,0.8096905,0.00013487138,1,3083,385
KVNI,0.8096905,0.00017226559,1,3083,385
FEEI,0.8096905,0.0,1,3083,385
FEES,0.8096905,0.00074726035,1,3083,385
FVES,0.8096905,0.0005346421,1,3083,385
FAES,0.8096905,0.0,1,3083,385
FALE,0.8096905,0.00051519193,1,3083,385
FACE,0.8096905,0.00053170446,1,3083,385
FTCE,0.8096905,0.00036864838,1,3083,385
GDVP,0.8096905,6.562173e-05,1,3083,385
FTCS,0.8096905,0.005560619,1,3083,385
FSCN,0.8096905,0.00049080414,1,3083,385
IDCN,0.8096905,0.00086401973,1,3083,385
IDMN,0.8096905,0.0006505561,1,3083,385
IGMM,0.8096905,0.0,1,3083,385
WGMM,0.8096905,0.0014618402,1,3083,385
WVMM,0.8096905,0.056578543,1,3083,385
NVMM,0.8096905,0.00014628902,1,3083,385
NVMG,0.8096905,0.006392747,1,3083,385
GDNP,0.8096905,0.0,1,3083,385
GWVP,0.8096905,8.278036e-05,1,3083,385
LVTP,0.8096905,0.00026428836,1,3083,385
SRIP,0.8096905,0.00053024775,1,3083,385
VVLE,0.8096905,0.00045177506,1,3083,385
SVFE,0.8096905,0.0003434613,1,3083,385
MSFE,0.8096905,0.00045868702,1,3083,385
GQTE,0.8096905,0.0,1,3083,385
GMTD,0.8096905,0.0015298502,1,3083,385
WMTD,0.8096905,0.0,1,3083,385
LVTV,0.8096905,0.0004580622,1,3083,385
LRTV,0.8096905,0.00024467814,1,3083,385
LRTP,0.8096905,0.00024502052,1,3083,385
SRDP,0.8096905,0.00042378984,1,3083,385
GELP,0.8096905,0.00011239282,1,3083,385
MRDQ,0.8096905,8.918916e-05,1,3083,385
MRNQ,0.8096905,0.00059300015,1,3083,385
MINQ,0.8096905,0.0,1,3083,385
MISR,0.8096905,0.00021414609,1,3083,385
MEDR,0.8096905,0.00044594568,1,3083,385
EEWR,0.8096905,0.00020556602,1,3083,385
EEDR,0.8096905,0.00017389082,1,3083,385
EELG,0.8096905,0.13465601,1,3083,385
GELG,0.8096905,0.0005496746,1,3083,385
TYGR,0.8096905,0.00024908676,1,3083,385
WYGR,0.8096905,0.0013101476,1,3083,385
WAGR,0.8096905,0.00048199843,1,3083,385
AAMD,0.8096905,0.00091879745,1,3083,385
RQYP,0.8096905,0.0007459164,1,3083,385
EQYP,0.8096905,0.00048506376,1,3083,385
LQYP,0.8096905,0.0013487138,1,3083,385
LQYR,0.8096905,0.00027741102,1,3083,385
TQVR,0.8096905,0.0,1,3083,385
IQVR,0.8096905,0.00024863877,1,3083,385
RQVN,0.8096905,0.00023880771,1,3083,385
AQVN,0.8096905,0.0,1,3083,385
AQMN,0.8096905,0.003005016,1,3083,385
AEAD,0.8096905,0.0009036395,1,3083,385
SRYP,0.8096905,0.00048104493,1,3083,385
SMAD,0.8096905,0.0,1,3083,385
SMMD,0.8096905,0.0,1,3083,385
SEMD,0.8096905,8.789501e-05,1,3083,385
SEYD,0.8096905,0.0009576145,1,3083,385
SIYD,0.8096905,0.0008502531,1,3083,385
SIYP,0.8096905,0.0003235478,1,3083,385
LIYP,0.8096905,0.0072567905,1,3083,385
STYP,0.8096905,0.00038237468,1,3083,385
STDP,0.8096905,0.00023485324,1,3083,385
RNYP,0.8096905,0.00083412026,1,3083,385
SRYS,0.8096905,0.0004945667,1,3083,385
WRGR,0.8096905,0.0004624227,1,3083,385
AVDG,0.8096905,0.0,1,3083,385
ANYP,0.8096905,0.0015360351,1,3083,385
ANVP,0.8096905,0.0,1,3083,385
ANMP,0.8096905,0.0016263901,1,3083,385
AEMP,0.8096905,0.0,1,3083,385
AEMS,0.8096905,0.0028702058,1,3083,385
CIDP,0.8096905,0.00081033504,1,3083,385
KIDG,0.8096905,0.00027511074,1,3083,385
LIDG,0.8096905,0.00034851217,1,3083,385
AIDG,0.8096905,0.0009874512,1,3083,385
AVDR,0.8096905,0.0,1,3083,385
SLYD,0.8096905,0.0005678853,1,3083,385
GVDN,0.8096905,0.0,1,3083,385
LVDN,0.8096905,0.0003291504,1,3083,385
LGDG,0.8096905,0.0005855005,1,3083,385
LEDG,0.8096905,0.00075491145,1,3083,385
LVDG,0.8096905,0.000675927,1,3083,385
LVDD,0.8096905,0.0069121583,1,3083,385
AVDD,0.8096905,0.011837971,1,3083,385
AIDD,0.8096905,0.016181787,1,3083,385
AIYD,0.8096905,0.002143463,1,3083,385
ATDP,0.8096905,0.00062837807,1,3083,385
NTDP,0.8096905,0.00035829764,1,3083,385
NTDI,0.8096905,0.0007372969,1,3083,385
YHDP,0.8096905,0.00026908648,1,3083,385
TAHR,0.8096905,0.0,1,3083,385
TAPE,0.8096905,0.0,1,3083,385
TARI,0.8096905,0.0,1,3083,385
TIKI,0.8096905,0.0,1,3083,385
NIKI,0.8096905,0.0,1,3083,385
NIMI,0.8096905,0.0,1,3083,385
NIMP,0.8096905,0.00022662817,1,3083,385
YHFP,0.8096905,0.003506167,1,3083,385
YHMP,0.8096905,0.000624324,1,3083,385
YRDP,0.8096905,0.0002034484,1,3083,385
ATDI,0.8096905,0.0,1,3083,385
YEDP,0.8096905,0.00030316485,1,3083,385
WEDP,0.8096905,0.00022734489,1,3083,385
AHLS,0.8096905,0.009570681,1,3083,385
EFAK,0.8096905,0.0012288281,1,3083,385
ELGM,0.8096905,0.029246109,1,3083,385
FIPS,0.8096905,0.00018130253,1,3083,385
KFLE,0.8096905,0.0,1,3083,385
KMYI,0.8096905,0.0002650029,1,3083,385
LVCQ,0.8096905,0.0005425555,1,3083,385
NRTR,0.8096905,0.00016589179,1,3083,385
NIDK,0.8096905,0.0,1,3083,385
NEDK,0.8096905,0.00043200987,1,3083,385
LEDK,0.8096905,0.00051519193,1,3083,385
ATDR,0.8096905,0.0,1,3083,385
ATPD,0.8096905,0.0018806643,1,3083,385
ATKD,0.8096905,0.017666515,1,3083,385
ATKR,0.8096905,0.0,1,3083,385
AIRR,0.8096905,0.0,1,3083,385
IIRV,0.8096905,0.0005982703,1,3083,385
AIRV,0.8096905,0.0,1,3083,385
AVRV,0.8096905,0.00045325622,1,3083,385
LVRV,0.8096905,0.0008215423,1,3083,385
GYRD,0.8096905,0.009863327,1,3083,385
GYRR,0.8096905,0.00040960938,1,3083,385
KYRI,0.8096905,0.0006912158,1,3083,385
KIRI,0.8096905,0.00022887943,1,3083,385
KHKI,0.8096905,0.0007899609,1,3083,385
KVKI,0.8096905,0.00034134116,1,3083,385
HRNI,0.8096905,0.00024686282,1,3083,385
LRNI,0.8096905,0.0007156117,1,3083,385
LEAI,0.8096905,0.005990537,1,3083,385
LEWI,0.8096905,0.00044594568,1,3083,385
WNYP,0.8096905,0.00063975714,1,3083,385
WNGP,0.8096905,0.0013120458,1,3083,385
WQNP,0.8096905,0.0004106233,1,3083,385
WETR,0.8096905,0.00020816067,1,3083,385
AYNC,0.8096905,0.0,1,3083,385
AENC,0.8096905,0.0019528203,1,3083,385
ARNC,0.8096905,0.002390214,1,3083,385
LRNC,0.8096905,0.0026262554,1,3083,385
FPNC,0.8096905,0.002194336,1,3083,385
FPNP,0.8096905,0.00037237216,1,3083,385
APNP,0.8096905,0.0,1,3083,385
AENP,0.8096905,0.0,1,3083,385
WENP,0.8096905,0.00023651529,1,3083,385
WETP,0.8096905,0.000111127934,1,3083,385
IYRC,0.8096905,0.00155638,1,3083,385
NETP,0.8096905,0.0,1,3083,385
NRTP,0.8096905,0.00015474985,1,3083,385
NYTP,0.8096905,0.00034778152,1,3083,385
NYGP,0.8096905,0.0007563455,1,3083,385
CYGP,0.8096905,0.00278162,1,3083,385
CYDP,0.8096905,0.0009267698,1,3083,385
CGDP,0.8096905,0.00073948794,1,3083,385
CNDE,0.8096905,0.00046338484,1,3083,385
TNKE,0.8096905,0.0021268178,1,3083,385
IYNC,0.8096905,0.00053948554,1,3083,385
IDRC,0.8096905,0.00037363017,1,3083,385
TEME,0.8096905,0.0012327447,1,3083,385
IHRP,0.8096905,0.00019516682,1,3083,385
ARGR,0.8096905,0.00024908676,1,3083,385
LRGR,0.8096905,0.000679808,1,3083,385
LRDR,0.8096905,0.00015239409,1,3083,385
LHLR,0.8096905,0.00061281194,1,3083,385
SHLD,0.8096905,0.0023040527,1,3083,385
SHMD,0.8096905,0.00016964189,1,3083,385
SHDD,0.8096905,0.004246796,1,3083,385
SHNP,0.8096905,0.00019539673,1,3083,385
AHCP,0.8096905,0.0029722645,1,3083,385
IIRP,0.8096905,0.00027511074,1,3083,385
IARP,0.8096905,0.0002003524,1,3083,385
IERP,0.8096905,0.00041164216,1,3083,385
LERP,0.8096905,0.00032884927,1,3083,385
LEDP,0.8096905,0.00031007815,1,3083,385
LEVP,0.8096905,0.00028471128,1,3083,385
LEWQ,0.8096905,0.0,1,3083,385
LEKP,0.8096905,0.0005337574,1,3083,385
LEGP,0.8096905,0.00047588005,1,3083,385
LAGS,0.8096905,0.06452902,1,3083,385
LAGP,0.8096905,0.00090845505,1,3083,385
NQNP,0.8096905,0.0,1,3083,385
TNME,0.8096905,0.0,1,3083,385
VETE,0.8096905,0.0,1,3083,385
FECG,0.8096905,0.037309,1,3083,385
TNDN,0.8096905,0.0,1,3083,385
TLDN,0.8096905,0.0011285156,1,3083,385
TLCN,0.8096905,0.00052167237,1,3083,385
TECN,0.8096905,0.0,1,3083,385
TACV,0.8096905,0.00314189,1,3083,385
TMCE,0.8096905,0.0020736475,1,3083,385
TMCI,0.8096905,0.0009534011,1,3083,385
LMCI,0.8096905,0.021743543,1,3083,385
LECI,0.8096905,0.012980083,1,3083,385
FDCT,0.8096905,0.0088562025,1,3083,385
TLIS,0.8096905,0.00022992623,1,3083,385
EDTT,0.8096905,0.0,1,3083,385
EDDT,0.8096905,7.452461e-05,1,3083,385
CDMT,0.8096905,0.012617705,1,3083,385
WDMT,0.8096905,0.082438365,1,3083,385
YDMQ,0.8096905,0.0,1,3083,385
YRMQ,0.8096905,0.00027927916,1,3083,385
YQMP,0.8096905,0.00041021706,1,3083,385
LQMP,0.8096905,0.0026685006,1,3083,385
NQMP,0.8096905,0.00023234142,1,3083,385
IEVE,0.8096905,9.735432e-05,1,3083,385
TNIN,0.8096905,0.0,1,3083,385
TQDS,0.8096905,0.0,1,3083,385
ALER,0.8096905,0.0,1,3083,385
WEVE,0.8096905,0.00023314288,1,3083,385
HEAE,0.8096905,0.0,1,3083,385
HRAE,0.8096905,0.0006883476,1,3083,385
HRAR,0.8096905,0.00022709351,1,3083,385
HEAR,0.8096905,0.0,1,3083,385
HIAR,0.8096905,0.0003725513,1,3083,385
WIVR,0.8096905,0.00020366308,1,3083,385
WIDR,0.8096905,0.00027307292,1,3083,385
TQNS,0.8096905,0.0,1,3083,385
AIDR,0.8096905,0.0,1,3083,385
ANWR,0.8096905,0.0,1,3083,385
ANKR,0.8096905,0.0,1,3083,385
WNKR,0.8096905,0.0002783419,1,3083,385
TYKP,0.8096905,0.0007275955,1,3083,385
TYKV,0.8096905,0.0,1,3083,385
TYCV,0.8096905,0.002633203,1,3083,385
TYCS,0.8096905,0.004695051,1,3083,385
TYDS,0.8096905,0.0,1,3083,385
TYYS,0.8096905,0.0,1,3083,385
DNSH,0.8090113,0.0,1,3083,385
GHKF,0.8090113,0.0,1,3083,385
DCKP,0.8035672,0.0,1,3083,385
PEMC,0.019473497,0.0,2,6263,769
PELC,0.019429747,0.00029729717,2,6263,769
PELD,0.018900756,0.011005746,2,6263,769
PEMD,0.018879,0.002557961,2,6263,769
PEMT,0.018690709,0.00019749023,2,6263,769
PELT,0.018669132,0.00064299145,2,6263,769
PELG,0.018450145,0.002321641,2,6263,769
PEGC,0.018433694,0.0014251872,2,6263,769
PEMG,0.018387083,0.0005027024,2,6263,769
PDMC,0.018383149,0.0008378374,2,6263,769
PDLC,0.018251542,0.0,2,6263,769
PEGD,0.017917875,0.012021755,2,6263,769
PECC,0.017887238,0.0016927734,2,6263,769
PDMD,0.017762724,0.0013405966,2,6263,769
PDLD,0.017696623,0.0057969806,2,6263,769
PEGT,0.017673079,9.124957e-05,2,6263,769
PDMT,0.01762778,0.0003894174,2,6263,769
PLMC,0.017594162,0.00039498045,2,6263,769
PEMM,0.017526332,0.0,2,6263,769
PDLT,0.017518464,0.00020788446,2,6263,769
PLLC,0.017488126,0.0005266406,2,6263,769
PIMT,0.017485086,0.00025900354,2,6263,769
PVMC,0.017469589,0.0004959396,2,6263,769
PEGG,0.017403726,0.0005967331,2,6263,769
PILT,0.017353479,0.0006624515,2,6263,769
PVLC,0.0173502,0.00075829576,2,6263,769
PECD,0.01734585,0.012063268,2,6263,769
PDGC,0.017310623,0.0031034178,2,6263,769
PDLG,0.017230038,0.0022038764,2,6263,769
PCMC,0.01722314,0.0,2,6263,769
PKMC,0.017208342,0.00025135124,2,6263,769
EELC,0.017205361,0.0034983985,2,6263,769
EEMC,0.017191354,0.0005167969,2,6263,769
PECT,0.017098788,0.00038669413,2,6263,769
PILG,0.017068151,0.0008108103,2,6263,769
PTMC,0.016969506,0.00030052866,2,6263,769
PRMC,0.016919617,0.00066145055,2,6263,769
PAMC,0.016859476,0.0,2,6263,769
PECG,0.016842369,0.0011765376,2,6263,769
PRLC,0.016817752,0.0006255346,2,6263,769
PLMT,0.016815726,0.00036897644,2,6263,769
PWMC,0.0167805,0.00046862086,2,6263,769
PALC,0.016754035,0.00014251875,2,6263,769
PLLT,0.01673216,0.00038574214,2,6263,769
PDCC,0.016716484,0.0008378374,2,6263,769
PWLC,0.016674284,0.0017953657,2,6263,769
PNMC,0.016655091,0.0027648632,2,6263,769
EELD,0.016645614,0.0045949565,2,6263,769
PCMD,0.016599616,0.0018150425,2,6263,769
PKMD,0.016584698,0.0012555866,2,6263,769
PLGC,0.016555075,0.0014264848,2,6263,769
PNLC,0.016551856,0.0006178465,2,6263,769
PEGM,0.016538922,0.0007825085,2,6263,769
PELA,0.016520742,0.00031658742,2,6263,769
PEML,0.0165031,0.0,2,6263,769
PLMG,0.016462628,0.0006213176,2,6263,769
EELT,0.016452733,0.037683807,2,6263,769
FEMT,0.016435627,0.013469847,2,6263,769
PVGC,0.016424779,0.0033302275,2,6263,769
PIGT,0.016418163,0.00029020512,2,6263,769
EEMT,0.016415838,0.0021629883,2,6263,769
PCLT,0.016361138,0.001658918,2,6263,769
FELT,0.01635987,0.0660208,2,6263,769
PIMM,0.016320888,0.0,2,6263,769
PRMD,0.016314749,0.0012235742,2,6263,769
PVLG,0.016314212,0.0008253323,2,6263,769
PMMC,0.016282324,0.0017594584,2,6263,769
PRLD,0.01627845,0.0061441404,2,6263,769
PHLC,0.016246323,0.0013553251,2,6263,769
PILM,0.016211513,0.00013292608,2,6263,769
PFLC,0.016205195,0.00074726035,2,6263,769
PMLC,0.016180042,0.0006178465,2,6263,769
EEMG,0.0161773,0.022513887,2,6263,769
PKGC,0.016163472,0.0038927677,2,6263,769
PPMC,0.016161207,0.0006356007,2,6263,769
PDCD,0.016149167,0.0067435983,2,6263,769
PELS,0.016132835,0.00017895554,2,6263,769
PWLD,0.016116444,0.010227835,2,6263,769
PCLG,0.016092619,0.002587803,2,6263,769
PAMT,0.016090337,0.0,2,6263,769
WELD,0.016089562,0.0034560792,2,6263,769
PPLC,0.01605511,0.0003021708,2,6263,769
PLGD,0.0160085,0.0032527803,2,6263,769
PWMT,0.016002063,0.00061441405,2,6263,769
EILC,0.015947048,0.026103057,2,6263,769
PELF,0.015910212,0.00034134116,2,6263,769
PEMF,0.015900377,0.0,2,6263,769
PRGC,0.015880529,0.006815709,2,6263,769
PNMT,0.015877012,8.833433e-05,2,6263,769
PAGC,0.015839461,0.0036864844,2,6263,769
PVCC,0.015818063,0.0022504702,2,6263,769
PICT,0.015801255,0.0006999654,2,6263,769
PSMC,0.01579297,0.00078356446,2,6263,769
PALG,0.015738849,0.0013487138,2,6263,769
PWGC,0.015733603,0.0039498047,2,6263,769
PSLC,0.015691523,0.0005833045,2,6263,769
PVGT,0.015669111,0.0006154271,2,6263,769
PLMM,0.015659336,8.586527e-05,2,6263,769
PEQC,0.015651,0.0,2,6263,769
PMMD,0.015648726,0.0009328312,2,6263,769
PWLG,0.015648548,0.0017799549,2,6263,769
PMLD,0.015612308,0.0044856546,2,6263,769
EEGD,0.015594307,0.0038493276,2,6263,769
PNLG,0.015527729,0.0007340345,2,6263,769
PEGA,0.01552457,0.00020255413,2,6263,769
PMMT,0.015503947,0.00010842605,2,6263,769
PHLT,0.015490297,0.0010240235,2,6263,769
PEMH,0.015467111,0.0,2,6263,769
EDMD,0.0154426135,0.00039170255,2,6263,769
PQMT,0.015437428,0.00021105824,2,6263,769
EDLD,0.015434746,0.004578814,2,6263,769
PDMA,0.01542807,0.00045700217,2,6263,769
PCGT,0.015420755,0.0015243542,2,6263,769
PPMT,0.015385751,0.00035907316,2,6263,769
PDLA,0.015350167,0.00049727754,2,6263,769
FIMT,0.015333418,0.1028969,2,6263,769
PTCC,0.0153298415,0.00045574666,2,6263,769
EELM,0.015327338,0.00049907283,2,6263,769
EIMD,0.015325967,0.00051131815,2,6263,769
PHGC,0.015310828,0.010784928,2,6263,769
ELLC,0.015274052,0.001776619,2,6263,769
PKMM,0.015265945,0.0,2,6263,769
PVCD,0.015250031,0.006750957,2,6263,769
PHLG,0.015222076,0.01078971,2,6263,769
PCLM,0.015219053,0.00041266615,2,6263,769
EIMT,0.015214685,0.013675667,2,6263,769
PILL,0.015200023,0.0002764863,2,6263,769
PEFC,0.01517785,0.0,2,6263,769
PLCT,0.015171532,0.0012301299,2,6263,769
PQGC,0.015171353,0.0020866892,2,6263,769
PTGT,0.015171293,0.00051592017,2,6263,769
EILT,0.01514155,0.20039639,2,6263,769
PPGC,0.015112285,0.00087972917,2,6263,769
PAGT,0.015092615,0.00056425773,2,6263,769
PQLG,0.0150911845,0.0021770578,2,6263,769
WEGD,0.01509029,0.0006010572,2,6263,769
PNGD,0.015065614,0.0053784465,2,6263,769
PDMS,0.015050355,0.00017280396,2,6263,769
EDMG,0.0150376,0.062350485,2,6263,769
PVCT,0.015034322,0.0014058627,2,6263,769
EECD,0.015024904,0.0037387463,2,6263,769
PEHC,0.015015963,0.0,2,6263,769
PKCD,0.015003089,0.0076780263,2,6263,769
PWGT,0.014977876,0.0006159349,2,6263,769
WDLD,0.014976207,0.0029623534,2,6263,769
PYGC,0.014954213,0.0041062324,2,6263,769
PECA,0.014952604,0.00205651,2,6263,769
PEMY,0.014943484,0.0005027024,2,6263,769
PAMM,0.014926139,0.00033717847,2,6263,769
PIMS,0.014922265,0.00042783187,2,6263,769
EIMG,0.014909688,0.1658918,2,6263,769
PGLC,0.014885429,0.00054480066,2,6263,769
PILS,0.014820639,0.00038796023,2,6263,769
PDMF,0.014817599,0.0,2,6263,769
EECT,0.014816288,0.0038927677,2,6263,769
WILD,0.01479632,0.014887725,2,6263,769
PKCT,0.014789347,0.0016083692,2,6263,769
WELM,0.014783386,0.0024448726,2,6263,769
PTCD,0.014765862,0.004353079,2,6263,769
PRCD,0.014732126,0.00789773,2,6263,769
ELMD,0.014665548,0.00022932269,2,6263,769
PICM,0.014661554,0.0011520264,2,6263,769
PNLM,0.014654223,0.0,2,6263,769
EECG,0.014624838,0.056650694,2,6263,769
FRLC,0.014595155,0.31565523,2,6263,769
PILF,0.014594678,0.00020633308,2,6263,769
PEAC,0.014592532,0.0006826823,2,6263,769
PLLL,0.014578227,0.00022582337,2,6263,769
EVLD,0.014548305,0.004147295,2,6263,769
EALC,0.014532153,0.01351334,2,6263,769
PDQC,0.014520828,0.0017280395,2,6263,769
PRCT,0.014512185,0.0012972965,2,6263,769
PEWC,0.014472727,0.0,2,6263,769
PVLA,0.014445726,0.0002955317,2,6263,769
PVLL,0.014440719,0.00024671594,2,6263,769
PYGD,0.014417175,0.01605516,2,6263,769
PDGL,0.014415387,0.001256756,2,6263,769
EVLT,0.014385942,0.17036527,2,6263,769
PEMK,0.014370982,0.0,2,6263,769
PECF,0.014342312,0.0007899609,2,6263,769
PMMM,0.014339868,0.00018681504,2,6263,769
ECLD,0.014306685,0.0066655693,2,6263,769
PDLH,0.014306489,0.00019891108,2,6263,769
EELL,0.014305893,0.0004081983,2,6263,769
ECMD,0.014288744,0.00056850567,2,6263,769
PKMA,0.01425219,0.00038268004,2,6263,769
PNCT,0.014237586,0.0010928313,2,6263,769
PFGG,0.014191274,0.0012824041,2,6263,769
PFCD,0.014105741,0.012155306,2,6263,769
PDFC,0.014049653,0.0010634089,2,6263,769
PLMF,0.0140254535,9.2780676e-05,2,6263,769
PTML,0.014006797,4.4811364e-05,2,6263,769
ERMD,0.013985936,0.00036074832,2,6263,769
PRML,0.013977591,0.00027030788,2,6263,769
PTLA,0.013963226,0.0002523709,2,6263,769
PAGM,0.013958517,0.0023646858,2,6263,769
EALD,0.013948623,0.0055297264,2,6263,769
EELS,0.013929073,0.0059964447,2,6263,769
LELT,0.013914589,0.13289894,2,6263,769
PAMA,0.013910476,0.0006583008,2,6263,769
PYGG,0.013884429,0.00068148033,2,6263,769
ECMG,0.01388373,0.060481384,2,6263,769
PMCT,0.013872746,0.0008865293,2,6263,769
EWLD,0.013863746,0.008078577,2,6263,769
PALL,0.013853792,0.00025365717,2,6263,769
FELS,0.013815109,0.0022449745,2,6263,769
FWLD,0.013808493,0.011182325,2,6263,769
WCLD,0.013807258,0.007540536,2,6263,769
DELT,0.013802787,0.0016263901,2,6263,769
PLQC,0.013757173,0.00045700217,2,6263,769
CDMC,0.013749722,0.00655375,2,6263,769
ENLD,0.013742868,0.004477413,2,6263,769
FYLC,0.01369584,0.1799288,2,6263,769
PHCG,0.013631586,0.0061441404,2,6263,769
ENLT,0.013581697,0.1725824,2,6263,769
PMCG,0.013567213,0.00178822,2,6263,769
EAMG,0.013529364,0.07864261,2,6263,769
ESLC,0.013469521,0.023682162,2,6263,769
WELS,0.013376538,0.020944532,2,6263,769
PILV,0.013345007,0.0006402841,2,6263,769
PHLA,0.013341848,0.0010702696,2,6263,769
PDKC,0.01332446,0.0,2,6263,769
EVLM,0.013274673,0.0024134335,2,6263,769
EELH,0.013269786,0.00013755541,2,6263,769
FQLD,0.01324654,0.013812995,2,6263,769
PDLK,0.013213281,0.0018432421,2,6263,769
FPLD,0.013188664,0.0035455336,2,6263,769
PILK,0.013066534,0.0,2,6263,769
PTGL,0.013027314,0.0020464342,2,6263,769
PAQC,0.013027135,0.0,2,6263,769
EHMG,0.013025109,0.073153675,2,6263,769
AELD,0.012969915,0.003206528,2,6263,769
PFLS,0.012921456,0.00027627384,2,6263,769
WVLM,0.012807731,0.005677741,2,6263,769
WQLD,0.012803856,0.008797293,2,6263,769
PSLL,0.012781862,0.00027344798,2,6263,769
EVCT,0.012760226,0.029443502,2,6263,769
PFCM,0.0127524175,0.00078547245,2,6263,769
PKHC,0.012737993,0.002353075,2,6263,769
WELH,0.012717072,0.0005454575,2,6263,769
PLAC,0.012701813,0.00059401355,2,6263,769
EKCD,0.012684587,0.0039621633,2,6263,769
PMLF,0.012665097,8.559946e-05,2,6263,769
PIMI,0.012625579,0.00044237808,2,6263,769
PGCT,0.012573842,0.00084294606,2,6263,769
PLKC,0.012561103,0.00051519193,2,6263,769
PIMN,0.012552086,0.0001417879,2,6263,769
FTCD,0.012439851,0.007777778,2,6263,769
PHGA,0.012406591,0.0012233908,2,6263,769
PCLV,0.012354335,0.00097583403,2,6263,769
MVMT,0.012346748,0.076814145,2,6263,769
EACT,0.012169126,0.014034838,2,6263,769
CVLD,0.012121443,0.0029103823,2,6263,769
MCMT,0.012095174,0.03856941,2,6263,769
PGLL,0.011979464,0.00012899825,2,6263,769
WLML,0.011970056,0.0014335001,2,6263,769
CKMT,0.0118009485,0.016083192,2,6263,769
PHCA,0.011791054,0.07161449,2,6263,769
ESLM,0.011596087,0.0017901992,2,6263,769
MTGC,0.011591805,0.069121584,2,6263,769
PCLI,0.01154252,0.0,2,6263,769
DKLT,0.011530301,0.0011059452,2,6263,769
WYGT,0.011518005,0.079132676,2,6263,769
EYCD,0.011490706,0.0114476625,2,6263,769
HEGD,0.011473361,0.0049327933,2,6263,769
CNLD,0.011316244,0.00253799,2,6263,769
PMLK,0.0111385025,0.00017173064,2,6263,769
CFMT,0.010903481,0.0054854886,2,6263,769
FPLL,0.010884646,0.00016997114,2,6263,769
VELL,0.010850731,0.000100540514,2,6263,769
VKLT,0.010734979,0.14246598,2,6263,769
AIGT,0.010602001,0.007589821,2,6263,769
CDMS,0.0104273,0.009037688,2,6263,769
PIPA,0.010346068,0.00048648624,2,6263,769
PLQF,0.010245029,0.00024253188,2,6263,769
FFLW,0.010117484,0.0008180068,2,6263,769
PAAM,0.010083023,0.00025600588,2,6263,769
AVGT,0.009858314,0.010217973,2,6263,769
DRCT,0.009676827,0.0014336327,2,6263,769
PLYL,0.009567274,0.00030689698,2,6263,769
HDML,0.009087039,0.00022570313,2,6263,769
GFMT,0.008868469,0.0004623517,2,6263,769
AFGT,0.008689944,0.015046875,2,6263,769
HGMC,0.008637382,0.0013166015,2,6263,769
EAPG,0.008613301,0.00077610195,2,6263,769
RSMM,0.008555008,0.00019539673,2,6263,769
FPFG,0.008524252,0.0071322904,2,6263,769
AYGT,0.008383337,0.023347734,2,6263,769
FRLP,0.008099509,0.004471231,2,6263,769
DEGI,0.007986439,0.0017837827,2,6263,769
QMCD,0.007880224,0.0040084897,2,6263,769
CHMH,0.007736636,0.0012859829,2,6263,769
VHLL,0.007729355,0.0015634643,2,6263,769
FWAM,0.007722748,0.065830074,2,6263,769
WRGQ,0.0075192577,0.0036986757,2,6263,769
PIHP,0.00729431,0.0002229728,2,6263,769
YIYC,0.007157994,0.0030162144,2,6263,769
LTDC,0.007142616,0.0006029297,2,6263,769
KTGL,0.0069145686,0.04842467,2,6263,769
LICK,0.006832672,0.0014350502,2,6263,769
LRAD,0.006750358,0.0024042288,2,6263,769
WHNG,0.006696773,0.0020788447,2,6263,769
LHHD,0.0065945513,0.012800512,2,6263,769
KCLY,0.0065516955,0.00051519193,2,6263,769
NDMQ,0.006041718,0.0,2,6263,769
AEMR,0.0059139854,0.0006097272,2,6263,769
IQLW,0.005698157,0.0,2,6263,769
YPHC,0.005680991,0.0011059452,2,6263,769
NFMH,0.0056713945,0.0005120117,2,6263,769
DHFM,0.0053342707,0.0,2,6263,769
RNWG,0.0052720434,0.00035840817,2,6263,769
NVPT,0.005097402,0.00013586553,2,6263,769
CPIT,0.0050650365,0.00097225956,2,6263,769
VDRA,0.004943145,0.00070442376,2,6263,769
SQMH,0.0048459894,0.0,2,6263,769
AFLI,0.0048222668,0.0012021145,2,6263,769
YCIT,0.00476147,0.0017742438,2,6263,769
GCNC,0.00465144,0.0,2,6263,769
VRGQ,0.004618121,0.0106141055,2,6263,769
KCMP,0.004592133,0.0,2,6263,769
TVME,0.0044562346,0.0,2,6263,769
VWRM,0.0043703443,0.00022850114,2,6263,769
THYT,0.004196537,0.0,2,6263,769
YHFM,0.004157377,0.0042536356,2,6263,769
TKRM,0.004129482,0.0,2,6263,769
GNYT,0.004117144,0.01018025,2,6263,769
AWWM,0.004042936,0.0012064903,2,6263,769
CLKH,0.003979159,0.0006583008,2,6263,769
HFFM,0.003766609,0.00010552917,2,6263,769
SPHD,0.0037135608,0.0032674137,2,6263,769
SSVC,0.003539396,0.0005708105,2,6263,769
MRNS,0.003403557,0.0076355943,2,6263,769
ASET,0.003368271,0.0025920593,2,6263,769
NAEG,0.0033103353,0.0,2,6263,769
YGWT,0.0032208092,0.0004044348,2,6263,769
NCRL,0.0027921326,0.001164153,2,6263,769
GVCP,0.0026809103,0.0004886356,2,6263,769
FSHP,0.0025934703,0.0,2,6263,769
YHQH,0.0025715954,0.0,2,6263,769
ETIE,0.0023350841,0.0002211891,2,6263,769
WQII,0.002242101,0.000100540514,2,6263,769
LHWY,0.0021996624,0.007432428,2,6263,769
FQYE,0.002153886,0.0,2,6263,769
QMCP,0.0020297295,0.0007848644,2,6263,769
LNWK,0.0019055135,0.00015890023,2,6263,769
STVA,0.0018134839,0.0003070121,2,6263,769
NPQH,0.0017455346,0.00047670057,2,6263,769
RMCR,0.001735521,0.0011380342,2,6263,769
MHPQ,0.001392079,0.0,2,6263,769
NDRI,0.0012691147,0.0001105945,2,6263,769
LLDE,0.0011094934,0.00033311607,2,6263,769
RWRI,0.0010258085,0.00026649283,2,6263,769
MWNI,0.0009777672,0.0003808352,2,6263,769
TYNL,0.00093288487,0.0006356007,2,6263,769
DGEF,0.0008100993,0.0,2,6263,769
TQIF,0.0007109172,0.0,2,6263,769
LRNN,0.0006955392,0.00017876276,2,6263,769
ITNW,0.0006711609,0.00045325622,2,6263,769
ATQE,0.00064135855,0.008811334,2,6263,769
AARN,0.00049401587,0.0,2,6263,769
HRTY,0.00046451157,0.00023332184,2,6263,769
ITPK,0.00035990542,0.00012682859,2,6263,769
QGRW,0.0001287586,0.00031980537,2,6263,769
KTYN,9.096926e-05,0.00086401973,2,6263,769
ISAY,-0.00015388662,0.00089395116,2,6263,769
KKIQ,-0.00024520094,0.00015799214,2,6263,769
CAAR,-0.0002587908,0.00068312616,2,6263,769
HYRI,-0.0007770532,0.00056425773,2,6263,769
KHIQ,-0.0010914677,0.00022662817,2,6263,769
TRTP,-0.001472103,0.00011917517,2,6263,769
GTYE,-0.0014791959,0.0,2,6263,769
VGEK,-0.0015128129,0.0,2,6263,769
NNVE,-0.0015402907,0.0,2,6263,769
HQQR,-0.0015519136,0.0007275955,2,6263,769
RRTR,-0.0016371482,0.00021159672,2,6263,769
NKIE,-0.001788544,0.00064299145,2,6263,769
NIER,-0.0018558973,0.00035296124,2,6263,769
IYEI,-0.0019993656,0.0004007048,2,6263,769
SPFE,-0.002168464,0.00031598436,2,6263,769
SFEQ,-0.0025361055,0.00030383116,2,6263,769
TGSK,-0.0025408142,0.0,2,6263,769
NSDE,-0.0026090615,0.00015026427,2,6263,769
RHSR,-0.0027341717,0.00033445924,2,6263,769
NHER,-0.0037073963,0.0002737488,2,6263,769
FILT,0.04123688,0.38639987,3,9430,1153
FYLT,0.040865425,0.18282202,3,9430,1153
FRLT,0.039461378,0.36872813,3,9430,1153
FKLT,0.039077286,0.2742013,3,9430,1153
FHLT,0.03840447,0.2663442,3,9430,1153
FVLT,0.038179163,0.2990551,3,9430,1153
FNLT,0.03817082,0.2425567,3,9430,1153
EYLT,0.03815556,0.0563088,3,9430,1153
FTLT,0.037909273,0.083118975,3,9430,1153
ERLT,0.036689285,0.20430171,3,9430,1153
EKLT,0.03645349,0.1270874,3,9430,1153
FWLT,0.03600884,0.3602313,3,9430,1153
FYMT,0.03597999,0.082144484,3,9430,1153
EHLT,0.035813335,0.13972674,3,9430,1153
FCLT,0.03551865,0.20790336,3,9430,1153
FALT,0.03546262,0.19547644,3,9430,1153
ETLT,0.035315517,0.07465131,3,9430,1153
FDLT,0.035287146,0.11667561,3,9430,1153
FILG,0.03509188,0.4302261,3,9430,1153
FLLT,0.03504825,0.13958453,3,9430,1153
FQLT,0.034710888,0.180872,3,9430,1153
FYGT,0.034640316,0.44964066,3,9430,1153
FRMT,0.034492973,0.11273632,3,9430,1153
FGLT,0.034462932,0.0015751845,3,9430,1153
FKMT,0.03420997,0.045726586,3,9430,1153
MILT,0.033751253,0.23395951,3,9430,1153
FHMT,0.03365994,0.093579985,3,9430,1153
EMLT,0.03345466,0.061032884,3,9430,1153
FVMT,0.03338862,0.08666336,3,9430,1153
MYLT,0.033384327,0.10602649,3,9430,1153
FRLG,0.033381466,0.44675708,3,9430,1153
EYMT,0.033316616,0.010054048,3,9430,1153
FRGT,0.03316236,0.29827565,3,9430,1153
FTMT,0.033095602,0.006710833,3,9430,1153
FPLT,0.032992605,0.0007186953,3,9430,1153
FKLG,0.032944445,0.3920826,3,9430,1153
FYAT,0.032926086,0.18745509,3,9430,1153
EDLT,0.032660726,0.10304132,3,9430,1153
EILG,0.0326283,0.35358348,3,9430,1153
FYQT,0.03258944,0.0,3,9430,1153
EIGT,0.0324564,0.0039302753,3,9430,1153
FHLC,0.032377247,0.3255491,3,9430,1153
FHLG,0.03235245,0.40171048,3,9430,1153
FHGT,0.032288793,0.3704039,3,9430,1153
EYLG,0.032129053,0.25681326,3,9430,1153
FNLC,0.03205872,0.18125215,3,9430,1153
FVGT,0.032007936,0.288578,3,9430,1153
FNLG,0.03200603,0.4012788,3,9430,1153
MRLT,0.031938795,0.30635327,3,9430,1153
EYGT,0.031932835,0.0047061504,3,9430,1153
EGLT,0.03183842,0.00824886,3,9430,1153
FTGT,0.031804565,0.17276576,3,9430,1153
ERMT,0.031768326,0.014969978,3,9430,1153
EYLC,0.031637195,0.0010634089,3,9430,1153
FIHT,0.031618837,0.0021474666,3,9430,1153
FIVT,0.03151584,0.0035792172,3,9430,1153
ESLT,0.03128076,0.20758772,3,9430,1153
FMMT,0.031264786,0.016547287,3,9430,1153
FIKT,0.031249288,0.0,3,9430,1153
FWMT,0.031214718,0.07116123,3,9430,1153
FKAT,0.031169657,0.010306301,3,9430,1153
FRQT,0.031126026,0.00023431043,3,9430,1153
FYFT,0.03109837,0.03430205,3,9430,1153
FILA,0.030900005,0.33646098,3,9430,1153
FYKT,0.03083611,0.0,3,9430,1153
VILT,0.03083301,0.16204152,3,9430,1153
FKCT,0.030809406,0.028094579,3,9430,1153
MNLT,0.03076673,0.209591,3,9430,1153
FCMT,0.03076053,0.02633203,3,9430,1153
ERLG,0.030708555,0.40810534,3,9430,1153
FDMT,0.030547384,0.01434929,3,9430,1153
VYLT,0.03046966,0.03853254,3,9430,1153
EKLG,0.030419592,0.32286954,3,9430,1153
FVAT,0.030301813,0.039619822,3,9430,1153
FHCT,0.030269388,0.037363015,3,9430,1153
FLMT,0.030251507,0.019516682,3,9430,1153
EKGT,0.030249361,0.0051262416,3,9430,1153
FHQT,0.030243877,0.0009372418,3,9430,1153
FYRT,0.030172352,0.0009372418,3,9430,1153
FYMC,0.030139212,0.042074006,3,9430,1153
FELC,0.030077223,0.06359185,3,9430,1153
FMLC,0.030034307,0.11809717,3,9430,1153
FMLG,0.029990438,0.22944023,3,9430,1153
FEGT,0.029989723,0.0741406,3,9430,1153
FWLC,0.029971842,0.3437011,3,9430,1153
FMGT,0.029924873,0.13104379,3,9430,1153
EYQT,0.029911999,0.0016263901,3,9430,1153
FWGT,0.029868368,0.3681876,3,9430,1153
FTQT,0.02972174,0.0,3,9430,1153
ENLG,0.02955461,0.37739322,3,9430,1153
FYYT,0.029538635,0.0036593778,3,9430,1153
FCLG,0.029453281,0.3083042,3,9430,1153
FKHT,0.029448275,0.0018189889,3,9430,1153
LKLT,0.029440407,0.34320596,3,9430,1153
FYPT,0.029428009,0.0,3,9430,1153
ENGT,0.02942038,0.004285129,3,9430,1153
FCGT,0.029388908,0.21260844,3,9430,1153
EHLC,0.029276375,0.013542187,3,9430,1153
FDLC,0.029252771,0.1050648,3,9430,1153
FDLG,0.029231314,0.2599914,3,9430,1153
FILF,0.029212479,0.000946871,3,9430,1153
ETGT,0.029212479,0.002724402,3,9430,1153
MIMT,0.029159311,0.074905485,3,9430,1153
FSMT,0.02909923,0.01699019,3,9430,1153
EIHT,0.02909017,0.00020633308,3,9430,1153
FKKT,0.029082779,0.0,3,9430,1153
VRLT,0.02902222,0.23564091,3,9430,1153
KILT,0.02899218,0.053727787,3,9430,1153
EIFT,0.028984789,0.13554573,3,9430,1153
FRST,0.028924946,0.00090845505,3,9430,1153
FRMG,0.028873924,0.23299733,3,9430,1153
FYGC,0.028843168,0.44035503,3,9430,1153
MELT,0.028784279,0.059422262,3,9430,1153
QYLT,0.028778557,0.039009705,3,9430,1153
ETLC,0.028778557,0.0047910986,3,9430,1153
FHVT,0.028760675,0.0036818532,3,9430,1153
FRMC,0.028751615,0.07065762,3,9430,1153
ERAT,0.028686289,0.0022643276,3,9430,1153
MYMT,0.02863789,0.045581117,3,9430,1153
FKST,0.028629307,0.00076801755,3,9430,1153
MWLT,0.028587583,0.33096576,3,9430,1153
EKAT,0.028544668,0.001833838,3,9430,1153
FHKT,0.028492693,0.0,3,9430,1153
FVVT,0.028480057,0.0023492302,3,9430,1153
FKRT,0.02841926,0.00062837807,3,9430,1153
FGLC,0.0284133,0.0021065625,3,9430,1153
ERCT,0.02838302,0.027142247,3,9430,1153
AILT,0.02828503,0.21616204,3,9430,1153
EKCT,0.028246883,0.012902695,3,9430,1153
FVKT,0.028216366,0.00012741306,3,9430,1153
EILA,0.028192047,0.29491875,3,9430,1153
FILL,0.028165821,0.0019492542,3,9430,1153
WVLT,0.028164867,0.38581374,3,9430,1153
MCLT,0.028127197,0.16836138,3,9430,1153
WNLT,0.02812529,0.41009384,3,9430,1153
FHST,0.028044228,0.002241781,3,9430,1153
EHAT,0.027990583,0.0024344707,3,9430,1153
FEQT,0.027962688,0.0,3,9430,1153
MDLT,0.027897362,0.10806603,3,9430,1153
FMQT,0.027883772,0.0,3,9430,1153
FMCT,0.027874712,0.019651094,3,9430,1153
FSLC,0.027851585,0.18028037,3,9430,1153
FNLA,0.027844194,0.17895591,3,9430,1153
FWQT,0.027831558,0.0,3,9430,1153
YILT,0.027765993,0.3412043,3,9430,1153
FVST,0.027763132,0.0014452157,3,9430,1153
EVAT,0.027745489,0.0037264617,3,9430,1153
EYLA,0.02771664,0.16960075,3,9430,1153
ENAT,0.027714495,0.001699078,3,9430,1153
FKPT,0.027670864,0.00039310846,3,9430,1153
VTLT,0.027622942,0.056830086,3,9430,1153
EIMC,0.027591232,0.0040216194,3,9430,1153
EMLG,0.027472738,0.15086536,3,9430,1153
FTMG,0.027471546,0.053993084,3,9430,1153
FRGC,0.027464632,0.20630133,3,9430,1153
FNMC,0.027363304,0.03415419,3,9430,1153
FILV,0.027347092,0.14211011,3,9430,1153
FCCT,0.02733541,0.0107373325,3,9430,1153
MQLT,0.027324442,0.15397906,3,9430,1153
FDQT,0.027122263,0.0006583008,3,9430,1153
MRMT,0.027109865,0.091902934,3,9430,1153
EMLC,0.02690721,0.0030720702,3,9430,1153
FVET,0.026856188,0.00022178043,3,9430,1153
FNET,0.026827816,0.00026332025,3,9430,1153
EWLC,0.026817802,0.007825085,3,9430,1153
FVPT,0.026796106,0.00028800662,3,9430,1153
EKVT,0.026755098,0.0023321246,3,9430,1153
EIGG,0.026723627,0.0016756747,3,9430,1153
MSLT,0.026507143,0.20984975,3,9430,1153
FRLL,0.026491884,0.002358911,3,9430,1153
QHLT,0.026398186,0.120129324,3,9430,1153
ECLC,0.026359085,0.0045140623,3,9430,1153
SRLT,0.026341204,0.009726943,3,9430,1153
EHHT,0.026309494,0.0008378374,3,9430,1153
FGCT,0.02625275,0.001986728,3,9430,1153
IRLT,0.026250128,0.16316147,3,9430,1153
EYGG,0.02621675,0.008611869,3,9430,1153
FEKT,0.02621055,0.0,3,9430,1153
EHVT,0.026200775,0.009813317,3,9430,1153
CRLT,0.026143316,0.14330654,3,9430,1153
EIGC,0.0261004,0.13230382,3,9430,1153
FNGC,0.026071552,0.14494586,3,9430,1153
MNMT,0.026039366,0.0623313,3,9430,1153
EILM,0.02603579,0.0022464513,3,9430,1153
WMLT,0.026030544,0.24321009,3,9430,1153
FYMA,0.026008371,0.21804717,3,9430,1153
FTGC,0.02598906,0.10573042,3,9430,1153
EVFT,0.025954966,0.13431038,3,9430,1153
LALT,0.025875572,0.3331389,3,9430,1153
CKLT,0.025870804,0.093589395,3,9430,1153
FCVT,0.02586675,0.0037949104,3,9430,1153
EKTT,0.025808338,0.00010316654,3,9430,1153
FDHT,0.025738243,0.0008507271,3,9430,1153
ETFT,0.025670294,0.052349947,3,9430,1153
VYMT,0.025639538,0.0039846557,3,9430,1153
MPLT,0.02562857,0.0047098617,3,9430,1153
EMAT,0.025600199,0.00087666395,3,9430,1153
MKLG,0.025538687,0.2652952,3,9430,1153
FYHC,0.025360111,0.0,3,9430,1153
MKLC,0.025357727,0.12207132,3,9430,1153
WDLT,0.025286201,0.25603268,3,9430,1153
EGLC,0.025279049,0.0012941913,3,9430,1153
EFLC,0.025239233,0.004147295,3,9430,1153
FEWT,0.02523804,0.0014301017,3,9430,1153
EKYT,0.02520943,0.0016927734,3,9430,1153
VCLT,0.025204185,0.1999813,3,9430,1153
CHLT,0.02520204,0.0993036,3,9430,1153
EKET,0.025163654,0.00035333712,3,9430,1153
FNLL,0.025114778,0.0026832006,3,9430,1153
EKIT,0.02505279,0.00054480066,3,9430,1153
HTLT,0.024840835,0.014447586,3,9430,1153
FQKT,0.02478123,0.0010842601,3,9430,1153
EHET,0.024611477,0.0007275955,3,9430,1153
FKLQ,0.02459884,0.00046862086,3,9430,1153
KIMT,0.02437115,0.0021581408,3,9430,1153
FYMF,0.024322275,0.0015360351,3,9430,1153
FYRC,0.024321083,0.0025920593,3,9430,1153
EKLF,0.024320845,0.00015275492,3,9430,1153
FGLA,0.024207834,0.011336372,3,9430,1153
ERLM,0.024145845,0.0028010053,3,9430,1153
FVLK,0.02403498,0.00048506376,3,9430,1153
FYWC,0.024030928,0.0016263901,3,9430,1153
FGMG,0.024024013,0.0076174806,3,9430,1153
MMMT,0.024002317,0.01855449,3,9430,1153
DTLT,0.02399278,0.0008092282,3,9430,1153
FYMM,0.023960594,0.021143071,3,9430,1153
EFAT,0.023936752,0.00063317484,3,9430,1153
RYMT,0.023874048,0.000993364,3,9430,1153
EKLM,0.023850922,0.0013893786,3,9430,1153
FRFG,0.023843769,0.49177408,3,9430,1153
FRLE,0.023817305,0.00069556304,3,9430,1153
EWFT,0.023733143,0.094347395,3,9430,1153
FYYG,0.023716692,0.056791786,3,9430,1153
FVLQ,0.023658756,0.0003237545,3,9430,1153
AIMT,0.023656849,0.04147295,3,9430,1153
FVMA,0.023363356,0.29620028,3,9430,1153
FYML,0.023301844,0.004659882,3,9430,1153
MDMT,0.02329493,0.023884265,3,9430,1153
AYMT,0.023138527,0.02567373,3,9430,1153
EMST,0.023095373,0.0001752687,3,9430,1153
EELA,0.023090366,0.078844175,3,9430,1153
VNMT,0.023048881,0.04383489,3,9430,1153
MIMC,0.023036245,0.07858032,3,9430,1153
ENGC,0.023017887,0.12000863,3,9430,1153
ENLM,0.022996668,0.002501543,3,9430,1153
MLMT,0.022988323,0.012792651,3,9430,1153
EVLM,0.02298494,0.0024134335,3,9430,1153
IYMT,0.022892956,0.005677186,3,9430,1153
CYMT,0.022793535,0.010579834,3,9430,1153
EMDT,0.02271152,0.00025600588,3,9430,1153
YYMT,0.02260447,0.081132874,3,9430,1153
FKMF,0.022541765,0.0,3,9430,1153
FRMM,0.022517923,0.010000569,3,9430,1153
FTHC,0.022469286,0.0007899609,3,9430,1153
RRMT,0.022354607,0.0010642275,3,9430,1153
CALT,0.02227879,0.10028813,3,9430,1153
FYMK,0.022201542,0.0017280395,3,9430,1153
EKLK,0.022200588,0.0008731147,3,9430,1153
HDLT,0.022197966,0.02927184,3,9430,1153
FEQC,0.022050384,0.0,3,9430,1153
ETLY,0.021958355,0.0003698814,3,9430,1153
EVAG,0.021938477,0.008307571,3,9430,1153
YDLT,0.021906618,0.15126361,3,9430,1153
QSLT,0.02190185,0.114943355,3,9430,1153
EYGA,0.021836523,0.006988116,3,9430,1153
EKLQ,0.021830086,0.00029623532,3,9430,1153
EYRG,0.021765474,0.0,3,9430,1153
EQLA,0.021701101,0.114960104,3,9430,1153
ETLW,0.02169228,0.0004106233,3,9430,1153
FHMM,0.021686796,0.0069121583,3,9430,1153
ARMT,0.021622662,0.02344123,3,9430,1153
FIVA,0.021495823,0.001968788,3,9430,1153
ENLI,0.0214479,0.0014763833,3,9430,1153
EELF,0.021409515,0.0009028125,3,9430,1153
EFLA,0.021385673,0.09380786,3,9430,1153
MTHT,0.021171335,0.00035675653,3,9430,1153
YRMT,0.021078829,0.109982155,3,9430,1153
VMMT,0.021003727,0.005222122,3,9430,1153
FYGK,0.02087498,0.0010240235,3,9430,1153
ECLF,0.020828966,0.0,3,9430,1153
ETLQ,0.020741705,0.00039033365,3,9430,1153
FKMV,0.020672802,0.0044237813,3,9430,1153
FVCA,0.02002931,0.3574214,3,9430,1153
EFLF,0.01970363,0.00089189137,3,9430,1153
FMMM,0.019286875,0.0029623534,3,9430,1153
FADG,0.018913139,0.0018031717,3,9430,1153
EWLQ,0.018794302,0.0003894174,3,9430,1153
FVVA,0.018448118,0.0019429976,3,9430,1153
EKAA,0.0184176,0.1020037,3,9430,1153
FKHF,0.017771576,0.0,3,9430,1153
VHTT,0.017637584,0.0018052371,3,9430,1153
YAMT,0.017441515,0.033705786,3,9430,1153
EKAF,0.016726974,0.0009874512,3,9430,1153
QEAT,0.016452286,0.0005296673,3,9430,1153
EKSA,0.015909437,0.0057820333,3,9430,1153
EIRD,0.01566707,0.0032249019,3,9430,1153
EWGM,0.015096251,0.40919974,3,9430,1153
MNSG,0.014607985,0.0068314713,3,9430,1153
FHCR,0.013635505,0.0002684333,3,9430,1153
EHVY,0.013162661,0.00023835024,3,9430,1153
MSCG,0.012849141,0.26858672,3,9430,1153
EMAN,0.012208197,0.0,3,9430,1153
QIPG,0.012112383,0.00021943364,3,9430,1153
ETHK,0.011875872,0.0,3,9430,1153
AWNT,0.011324871,0.0,3,9430,1153
KYPC,0.011305872,0.0,3,9430,1153
FWEV,0.011242721,0.0,3,9430,1153
VCLI,0.011211041,0.003800049,3,9430,1153
EQCY,0.0109883435,0.0,3,9430,1153
EESY,0.01007526,0.00029206296,3,9430,1153
EMKV,0.0099126585,0.0,3,9430,1153
EGTF,0.00949261,0.0007975567,3,9430,1153
RTEG,0.008960132,0.00019891108,3,9430,1153
EDDY,0.008899439,0.00018189891,3,9430,1153
GWLI,0.008271281,0.00038400877,3,9430,1153
EAYQ,0.0074601066,0.0,3,9430,1153
KEMD,0.0072371555,0.0,3,9430,1153
NSLL,0.0071041626,0.00013430981,3,9430,1153
KQSG,0.0066050333,0.00028212892,3,9430,1153
LKWD,0.006475855,0.0014080063,3,9430,1153
DMSG,0.0062146825,0.00036379782,3,9430,1153
KSLP,0.006141339,0.0003415754,3,9430,1153
HQLE,0.0060584885,0.00049668207,3,9430,1153
VNSF,0.0058180583,0.0006213176,3,9430,1153
TQSG,0.0057509285,0.0,3,9430,1153
WQGN,0.0054973704,0.0044220965,3,9430,1153
ILWC,0.0051219505,0.0007232037,3,9430,1153
VGAM,0.0043678028,0.030001707,3,9430,1153
PFFT,0.0043185097,0.00038639392,3,9430,1153
WYIP,0.0041317088,0.00027483725,3,9430,1153
KKSL,0.004038323,0.00024717808,3,9430,1153
KKRL,0.0038249535,0.00026025844,3,9430,1153
IYRV,0.0036451113,0.0003291504,3,9430,1153
DTCL,0.0035368246,0.00074058835,3,9430,1153
NGIC,0.0032868278,0.0005474977,3,9430,1153
KKYL,0.003228624,5.266401e-05,3,9430,1153
GKQQ,0.0030763787,0.00047670057,3,9430,1153
GPTG,0.0030569774,0.00038400877,3,9430,1153
TLKA,0.0023962152,0.0006743568,3,9430,1153
AQAD,0.0021716845,0.0013990484,3,9430,1153
MFIH,0.0021478129,0.00020788446,3,9430,1153
MPEL,0.0019206894,0.0,3,9430,1153
YMIA,0.0016005379,0.00050384755,3,9430,1153
IIIP,0.0014509005,0.0003295864,3,9430,1153
LFSN,0.0012351763,0.0006869226,3,9430,1153
DIIE,0.00070396485,0.0008378374,3,9430,1153
HASF,0.00061412575,0.00022539646,3,9430,1153
IHFP,0.00057948055,0.00847945,3,9430,1153
RTIQ,0.00052442076,0.00020480469,3,9430,1153
DYYP,0.00045380415,0.0,3,9430,1153
QDHQ,-0.00016398309,0.00028212892,3,9430,1153
HWCE,-0.00027536927,0.0001382432,3,9430,1153
HFCK,-0.0002949494,0.001138473,3,9430,1153
REPS,-0.0003859657,0.00031958747,3,9430,1153
LDWE,-0.00039054034,0.0006356007,3,9430,1153
TESV,-0.0005455124,0.00043886717,3,9430,1153
YESW,-0.0005695033,0.0002764863,3,9430,1153
GGQH,-0.0009925324,0.000307207,3,9430,1153
RTSR,-0.0010814476,0.00018137164,3,9430,1153
GEWY,-0.0012551057,0.0,3,9430,1153
PHGV,-0.0013808268,0.0070920284,3,9430,1153
HCKQ,-0.0014148462,0.0011520264,3,9430,1153
VGSP,-0.0014514136,0.00019784349,3,9430,1153
ALDS,-0.0015240717,0.00025600588,3,9430,1153
NEEY,-0.0016868967,0.00030052866,3,9430,1153
HLYY,-0.0019201892,0.00042630054,3,9430,1153
ICIN,-0.001963343,0.0029847955,3,9430,1153
QFNL,-0.0019894945,0.00012261033,3,9430,1153
TLEW,-0.0021434682,0.0,3,9430,1153
NCPY,-0.0023668217,0.0007275955,3,9430,1153
NEEK,-0.0025193053,0.0,3,9430,1153
RVNR,-0.0025419104,0.00020102474,3,9430,1153
IAEQ,-0.00275002,0.0,3,9430,1153
HSRS,-0.0028343606,0.0003238809,3,9430,1153
DDNY,-0.0032373625,0.0005940775,3,9430,1153
QGPE,-0.0039457935,0.0002655331,3,9430,1153
NAIP,-0.0048093754,0.00032817372,3,9430,1153
SQWR,-0.005664255,0.00019200434,3,9430,1153
SPFR,-0.0061269808,0.00037237216,3,9430,1153
GSTR,-0.0069674063,0.00019608955,3,9430,1153
PVPH,-0.0071914005,0.00051776465,3,9430,1153
PAKQ,-0.008770388,0.0,3,9430,1153
PDRI,-0.0091335885,0.0,3,9430,1153
PCEP,-0.011267137,0.00092162105,3,9430,1153
FRGG,0.34956884,0.12387768,4,12633,1537
ERFG,0.3441825,0.0848225,4,12633,1537
FWLG,0.33293676,0.7376769,4,12633,1537
WWLT,0.3298545,0.6748381,4,12633,1537
MRLG,0.32872534,0.37594345,4,12633,1537
FWGG,0.325109,0.2718782,4,12633,1537
FWGC,0.32359838,0.347038,4,12633,1537
FWGA,0.3224082,0.49956912,4,12633,1537
WRLT,0.31642675,0.5189193,4,12633,1537
WRLG,0.3161826,0.53512865,4,12633,1537
YRLG,0.31438208,0.476915,4,12633,1537
LRLG,0.3112998,0.5085378,4,12633,1537
FSLG,0.30368567,0.36451435,4,12633,1537
LWLT,0.30321264,0.5442348,4,12633,1537
MRFG,0.29485083,0.23322631,4,12633,1537
FVGA,0.29395056,0.2972862,4,12633,1537
VRLG,0.28943396,0.37144887,4,12633,1537
FYLG,0.28731298,0.42029762,4,12633,1537
LKLG,0.28729773,0.41123253,4,12633,1537
LRLT,0.28635168,0.46404067,4,12633,1537
FVLG,0.28502417,0.40206322,4,12633,1537
LNLT,0.2841239,0.37511134,4,12633,1537
FYGG,0.28285742,0.1972708,4,12633,1537
IRLG,0.27992773,0.32266864,4,12633,1537
WKLT,0.2771201,0.38625625,4,12633,1537
WNLG,0.27658606,0.4271078,4,12633,1537
WSLT,0.27592993,0.3330571,4,12633,1537
LILT,0.27559423,0.4063485,4,12633,1537
TRLG,0.27222204,0.08528652,4,12633,1537
WRFG,0.272161,0.55333173,4,12633,1537
YRFG,0.26846838,0.43045753,4,12633,1537
KRFG,0.26575232,0.063404016,4,12633,1537
TRFG,0.26567602,0.07804814,4,12633,1537
WHLT,0.26256323,0.38381773,4,12633,1537
FWLA,0.26196814,0.36941645,4,12633,1537
YWLT,0.26181555,0.38624513,4,12633,1537
FFLG,0.2611289,0.3782583,4,12633,1537
CRFG,0.2610221,0.3469335,4,12633,1537
WKLG,0.25913,0.41230226,4,12633,1537
YILG,0.258245,0.4469118,4,12633,1537
LNLG,0.2566886,0.4370681,4,12633,1537
ESLG,0.25613928,0.41153926,4,12633,1537
FRCG,0.25501013,0.27783504,4,12633,1537
GRFG,0.2536826,0.087931715,4,12633,1537
NRLG,0.2536521,0.011869721,4,12633,1537
NRFG,0.2535758,0.0053679524,4,12633,1537
LSLT,0.2519889,0.32774922,4,12633,1537
MWLG,0.25154638,0.51526546,4,12633,1537
HRFG,0.25056982,0.1575639,4,12633,1537
QRLG,0.25032568,0.27511588,4,12633,1537
QRFG,0.24997473,0.19436845,4,12633,1537
FLLG,0.24945593,0.2629824,4,12633,1537
KRLG,0.24890661,0.15332553,4,12633,1537
HRLG,0.24704504,0.32684726,4,12633,1537
WQLT,0.24626684,0.2804396,4,12633,1537
FRGA,0.24281073,0.36608645,4,12633,1537
FRGA,0.2428031,0.36608645,4,12633,1537
WCLT,0.24239111,0.31762567,4,12633,1537
DRFG,0.24239111,0.0003894174,4,12633,1537
FRLA,0.24001074,0.30669045,4,12633,1537
SRFG,0.23936987,0.054825738,4,12633,1537
WRFT,0.23886633,0.48417148,4,12633,1537
MILG,0.23538733,0.33188304,4,12633,1537
FWGN,0.23492956,0.47631052,4,12633,1537
MNLG,0.23392248,0.3751247,4,12633,1537
LWGM,0.23364782,0.41064903,4,12633,1537
FRIG,0.2316947,0.008929993,4,12633,1537
WWLG,0.23138952,0.69382507,4,12633,1537
WILG,0.23103857,0.45257968,4,12633,1537
FRFA,0.22983313,0.12796018,4,12633,1537
LHLT,0.22932959,0.32260954,4,12633,1537
FALG,0.22871923,0.38863012,4,12633,1537
LILG,0.22836828,0.47030628,4,12633,1537
LCLT,0.22534704,0.28321785,4,12633,1537
EHLG,0.22350073,0.32607105,4,12633,1537
WLLT,0.21909094,0.23212762,4,12633,1537
TKLG,0.21693945,0.05554635,4,12633,1537
FREG,0.21643591,0.0,4,12633,1537
VKLG,0.21596289,0.2509059,4,12633,1537
EKFG,0.21359777,0.06404935,4,12633,1537
VNLG,0.21333838,0.46903634,4,12633,1537
WTLT,0.2119956,0.19321607,4,12633,1537
WYLT,0.21108007,0.35113764,4,12633,1537
LFLT,0.21068335,0.18188155,4,12633,1537
ESFG,0.21066809,0.15923356,4,12633,1537
ERCG,0.21063757,0.19739197,4,12633,1537
EIFG,0.21016455,0.17023657,4,12633,1537
YKLT,0.20908117,0.27194577,4,12633,1537
ENFG,0.20860815,0.06794276,4,12633,1537
WWLA,0.20667028,0.6346239,4,12633,1537
FIFA,0.20628881,0.23930131,4,12633,1537
SRLG,0.20580053,0.051226377,4,12633,1537
FRAG,0.20483923,0.25272295,4,12633,1537
FRHG,0.20222998,0.0,4,12633,1537
EFLG,0.20161963,0.20130946,4,12633,1537
EVLG,0.20143652,0.36894065,4,12633,1537
LVLA,0.20108557,0.31214324,4,12633,1537
ISLG,0.20093298,0.35068312,4,12633,1537
LDLT,0.20041418,0.22925863,4,12633,1537
FYGY,0.19640112,0.04024801,4,12633,1537
EREG,0.19548559,0.0,4,12633,1537
FWFG,0.19530249,0.52186793,4,12633,1537
ERIG,0.19472265,0.0068246624,4,12633,1537
FSCG,0.19348669,0.18350042,4,12633,1537
WELT,0.19290686,0.1703752,4,12633,1537
QKLG,0.19087744,0.22427367,4,12633,1537
LALG,0.18968725,0.43234852,4,12633,1537
FVFG,0.18964148,0.41595057,4,12633,1537
FTGA,0.18956518,0.20716439,4,12633,1537
EQLG,0.18884802,0.2244991,4,12633,1537
CNLG,0.18716955,0.27283597,4,12633,1537
YWLA,0.18626928,0.33744496,4,12633,1537
ELLG,0.18620825,0.175895,4,12633,1537
VILG,0.18605566,0.31231272,4,12633,1537
MRFA,0.18602514,0.09957983,4,12633,1537
ERKG,0.18541479,0.00097583403,4,12633,1537
ECLG,0.18521643,0.31837818,4,12633,1537
NRLT,0.1845603,0.0011843866,4,12633,1537
LCLG,0.18390417,0.35559905,4,12633,1537
EWFG,0.18361425,0.14681034,4,12633,1537
TILT,0.18286657,0.013144432,4,12633,1537
FNFG,0.18094397,0.25928274,4,12633,1537
WRFA,0.18054724,0.5088827,4,12633,1537
MRIG,0.17966223,0.008909643,4,12633,1537
WNFT,0.17911291,0.32350582,4,12633,1537
GNLG,0.17894506,0.011450443,4,12633,1537
LQLG,0.17706823,0.308472,4,12633,1537
IRFA,0.17625952,0.10962295,4,12633,1537
MKLT,0.1758933,0.20162106,4,12633,1537
ETLG,0.17537451,0.21074286,4,12633,1537
CSLG,0.17531347,0.27544183,4,12633,1537
EVFG,0.17485571,0.194704,4,12633,1537
EALG,0.17452002,0.41483516,4,12633,1537
WGLT,0.17342138,0.04560483,4,12633,1537
YLLG,0.17316198,0.27305958,4,12633,1537
MCLG,0.17276525,0.24327618,4,12633,1537
RILG,0.17239904,0.12520345,4,12633,1537
QWLT,0.17226171,0.092314444,4,12633,1537
MVLA,0.17221594,0.21435249,4,12633,1537
THLG,0.17207861,0.15613346,4,12633,1537
IVLA,0.17186499,0.09875099,4,12633,1537
FICG,0.17186499,0.26334637,4,12633,1537
WALG,0.17104101,0.44910976,4,12633,1537
EHFG,0.17040014,0.16013166,4,12633,1537
MRKG,0.17006445,0.0008064184,4,12633,1537
YFLT,0.16930151,0.13121755,4,12633,1537
LHLA,0.1689353,0.27792636,4,12633,1537
ETFG,0.1685996,0.08552101,4,12633,1537
FYFG,0.16820288,0.26671156,4,12633,1537
YRCG,0.16811132,0.3288414,4,12633,1537
MRMG,0.1676383,0.23267314,4,12633,1537
QSLG,0.16684484,0.25315738,4,12633,1537
SKLG,0.16638708,0.033248354,4,12633,1537
MALT,0.16576147,0.19610682,4,12633,1537
FRGY,0.16470861,0.0118175605,4,12633,1537
ELFG,0.16444921,0.0376793,4,12633,1537
FVIA,0.16357946,0.0007880846,4,12633,1537
QWLG,0.16316748,0.37546515,4,12633,1537
ISCA,0.16296911,0.49896404,4,12633,1537
FLGT,0.16083288,0.12743148,4,12633,1537
FINA,0.1567893,0.0033554167,4,12633,1537
WTLG,0.1566062,0.24491529,4,12633,1537
WWMT,0.15596533,0.30408016,4,12633,1537
ENCG,0.1556449,0.21074402,4,12633,1537
MHLA,0.1554923,0.15536305,4,12633,1537
IKFG,0.15494299,0.17661685,4,12633,1537
IWCA,0.15321875,0.6060298,4,12633,1537
IRIG,0.15302038,0.0054678265,4,12633,1537
QILT,0.15294409,0.17619638,4,12633,1537
DILG,0.15222692,0.019141361,4,12633,1537
TKLT,0.1509757,0.009331414,4,12633,1537
RNLT,0.1505332,0.0065838946,4,12633,1537
LWFT,0.14969397,0.18640722,4,12633,1537
HVMA,0.14888525,0.07121038,4,12633,1537
GHLG,0.1472373,0.018871289,4,12633,1537
KRIG,0.14702368,0.00016424932,4,12633,1537
WWTT,0.14676428,0.00024350273,4,12633,1537
WRIG,0.14618444,0.041921347,4,12633,1537
FVHA,0.14476538,0.00083362707,4,12633,1537
ISCG,0.14415503,0.2951935,4,12633,1537
EMFG,0.14412451,0.02600288,4,12633,1537
FDFG,0.14331579,0.1658918,4,12633,1537
RVMA,0.14302588,0.0061796983,4,12633,1537
IRFC,0.14174414,0.015399238,4,12633,1537
WQFT,0.1416831,0.2529523,4,12633,1537
LRIG,0.14153051,0.01655138,4,12633,1537
EGLG,0.14139318,0.108683735,4,12633,1537
YKFG,0.1407218,0.32698023,4,12633,1537
CWGA,0.1382041,0.038805097,4,12633,1537
LSFG,0.13695288,0.33609056,4,12633,1537
ESHG,0.13689184,0.00028212892,4,12633,1537
YSCG,0.13658667,0.202681,4,12633,1537
FTFG,0.1364646,0.17147556,4,12633,1537
IRFS,0.13631201,0.012345837,4,12633,1537
GKFG,0.1352439,0.06844392,4,12633,1537
EVHA,0.13429785,0.0007649819,4,12633,1537
LWGS,0.1342063,0.14082715,4,12633,1537
EWGS,0.13399267,0.0046081054,4,12633,1537
WWET,0.13397741,0.0006415705,4,12633,1537
QRGG,0.13310766,0.003989259,4,12633,1537
TLLG,0.13310766,0.034087356,4,12633,1537
TRFH,0.1330924,0.00033311607,4,12633,1537
CREG,0.13173437,0.0012491852,4,12633,1537
QRIG,0.1303916,0.00083588884,4,12633,1537
VNFG,0.13014746,0.39093727,4,12633,1537
EKHG,0.1299491,0.0,4,12633,1537
HRIG,0.12907934,0.0011543167,4,12633,1537
TRFS,0.1286521,0.0017812845,4,12633,1537
TSFG,0.12840796,0.121525384,4,12633,1537
IKCG,0.12755346,0.20857437,4,12633,1537
QKFG,0.12746191,0.15799218,4,12633,1537
HRGG,0.12692785,0.00985381,4,12633,1537
TALG,0.12581396,0.093343675,4,12633,1537
MNFG,0.12498999,0.15300936,4,12633,1537
HKFG,0.124257565,0.15054554,4,12633,1537
WCGT,0.12392187,0.12033607,4,12633,1537
LWGL,0.12389135,0.29315907,4,12633,1537
WWWT,0.123509884,0.015506404,4,12633,1537
LWGN,0.12344885,0.17933908,4,12633,1537
FIEG,0.123006344,0.0,4,12633,1537
IVIA,0.121984005,0.00053924636,4,12633,1537
VWGS,0.12157202,0.11249023,4,12633,1537
IACA,0.12068701,0.5219607,4,12633,1537
ENHG,0.119588375,0.0,4,12633,1537
TIFG,0.11839819,0.1092674,4,12633,1537
IRLC,0.11797094,0.059064474,4,12633,1537
LWFM,0.11765051,0.004848338,4,12633,1537
YPLG,0.11726904,0.029131439,4,12633,1537
KCLG,0.117192745,0.1264925,4,12633,1537
LIFG,0.116811275,0.4232867,4,12633,1537
LFFG,0.11501074,0.21274692,4,12633,1537
TMLG,0.114797115,0.020543396,4,12633,1537
YRFR,0.113027096,0.0004159049,4,12633,1537
KYLG,0.11171484,0.07557293,4,12633,1537
IVQA,0.10996771,0.00092162105,4,12633,1537
VVHA,0.10944128,0.00022662817,4,12633,1537
TFFG,0.106481075,0.03299998,4,12633,1537
DNFG,0.10542822,0.0017953657,4,12633,1537
LQFG,0.10419989,0.20893797,4,12633,1537
CFFG,0.10416174,0.1487608,4,12633,1537
NALG,0.10388708,0.013778235,4,12633,1537
ECLT,0.103597164,0.1435945,4,12633,1537
GVHA,0.10223913,0.00031963733,4,12633,1537
KMLG,0.099675655,0.03450682,4,12633,1537
WLGT,0.09724951,0.042831153,4,12633,1537
FAGY,0.09549475,0.010800247,4,12633,1537
WTAT,0.09265661,0.0026550386,4,12633,1537
VINA,0.089971066,0.007311184,4,12633,1537
GMLG,0.088857174,0.003086561,4,12633,1537
WLIT,0.0869956,0.00056605035,4,12633,1537
GLFG,0.08477545,0.04955279,4,12633,1537
GTLG,0.083928585,0.0021626998,4,12633,1537
VIHA,0.08009863,0.0013653645,4,12633,1537
EWFP,0.07921362,0.00032149578,4,12633,1537
VWDA,0.07822943,0.0003510937,4,12633,1537
IHYA,0.07804632,0.06477309,4,12633,1537
TSTG,0.07792425,0.0004893563,4,12633,1537
YWLI,0.07669592,0.0028681154,4,12633,1537
WLTT,0.07584143,0.00025683822,4,12633,1537
MSMT,0.06896734,0.044943936,4,12633,1537
EFTA,0.0684638,0.0,4,12633,1537
EMEG,0.06432104,0.00054213003,4,12633,1537
MTGT,0.060254574,0.0438968,4,12633,1537
YRLQ,0.058492184,0.00049202505,4,12633,1537
YWFS,0.05727148,0.024402013,4,12633,1537
VWFS,0.05676794,0.030528698,4,12633,1537
ECRA,0.05475378,0.002633203,4,12633,1537
MWTY,0.05149603,0.00034821953,4,12633,1537
EAKG,0.050900936,0.0,4,12633,1537
MSFP,0.044118404,0.0022526528,4,12633,1537
GLTA,0.043889523,0.00020851151,4,12633,1537
VRTH,0.043500423,0.0,4,12633,1537
YFGF,0.041249752,0.1819524,4,12633,1537
MSHS,0.040990353,0.0007244183,4,12633,1537
KQFW,0.040227413,0.00021268176,4,12633,1537
YVCN,0.038556576,0.0016069995,4,12633,1537
LFVG,0.03650427,0.025596477,4,12633,1537
TLEG,0.034276485,0.0,4,12633,1537
ETEM,0.034162045,0.0,4,12633,1537
LIMS,0.031758785,0.14959885,4,12633,1537
TSCD,0.031491756,0.0016985137,4,12633,1537
FYFY,0.029965878,0.0,4,12633,1537
SFPA,0.029408932,0.00028368758,4,12633,1537
GLFR,0.028279781,0.00035691005,4,12633,1537
GHKC,0.027905941,0.0,4,12633,1537
MSMK,0.025922298,0.00044714773,4,12633,1537
NEGS,0.02565527,0.0018312731,4,12633,1537
PEMN,0.021222591,0.0,4,12633,1537
FVLK,0.018689632,0.00048506376,4,12633,1537
VHNP,0.017903805,0.00045700217,4,12633,1537
YLCW,0.017728329,0.001102271,4,12633,1537
ITDI,0.01695776,0.00030383116,4,12633,1537
PMYD,0.016232967,0.002229183,4,12633,1537
KVEC,0.013883114,0.0005208533,4,12633,1537
THCS,0.012814999,0.008507271,4,12633,1537
WQNY,0.012311459,0.00031300337,4,12633,1537
ADFK,0.012235165,0.0017136901,4,12633,1537
KCTS,0.012105465,0.001256756,4,12633,1537
AKGA,0.011395931,0.036063433,4,12633,1537
GMYP,0.010716915,0.00023835024,4,12633,1537
KPGG,0.010663509,0.00019024294,4,12633,1537
NMTH,0.010549068,0.0,4,12633,1537
NFEF,0.009862423,0.0011765376,4,12633,1537
MHPP,0.00927496,0.00034560793,4,12633,1537
SQKC,0.009229183,0.00053170446,4,12633,1537
SEMC,0.008580685,0.00069556304,4,12633,1537
GFMR,0.008489132,0.00032720278,4,12633,1537
GSVC,0.0084815025,0.00029676524,4,12633,1537
STGF,0.006734371,0.019462805,4,12633,1537
SGMC,0.005437374,0.0011765376,4,12633,1537
WLCK,0.004621029,0.0024967678,4,12633,1537
MGIN,0.0029501915,0.00026778335,4,12633,1537
RWDE,0.002805233,0.0004495713,4,12633,1537
CGRA,0.0021185875,0.0013122165,4,12633,1537
TDKS,0.0018210411,0.0,4,12633,1537
TFMF,2.8133392e-05,0.00070893933,4,12633,1537
HWNG,-0.0009636879,0.0,4,12633,1537
KYVC,-0.0016961098,0.00019470864,4,12633,1537
PKCE,-0.0018258095,0.0013553251,4,12633,1537
AMKN,-0.0034966469,0.0017280395,4,12633,1537
HHNP,-0.003984928,0.0001553294,4,12633,1537
MFPD,-0.0039925575,0.003988535,4,12633,1537
CACL,-0.0042443275,0.0015749221,4,12633,1537
RKVC,-0.004488468,0.00037738794,4,12633,1537
NQQM,-0.0045189857,0.0013166015,4,12633,1537
SRPH,-0.004694462,0.00019412275,4,12633,1537
KRQN,-0.0052056313,0.00029103828,4,12633,1537
SVID,-0.005411625,0.0,4,12633,1537
ECRV,-0.0072426796,0.0012021145,4,12633,1537
TQCY,-0.00748682,0.0,4,12633,1537
HFIV,-0.007776737,0.00019267335,4,12633,1537
QLGF,-0.0077996254,0.0069182483,4,12633,1537
CKVS,-0.008074284,0.00090040464,4,12633,1537
LECD,-0.008341312,0.0056829504,4,12633,1537
RSAQ,-0.00837183,0.00017787625,4,12633,1537
PEYC,-0.009592533,0.001256756,4,12633,1537
SCHC,-0.010401249,0.0034560792,4,12633,1537
VLTY,-0.010492802,0.00021480622,4,12633,1537
ARPF,-0.01076746,0.0,4,12633,1537
NGTM,-0.010866642,0.0,4,12633,1537
TYDM,-0.010912418,0.0023040527,4,12633,1537
PICE,-0.010965824,0.002542403,4,12633,1537
KRPE,-0.011347294,0.0003617578,4,12633,1537
IGYK,-0.011759281,0.00035446967,4,12633,1537
CFRV,-0.011812687,0.0010341024,4,12633,1537
SFKE,-0.011957645,0.00016556072,4,12633,1537
AHEE,-0.012087345,0.005785468,4,12633,1537
YFSK,-0.012865543,0.00020108093,4,12633,1537
GFPK,-0.013781071,0.0,4,12633,1537
QDQR,-0.016970158,0.00011600825,4,12633,1537
HNYV,-0.01745081,0.0005493105,4,12633,1537
HNNR,-0.018282413,9.566998e-05,4,12633,1537
QDTR,-0.02033472,0.00035587346,4,12633,1537
LGPY,-0.021013737,0.00014142525,4,12633,1537
SHSF,-0.021616459,0.0002260106,4,12633,1537
DIDV,-0.021776676,0.0,4,12633,1537
TRQP,-0.022028446,0.0,4,12633,1537
PVDE,-0.02311182,0.00013755541,4,12633,1537
SGRC,-0.024187565,0.00067562447,4,12633,1537
CPTQ,-0.024439335,0.0002783419,4,12633,1537
HHYL,-0.02588892,0.0008172009,4,12633,1537
QTKK,-0.026377201,0.00015191552,4,12633,1537
LVTK,-0.027124882,4.6862086e-05,4,12633,1537
DMTW,-0.029947758,0.0006912158,4,12633,1537
WYED,-0.03068018,0.0023553455,4,12633,1537
RAMD,-0.030756474,0.0,4,12633,1537
PDAT,-0.031473637,0.00031780035,4,12633,1537
DYLY,-0.03157282,0.0,4,12633,1537
ALHK,-0.032343388,0.0,4,12633,1537
HDPK,-0.033640385,0.0006999654,4,12633,1537
HGTP,-0.03394556,0.0003956871,4,12633,1537
PNLM,-0.03408289,0.0,4,12633,1537
DRQY,-0.03708887,0.0,4,12633,1537
LVAR,-0.03786707,0.00029786237,4,12633,1537
HVPD,-0.038385868,0.0033354724,4,12633,1537
FWQI,-0.039064884,0.0015426012,4,12633,1537
QLWW,-0.040552616,0.0,4,12633,1537
PVLY,-0.041597843,0.00013229015,4,12633,1537
DPCQ,-0.04871607,0.0,4,12633,1537
MPVN,-0.049997807,0.000112851514,4,12633,1537
DGQK,-0.05497217,0.019019453,4,12633,1537
FMQM,-0.06206751,0.0,4,12633,1537
FNYM,-0.062387943,0.0012288281,4,12633,1537
AGGK,-0.06724787,0.0,4,12633,1537
