{"run_id": "16:46:05-05/18/2022", "exp_name": "BO_EVO_proposal-function=UCB", "encoder_name": "onehot", "model_name": "GPyTorch", "landscape_name": "GB1_combo", "rounds": 5, "expmt_queries_per_round": 384, "model_queries_per_round": 3072}
sequence,model_score,true_score,round,model_cost,measurement_cost
LACC,,0.16533242,0,0,1
TACC,,0.06852052,1,0,76
PACC,,0.00097583403,1,0,76
RACC,,0.025270494,1,0,76
MACC,,0.12080709,1,0,76
QACC,,0.040044297,1,0,76
WACC,,0.11917679,1,0,76
IACC,,0.19017982,1,0,76
DACC,,0.012441885,1,0,76
YACC,,0.046911344,1,0,76
KACC,,0.03380821,1,0,76
FACC,,0.045884963,1,0,76
HACC,,0.052828636,1,0,76
CACC,,0.095989436,1,0,76
AACC,,0.039807446,1,0,76
VACC,,0.15763848,1,0,76
EACC,,0.077093266,1,0,76
SACC,,0.027343685,1,0,76
NACC,,0.010106051,1,0,76
GACC,,0.001586397,1,0,76
LTCC,,0.089343466,1,0,76
LPCC,,0.021111554,1,0,76
LRCC,,0.26041898,1,0,76
LMCC,,0.094304256,1,0,76
LQCC,,0.13421106,1,0,76
LWCC,,0.28834742,1,0,76
LICC,,0.26628807,1,0,76
LDCC,,0.1374959,1,0,76
LYCC,,0.20572679,1,0,76
LKCC,,0.20747359,1,0,76
LFCC,,0.16941872,1,0,76
LLCC,,0.10764279,1,0,76
LHCC,,0.17620145,1,0,76
LCCC,,0.07676287,1,0,76
LVCC,,0.2337414,1,0,76
LECC,,0.07279771,1,0,76
LSCC,,0.1813025,1,0,76
LNCC,,0.22528516,1,0,76
LGCC,,0.04463755,1,0,76
LATC,,0.0020543875,1,0,76
LAPC,,0.0018715997,1,0,76
LARC,,0.0007503804,1,0,76
LAMC,,0.10916619,1,0,76
LAQC,,0.0008053,1,0,76
LAWC,,0.0011568465,1,0,76
LAIC,,0.00023431043,1,0,76
LADC,,0.0010634089,1,0,76
LAYC,,0.0102530345,1,0,76
LAKC,,0.00023234142,1,0,76
LAFC,,0.06891318,1,0,76
LALC,,0.17763194,1,0,76
LAHC,,0.0013041807,1,0,76
LAAC,,0.20891513,1,0,76
LAVC,,0.002594593,1,0,76
LAEC,,0.0004157689,1,0,76
LASC,,0.014057411,1,0,76
LANC,,0.0017197714,1,0,76
LAGC,,0.2151671,1,0,76
LACT,,0.054695018,1,0,76
LACP,,0.0011351345,1,0,76
LACR,,0.0007308008,1,0,76
LACM,,0.043415826,1,0,76
LACQ,,0.00067736063,1,0,76
LACW,,0.0012615345,1,0,76
LACI,,0.044682927,1,0,76
LACD,,0.008628436,1,0,76
LACY,,0.0016184566,1,0,76
LACK,,0.0012526888,1,0,76
LACF,,0.001792041,1,0,76
LACL,,0.0098478235,1,0,76
LACH,,0.0005663593,1,0,76
LACA,,0.54882914,1,0,76
LACV,,0.058799423,1,0,76
LACE,,0.0005805488,1,0,76
LACS,,0.10121959,1,0,76
LACN,,0.0015923296,1,0,76
LACG,,0.352867,1,0,76
LWCA,0.22820705,0.72920364,2,3178,461
LICA,0.22443664,0.5028127,2,3178,461
LRCA,0.22343355,0.5942575,2,3178,461
IWCA,0.22202322,0.6060298,2,3178,461
LVCA,0.21887398,0.4520526,2,3178,461
IRCA,0.21750844,0.44589147,2,3178,461
LNCA,0.2174285,0.57884896,2,3178,461
VWCA,0.21676305,0.5406935,2,3178,461
LWGA,0.21579742,0.27711523,2,3178,461
LWAA,0.21478653,0.60803336,2,3178,461
LKCA,0.21438444,0.478155,2,3178,461
VICA,0.21319741,0.4011386,2,3178,461
IVCA,0.21319649,0.36801228,2,3178,461
VRCA,0.21224827,0.48396897,2,3178,461
LIGA,0.21223164,0.1903112,2,3178,461
INCA,0.21182957,0.54149586,2,3178,461
LRGA,0.21128297,0.24146251,2,3178,461
LIAA,0.21122098,0.40001738,2,3178,461
LRAA,0.21027231,0.46885478,2,3178,461
LSCA,0.20991105,0.53052664,2,3178,461
LWLA,0.20973015,0.51991785,2,3178,461
IWAA,0.20920542,0.60950506,2,3178,461
LHCA,0.20903915,0.48656934,2,3178,461
IKCA,0.20895022,0.35345688,2,3178,461
IYCA,0.2086682,0.51177466,2,3178,461
VVCA,0.20793605,0.336625,2,3178,461
LFCA,0.20787993,0.44891864,2,3178,461
WICA,0.20697987,0.39945072,2,3178,461
LVGA,0.20697069,0.18413797,2,3178,461
CWCA,0.20679787,0.18251897,2,3178,461
VNCA,0.20656931,0.54779893,2,3178,461
MRCA,0.2062951,0.46905893,2,3178,461
LILA,0.20616424,0.34792945,2,3178,461
WRCA,0.20603153,0.5367764,2,3178,461
LVAA,0.2059598,0.40077633,2,3178,461
IRGA,0.20589182,0.2550021,2,3178,461
IIAA,0.20583317,0.42178872,2,3178,461
LNGA,0.20560372,0.25756085,2,3178,461
LRLA,0.20521569,0.4071076,2,3178,461
LNAA,0.2045927,0.44525883,2,3178,461
IWLA,0.20442298,0.13629383,2,3178,461
EWCA,0.20374349,0.39234725,2,3178,461
VKCA,0.20369029,0.40321496,2,3178,461
VYCA,0.203408,0.5407047,2,3178,461
LKGA,0.20272458,0.18227161,2,3178,461
LYGA,0.20244193,0.35147816,2,3178,461
TWCA,0.2023578,0.1293956,2,3178,461
CRCA,0.20228341,0.08579367,2,3178,461
WVCA,0.20171914,0.4065967,2,3178,461
LKAA,0.20171392,0.39849457,2,3178,461
VRGA,0.200917,0.22082065,2,3178,461
LVLA,0.20090318,0.31214324,2,3178,461
VIAA,0.20085841,0.47236663,2,3178,461
WNCA,0.2003524,0.46698457,2,3178,461
VRAA,0.19996119,0.5382238,2,3178,461
HWCA,0.19982126,0.27983946,2,3178,461
INAA,0.19956502,0.50351787,2,3178,461
LNLA,0.19953635,0.3568892,2,3178,461
VSCA,0.19945976,0.5445462,2,3178,461
VWLA,0.19944829,0.13470641,2,3178,461
WWGA,0.19930676,0.26311043,2,3178,461
ERCA,0.19922897,0.45165378,2,3178,461
YWCA,0.1988647,0.6027101,2,3178,461
FWCA,0.19869861,0.7620898,2,3178,461
LWMA,0.19866303,0.51193583,2,3178,461
VHCA,0.19863546,0.5107968,2,3178,461
LSGA,0.19849423,0.21443644,2,3178,461
CVCA,0.19797114,0.08665486,2,3178,461
TRCA,0.19784328,0.27614498,2,3178,461
IKGA,0.19779786,0.2031403,2,3178,461
MKCA,0.19773677,0.39733562,2,3178,461
AWCA,0.19771624,0.642299,2,3178,461
LHGA,0.19766974,0.3339849,2,3178,461
WKCA,0.1974732,0.42201206,2,3178,461
MYCA,0.19745448,0.45494568,2,3178,461
LLCA,0.19732124,0.3198636,2,3178,461
WYCA,0.19719091,0.6097229,2,3178,461
VVGA,0.19683874,0.17768784,2,3178,461
LHAA,0.19665909,0.41312164,2,3178,461
LKLA,0.19665706,0.31645605,2,3178,461
IVLA,0.19607541,0.09875099,2,3178,461
WIGA,0.19593433,0.12373143,2,3178,461
VVAA,0.19588292,0.4542208,2,3178,461
VNGA,0.19554603,0.27217352,2,3178,461
HRCA,0.19530675,0.42247644,2,3178,461
MRGA,0.1952866,0.16758657,2,3178,461
MIAA,0.19522795,0.33421913,2,3178,461
VRLA,0.19517854,0.11934108,2,3178,461
WRGA,0.19503734,0.16542454,2,3178,461
WIAA,0.19497868,0.31033412,2,3178,461
INLA,0.19478258,0.10444058,2,3178,461
MRAA,0.19433066,0.40293735,2,3178,461
ISGA,0.19379702,0.20170619,2,3178,461
CKCA,0.19372499,0.07307481,2,3178,461
ENCA,0.19354984,0.4592745,2,3178,461
CYCA,0.19344279,0.0542656,2,3178,461
DWCA,0.19329312,0.0049054027,2,3178,461
QRCA,0.19324026,0.38811317,2,3178,461
IHGA,0.19301721,0.24506576,2,3178,461
NWCA,0.19291535,0.04972627,2,3178,461
EWGA,0.19287339,0.008367349,2,3178,461
ISAA,0.19284126,0.5320094,2,3178,461
VKGA,0.19282317,0.17022046,2,3178,461
MHCA,0.19268158,0.37637815,2,3178,461
CIGA,0.19238982,0.05187616,2,3178,461
KRCA,0.1922321,0.34915632,2,3178,461
TNCA,0.19216415,0.47261882,2,3178,461
IHAA,0.1920614,0.47544438,2,3178,461
EWAA,0.19191757,0.004659882,2,3178,461
VQCA,0.19184786,0.338886,2,3178,461
IYLA,0.19179246,0.03313914,2,3178,461
VYAA,0.19160026,0.5202131,2,3178,461
MFCA,0.19158524,0.2852997,2,3178,461
GWCA,0.19153824,0.009943807,2,3178,461
CRGA,0.19149253,0.06187917,2,3178,461
CIAA,0.19143382,0.3086134,2,3178,461
LDGA,0.19141304,0.12268341,2,3178,461
VVLA,0.19110048,0.093877494,2,3178,461
HVCA,0.19099417,0.39641148,2,3178,461
LICG,0.19094324,0.38078883,2,3178,461
LQGA,0.19088209,0.10344231,2,3178,461
EKCA,0.19067064,0.3812376,2,3178,461
MILA,0.19044551,0.2144079,2,3178,461
EYCA,0.19038835,0.31187657,2,3178,461
WILA,0.19019625,0.40551814,2,3178,461
CWLA,0.19002381,0.10804184,2,3178,461
MNGA,0.18991551,0.15703689,2,3178,461
IRMA,0.18968704,0.11345967,2,3178,461
CSCA,0.18949476,0.03225315,2,3178,461
HWGA,0.1891639,0.025709637,2,3178,461
ERGA,0.18860355,0.037962012,2,3178,461
LIFA,0.1885905,0.22240064,2,3178,461
EIAA,0.18854502,0.17368859,2,3178,461
TIGA,0.18819055,0.030185204,2,3178,461
FWGA,0.18810245,0.49956912,2,3178,461
ISLA,0.18805882,0.1438919,2,3178,461
ERAA,0.18764803,0.1484006,2,3178,461
VLCA,0.18755347,0.24795853,2,3178,461
ANCA,0.1875228,0.7623123,2,3178,461
TIAA,0.18723473,0.22109404,2,3178,461
AWGA,0.18717337,0.016007103,2,3178,461
IDGA,0.18710008,0.15249005,2,3178,461
VKLA,0.18708491,0.06986164,2,3178,461
GRCA,0.18702373,0.006488965,2,3178,461
VFGA,0.18700531,0.172305,2,3178,461
VYLA,0.18681759,0.030654678,2,3178,461
CILA,0.18665156,0.0800758,2,3178,461
LLGA,0.18658745,0.08403276,2,3178,461
KWGA,0.18625626,0.01050648,2,3178,461
IDAA,0.18614432,0.39657015,2,3178,461
TWLA,0.18582454,0.0070476905,2,3178,461
YYCA,0.18550959,0.46443248,2,3178,461
LVCG,0.18538016,0.30135664,2,3178,461
SWGA,0.18526807,0.012341908,2,3178,461
HRGA,0.18489441,0.0495679,2,3178,461
YIGA,0.18488708,0.33922967,2,3178,461
VRMA,0.18471235,0.16534394,2,3178,461
LMGA,0.1844312,0.09997197,2,3178,461
AYCA,0.18436131,0.6552726,2,3178,461
INMA,0.18431607,0.11502347,2,3178,461
SWAA,0.18431225,0.00298456,2,3178,461
HRAA,0.18393871,0.23262776,2,3178,461
LNCG,0.18393487,0.37963107,2,3178,461
YIAA,0.18393126,0.4476192,2,3178,461
AIGA,0.18380111,0.023196734,2,3178,461
FIAA,0.18377423,0.4641554,2,3178,461
LTGA,0.18363029,0.082398504,2,3178,461
KYCA,0.1833913,0.12580128,2,3178,461
DWGA,0.18298993,0.005093169,2,3178,461
QRGA,0.18293998,0.04694785,2,3178,461
QIAA,0.18288156,0.13559045,2,3178,461
IGCA,0.18262896,0.3923894,2,3178,461
SKCA,0.1826289,0.19181238,2,3178,461
MHGA,0.182412,0.1770689,2,3178,461
DWAA,0.18203387,0.00053170446,2,3178,461
KRGA,0.18198684,0.020618197,2,3178,461
QRAA,0.18198428,0.13868959,2,3178,461
TNGA,0.18192229,0.06646479,2,3178,461
CQCA,0.18188265,0.038423903,2,3178,461
HHCA,0.1816934,0.43883774,2,3178,461
IKMA,0.18159321,0.063649856,2,3178,461
AWLA,0.18143511,0.14115354,2,3178,461
VFLA,0.18126759,0.01297053,2,3178,461
RRGA,0.18068144,0.01957656,2,3178,461
INCG,0.1801534,0.34291986,2,3178,461
YVGA,0.17991152,0.3115615,2,3178,461
ITGA,0.179739,0.067537405,2,3178,461
LISA,0.17972326,0.20116286,2,3178,461
DIGA,0.17961767,0.0012473067,2,3178,461
CWMA,0.17955741,0.15984365,2,3178,461
LIAG,0.1795448,0.20789695,2,3178,461
SWLA,0.17952982,0.0062439465,2,3178,461
VIFA,0.17945611,0.12314652,2,3178,461
IWAG,0.17924806,0.4808951,2,3178,461
LKFA,0.17908347,0.11888565,2,3178,461
WWCG,0.17886987,0.4619385,2,3178,461
QVGA,0.1788617,0.031629,2,3178,461
FVAA,0.17879882,0.40700093,2,3178,461
YNGA,0.17861882,0.26745778,2,3178,461
NRGA,0.1783633,0.0022172334,2,3178,461
GIGA,0.1779581,0.00074542884,2,3178,461
QVAA,0.177906,0.13321944,2,3178,461
DRAA,0.17776456,0.0008442331,2,3178,461
YNAA,0.17766312,0.39628544,2,3178,461
LIHA,0.1776619,0.0019749023,2,3178,461
ANGA,0.17753279,0.02738278,2,3178,461
IWNA,0.17753085,0.0006992845,2,3178,461
LIEA,0.17751822,0.0008424791,2,3178,461
ENLA,0.17749473,0.22872959,2,3178,461
DWLA,0.17725167,0.0022621609,2,3178,461
GIAA,0.17700228,0.0023295118,2,3178,461
VVCG,0.17626011,0.21197285,2,3178,461
CIMA,0.17618516,0.12706201,2,3178,461
MQGA,0.17599282,0.06259023,2,3178,461
WICG,0.17530409,0.25709713,2,3178,461
HVLA,0.1750781,0.06421938,2,3178,461
MQAA,0.175037,0.23831156,2,3178,461
IIVA,0.1742923,0.0035750438,2,3178,461
NVGA,0.17428502,0.0025841163,2,3178,461
DILA,0.17387941,0.0017837827,2,3178,461
DVAA,0.1736863,0.00093497796,2,3178,461
QYAA,0.17362335,0.0061885025,2,3178,461
WIFA,0.1735762,0.52711594,2,3178,461
TKLA,0.1734614,0.0023738726,2,3178,461
DNGA,0.17334941,0.0011941269,2,3178,461
NVAA,0.1733289,0.026415419,2,3178,461
NNGA,0.17299232,0.0021294178,2,3178,461
LNYA,0.17248046,0.027440121,2,3178,461
DNAA,0.17239365,0.002101943,2,3178,461
HHGA,0.17201993,0.09663288,2,3178,461
YSGA,0.17189518,0.30956858,2,3178,461
ANLA,0.17179471,0.05466889,2,3178,461
ETCA,0.17157567,0.26611808,2,3178,461
HHAA,0.17106411,0.33523968,2,3178,461
LNWA,0.17100981,0.002408256,2,3178,461
HLCA,0.17061135,0.21297091,2,3178,461
QHGA,0.17006543,0.059544735,2,3178,461
CIFA,0.17003164,0.15972963,2,3178,461
INSA,0.16977653,0.25269732,2,3178,461
INAG,0.16960767,0.39012074,2,3178,461
DYAA,0.16940364,0.00039782203,2,3178,461
WWGG,0.1693494,0.12914127,2,3178,461
MTGA,0.16913375,0.03728218,2,3178,461
VGGA,0.16792989,0.016653854,2,3178,461
LYWA,0.16784829,0.0040135114,2,3178,461
WKCG,0.16579702,0.2564031,2,3178,461
YDGA,0.16519824,0.11010661,2,3178,461
KWCG,0.16507044,0.11023073,2,3178,461
FDGA,0.16504136,0.17481071,2,3178,461
EMGA,0.16320953,0.005309089,2,3178,461
MRWA,0.16257009,0.0033513494,2,3178,461
MREA,0.16245684,0.00024200117,2,3178,461
CISA,0.16164562,0.08515519,2,3178,461
TWGG,0.16160545,0.016305603,2,3178,461
HLGA,0.16153911,0.01247006,2,3178,461
VVLG,0.16114336,0.26633602,2,3178,461
DTCA,0.16112515,0.004861298,2,3178,461
TWSA,0.1608186,0.0010472967,2,3178,461
HKMA,0.16059566,0.026687583,2,3178,461
EWWA,0.16015688,0.0019749023,2,3178,461
HMGA,0.1595,0.0146702295,2,3178,461
HWGG,0.1592066,0.012574245,2,3178,461
FVCG,0.15819564,0.22262534,2,3178,461
ERSA,0.15785971,0.011681952,2,3178,461
VHAG,0.15712926,0.42055902,2,3178,461
ICCG,0.15614554,0.14230914,2,3178,461
WKAG,0.15603021,0.058577947,2,3178,461
VLCG,0.15587711,0.15595011,2,3178,461
DLGA,0.15536514,0.00031963733,2,3178,461
STGA,0.15484563,0.0046496526,2,3178,461
YIAG,0.1539739,0.25467357,2,3178,461
FKCG,0.15394983,0.19057807,2,3178,461
HRRA,0.15211585,0.00069702434,2,3178,461
GWGG,0.15137306,0.001164153,2,3178,461
WHAG,0.15124956,0.06866401,2,3178,461
QRTA,0.15036085,0.0013728975,2,3178,461
DWQA,0.15021977,0.0,2,3178,461
QREA,0.15011024,0.0002524989,2,3178,461
EYVA,0.14774624,0.005266406,2,3178,461
MQYA,0.14466703,0.013888615,2,3178,461
VLLG,0.14186612,0.18072034,2,3178,461
EMFA,0.14085111,0.0022080506,2,3178,461
NSGG,0.13631132,0.0011682521,2,3178,461
GKRA,0.13618854,0.00013755541,2,3178,461
AFKA,0.13613477,0.0008378374,2,3178,461
LLAC,0.12625664,0.08785818,2,3178,461
TVPG,0.12065049,0.0,2,3178,461
VTGC,0.118397154,0.12883292,2,3178,461
NEYA,0.118355386,0.00030550975,2,3178,461
TRCK,0.10933063,0.0,2,3178,461
IKLK,0.10835024,0.00023431043,2,3178,461
QRCW,0.10472905,0.00090465875,2,3178,461
ISRC,0.10386274,0.0011331408,2,3178,461
LWYT,0.10280014,0.031989507,2,3178,461
MKAR,0.10244732,0.0003746427,2,3178,461
RKCT,0.10241983,0.003023827,2,3178,461
SQCS,0.098432876,0.0013137578,2,3178,461
AVAL,0.09547415,0.04090869,2,3178,461
AIYC,0.09482934,0.0,2,3178,461
FESG,0.094449215,0.00056425773,2,3178,461
TYAP,0.09424888,0.00043541152,2,3178,461
GRGQ,0.09326311,0.00014654757,2,3178,461
IIYL,0.09306749,0.0003171376,2,3178,461
SMNG,0.0930165,0.00083190575,2,3178,461
RQAS,0.0920045,0.00032061854,2,3178,461
HANA,0.089378394,0.00018618608,2,3178,461
RKGK,0.08887809,0.0003857949,2,3178,461
GYGL,0.0863043,0.030949961,2,3178,461
INYQ,0.085397355,0.00017280396,2,3178,461
EWQV,0.085190944,0.0,2,3178,461
SWPS,0.084233545,0.0004827539,2,3178,461
KYLK,0.08417802,0.00037874837,2,3178,461
FQFC,0.08394436,0.02020477,2,3178,461
RHAK,0.08314162,0.0005084806,2,3178,461
DEAS,0.08065503,0.00087773433,2,3178,461
FFLW,0.080474965,0.0008180068,2,3178,461
TIWT,0.07993441,0.00034134116,2,3178,461
GIMH,0.07793891,0.0001280029,2,3178,461
MSFR,0.077044,0.00026616247,2,3178,461
LSYQ,0.076765366,0.00016893262,2,3178,461
LHTD,0.075900726,0.0049007875,2,3178,461
FDLR,0.07551365,0.0005585582,2,3178,461
NWKT,0.074235074,0.0,2,3178,461
ARTI,0.07325437,0.0,2,3178,461
VEYS,0.0724817,0.00080725935,2,3178,461
TKQT,0.070889525,0.0,2,3178,461
WYEP,0.070119016,0.00027787566,2,3178,461
LCFK,0.06944222,0.0027169175,2,3178,461
CKSN,0.06899678,0.00076801755,2,3178,461
WPLP,0.06898805,0.00038714535,2,3178,461
YINQ,0.068459176,0.0,2,3178,461
NMAN,0.06835543,0.00053948554,2,3178,461
RNTV,0.06781899,0.00021195716,2,3178,461
QKWT,0.066589855,0.0043638204,2,3178,461
WFYP,0.0660724,0.000740162,2,3178,461
GWRP,0.064824216,0.0002583984,2,3178,461
ASFN,0.06479304,0.0,2,3178,461
MFRE,0.0647841,5.296674e-05,2,3178,461
YNYD,0.06471103,0.0023672755,2,3178,461
SRNQ,0.0645706,0.0002053116,2,3178,461
CHID,0.06317838,0.005385366,2,3178,461
CSHY,0.06305031,0.0017436075,2,3178,461
ADWS,0.062968455,0.0,2,3178,461
RYWI,0.06253391,0.0,2,3178,461
IEQY,0.06078563,0.0,2,3178,461
DYEM,0.0602658,0.0,2,3178,461
TFYY,0.058402352,0.0011765376,2,3178,461
RHKI,0.057878844,0.0013256194,2,3178,461
PVQP,0.05639162,0.00013963952,2,3178,461
YHTD,0.055953853,0.004326301,2,3178,461
MTQD,0.053781338,0.0021853747,2,3178,461
PKYQ,0.05375039,0.00035907316,2,3178,461
KSWQ,0.053378098,0.0001253906,2,3178,461
DCFT,0.05274626,0.0039168894,2,3178,461
WTWP,0.052440457,0.00029926366,2,3178,461
PKRH,0.052280657,0.0001731647,2,3178,461
KFVE,0.05176621,0.000100540514,2,3178,461
SGFV,0.05074071,0.00012324797,2,3178,461
PFKD,0.047616266,0.121926054,2,3178,461
TMSY,0.0475009,0.0,2,3178,461
GGFV,0.04680323,0.00026713652,2,3178,461
EMIP,0.046624504,0.0,2,3178,461
WGNR,0.045630448,0.00026211247,2,3178,461
RDIN,0.045374773,0.00023195164,2,3178,461
KEPT,0.045157753,0.00020808006,2,3178,461
SQKE,0.04503452,0.0,2,3178,461
DDIL,0.04467573,0.0,2,3178,461
ECPN,0.04426279,0.0011059452,2,3178,461
GMVT,0.043630295,0.00023668093,2,3178,461
EEPP,0.04358699,0.00039162367,2,3178,461
QPSV,0.04069995,0.00017970323,2,3178,461
QCHK,0.038460545,0.00064299145,2,3178,461
TGPH,0.037884496,0.0,2,3178,461
GTQP,0.03441044,0.00010316654,2,3178,461
NCWK,0.03386133,0.0013166015,2,3178,461
GCND,0.033772253,0.030613864,2,3178,461
DEWF,0.033694617,0.0,2,3178,461
YPEE,0.030764185,0.0,2,3178,461
IATI,0.030142196,0.00015981871,2,3178,461
GGVR,0.027787797,9.879555e-05,2,3178,461
PPWF,0.024040334,0.0,2,3178,461
MAYD,0.0144255385,0.0023328469,2,3178,461
RAMQ,0.013686098,0.00027449004,2,3178,461
NAQW,-0.0061867014,0.00046862086,2,3178,461
FNCA,0.608012,0.378065,3,6383,845
WWCA,0.58382493,0.73461795,3,6383,845
ARCA,0.57809216,0.44495007,3,6383,845
FWAA,0.556889,0.8838785,3,6383,845
YNCA,0.5529778,0.4419662,3,6383,845
FRCA,0.54943085,0.38946012,3,6383,845
AHCA,0.54929835,1.0,3,6383,845
LYCA,0.54830986,0.5306798,3,6383,845
VHAA,0.5387276,0.51554304,3,6383,845
FYCA,0.5347344,0.56679696,3,6383,845
FHCA,0.5213648,0.3341878,3,6383,845
FSCA,0.5205737,0.38775223,3,6383,845
FICA,0.5118416,0.39106625,3,6383,845
AKCA,0.5053589,0.33652335,3,6383,845
VWAA,0.49667808,0.61774945,3,6383,845
AVCA,0.49148506,0.3931133,3,6383,845
YSCA,0.48917708,0.43158638,3,6383,845
MNCA,0.48878214,0.5531759,3,6383,845
YICA,0.48534808,0.5125793,3,6383,845
AECA,0.48385903,0.15206748,3,6383,845
FVCA,0.47880962,0.3574214,3,6383,845
FACA,0.4749185,0.40715694,3,6383,845
FKCA,0.46741247,0.3253723,3,6383,845
ADCA,0.46487644,0.3607131,3,6383,845
AMCA,0.46475855,0.17766806,3,6383,845
WSCA,0.46393576,0.4865565,3,6383,845
HNCA,0.4538085,0.4250547,3,6383,845
APCA,0.45327672,0.16478585,3,6383,845
LAAA,0.45047235,0.44254556,3,6383,845
WHCA,0.44741496,0.46946943,3,6383,845
FSAA,0.44688007,0.4315467,3,6383,845
ATCA,0.44578162,0.28602034,3,6383,845
IHCA,0.4447054,0.48184136,3,6383,845
FCCA,0.44288686,0.17754759,3,6383,845
WACA,0.44163725,0.46219492,3,6383,845
FMCA,0.43682528,0.17610191,3,6383,845
FGCA,0.43620142,0.13789319,3,6383,845
YWAA,0.43362615,0.57216406,3,6383,845
MWCA,0.43236485,0.58575636,3,6383,845
FNAA,0.43001732,0.39565933,3,6383,845
VEAA,0.42908904,0.20426314,3,6383,845
IVAA,0.42703602,0.41321227,3,6383,845
YACA,0.42663923,0.44731057,3,6383,845
LECA,0.42297333,0.25490868,3,6383,845
LDCA,0.42192647,0.42000845,3,6383,845
FRAA,0.42050716,0.42857906,3,6383,845
FWFA,0.4181817,0.24732038,3,6383,845
FWQA,0.41789213,0.0,3,6383,845
FTCA,0.41784844,0.16315848,3,6383,845
FDCA,0.41784826,0.22877014,3,6383,845
IEAA,0.41400406,0.2201405,3,6383,845
ANCG,0.409676,0.21515435,3,6383,845
FWLA,0.40801057,0.36941645,3,6383,845
VMAA,0.407371,0.29240346,3,6383,845
VFAA,0.40547976,0.43311968,3,6383,845
ALCA,0.4013293,0.20144004,3,6383,845
ICAA,0.4009613,0.38316688,3,6383,845
IGAA,0.40036425,0.4219442,3,6383,845
IFAA,0.39371803,0.37927574,3,6383,845
MACA,0.39356402,0.47140917,3,6383,845
YRAA,0.38214853,0.41951135,3,6383,845
HYCA,0.3805308,0.25001422,3,6383,845
WGCA,0.38015422,0.29672393,3,6383,845
LTCA,0.37846604,0.27447864,3,6383,845
IQAA,0.37718776,0.35198614,3,6383,845
VRAG,0.3768982,0.37129498,3,6383,845
IICA,0.37447023,0.32890704,3,6383,845
VYAG,0.36980006,0.42661706,3,6383,845
LEAA,0.36751133,0.17273317,3,6383,845
WWAA,0.366848,0.41982874,3,6383,845
LFAA,0.36594126,0.39387694,3,6383,845
YTCA,0.3643197,0.24620871,3,6383,845
ILAA,0.36010042,0.25153887,3,6383,845
VGAA,0.35726562,0.338183,3,6383,845
VTCA,0.35281795,0.262662,3,6383,845
FWHA,0.35237208,0.0,3,6383,845
MSAA,0.35167557,0.35259682,3,6383,845
ITAA,0.3508837,0.23857263,3,6383,845
EACA,0.35006875,0.38119158,3,6383,845
YDCA,0.34817222,0.3312591,3,6383,845
FPAA,0.34771374,0.113823295,3,6383,845
FYGA,0.3451608,0.54883146,3,6383,845
ICCA,0.34321728,0.2891831,3,6383,845
AYCG,0.34201893,0.16614018,3,6383,845
SNCA,0.34136835,0.34473827,3,6383,845
LWFA,0.3412998,0.26192555,3,6383,845
MECA,0.33568326,0.16817632,3,6383,845
YIFA,0.33486524,0.28940946,3,6383,845
MWAA,0.32608697,0.4531611,3,6383,845
YWGA,0.3251861,0.19758,3,6383,845
FWCS,0.32479587,0.06665972,3,6383,845
LMAA,0.32369933,0.24513417,3,6383,845
MHAA,0.32224935,0.3197234,3,6383,845
FDAA,0.32182267,0.24970852,3,6383,845
MGCA,0.31595924,0.33872515,3,6383,845
MDCA,0.31455466,0.3323028,3,6383,845
FWCT,0.31238535,0.035780583,3,6383,845
ANCM,0.3110796,0.020099092,3,6383,845
YNCG,0.31075895,0.22871034,3,6383,845
WNFA,0.31014946,0.37153563,3,6383,845
ANCT,0.30984044,0.020736475,3,6383,845
VTAG,0.30863237,0.14021806,3,6383,845
VHAC,0.3067527,0.33113557,3,6383,845
WNCG,0.3042499,0.2548731,3,6383,845
FWCQ,0.30253887,0.0019289743,3,6383,845
FWCH,0.30253783,0.0014178787,3,6383,845
YWQA,0.30237648,0.00081319513,3,6383,845
MQCA,0.3016567,0.3252702,3,6383,845
ANCF,0.30077276,0.006862584,3,6383,845
FWCP,0.29908675,0.0020480468,3,6383,845
FVGA,0.29819128,0.2972862,3,6383,845
RRCA,0.29785857,0.22819325,3,6383,845
VHAM,0.29773507,0.1616742,3,6383,845
VQAG,0.2952472,0.1822903,3,6383,845
ANCQ,0.29388866,0.0033459358,3,6383,845
ANCN,0.29197797,0.0019453344,3,6383,845
WWIA,0.29192623,0.0016263901,3,6383,845
ANCL,0.29057923,0.00064299145,3,6383,845
VHAH,0.28906134,0.0,3,6383,845
MTCA,0.2889612,0.25264946,3,6383,845
ANCK,0.28896108,0.0029594128,3,6383,845
VHAN,0.28771564,0.0021417956,3,6383,845
WWCS,0.28634557,0.13073537,3,6383,845
VYAC,0.28609344,0.30048534,3,6383,845
AWAA,0.28590336,0.040871892,3,6383,845
ANCR,0.28445616,0.0,3,6383,845
EGCA,0.28420407,0.17164607,3,6383,845
MEAA,0.28210276,0.15169701,3,6383,845
LRMA,0.281156,0.39905873,3,6383,845
VWAF,0.27914843,0.028664296,3,6383,845
YLAA,0.2785971,0.2789058,3,6383,845
VVAC,0.27593067,0.25846812,3,6383,845
ANCC,0.27477625,0.043094955,3,6383,845
FWCW,0.27369145,0.0,3,6383,845
IQAG,0.27190104,0.2144707,3,6383,845
FNFA,0.27043608,0.07833779,3,6383,845
ISAV,0.26836106,0.03425782,3,6383,845
FNSA,0.2677541,0.081493534,3,6383,845
LWCM,0.26505423,0.16445343,3,6383,845
AYCM,0.26377782,0.025871098,3,6383,845
ISAF,0.26344544,0.030928979,3,6383,845
FWAE,0.26271072,0.0,3,6383,845
FCGA,0.26260504,0.26031095,3,6383,845
FHQA,0.2625222,0.00043886717,3,6383,845
FSLA,0.26179197,0.22010615,3,6383,845
WYCM,0.25954705,0.17730945,3,6383,845
FIIA,0.25775057,0.0006516513,3,6383,845
AYCT,0.25601897,0.022118906,3,6383,845
RICA,0.25514892,0.26710594,3,6383,845
YIIA,0.25417373,0.0006648969,3,6383,845
LWAY,0.25342825,0.00089189137,3,6383,845
VLCA,0.25200614,0.24795853,3,6383,845
AVCG,0.25151172,0.16257396,3,6383,845
FNIA,0.25074115,0.00041113212,3,6383,845
LWAN,0.25062427,0.0016177391,3,6383,845
FNLA,0.2502552,0.17895591,3,6383,845
YWTA,0.25019157,0.00037029418,3,6383,845
LNMA,0.25018477,0.35175005,3,6383,845
ISAL,0.24967535,0.14733791,3,6383,845
ISAL,0.24967511,0.14733791,3,6383,845
FHPA,0.24949683,0.0011765376,3,6383,845
FSPA,0.24827082,0.00076009985,3,6383,845
MGAA,0.24680068,0.1981721,3,6383,845
FNPA,0.24638028,0.00062271697,3,6383,845
MDAA,0.24596818,0.24419558,3,6383,845
VVAS,0.24573703,0.21016896,3,6383,845
LWAL,0.24508823,0.14692971,3,6383,845
YWCM,0.24252701,0.12489013,3,6383,845
AYCK,0.2422448,0.0032728994,3,6383,845
LWCN,0.24055733,0.0031439916,3,6383,845
VWCM,0.23849802,0.056241363,3,6383,845
FWGS,0.23692103,0.5427464,3,6383,845
VKAC,0.2338004,0.2578478,3,6383,845
LNSA,0.23359127,0.17592198,3,6383,845
VCAM,0.23091027,0.13151452,3,6383,845
FWGE,0.22983241,0.0,3,6383,845
VCAC,0.2284802,0.108659126,3,6383,845
YWCH,0.22842744,0.0006810008,3,6383,845
FNCM,0.22760652,0.058418885,3,6383,845
VWGA,0.22707088,0.20311752,3,6383,845
FNCT,0.22636746,0.025229378,3,6383,845
IVAS,0.22369622,0.23756759,3,6383,845
VEAF,0.222676,0.0051502353,3,6383,845
LWDG,0.22125812,0.00028701004,3,6383,845
VFAS,0.22090487,0.1128426,3,6383,845
FWDG,0.2204287,0.0016263901,3,6383,845
FVPA,0.21934669,0.0005741728,3,6383,845
VAAF,0.21804895,0.023760544,3,6383,845
FWME,0.21666862,0.0,3,6383,845
FCQA,0.21619439,0.0009874512,3,6383,845
YNCS,0.21458063,0.024295617,3,6383,845
IIAF,0.21193705,0.03381128,3,6383,845
YNCM,0.20839103,0.06419704,3,6383,845
INCQ,0.20832267,0.00069870194,3,6383,845
WRLG,0.20631588,0.53512865,3,6383,845
IMAD,0.20355983,0.0016263901,3,6383,845
WPCG,0.203559,0.0053967265,3,6383,845
VSCN,0.20292167,0.0013017247,3,6383,845
FWSG,0.20126711,0.006991608,3,6383,845
WLCG,0.19797488,0.19661678,3,6383,845
YIAF,0.19756137,0.002421208,3,6383,845
WILT,0.19739072,0.4331892,3,6383,845
YIAY,0.19539113,0.0004808458,3,6383,845
YNCH,0.19429167,0.001020587,3,6383,845
FWFT,0.19393447,0.11916399,3,6383,845
FYCS,0.1927367,0.072843514,3,6383,845
WNCS,0.19230801,0.06578557,3,6383,845
FWLE,0.19210574,0.00044594568,3,6383,845
YIGG,0.19193731,0.055470612,3,6383,845
WILI,0.1916167,0.042432655,3,6383,845
FWQT,0.19047798,0.0,3,6383,845
FWQD,0.18887766,0.017362254,3,6383,845
FSAD,0.18882217,0.0044325455,3,6383,845
WNCM,0.18611835,0.1042064,3,6383,845
FSAY,0.18585859,0.00018130253,3,6383,845
FWFY,0.18583992,0.0,3,6383,845
YSAF,0.18572389,0.0013413265,3,6383,845
YIAL,0.1837909,0.030034456,3,6383,845
FWFH,0.18373372,0.0039498047,3,6383,845
YIAK,0.18369667,0.00038136047,3,6383,845
FWPT,0.18244077,0.00033311607,3,6383,845
TNCT,0.18205473,0.004838511,3,6383,845
FWQQ,0.18198253,0.0011332886,3,6383,845
FWPM,0.18113184,0.00074726035,3,6383,845
ENCM,0.18011093,0.079824276,3,6383,845
YIMG,0.17990166,0.2560097,3,6383,845
LRLT,0.17842203,0.46404067,3,6383,845
FWPH,0.17685036,0.0,3,6383,845
FWRS,0.17522262,0.00032527806,3,6383,845
KWAA,0.17455932,0.00093328714,3,6383,845
HNCM,0.16858615,0.0069702435,3,6383,845
STCA,0.1685664,0.10714879,3,6383,845
FWWS,0.16755809,0.0047204983,3,6383,845
YYCS,0.16707516,0.052225195,3,6383,845
LNAF,0.16619056,0.0016825647,3,6383,845
TNCL,0.16574962,0.002099896,3,6383,845
FWDH,0.16464865,0.0,3,6383,845
FWLR,0.16396403,0.0005493105,3,6383,845
YAGG,0.16083594,0.028583437,3,6383,845
WNCR,0.16008572,0.0009509418,3,6383,845
LNCQ,0.15998846,0.0008788074,3,6383,845
LILT,0.15850003,0.4063485,3,6383,845
FWES,0.14753582,0.0,3,6383,845
FWET,0.14548503,0.0,3,6383,845
FMAD,0.1413196,0.0035085503,3,6383,845
CWAT,0.13740115,0.0045243218,3,6383,845
HYCM,0.13404559,0.03504756,3,6383,845
WAMG,0.13316609,0.23204152,3,6383,845
ATCF,0.13061742,0.0038418327,3,6383,845
HYCV,0.13040422,0.008918914,3,6383,845
DYCA,0.12772611,0.0015081072,3,6383,845
HYCD,0.1221643,0.008137249,3,6383,845
FWER,0.11904787,0.0046081054,3,6383,845
DRCA,0.11658608,0.009609586,3,6383,845
CAMG,0.10765598,0.14816613,3,6383,845
CAGG,0.10664778,0.010557701,3,6383,845
YKGD,0.0991975,0.005027024,3,6383,845
WAPG,0.09885477,0.0013603556,3,6383,845
FNST,0.09831839,0.0012490142,3,6383,845
WPCT,0.09802314,0.0011246564,3,6383,845
WASG,0.097780235,0.0006512928,3,6383,845
WISI,0.09481599,0.0016217591,3,6383,845
WFLK,0.08842872,0.00055482204,3,6383,845
KRFA,0.083071716,0.0071316767,3,6383,845
WPFR,0.081445016,0.00021224636,3,6383,845
YDCP,0.073281996,0.0011372189,3,6383,845
FYPQ,0.07123211,0.0,3,6383,845
YLCF,0.069026046,0.0010893458,3,6383,845
SSLA,0.06472909,0.0029890414,3,6383,845
YCFN,0.060983773,0.009295661,3,6383,845
YQLV,0.06090707,0.05224638,3,6383,845
YVYV,0.05948327,0.025903815,3,6383,845
PKCE,0.058219556,0.0013553251,3,6383,845
IRDV,0.057901848,0.0005414223,3,6383,845
YVDW,0.05707888,0.00029518118,3,6383,845
FNWD,0.052029517,0.011626876,3,6383,845
VVDW,0.051604886,0.0,3,6383,845
IMSH,0.04728656,0.00018059196,3,6383,845
IPSD,0.045431044,0.0,3,6383,845
QWLF,0.044896472,0.00070893933,3,6383,845
YRDC,0.04375861,0.0009963472,3,6383,845
ANMY,0.04372741,0.0,3,6383,845
MLPG,0.041395742,0.00029836656,3,6383,845
NPAG,0.038087625,0.0,3,6383,845
IAKM,0.037350927,0.00086401973,3,6383,845
YERI,0.03616033,0.00048648624,3,6383,845
KAAK,0.033325937,0.000280341,3,6383,845
AHQF,0.03287063,0.012217008,3,6383,845
PWHM,0.032781247,0.0,3,6383,845
PVIT,0.031788632,0.00043313787,3,6383,845
HYYG,0.030191716,0.011891885,3,6383,845
ITGF,0.029732782,0.1173501,3,6383,845
PFSV,0.028967313,0.00015233406,3,6383,845
FREE,0.026698157,0.0,3,6383,845
HIPT,0.024345297,0.00083009753,3,6383,845
VELR,0.022051264,0.00035296124,3,6383,845
HISE,0.021908034,0.000110153866,3,6383,845
WADI,0.020781618,0.00013207943,3,6383,845
SIAW,0.019965384,0.00012859827,3,6383,845
THGE,0.01931357,0.0025920593,3,6383,845
MSVP,0.018597398,0.00024583843,3,6383,845
ILKY,0.01853225,0.0005574321,3,6383,845
YEHP,0.015239548,0.0,3,6383,845
KAHG,0.014481213,0.00034399543,3,6383,845
FPTK,0.014192466,0.00046081058,3,6383,845
SLKG,0.0123791285,0.00021146185,3,6383,845
MCPP,0.010648418,0.0005400123,3,6383,845
ILDQ,0.009423766,0.00039554556,3,6383,845
RAGV,0.008862872,0.052600127,3,6383,845
CHQH,0.00802153,0.0,3,6383,845
WTYH,0.00782821,0.00027254949,3,6383,845
KISE,0.0070418906,0.00013917095,3,6383,845
HAGT,0.0070231003,0.113834016,3,6383,845
GYAQ,0.005229388,0.0,3,6383,845
QISN,0.005003032,0.00030526886,3,6383,845
KWKF,0.0037323018,0.0,3,6383,845
CCML,0.0036446196,0.0008014096,3,6383,845
GSGP,0.0028209132,0.00011732095,3,6383,845
CVKH,0.0022747968,0.0003021708,3,6383,845
IFEK,0.0016396237,0.00012288279,3,6383,845
KNKN,0.0005822298,0.0008014096,3,6383,845
CDFM,-0.000521,0.0014628907,3,6383,845
MQDM,-0.00067636697,0.0,3,6383,845
TALD,-0.00091938255,0.0009768332,3,6383,845
EHHI,-0.0022984627,0.0,3,6383,845
HSSC,-0.0026108655,0.0009782034,3,6383,845
APQM,-0.0047249454,0.004057454,3,6383,845
LRYL,-0.0056324783,0.0006425386,3,6383,845
QKGE,-0.0067637595,0.0008378374,3,6383,845
RYDN,-0.0071379724,0.0,3,6383,845
ERRM,-0.0072009894,0.00018744834,3,6383,845
EESG,-0.009441052,0.0005967331,3,6383,845
TCKM,-0.009697426,0.0048521794,3,6383,845
EDPM,-0.009973828,0.00021943364,3,6383,845
ATFL,-0.011324447,0.00050731434,3,6383,845
TDIS,-0.01171935,0.0,3,6383,845
GCAR,-0.012845483,0.00046338484,3,6383,845
HVEN,-0.013194963,8.6672786e-05,3,6383,845
LGDV,-0.01430143,0.0041110213,3,6383,845
RYTS,-0.01430678,0.0004007048,3,6383,845
GYLD,-0.015704583,0.004496255,3,6383,845
RSWC,-0.017087836,0.00055653445,3,6383,845
ITYE,-0.017098267,0.00035296124,3,6383,845
CSDD,-0.01836231,0.0019014737,3,6383,845
DNSC,-0.018869642,0.0008507271,3,6383,845
RRLW,-0.019087624,0.00025934097,3,6383,845
EFWE,-0.019434612,0.0027648632,3,6383,845
EYVN,-0.021101128,0.00052167237,3,6383,845
ATTT,-0.02136952,0.0,3,6383,845
ELMP,-0.021387007,0.00039498045,3,6383,845
CDQH,-0.024152942,0.00030052866,3,6383,845
CRDN,-0.024176504,0.00056756724,3,6383,845
RGQS,-0.02620716,0.00028597223,3,6383,845
CKHM,-0.026285503,0.00020181481,3,6383,845
HFKW,-0.026315782,0.00074726035,3,6383,845
RALP,-0.028360765,0.00038628274,3,6383,845
IFNQ,-0.029823061,0.0001385896,3,6383,845
LFEF,-0.031819124,7.144353e-05,3,6383,845
PPEM,-0.031929012,0.0,3,6383,845
KDKK,-0.032437395,0.00013620013,3,6383,845
RLKS,-0.03562986,0.000306669,3,6383,845
ADWW,-0.036098342,0.0051145814,3,6383,845
TKHV,-0.036634233,0.0,3,6383,845
EGGM,-0.037046354,0.018467398,3,6383,845
DWDY,-0.038843114,0.0,3,6383,845
QTRV,-0.039101385,0.00016054785,3,6383,845
HAHV,-0.03969467,0.0,3,6383,845
KPPF,-0.0403022,0.0,3,6383,845
ECEH,-0.040643733,0.0,3,6383,845
QFFW,-0.04193857,0.0,3,6383,845
DTQD,-0.043980252,0.011925436,3,6383,845
KLSQ,-0.04592321,0.00016494335,3,6383,845
KQWT,-0.046053175,0.00027511074,3,6383,845
QMHQ,-0.046907734,0.00026585226,3,6383,845
DEHT,-0.04744536,0.0,3,6383,845
HQTL,-0.04975963,0.0005042303,3,6383,845
DKDE,-0.050812107,0.0,3,6383,845
QENV,-0.050846756,0.00015191552,3,6383,845
TLDK,-0.060167048,0.0,3,6383,845
KLTS,-0.060335938,0.00034734464,3,6383,845
LEWW,-0.06982116,0.00033311607,3,6383,845
DDED,-0.070186146,0.0070615676,3,6383,845
GQNK,-0.08464442,0.0,3,6383,845
KPNR,-0.095471054,0.00016655798,3,6383,845
AACA,0.49153084,0.37746394,4,9653,1229
ASCA,0.48191866,0.5193606,4,9653,1229
IACA,0.46261314,0.5219607,4,9653,1229
IRAA,0.45829913,0.554466,4,9653,1229
YRCA,0.4568383,0.48062128,4,9653,1229
VACA,0.45621866,0.5776955,4,9653,1229
VAAA,0.4457052,0.6255503,4,9653,1229
LRLG,0.43846238,0.5085378,4,9653,1229
IAAA,0.43616873,0.5920644,4,9653,1229
VKAA,0.42843068,0.46569434,4,9653,1229
EHCA,0.42076376,0.33422318,4,9653,1229
MSCA,0.41877997,0.46844998,4,9653,1229
YVCA,0.41404828,0.41432545,4,9653,1229
MICA,0.39839175,0.36518094,4,9653,1229
LRCG,0.3940866,0.3918407,4,9653,1229
LQCA,0.38829854,0.4366505,4,9653,1229
FWMA,0.38067245,0.37918124,4,9653,1229
WWLA,0.38011053,0.6346239,4,9653,1229
YKCA,0.37353954,0.37918124,4,9653,1229
QWCA,0.3718817,0.37029734,4,9653,1229
FFAA,0.3692715,0.6989,4,9653,1229
MVCA,0.3683133,0.3305343,4,9653,1229
IWCG,0.36810794,0.48441428,4,9653,1229
LWCG,0.36770082,0.5564039,4,9653,1229
WDCA,0.36521646,0.33768412,4,9653,1229
AHAA,0.36352763,0.24730165,4,9653,1229
WFCA,0.36139813,0.49450403,4,9653,1229
ESCA,0.36118406,0.45933056,4,9653,1229
IDCA,0.36029688,0.4166363,4,9653,1229
WRLA,0.35848138,0.48025495,4,9653,1229
IRAG,0.35582379,0.34573475,4,9653,1229
AHMA,0.35524416,0.13631836,4,9653,1229
VWAG,0.35238746,0.48868126,4,9653,1229
WILG,0.34950915,0.45257968,4,9653,1229
WWMA,0.3493521,0.62011933,4,9653,1229
QHCA,0.34769794,0.43088466,4,9653,1229
YFCA,0.3453215,0.39227122,4,9653,1229
ACCA,0.3444755,0.16036206,4,9653,1229
WWLG,0.34222984,0.69382507,4,9653,1229
IFCA,0.33821252,0.36282918,4,9653,1229
YYGA,0.33671737,0.32055324,4,9653,1229
LGCA,0.33653358,0.4184761,4,9653,1229
IYAG,0.33399415,0.3456079,4,9653,1229
KNCA,0.326687,0.34441322,4,9653,1229
LWLG,0.32019207,0.6498953,4,9653,1229
THCA,0.31721827,0.5279572,4,9653,1229
LNLG,0.31687275,0.4370681,4,9653,1229
VRLG,0.3162625,0.37144887,4,9653,1229
PYCA,0.31554145,0.003770268,4,9653,1229
VLAA,0.3141887,0.27221254,4,9653,1229
SHCA,0.31075975,0.3427477,4,9653,1229
VIAG,0.30885974,0.3092402,4,9653,1229
LIMA,0.30643767,0.34833845,4,9653,1229
WRMG,0.30444673,0.33574077,4,9653,1229
IRCG,0.30196628,0.2927076,4,9653,1229
WLCA,0.29978624,0.30736062,4,9653,1229
LYCG,0.2993777,0.3633325,4,9653,1229
KHCA,0.29881603,0.36615756,4,9653,1229
IGAG,0.29869577,0.16316882,4,9653,1229
WSLA,0.2974,0.45485482,4,9653,1229
LRLC,0.29182103,0.292625,4,9653,1229
MRLG,0.29118285,0.37594345,4,9653,1229
LHLG,0.28785974,0.3889241,4,9653,1229
FFCA,0.28658625,0.43930605,4,9653,1229
ERLG,0.28592342,0.40810534,4,9653,1229
MCCA,0.28393775,0.1783944,4,9653,1229
IACG,0.28207698,0.31973436,4,9653,1229
LHLT,0.28166124,0.32260954,4,9653,1229
WNLG,0.28072003,0.4271078,4,9653,1229
YIMA,0.27960762,0.33682078,4,9653,1229
VFAG,0.27535728,0.33054772,4,9653,1229
LKLG,0.27478126,0.41123253,4,9653,1229
LKMA,0.27453807,0.29223198,4,9653,1229
LRLS,0.2742015,0.041899137,4,9653,1229
WNLA,0.27175164,0.42393413,4,9653,1229
EQCA,0.27152875,0.31111693,4,9653,1229
ERCG,0.2690302,0.19739197,4,9653,1229
WYLA,0.2688377,0.34627616,4,9653,1229
WSLG,0.268626,0.46747953,4,9653,1229
LCLA,0.2657471,0.28343555,4,9653,1229
LDCG,0.26479015,0.21153015,4,9653,1229
LRMT,0.2642714,0.13545397,4,9653,1229
LIMG,0.26387617,0.33140743,4,9653,1229
IWAS,0.2614097,0.30416536,4,9653,1229
FYAG,0.25913176,0.65570164,4,9653,1229
LYLG,0.2590847,0.3776175,4,9653,1229
LWAG,0.2588159,0.3353433,4,9653,1229
LCMA,0.2587743,0.2502707,4,9653,1229
LPCA,0.2546803,0.35674572,4,9653,1229
MLCA,0.2527129,0.24386467,4,9653,1229
FWYA,0.2520873,0.023103653,4,9653,1229
LFLG,0.25145155,0.32660505,4,9653,1229
WALG,0.2510675,0.44910976,4,9653,1229
HFCA,0.24866453,0.10985648,4,9653,1229
FWCG,0.244884,0.43904123,4,9653,1229
PKCA,0.24417791,0.006480148,4,9653,1229
TRLG,0.24324161,0.08528652,4,9653,1229
AHCM,0.24310708,0.0309153,4,9653,1229
WECA,0.2423207,0.21553825,4,9653,1229
WYLT,0.24228244,0.35113764,4,9653,1229
ENCG,0.23978604,0.21074402,4,9653,1229
YYAG,0.23897894,0.3495577,4,9653,1229
WHLT,0.23784451,0.38381773,4,9653,1229
LGLG,0.23376115,0.28152803,4,9653,1229
LHMG,0.23310298,0.21397637,4,9653,1229
ECCA,0.23121727,0.19877125,4,9653,1229
RHAA,0.23009433,0.031350452,4,9653,1229
MICG,0.2297322,0.21360971,4,9653,1229
IDCG,0.2274666,0.23846945,4,9653,1229
WCLA,0.22727357,0.34581652,4,9653,1229
IAGA,0.22427785,0.21258293,4,9653,1229
WYMG,0.22408526,0.30159372,4,9653,1229
WELT,0.22397278,0.1703752,4,9653,1229
RRLG,0.22373705,0.080588,4,9653,1229
IVLG,0.22283602,0.2611672,4,9653,1229
LLCG,0.22239658,0.19386886,4,9653,1229
YVCG,0.22199126,0.2927912,4,9653,1229
HVCG,0.22046652,0.21137825,4,9653,1229
INLG,0.2201347,0.3488499,4,9653,1229
LHAG,0.21918046,0.1998165,4,9653,1229
FVLG,0.21842691,0.40206322,4,9653,1229
WRNG,0.21425343,0.0048148013,4,9653,1229
WNFG,0.21423335,0.42561683,4,9653,1229
MILG,0.21345596,0.33188304,4,9653,1229
FWEA,0.21291165,0.0,4,9653,1229
MVCG,0.20966505,0.20905602,4,9653,1229
LHGS,0.20592092,0.14045201,4,9653,1229
WRMT,0.20562452,0.23128287,4,9653,1229
LNFA,0.2051602,0.11700675,4,9653,1229
INFG,0.20329578,0.32512984,4,9653,1229
MVLG,0.20320602,0.29930857,4,9653,1229
LRMS,0.20234995,0.13059933,4,9653,1229
LFAG,0.20039132,0.1308035,4,9653,1229
WNMG,0.20029712,0.24066065,4,9653,1229
MWGA,0.20022897,0.10714094,4,9653,1229
FHAG,0.19451205,0.3737416,4,9653,1229
YWMG,0.19419967,0.38434637,4,9653,1229
INMG,0.19354127,0.10242983,4,9653,1229
IWAD,0.1930442,0.007226107,4,9653,1229
VPAG,0.18955518,0.020842815,4,9653,1229
VECA,0.18833882,0.17119427,4,9653,1229
LKAC,0.18726863,0.23607339,4,9653,1229
LRMM,0.18346395,0.01336569,4,9653,1229
MAGA,0.1818638,0.09763681,4,9653,1229
EMCA,0.18018258,0.2043787,4,9653,1229
LHDA,0.17993456,0.00034303518,4,9653,1229
LGMG,0.17900433,0.06409993,4,9653,1229
WDMG,0.17898817,0.16144559,4,9653,1229
PHLG,0.17776115,0.01078971,4,9653,1229
MIMG,0.17711388,0.17507708,4,9653,1229
IIMG,0.17664318,0.079045616,4,9653,1229
LIFT,0.17540611,0.2192899,4,9653,1229
LSDA,0.17463289,0.00034433254,4,9653,1229
EKLG,0.17454301,0.32286954,4,9653,1229
YSLG,0.17395565,0.3788336,4,9653,1229
QVLG,0.17311674,0.26256672,4,9653,1229
YDAG,0.17113397,0.043308698,4,9653,1229
MALG,0.16988741,0.31543428,4,9653,1229
WCMG,0.16732976,0.17557347,4,9653,1229
WRGT,0.16613995,0.18754135,4,9653,1229
LWAS,0.16454773,0.07963043,4,9653,1229
YLAG,0.16167669,0.09086937,4,9653,1229
MSLG,0.16125174,0.3238587,4,9653,1229
LNMC,0.16109774,0.10266511,4,9653,1229
FECA,0.16042285,0.10164353,4,9653,1229
MWAC,0.15706359,0.17502105,4,9653,1229
WNGA,0.15659778,0.09855191,4,9653,1229
WVGA,0.15526587,0.14202873,4,9653,1229
KFCA,0.15475969,0.046422396,4,9653,1229
VHAW,0.15407299,0.0017499134,4,9653,1229
IVLT,0.14596765,0.12371819,4,9653,1229
TIMG,0.14528388,0.032600626,4,9653,1229
MVGA,0.14412947,0.10809752,4,9653,1229
CWMG,0.14376186,0.3166496,4,9653,1229
MFAG,0.14212398,0.08756206,4,9653,1229
IAMA,0.1417333,0.12455152,4,9653,1229
LKMC,0.14053693,0.09575643,4,9653,1229
LWCI,0.138052,0.14889047,4,9653,1229
LFMC,0.13701598,0.047112472,4,9653,1229
QVMG,0.12833032,0.08427781,4,9653,1229
WDMT,0.1277112,0.082438365,4,9653,1229
AAMA,0.12643,0.066994764,4,9653,1229
LRCQ,0.12118154,0.0006843721,4,9653,1229
YVGG,0.119479716,0.05461915,4,9653,1229
LITT,0.117595136,0.0004808458,4,9653,1229
FHAS,0.11152713,0.20742407,4,9653,1229
LWCF,0.111236915,0.0026585225,4,9653,1229
ENSA,0.10700476,0.008751393,4,9653,1229
IVFT,0.10562131,0.031713516,4,9653,1229
ENCC,0.10391609,0.06484263,4,9653,1229
LCDA,0.102861986,0.0007298552,4,9653,1229
IQKG,0.09458409,0.0005760131,4,9653,1229
IFGM,0.09068026,0.3539701,4,9653,1229
LIDG,0.08604806,0.00034851217,4,9653,1229
LNCP,0.08574284,0.0017756002,4,9653,1229
LCTA,0.08562374,0.0076872543,4,9653,1229
VKCS,0.08126458,0.023843156,4,9653,1229
WYQV,0.08012083,0.00031329892,4,9653,1229
ARLS,0.0739242,0.008818961,4,9653,1229
IGGP,0.07180487,0.00051922316,4,9653,1229
WEMC,0.07007715,0.04984193,4,9653,1229
WRSF,0.0625962,0.0004031913,4,9653,1229
FISG,0.06148556,0.008922467,4,9653,1229
YSMV,0.06002568,0.0042267893,4,9653,1229
IREC,0.058473624,0.001194694,4,9653,1229
SYGR,0.058193475,0.00047961916,4,9653,1229
LRKN,0.05692381,0.00012859827,4,9653,1229
FVHG,0.05554117,0.00031418898,4,9653,1229
LCAV,0.055483945,0.021050664,4,9653,1229
SNSA,0.054534134,0.0234196,4,9653,1229
LCAI,0.05317773,0.018944433,4,9653,1229
LYSM,0.050607286,0.0021151958,4,9653,1229
LIQV,0.05001954,0.00043886717,4,9653,1229
YKDG,0.048345335,0.0,4,9653,1229
YVKL,0.046806376,0.00018467596,4,9653,1229
MCGK,0.043235425,0.0020389846,4,9653,1229
RINT,0.04320169,0.0003641172,4,9653,1229
LFDC,0.039799515,0.00041611653,4,9653,1229
VHTY,0.03936734,0.0,4,9653,1229
YRFN,0.038709097,0.0042632814,4,9653,1229
VVLN,0.03704315,0.0008731147,4,9653,1229
MKCR,0.03645705,0.0008305306,4,9653,1229
IFLS,0.03611828,0.0011013682,4,9653,1229
WWWK,0.035741948,0.00079564407,4,9653,1229
WDAM,0.035506953,0.04062553,4,9653,1229
ERFQ,0.034252938,0.0,4,9653,1229
RSQA,0.034220435,0.00030052866,4,9653,1229
IRDL,0.03292941,0.00042330704,4,9653,1229
WINF,0.03107575,0.0007788347,4,9653,1229
VWFV,0.028446348,0.045384824,4,9653,1229
LFIS,0.027262347,0.00020917972,4,9653,1229
YLST,0.026691308,0.00064634794,4,9653,1229
YPME,0.026579794,0.000121800185,4,9653,1229
GVGR,0.025865566,0.0001320194,4,9653,1229
WQGG,0.025827877,0.026995836,4,9653,1229
WDYV,0.025584038,0.0075803334,4,9653,1229
MCVS,0.024015427,0.0023144784,4,9653,1229
TVQC,0.023930136,0.0,4,9653,1229
CADG,0.023836035,0.00074058835,4,9653,1229
FLWG,0.022075787,0.0014680689,4,9653,1229
PIGR,0.021080568,0.00035752542,4,9653,1229
MEMP,0.020658668,0.00056044525,4,9653,1229
TRPS,0.019592732,0.0005507695,4,9653,1229
LIRR,0.019444315,0.0003302425,4,9653,1229
FHSS,0.017702159,0.0036567545,4,9653,1229
NWLC,0.016613953,0.0013011121,4,9653,1229
TWGG,0.016174909,0.016305603,4,9653,1229
EVQK,0.014774738,0.0,4,9653,1229
KISV,0.014746662,0.0002280822,4,9653,1229
RYQD,0.013782369,0.004026948,4,9653,1229
RIQD,0.013720758,0.0017438646,4,9653,1229
GMVG,0.012845688,0.00017930375,4,9653,1229
MNNI,0.012314714,0.0003434613,4,9653,1229
WSEH,0.012281898,0.00020821998,4,9653,1229
EKDL,0.012181528,0.00013041809,4,9653,1229
YSVL,0.009891619,0.00029959815,4,9653,1229
ICYP,0.009469856,0.013078606,4,9653,1229
VADY,0.009140719,0.0005760131,4,9653,1229
HFYT,0.008825155,0.00058826874,4,9653,1229
NALD,0.007677432,0.005027024,4,9653,1229
LDSR,0.006009115,0.00015679756,4,9653,1229
GGLD,0.00598605,0.0,4,9653,1229
MHHD,0.004081078,0.0037911462,4,9653,1229
WHYK,0.003864791,0.00024360027,4,9653,1229
VFLL,0.0036049706,0.0010044177,4,9653,1229
HKWC,0.002090234,0.00058207643,4,9653,1229
WAPG,0.001864068,0.0013603556,4,9653,1229
EHQH,0.0017831696,0.0,4,9653,1229
QKFQ,0.0014845838,0.00038048576,4,9653,1229
YGGE,0.00095742644,0.00032203062,4,9653,1229
CDFM,0.00076103007,0.0014628907,4,9653,1229
PSNC,0.00045396836,0.00022756077,4,9653,1229
EMAC,3.959809e-06,0.00061441405,4,9653,1229
YSYK,-0.0017571228,0.00015620692,4,9653,1229
ECEH,-0.0025324526,0.0,4,9653,1229
VQFW,-0.0026370205,0.0013166015,4,9653,1229
VQYV,-0.0028392796,0.0004808458,4,9653,1229
VMHV,-0.0035686877,0.0005808536,4,9653,1229
MDNH,-0.0039542727,0.00016858923,4,9653,1229
KFQV,-0.0055258367,0.0,4,9653,1229
EKTR,-0.0068611763,9.0949456e-05,4,9653,1229
TIYD,-0.007362779,0.0015864986,4,9653,1229
IPMW,-0.008336663,0.0,4,9653,1229
SVRL,-0.009291986,0.00018599168,4,9653,1229
DNGI,-0.009463735,0.004560599,4,9653,1229
FWTF,-0.009606207,0.0,4,9653,1229
FIQW,-0.009820506,0.0009675155,4,9653,1229
HKRM,-0.010415874,0.00020556602,4,9653,1229
HQFN,-0.011173613,0.00029103828,4,9653,1229
NDQV,-0.011312805,0.00024467814,4,9653,1229
HKFN,-0.0113764405,0.0005502216,4,9653,1229
RYRN,-0.011418214,0.00031329892,4,9653,1229
GQMI,-0.012878232,0.0,4,9653,1229
FWEQ,-0.0135125145,0.0005382605,4,9653,1229
DCAA,-0.013734892,0.0028503744,4,9653,1229
EPKV,-0.013737617,0.0007899609,4,9653,1229
KKRD,-0.014469389,0.0,4,9653,1229
WLPF,-0.0147951245,0.00023315781,4,9653,1229
ETVR,-0.015022974,0.00024720238,4,9653,1229
GHDK,-0.015781939,0.00081319513,4,9653,1229
DAAM,-0.016654354,0.0009534011,4,9653,1229
KRRW,-0.017274879,0.000252211,4,9653,1229
HWLK,-0.017974768,0.00033046168,4,9653,1229
PEWQ,-0.018498424,0.0,4,9653,1229
NQDG,-0.018677548,0.0006583008,4,9653,1229
TCQI,-0.019036232,0.007730355,4,9653,1229
DHVW,-0.019635178,0.00076801755,4,9653,1229
NNAQ,-0.019677013,0.0,4,9653,1229
YQYY,-0.021898566,0.00024042286,4,9653,1229
CKRK,-0.021930132,0.001885134,4,9653,1229
RETS,-0.02239699,0.00024485154,4,9653,1229
ITHR,-0.022500819,0.00015844488,4,9653,1229
TPSV,-0.022648575,0.00023835024,4,9653,1229
LTQK,-0.023061212,0.00036864838,4,9653,1229
VLQF,-0.023305766,0.00037874837,4,9653,1229
TNTQ,-0.023435611,0.0,4,9653,1229
DVYY,-0.023575222,0.0,4,9653,1229
CDSF,-0.02427096,0.0010240235,4,9653,1229
DMQK,-0.025440967,0.0066968994,4,9653,1229
NMPT,-0.02622571,0.00017334567,4,9653,1229
QLDK,-0.026665904,0.00013011122,4,9653,1229
RLAQ,-0.02678037,0.00018983863,4,9653,1229
QNNR,-0.027603816,0.00022001559,4,9653,1229
HYPA,-0.028144956,0.0,4,9653,1229
RMYS,-0.028361278,0.0004451173,4,9653,1229
GVWW,-0.02873122,0.00013755541,4,9653,1229
RHWN,-0.02980904,0.00042211649,4,9653,1229
DNVM,-0.030790906,0.0002229728,4,9653,1229
KGWV,-0.031651888,0.00018160022,4,9653,1229
LTPH,-0.031825267,5.158332e-05,4,9653,1229
SFVW,-0.032993615,0.00039344752,4,9653,1229
GKWW,-0.03410879,0.00063804537,4,9653,1229
NFVL,-0.034392122,0.00046945843,4,9653,1229
QLEC,-0.035450928,0.001256756,4,9653,1229
FQYH,-0.036320686,0.0,4,9653,1229
TGEH,-0.037128355,0.0,4,9653,1229
TTAI,-0.03732957,0.0002764863,4,9653,1229
FDNW,-0.037481684,0.0016263901,4,9653,1229
PLYR,-0.037599538,0.00017746235,4,9653,1229
CACY,-0.03807243,0.00028212892,4,9653,1229
KAPF,-0.038324848,0.0004151446,4,9653,1229
RLSN,-0.03856744,0.00024227687,4,9653,1229
KTRL,-0.0388159,0.00028834032,4,9653,1229
EMHH,-0.039142758,0.0,4,9653,1229
TMPM,-0.040169574,0.0,4,9653,1229
YFIW,-0.04155837,0.00023040529,4,9653,1229
PIIQ,-0.042509165,0.0,4,9653,1229
QDIE,-0.04345931,0.0002835757,4,9653,1229
NMDP,-0.04541643,0.0001280029,4,9653,1229
SYIN,-0.046174098,0.00030052866,4,9653,1229
RERR,-0.046915114,0.00015778413,4,9653,1229
TAEN,-0.047029637,0.00093799137,4,9653,1229
NTYE,-0.04721559,0.00034560793,4,9653,1229
NATL,-0.047384415,0.0002211891,4,9653,1229
QEHE,-0.047560304,0.00033717847,4,9653,1229
RPKQ,-0.04801576,0.00067908916,4,9653,1229
DGYY,-0.05018358,0.0004945047,4,9653,1229
RQEF,-0.051443003,0.00022756077,4,9653,1229
NQNF,-0.051494557,0.0,4,9653,1229
TPAV,-0.051609423,0.0,4,9653,1229
GMQI,-0.05214417,0.0,4,9653,1229
DQRF,-0.052373834,0.0,4,9653,1229
GIWQ,-0.05299083,0.0005167969,4,9653,1229
SMDN,-0.054050617,0.0002737488,4,9653,1229
SAYE,-0.054089174,0.0,4,9653,1229
SPFY,-0.05425101,0.00032432415,4,9653,1229
AKFR,-0.054670822,0.0016756747,4,9653,1229
CRCH,-0.056839593,0.0006258678,4,9653,1229
CPTL,-0.0575965,0.0003924885,4,9653,1229
GLRN,-0.05865512,0.00032993592,4,9653,1229
GLVF,-0.059195068,0.00029930865,4,9653,1229
RTAN,-0.06036051,0.00027706966,4,9653,1229
GYCF,-0.062795624,0.0,4,9653,1229
NTIL,-0.06828946,0.00032299804,4,9653,1229
GLIM,-0.069198824,0.0,4,9653,1229
NQVA,-0.06992534,0.0004007048,4,9653,1229
DPDW,-0.07072461,0.0,4,9653,1229
HWAE,-0.08230553,0.00043200987,4,9653,1229
AQAR,-0.08361269,0.0,4,9653,1229
SWWA,-0.0877713,0.0008463867,4,9653,1229
APDW,-0.08805815,0.0,4,9653,1229
QLHA,-0.09792075,0.0004106233,4,9653,1229
DMCY,-0.12245994,0.00045325622,4,9653,1229
CPCR,-0.15830265,0.00069579337,4,9653,1229
FYAA,0.60980946,0.8115687,5,12877,1613
VNAA,0.49407828,0.54470915,5,12877,1613
WRLT,0.4665169,0.5189193,5,12877,1613
LILG,0.45589393,0.47030628,5,12877,1613
FWLG,0.45042455,0.7376769,5,12877,1613
WWFA,0.44773835,0.5892799,5,12877,1613
YWLG,0.44439423,0.568064,5,12877,1613
IYAA,0.4425454,0.44646153,5,12877,1613
WWLT,0.44229275,0.6748381,5,12877,1613
MWLG,0.43666565,0.51526546,5,12877,1613
WVLG,0.42633694,0.41241017,5,12877,1613
LWMG,0.42499238,0.48236528,5,12877,1613
WYLG,0.4231751,0.42908934,5,12877,1613
FYLG,0.42213976,0.42029762,5,12877,1613
IWLG,0.421813,0.49257922,5,12877,1613
LSLG,0.42084152,0.43842,5,12877,1613
LALG,0.41045374,0.43234852,5,12877,1613
VWLG,0.40931594,0.44132176,5,12877,1613
LVLG,0.4066552,0.39709526,5,12877,1613
LSAA,0.4018203,0.42917636,5,12877,1613
YWCG,0.39998353,0.43907085,5,12877,1613
WKLG,0.39770353,0.41230226,5,12877,1613
WQCA,0.39177477,0.3425615,5,12877,1613
MAAA,0.38970608,0.34875733,5,12877,1613
WIFG,0.38013333,0.5167892,5,12877,1613
WQLG,0.3770358,0.3177629,5,12877,1613
WCLG,0.37048364,0.3738386,5,12877,1613
WMLG,0.36997753,0.24140851,5,12877,1613
FRLG,0.36171162,0.44675708,5,12877,1613
ESLG,0.35476524,0.41153926,5,12877,1613
LCLG,0.35448825,0.35559905,5,12877,1613
WIFT,0.35146928,0.41344318,5,12877,1613
LQLG,0.34623104,0.308472,5,12877,1613
WDLG,0.34545964,0.31145856,5,12877,1613
WSMA,0.34444922,0.37410727,5,12877,1613
FYAC,0.34249115,0.3349052,5,12877,1613
LMLG,0.3419605,0.23933834,5,12877,1613
FRAG,0.34141046,0.25272295,5,12877,1613
VWMG,0.33848417,0.25464517,5,12877,1613
WAAA,0.33716232,0.25711462,5,12877,1613
HACA,0.33644468,0.33834723,5,12877,1613
QACA,0.33581114,0.39529788,5,12877,1613
LALA,0.33521503,0.38195053,5,12877,1613
FSLG,0.33490294,0.36451435,5,12877,1613
EILG,0.33385855,0.35358348,5,12877,1613
LHLA,0.33299112,0.27792636,5,12877,1613
FIAG,0.33293498,0.34017894,5,12877,1613
LELG,0.32987553,0.19909178,5,12877,1613
FALG,0.329522,0.38863012,5,12877,1613
LTLG,0.32890463,0.21235585,5,12877,1613
WVLT,0.32541478,0.38581374,5,12877,1613
MYAA,0.32497972,0.34062153,5,12877,1613
WYAA,0.3245681,0.3194099,5,12877,1613
LAMA,0.3239466,0.33141905,5,12877,1613
WHFA,0.32377476,0.40625268,5,12877,1613
LDLG,0.3231296,0.321783,5,12877,1613
RWCA,0.32171756,0.09078948,5,12877,1613
EALG,0.3210138,0.41483516,5,12877,1613
LCCA,0.3202771,0.28679046,5,12877,1613
WELG,0.3181643,0.2091725,5,12877,1613
FYGT,0.3161881,0.44964066,5,12877,1613
EVCA,0.31174058,0.39954442,5,12877,1613
WQLT,0.30942255,0.2804396,5,12877,1613
WRFG,0.30563092,0.55333173,5,12877,1613
YNLG,0.30548728,0.38574106,5,12877,1613
LLLG,0.30452406,0.2811116,5,12877,1613
LVLT,0.3034252,0.35064524,5,12877,1613
WLLA,0.30012017,0.19568585,5,12877,1613
VRCG,0.29837626,0.2744025,5,12877,1613
VVAG,0.2980953,0.3258823,5,12877,1613
MWMA,0.2978142,0.3115788,5,12877,1613
SWLG,0.29689306,0.12526236,5,12877,1613
FFAC,0.2951098,0.23176503,5,12877,1613
WWSA,0.2929082,0.030164544,5,12877,1613
VHCG,0.2927789,0.34500685,5,12877,1613
WQFA,0.2923333,0.3102811,5,12877,1613
WVMA,0.29227877,0.33490473,5,12877,1613
YALG,0.2922727,0.36262736,5,12877,1613
LPLG,0.29077512,0.12510516,5,12877,1613
WKMA,0.28973424,0.29523528,5,12877,1613
VNCG,0.2893321,0.42334363,5,12877,1613
HICA,0.2890846,0.42178208,5,12877,1613
WCCA,0.2869776,0.29627952,5,12877,1613
FYAI,0.2819445,0.12295509,5,12877,1613
VHLG,0.28146636,0.37548625,5,12877,1613
CAAA,0.27948308,0.33893123,5,12877,1613
FFAS,0.27794063,0.3664021,5,12877,1613
KWLG,0.27714813,0.21296383,5,12877,1613
VKAG,0.2764808,0.2836006,5,12877,1613
FCLG,0.2748484,0.3083042,5,12877,1613
FFAT,0.27397877,0.1084074,5,12877,1613
FYAK,0.27348363,0.00087773433,5,12877,1613
EMLG,0.2721039,0.15086536,5,12877,1613
LQLT,0.27177536,0.24400733,5,12877,1613
WWWA,0.2712636,0.012309322,5,12877,1613
ISAG,0.26686412,0.35841882,5,12877,1613
FWGM,0.26569062,0.33869573,5,12877,1613
FYGH,0.26547825,0.052061785,5,12877,1613
FYGL,0.26364398,0.25572252,5,12877,1613
WIFC,0.263516,0.33495063,5,12877,1613
YRCG,0.26044077,0.3288414,5,12877,1613
WWPA,0.25913614,0.0010679013,5,12877,1613
WRLY,0.25892347,0.0010548377,5,12877,1613
LDLA,0.25885653,0.2758881,5,12877,1613
HNAA,0.25861526,0.22995953,5,12877,1613
NRLG,0.25803488,0.011869721,5,12877,1613
IIAG,0.2570147,0.27727833,5,12877,1613
WRLD,0.25678694,0.0108918855,5,12877,1613
YRLT,0.2559927,0.38574803,5,12877,1613
FFGT,0.25540566,0.35909685,5,12877,1613
HRLG,0.2517684,0.32684726,5,12877,1613
CWAG,0.2514032,0.12236835,5,12877,1613
FYAW,0.2500884,0.0027648632,5,12877,1613
WRLW,0.2494341,0.0014421454,5,12877,1613
FYAF,0.24878497,0.004388672,5,12877,1613
FFAV,0.24845214,0.04138376,5,12877,1613
YQLG,0.24697788,0.27632052,5,12877,1613
QILG,0.24686469,0.3028853,5,12877,1613
FFAI,0.24520342,0.06726459,5,12877,1613
WRLN,0.24483915,0.012155621,5,12877,1613
ELLG,0.24475814,0.175895,5,12877,1613
YSCG,0.24423628,0.202681,5,12877,1613
LNMG,0.24380703,0.2605377,5,12877,1613
FFAQ,0.24362962,0.0008833429,5,12877,1613
CWCG,0.2432007,0.07129522,5,12877,1613
FLLG,0.24130686,0.2629824,5,12877,1613
WMMA,0.24009027,0.19860606,5,12877,1613
LNFG,0.23978592,0.2870536,5,12877,1613
WLFG,0.23912437,0.3868158,5,12877,1613
INAS,0.23763104,0.2298029,5,12877,1613
WWDA,0.23649372,0.00028701004,5,12877,1613
WRLF,0.23509003,0.0034111948,5,12877,1613
NNLG,0.23265474,0.011861605,5,12877,1613
LVLC,0.23257314,0.23758112,5,12877,1613
YTLG,0.23208229,0.2053568,5,12877,1613
MELG,0.23173346,0.11985273,5,12877,1613
ESLA,0.2304825,0.31220052,5,12877,1613
FTAG,0.22846071,0.13201599,5,12877,1613
WIFL,0.22806223,0.0043536974,5,12877,1613
WYRA,0.22642867,0.019808598,5,12877,1613
WIFN,0.22437282,0.0124079725,5,12877,1613
WIFY,0.22390597,0.001190789,5,12877,1613
LAGA,0.22375871,0.22384723,5,12877,1613
WWTA,0.21932991,0.0015719958,5,12877,1613
KALG,0.21859194,0.14091884,5,12877,1613
VCAG,0.21845536,0.2703767,5,12877,1613
FWGI,0.21683435,0.10389183,5,12877,1613
LPLA,0.21657656,0.019808901,5,12877,1613
DILG,0.21656407,0.019141361,5,12877,1613
YLLG,0.21615756,0.27305958,5,12877,1613
WVLC,0.21595958,0.4081404,5,12877,1613
ICAG,0.21575178,0.26280072,5,12877,1613
FRGT,0.2154344,0.29827565,5,12877,1613
SWMG,0.21469162,0.07338653,5,12877,1613
HWCG,0.21436761,0.25379264,5,12877,1613
WSKA,0.21275912,0.005097083,5,12877,1613
LKMG,0.21269749,0.22824039,5,12877,1613
LRFG,0.21169733,0.38559735,5,12877,1613
ELCA,0.21132104,0.21810475,5,12877,1613
YSAG,0.21121408,0.09722732,5,12877,1613
FFAF,0.21058215,0.0047670053,5,12877,1613
EGLG,0.20857878,0.108683735,5,12877,1613
KICA,0.2060136,0.36695534,5,12877,1613
SSLG,0.2051843,0.0591603,5,12877,1613
RVCA,0.20460488,0.23894598,5,12877,1613
WFRA,0.20198752,0.0034179497,5,12877,1613
LAAG,0.20115997,0.13054794,5,12877,1613
NKLG,0.20028482,0.008807736,5,12877,1613
YDLG,0.19875517,0.25527856,5,12877,1613
WFGA,0.19336642,0.14990228,5,12877,1613
WYTA,0.19197585,0.0014270262,5,12877,1613
FFRA,0.19186877,0.00058826874,5,12877,1613
WILH,0.19023721,0.0028047198,5,12877,1613
WVLQ,0.18907437,0.00063673465,5,12877,1613
YQCG,0.1875591,0.15598437,5,12877,1613
LVAG,0.18707453,0.19303884,5,12877,1613
FYAE,0.18618532,0.0010913934,5,12877,1613
MIAG,0.181463,0.1482744,5,12877,1613
ILCG,0.18145521,0.14503615,5,12877,1613
VNRA,0.17991744,0.0011688197,5,12877,1613
VSRA,0.17962156,0.0011765376,5,12877,1613
QLLG,0.17919345,0.095691994,5,12877,1613
WVLH,0.17777713,0.0019765764,5,12877,1613
FWGP,0.17739083,0.050611056,5,12877,1613
LSSA,0.17450245,0.09579934,5,12877,1613
LAFG,0.1718738,0.32301265,5,12877,1613
WVLN,0.17180647,0.0069684954,5,12877,1613
DTLG,0.17045857,0.002621853,5,12877,1613
VNRG,0.1702794,0.00055297266,5,12877,1613
VYGM,0.16942774,0.36402047,5,12877,1613
CAAG,0.16932024,0.06921605,5,12877,1613
VWAI,0.16833253,0.043844484,5,12877,1613
WFWA,0.16675515,0.0042966017,5,12877,1613
IDAM,0.16669796,0.10706049,5,12877,1613
LVLM,0.16547392,0.0045151296,5,12877,1613
MQLT,0.16420484,0.15397906,5,12877,1613
IMGM,0.1632785,0.11517894,5,12877,1613
FNAM,0.16326357,0.023947634,5,12877,1613
LPCG,0.1630264,0.05764037,5,12877,1613
VSQA,0.16298543,0.0006912158,5,12877,1613
SMLG,0.16205278,0.008332465,5,12877,1613
WRQG,0.16097777,0.00052994734,5,12877,1613
FVAT,0.1606458,0.039619822,5,12877,1613
LTMG,0.15995449,0.11577865,5,12877,1613
PNAA,0.15874435,0.0013896193,5,12877,1613
CVAG,0.15623966,0.09315378,5,12877,1613
WVKA,0.15404738,0.02488377,5,12877,1613
LVLW,0.15164356,0.0009548326,5,12877,1613
MNRA,0.15054844,0.0067382674,5,12877,1613
NLLG,0.15036334,0.0027951724,5,12877,1613
ESLM,0.14845584,0.0017901992,5,12877,1613
ERLW,0.1471522,0.00080307235,5,12877,1613
YLCG,0.14510031,0.15035227,5,12877,1613
MRLD,0.14506812,0.007372969,5,12877,1613
FAAK,0.14294852,0.00053170446,5,12877,1613
YECG,0.1425702,0.080264255,5,12877,1613
LAKA,0.1420099,0.0008754184,5,12877,1613
LVLI,0.13651927,0.002976702,5,12877,1613
INFM,0.1351314,0.001267559,5,12877,1613
VRQA,0.13252528,0.0007788347,5,12877,1613
ILFG,0.12850392,0.13604121,5,12877,1613
LVLN,0.12562957,0.0027084374,5,12877,1613
FIGF,0.12474944,0.07219365,5,12877,1613
FFKM,0.11844297,0.00048506376,5,12877,1613
EKCC,0.116426334,0.037888866,5,12877,1613
FNAI,0.115768805,0.018432422,5,12877,1613
ESLR,0.10982059,0.00012756005,5,12877,1613
KPLG,0.106929004,0.0026512388,5,12877,1613
CHGA,0.10204087,0.112533614,5,12877,1613
LYGP,0.09624778,0.002541133,5,12877,1613
LDLI,0.09587668,0.0017280395,5,12877,1613
LPLW,0.09567569,0.00045114316,5,12877,1613
PELG,0.08498633,0.002321641,5,12877,1613
IMAK,0.08153172,0.00021634297,5,12877,1613
LFLW,0.080342054,0.00091883674,5,12877,1613
MIMW,0.06973943,0.00067026983,5,12877,1613
WYDY,0.066370755,0.00052026997,5,12877,1613
LFQT,0.06373706,0.00085827237,5,12877,1613
VLMA,0.062117234,0.044562776,5,12877,1613
FFRF,0.053733483,0.0012126593,5,12877,1613
KNKA,0.048627205,0.0002498371,5,12877,1613
ERQA,0.048019335,0.0011004431,5,12877,1613
EKQS,0.04727292,0.000115684634,5,12877,1613
EKQC,0.045928657,0.0,5,12877,1613
LNIC,0.04428651,0.0010634089,5,12877,1613
QSLR,0.043723345,0.00035614692,5,12877,1613
YNGR,0.04267925,0.00047481136,5,12877,1613
VSYS,0.040169477,0.00535289,5,12877,1613
HIFK,0.03843019,0.0,5,12877,1613
MIPC,0.038228244,0.0020736475,5,12877,1613
CFAP,0.036433868,0.0015986068,5,12877,1613
MRPI,0.034675136,0.0002369883,5,12877,1613
QSCI,0.03396222,0.006528836,5,12877,1613
EICQ,0.0317671,0.0,5,12877,1613
MWRL,0.03075438,0.00031354124,5,12877,1613
CFYM,0.029630661,0.00085511233,5,12877,1613
ICFF,0.028914183,0.0011059452,5,12877,1613
QRMH,0.028433278,0.00013487138,5,12877,1613
QVCR,0.027194217,0.0007275955,5,12877,1613
VWPV,0.02597496,0.0014717903,5,12877,1613
TAEG,0.025875077,0.0,5,12877,1613
AHYK,0.023373906,0.0018426707,5,12877,1613
WIAE,0.022448294,0.00045738017,5,12877,1613
SKLV,0.022340566,0.00021105824,5,12877,1613
NRMC,0.021853305,0.00017389082,5,12877,1613
QVKA,0.02184628,0.00045224524,5,12877,1613
EFQL,0.02012907,0.0011059452,5,12877,1613
TDAM,0.01906348,0.0018432421,5,12877,1613
YFPC,0.018038709,0.0006036819,5,12877,1613
IADY,0.01755955,0.00030052866,5,12877,1613
MVHA,0.016724616,0.0023501336,5,12877,1613
RHFK,0.014825098,0.00029103828,5,12877,1613
WDKH,0.014152534,0.00039498045,5,12877,1613
IAHP,0.013250429,0.00033311607,5,12877,1613
IASD,0.013033643,0.0028254162,5,12877,1613
QFPT,0.01083681,0.00024819237,5,12877,1613
VQTT,0.010593861,0.00031418898,5,12877,1613
DSGR,0.010585215,0.00013389168,5,12877,1613
LKIL,0.010489605,0.00036083043,5,12877,1613
MQTC,0.00989202,0.003172794,5,12877,1613
TCMG,0.009173743,0.02488377,5,12877,1613
ILSK,0.008450944,0.0003291504,5,12877,1613
HCAP,0.0080295205,0.0007945009,5,12877,1613
EVKL,0.0078112036,0.00020480469,5,12877,1613
VHCW,0.0060477257,0.0011285156,5,12877,1613
CIDY,0.00591293,0.00077519525,5,12877,1613
EVEE,0.0055537894,0.00017173064,5,12877,1613
ICKF,0.0034241676,0.0016756747,5,12877,1613
CTFP,0.0033578835,0.0040080915,5,12877,1613
DHDS,0.00326135,0.0,5,12877,1613
QKGF,0.0025681406,0.024473436,5,12877,1613
FLDS,0.0022368543,0.00027062284,5,12877,1613
TKVV,0.00036416948,0.00054569676,5,12877,1613
HMQY,-0.0002771467,0.00032149578,5,12877,1613
SNRS,-0.0010463893,0.00032372,5,12877,1613
IYMP,-0.0023428649,0.0024637394,5,12877,1613
SAQA,-0.0028388463,6.326918e-05,5,12877,1613
FDTM,-0.003304176,0.0,5,12877,1613
IEKT,-0.0040851384,0.0,5,12877,1613
WAWP,-0.004580416,0.0003353043,5,12877,1613
GQNF,-0.005576715,0.0,5,12877,1613
CQRY,-0.005933944,0.00069819775,5,12877,1613
PLGW,-0.006283127,0.00023631314,5,12877,1613
PKKW,-0.00803934,0.0,5,12877,1613
ASQC,-0.0080565475,0.005800316,5,12877,1613
LQER,-0.008581959,0.00031963733,5,12877,1613
SQVF,-0.009171434,0.0002999851,5,12877,1613
TKKW,-0.009269517,0.0,5,12877,1613
KQMN,-0.009910315,0.00021433049,5,12877,1613
KRIM,-0.01158417,0.00026585226,5,12877,1613
CEPC,-0.013041746,0.0,5,12877,1613
ICTN,-0.013221424,0.0015576695,5,12877,1613
TVTD,-0.014029883,0.0010113488,5,12877,1613
CQYQ,-0.01414226,0.00025365717,5,12877,1613
TCER,-0.014744785,0.0,5,12877,1613
DQHM,-0.016268905,0.0038510582,5,12877,1613
MFHH,-0.0166471,0.00030383116,5,12877,1613
KVVP,-0.016859919,0.00036312125,5,12877,1613
EYHR,-0.017230112,0.0,5,12877,1613
FLDV,-0.017490871,0.00017876276,5,12877,1613
YKQR,-0.017521497,0.00020379825,5,12877,1613
QDCH,-0.018268488,0.0004887384,5,12877,1613
CGQY,-0.01842206,0.00070893933,5,12877,1613
MATR,-0.018469471,0.00013356826,5,12877,1613
GFTS,-0.0186577,0.00028562633,5,12877,1613
KARN,-0.019473184,0.00033959426,5,12877,1613
FTFY,-0.020966161,0.00024576558,5,12877,1613
RFNN,-0.021262366,0.00044714773,5,12877,1613
SMLR,-0.021830507,0.00036338795,5,12877,1613
HIYP,-0.025431983,0.00059285574,5,12877,1613
TIQE,-0.025433566,0.0039920933,5,12877,1613
DNYM,-0.025905222,0.0,5,12877,1613
EPMP,-0.026686642,0.0,5,12877,1613
EGKH,-0.027877867,0.00031963733,5,12877,1613
CSPM,-0.028401513,0.00036320044,5,12877,1613
DFPW,-0.029388972,0.0,5,12877,1613
GRKK,-0.029926345,0.0,5,12877,1613
PSPQ,-0.030165143,9.566998e-05,5,12877,1613
NVDD,-0.03097029,0.0045328564,5,12877,1613
TSTF,-0.032263488,0.00025135124,5,12877,1613
GPRF,-0.03262671,0.00025600588,5,12877,1613
FTRQ,-0.0337258,0.0,5,12877,1613
GLDP,-0.033728115,0.0002684333,5,12877,1613
DYYD,-0.0341421,0.0010615287,5,12877,1613
STIE,-0.034615606,0.00038136047,5,12877,1613
IEML,-0.03482848,0.00061637076,5,12877,1613
PMWR,-0.035254568,0.00014362931,5,12877,1613
TEVQ,-0.035965692,0.0,5,12877,1613
QDPA,-0.038067445,0.00025044053,5,12877,1613
CWSW,-0.03889563,0.00089914247,5,12877,1613
PMYF,-0.03898277,0.0,5,12877,1613
PTDQ,-0.03903765,0.00018937419,5,12877,1613
NHHH,-0.03919214,0.0,5,12877,1613
KGYF,-0.039262094,0.0002172781,5,12877,1613
SGDH,-0.03960268,0.00026974277,5,12877,1613
ATRQ,-0.04088129,0.0,5,12877,1613
GENW,-0.040935237,0.0,5,12877,1613
NGAI,-0.04103518,0.0003202544,5,12877,1613
DGPH,-0.041600853,0.00070893933,5,12877,1613
FNWR,-0.042555302,0.0,5,12877,1613
DVIN,-0.04281653,0.0,5,12877,1613
VLCH,-0.04309185,0.0005533984,5,12877,1613
HGYH,-0.043571636,0.0,5,12877,1613
TENT,-0.044741638,0.0,5,12877,1613
VPCD,-0.044822447,0.004251489,5,12877,1613
STIK,-0.04531115,0.0003940423,5,12877,1613
QEIF,-0.046004787,0.00015799214,5,12877,1613
LMHD,-0.04828784,0.0051380596,5,12877,1613
VTHN,-0.050065413,0.0,5,12877,1613
QWSK,-0.051003873,0.00037874837,5,12877,1613
FSHV,-0.059880003,0.0,5,12877,1613
PFHA,-0.061013885,0.0,5,12877,1613
LATE,-0.0637981,0.00035356308,5,12877,1613
NQCP,-0.06512132,0.0010090742,5,12877,1613
GGAP,-0.0655177,7.029313e-05,5,12877,1613
TEIP,-0.06795725,0.0010634089,5,12877,1613
ALTD,-0.069131464,0.0006096528,5,12877,1613
GRFA,-0.07101606,0.008888465,5,12877,1613
ALSI,-0.072246134,0.00031780035,5,12877,1613
FWHI,-0.07438177,0.0010349447,5,12877,1613
AARK,-0.07561354,0.0,5,12877,1613
AMPR,-0.08029861,0.00062837807,5,12877,1613
AMTF,-0.08320578,0.0,5,12877,1613
DCCK,-0.13902116,0.0,5,12877,1613
