{"run_id": "21:54:13-05/18/2022", "exp_name": "BO_EVO_proposal-function=UCB", "encoder_name": "ESM_esm-1v", "model_name": "GPyTorch", "landscape_name": "GB1_combo", "rounds": 5, "expmt_queries_per_round": 384, "model_queries_per_round": 3072}
sequence,model_score,true_score,round,model_cost,measurement_cost
TFGY,,0.014997755,0,0,1
VVDY,0.08774458,0.00028698196,1,3463,349
DYLG,0.08774458,0.00853119,1,3463,349
DYLF,0.08774458,0.0011171798,1,3463,349
GYGR,0.08774458,0.0006015583,1,3463,349
GYGP,0.08774458,0.00027083146,1,3463,349
GHQP,0.08774458,0.0,1,3463,349
DHQP,0.08774458,0.0,1,3463,349
DHYP,0.08774458,0.0031281032,1,3463,349
DFYY,0.08774458,0.00057927833,1,3463,349
DYNY,0.08774458,0.0,1,3463,349
DVNY,0.08774458,0.00076295197,1,3463,349
YLNQ,0.08774458,6.8299174e-05,1,3463,349
ALNQ,0.08774458,0.0,1,3463,349
ALDQ,0.08774458,0.0010090655,1,3463,349
ALMQ,0.08774458,0.0,1,3463,349
ARMQ,0.08774458,0.0,1,3463,349
ARDQ,0.08774458,0.0,1,3463,349
ARHV,0.08774458,0.0,1,3463,349
ARCV,0.08774458,0.0037916403,1,3463,349
WRHI,0.08774458,0.00035657137,1,3463,349
DELG,0.08774458,0.0015640517,1,3463,349
DGLG,0.08774458,0.00061335356,1,3463,349
AGLG,0.08774458,0.05501147,1,3463,349
DIKW,0.08774458,0.0,1,3463,349
IEMF,0.08774458,0.0,1,3463,349
IEFQ,0.08774458,0.00037092133,1,3463,349
INFE,0.08774458,0.000823185,1,3463,349
INKW,0.08774458,0.0,1,3463,349
IIKW,0.08774458,0.00044687188,1,3463,349
NIKW,0.08774458,0.0,1,3463,349
MWCW,0.08774458,0.0021349073,1,3463,349
MGKG,0.08774458,0.0011171798,1,3463,349
NCCW,0.08774458,0.0,1,3463,349
NCCF,0.08774458,0.0,1,3463,349
NYCF,0.08774458,0.0050049652,1,3463,349
NYEI,0.08774458,0.0,1,3463,349
NYEG,0.08774458,0.0013033764,1,3463,349
GYEG,0.08774458,0.0,1,3463,349
NYMG,0.08774458,0.0032359688,1,3463,349
NQMR,0.08774458,0.0013254675,1,3463,349
NRHI,0.08774458,0.0,1,3463,349
NMHI,0.08774458,0.0,1,3463,349
NMKI,0.08774458,0.0,1,3463,349
IRNW,0.08774458,0.0002226408,1,3463,349
LVCQ,0.08774458,0.000613835,1,3463,349
LMCR,0.08774458,0.0009850571,1,3463,349
LMCQ,0.08774458,0.00059616315,1,3463,349
NMCQ,0.08774458,0.001049699,1,3463,349
LQCW,0.08774458,0.0011014448,1,3463,349
VQCW,0.08774458,0.00080207776,1,3463,349
WYCW,0.08774458,0.002632562,1,3463,349
WYNW,0.08774458,0.00052720844,1,3463,349
IDNW,0.08774458,0.0,1,3463,349
DRNW,0.08774458,0.0,1,3463,349
LECQ,0.08774458,0.0009401403,1,3463,349
DINW,0.08774458,0.0,1,3463,349
NINW,0.08774458,0.0,1,3463,349
NCMN,0.08774458,0.0,1,3463,349
NIMN,0.08774458,0.00044687188,1,3463,349
NIWQ,0.08774458,0.0,1,3463,349
NEWQ,0.08774458,0.00051704183,1,3463,349
NEKQ,0.08774458,0.0007820258,1,3463,349
DADQ,0.08774458,0.0,1,3463,349
LICQ,0.08774458,0.0005675994,1,3463,349
LEYQ,0.08774458,0.00019073802,1,3463,349
LMKI,0.08774458,0.0012207233,1,3463,349
AMKI,0.08774458,0.0,1,3463,349
AMMI,0.08774458,0.0,1,3463,349
AIQR,0.08774458,0.0,1,3463,349
NEYQ,0.08774458,0.0009337622,1,3463,349
AEDP,0.08774458,0.0,1,3463,349
QKIP,0.08774458,0.0001919082,1,3463,349
QEIP,0.08774458,0.0004929676,1,3463,349
HFIP,0.08774458,0.00042347962,1,3463,349
HFAQ,0.08774458,0.00043445878,1,3463,349
DFAQ,0.08774458,0.0002463073,1,3463,349
DEAQ,0.08774458,0.0,1,3463,349
NEAQ,0.08774458,0.00016207791,1,3463,349
AYMG,0.08774458,0.1507177,1,3463,349
TDKG,0.08774458,0.0024062332,1,3463,349
NDRG,0.08774458,0.00028265998,1,3463,349
PVEG,0.08774458,0.00044265616,1,3463,349
KGDF,0.08774458,0.00029391577,1,3463,349
WGDF,0.08774458,0.00029943555,1,3463,349
WGYF,0.08774458,0.00020881867,1,3463,349
IGYF,0.08774458,0.0007274659,1,3463,349
SPFF,0.08774458,0.00032116048,1,3463,349
SLEF,0.08774458,0.00023378944,1,3463,349
SLEG,0.08774458,0.00024201955,1,3463,349
SIEG,0.08774458,0.00023286133,1,3463,349
SVEG,0.08774458,0.00038015147,1,3463,349
YVEL,0.08774458,0.00036031904,1,3463,349
HYDF,0.08774458,0.00020993977,1,3463,349
YVFL,0.08774458,0.002701704,1,3463,349
DVFL,0.08774458,0.0005065755,1,3463,349
DVDL,0.08774458,0.0001787487,1,3463,349
DRDL,0.08774458,0.00020181316,1,3463,349
DRDP,0.08774458,0.00022832867,1,3463,349
ARDP,0.08774458,0.0006951341,1,3463,349
ARDF,0.08774458,0.0,1,3463,349
LRDF,0.08774458,0.0002569284,1,3463,349
ARYF,0.08774458,0.0,1,3463,349
AYDF,0.08774458,0.0,1,3463,349
WTNF,0.08774458,0.00033101626,1,3463,349
CYFF,0.08774458,0.0016463702,1,3463,349
EFPK,0.08774458,0.0028437304,1,3463,349
TRGW,0.08774458,0.00079192495,1,3463,349
TTIR,0.08774458,0.0001564052,1,3463,349
TTMR,0.08774458,0.0002606753,1,3463,349
LTDR,0.08774458,0.00015798498,1,3463,349
LTVR,0.08774458,0.0002325727,1,3463,349
LTVC,0.08774458,0.0016492635,1,3463,349
PTPC,0.08774458,0.0007676327,1,3463,349
ETPE,0.08774458,0.00046342274,1,3463,349
FFPT,0.08774458,0.0007820258,1,3463,349
WTEF,0.08774458,0.0001601418,1,3463,349
NFPT,0.08774458,0.00025745708,1,3463,349
NEPT,0.08774458,0.00011458251,1,3463,349
LEPT,0.08774458,0.00037687994,1,3463,349
LEKT,0.08774458,0.0002731968,1,3463,349
LIKT,0.08774458,0.0011748745,1,3463,349
LIYT,0.08774458,0.08393191,1,3463,349
QIYQ,0.08774458,0.00071910414,1,3463,349
QIYF,0.08774458,0.001015618,1,3463,349
WIYF,0.08774458,0.001052727,1,3463,349
CQMF,0.08774458,0.00036801217,1,3463,349
RDRG,0.08774458,0.00022858536,1,3463,349
EIHI,0.08774458,0.0,1,3463,349
HRYF,0.08774458,0.00033635524,1,3463,349
WIND,0.08774458,0.0,1,3463,349
WIVD,0.08774458,0.0007820258,1,3463,349
WIFK,0.08774458,0.0012195334,1,3463,349
WIFI,0.08774458,0.029070698,1,3463,349
EAHI,0.08774458,0.0,1,3463,349
WRYF,0.08774458,0.0004145013,1,3463,349
DENI,0.08774458,0.0,1,3463,349
DRNN,0.08774458,0.0006951341,1,3463,349
DRNL,0.08774458,0.0,1,3463,349
RRNL,0.08774458,0.00022922106,1,3463,349
RRNG,0.08774458,0.00042805623,1,3463,349
RANG,0.08774458,0.00039797748,1,3463,349
RIRG,0.08774458,0.0004224971,1,3463,349
RVRG,0.08774458,0.0003479813,1,3463,349
MSYF,0.08774458,0.00025226633,1,3463,349
WRPD,0.08774458,0.0,1,3463,349
CQDF,0.08774458,0.0004887661,1,3463,349
CTQA,0.08774458,0.0011007987,1,3463,349
CQDV,0.08774458,0.0010724926,1,3463,349
PEYM,0.08774458,0.0,1,3463,349
PVYM,0.08774458,0.0001967361,1,3463,349
PRYM,0.08774458,0.00042850728,1,3463,349
PGYM,0.08774458,0.0,1,3463,349
PGYF,0.08774458,0.0,1,3463,349
CTYA,0.08774458,0.004551134,1,3463,349
CRQA,0.08774458,0.0027168973,1,3463,349
WRGH,0.08774458,0.012164236,1,3463,349
CVQA,0.08774458,0.0017207641,1,3463,349
CVGM,0.08774458,0.12637742,1,3463,349
CVMM,0.08774458,0.0028136377,1,3463,349
CVYS,0.08774458,0.00442358,1,3463,349
YPYH,0.08774458,0.00011292797,1,3463,349
WPLH,0.08774458,0.00016430445,1,3463,349
LPGH,0.08774458,0.0017826825,1,3463,349
WPGH,0.08774458,0.002163786,1,3463,349
NADQ,0.08774458,0.00026966404,1,3463,349
NADS,0.08774458,0.00031125403,1,3463,349
NHMS,0.08774458,0.0,1,3463,349
QVMF,0.08774458,0.0003861856,1,3463,349
LEMF,0.08774458,0.00050726003,1,3463,349
NEMF,0.08774458,0.00037687994,1,3463,349
NFMK,0.08774458,0.0,1,3463,349
NFMP,0.08774458,0.00034124762,1,3463,349
NRMP,0.08774458,0.0005747172,1,3463,349
NRMF,0.08774458,0.0,1,3463,349
WRMF,0.08774458,0.0023702476,1,3463,349
TYMF,0.08774458,0.0,1,3463,349
SYMF,0.08774458,0.0,1,3463,349
RVEF,0.08774458,0.0003591589,1,3463,349
LENW,0.08774458,0.00022832867,1,3463,349
PNEP,0.08774458,0.0,1,3463,349
PREP,0.08774458,0.0005128038,1,3463,349
PEEP,0.08774458,0.00032248482,1,3463,349
PEDP,0.08774458,0.0,1,3463,349
PEVP,0.08774458,0.00060300785,1,3463,349
PENY,0.08774458,0.0013600449,1,3463,349
NENY,0.08774458,0.0,1,3463,349
NINY,0.08774458,0.00035147226,1,3463,349
NIDY,0.08774458,0.0,1,3463,349
LEMW,0.08774458,0.00042850728,1,3463,349
LYNW,0.08774458,0.00032415582,1,3463,349
GLGY,0.08774458,0.00012926049,1,3463,349
WQNS,0.08774458,0.0013204511,1,3463,349
WTIQ,0.08774458,0.00022311717,1,3463,349
DTIQ,0.08774458,0.000823185,1,3463,349
LEIQ,0.08774458,0.00027044126,1,3463,349
LIIQ,0.08774458,0.0001093742,1,3463,349
DIIQ,0.08774458,0.0,1,3463,349
DIIW,0.08774458,0.0,1,3463,349
WDIV,0.08774458,0.0003861856,1,3463,349
WDIS,0.08774458,0.00031301903,1,3463,349
WQVS,0.08774458,0.00043814996,1,3463,349
WANR,0.08774458,0.00042147073,1,3463,349
LQNA,0.08774458,0.045977727,1,3463,349
WAIA,0.08774458,0.0008781474,1,3463,349
WRTA,0.08774458,0.00914836,1,3463,349
KSLA,0.08774458,0.0073293424,1,3463,349
NSLA,0.08774458,0.0010234567,1,3463,349
NYLA,0.08774458,0.0011058951,1,3463,349
WYLA,0.08774458,0.39176896,1,3463,349
LQLA,0.08774458,0.24135752,1,3463,349
HQPA,0.08774458,0.0002756038,1,3463,349
LQPA,0.08774458,0.001936906,1,3463,349
NIMY,0.08774458,0.00027439505,1,3463,349
ELTY,0.08774458,0.00023344054,1,3463,349
WIDQ,0.08774458,0.00015333842,1,3463,349
LAYP,0.08774458,0.0011158056,1,3463,349
WLMN,0.08774458,0.000874994,1,3463,349
WYPN,0.08774458,0.00014515556,1,3463,349
WAPP,0.08774458,0.00035590588,1,3463,349
NAPP,0.08774458,0.0005069859,1,3463,349
NANP,0.08774458,0.0003665746,1,3463,349
NANF,0.08774458,0.00086891756,1,3463,349
LANF,0.08774458,0.00056362216,1,3463,349
LAKF,0.08774458,0.0005393282,1,3463,349
LAYF,0.08774458,0.0006800224,1,3463,349
LADP,0.08774458,0.000120004006,1,3463,349
ARMN,0.08774458,0.0034756702,1,3463,349
LEDP,0.08774458,0.00035081533,1,3463,349
LEYP,0.08774458,0.00063265004,1,3463,349
LRYP,0.08774458,0.0024079808,1,3463,349
LRAK,0.08774458,0.0005680084,1,3463,349
AVGL,0.08774458,0.023502152,1,3463,349
EVIF,0.08774458,0.0007723712,1,3463,349
LTPV,0.08774458,0.0005432306,1,3463,349
QGII,0.08774458,0.00023652958,1,3463,349
THPA,0.08774458,0.0048124664,1,3463,349
WQMN,0.08774458,0.00092747,1,3463,349
ARMP,0.08774458,0.0015640517,1,3463,349
EVTY,0.08774458,0.00068900955,1,3463,349
FYNY,0.08774458,0.0006800224,1,3463,349
EVTF,0.08774458,0.00014218647,1,3463,349
PVTN,0.08774458,0.00035279355,1,3463,349
PVTP,0.08774458,0.00017037604,1,3463,349
HVNP,0.08774458,0.0002122187,1,3463,349
HQNR,0.08774458,0.0,1,3463,349
QQNF,0.08774458,0.0,1,3463,349
RQNF,0.08774458,0.0,1,3463,349
NQNS,0.08774458,0.00090669654,1,3463,349
NINA,0.08774458,0.00018619657,1,3463,349
FYMY,0.08774458,0.0,1,3463,349
MRMP,0.08774458,0.0024148065,1,3463,349
WYMY,0.08774458,0.00020051938,1,3463,349
DYMY,0.08774458,0.0,1,3463,349
MYFY,0.08774458,0.00038054783,1,3463,349
EYFT,0.08774458,0.029046673,1,3463,349
RCFG,0.08774458,0.10026582,1,3463,349
YCFL,0.08774458,0.00696023,1,3463,349
YRFL,0.08774458,0.0016760846,1,3463,349
YRDL,0.08774458,0.0003049948,1,3463,349
HRDP,0.08774458,0.00021279609,1,3463,349
WIVQ,0.08774458,0.00027129095,1,3463,349
DIDQ,0.08774458,0.0,1,3463,349
NHNS,0.08774458,0.00042271666,1,3463,349
YIQG,0.08774458,0.001151449,1,3463,349
VAQL,0.08774458,0.0,1,3463,349
VRQL,0.08774458,0.00060543936,1,3463,349
VRDL,0.08774458,0.00095235,1,3463,349
VRML,0.08774458,0.0010385469,1,3463,349
WRML,0.08774458,0.0071860612,1,3463,349
QIMR,0.08774458,0.00031811217,1,3463,349
QIMC,0.08774458,0.0047987946,1,3463,349
QIQC,0.08774458,0.000379164,1,3463,349
YIMG,0.08774458,0.28964356,1,3463,349
YHYG,0.08774458,0.09295779,1,3463,349
YAYG,0.08774458,0.0806008,1,3463,349
YDYG,0.08774458,0.046921548,1,3463,349
VDYG,0.08774458,0.11968395,1,3463,349
KDYG,0.08774458,0.037949737,1,3463,349
KDGG,0.08774458,0.0009003006,1,3463,349
KRGG,0.08774458,0.004220006,1,3463,349
KIGG,0.08774458,0.0030248167,1,3463,349
KPGM,0.08774458,0.000635396,1,3463,349
KEDM,0.08774458,0.0,1,3463,349
EDHP,0.08774458,0.00038939048,1,3463,349
NGHS,0.08774458,0.00025535538,1,3463,349
WGHS,0.08774458,0.0003831752,1,3463,349
WGPS,0.08774458,0.0003407984,1,3463,349
WVPS,0.08774458,0.00042948787,1,3463,349
HVPF,0.08774458,0.00022667414,1,3463,349
DVPF,0.08774458,0.0,1,3463,349
DVPP,0.08774458,0.00025431736,1,3463,349
EVWP,0.08774458,0.0006046592,1,3463,349
EDWP,0.08774458,0.00020051938,1,3463,349
EDHR,0.08774458,0.00012820092,1,3463,349
EDKR,0.08774458,0.00011458251,1,3463,349
LTKC,0.08774458,0.0,1,3463,349
LNEC,0.08774458,0.0011003378,1,3463,349
LNNC,0.08774458,0.0019997007,1,3463,349
ANNC,0.08774458,0.0,1,3463,349
DNNC,0.08774458,0.0,1,3463,349
DNYC,0.08774458,0.0,1,3463,349
ANDC,0.08774458,0.0,1,3463,349
KELM,0.08774458,0.00037507236,1,3463,349
KEDG,0.08774458,0.00032315112,1,3463,349
DIYQ,0.08774458,0.0,1,3463,349
NQKM,0.08774458,0.0,1,3463,349
EENR,0.08774458,0.0001511161,1,3463,349
ERIN,0.08774458,0.0,1,3463,349
EEIN,0.08774458,0.0,1,3463,349
ARSN,0.08774458,0.0,1,3463,349
AISN,0.08774458,0.0,1,3463,349
MPDT,0.08774458,0.00046921548,1,3463,349
MPDM,0.08774458,0.0,1,3463,349
NPDM,0.08774458,0.0,1,3463,349
NIKM,0.08774458,0.0,1,3463,349
PENR,0.08774458,0.0003128103,1,3463,349
NRKM,0.08774458,0.0,1,3463,349
NEKM,0.08774458,0.0,1,3463,349
NLKM,0.08774458,0.0,1,3463,349
IVKM,0.08774458,0.00024438306,1,3463,349
IVDM,0.08774458,0.0004137703,1,3463,349
IVNM,0.08774458,0.00027764228,1,3463,349
DVNM,0.08774458,0.0,1,3463,349
DINM,0.08774458,0.0,1,3463,349
DINQ,0.08774458,0.0,1,3463,349
EEWR,0.08774458,0.0002325727,1,3463,349
PEIR,0.08774458,0.0,1,3463,349
VEDG,0.08774458,0.0010786563,1,3463,349
EEEF,0.08774458,0.0,1,3463,349
DEDG,0.08774458,0.0019550645,1,3463,349
CIDG,0.08774458,0.00067271036,1,3463,349
AIDG,0.08774458,0.0011171798,1,3463,349
AING,0.08774458,0.0,1,3463,349
CQNG,0.08774458,0.0014895729,1,3463,349
CQNV,0.08774458,0.0,1,3463,349
CQNF,0.08774458,0.0,1,3463,349
CQQF,0.08774458,0.0053932816,1,3463,349
EKPF,0.08774458,0.00032584413,1,3463,349
CSVR,0.08774458,0.0008807129,1,3463,349
AKPF,0.08774458,0.0,1,3463,349
CKLF,0.08774458,0.0021863086,1,3463,349
CKCF,0.08774458,0.00050453277,1,3463,349
CHPR,0.08774458,0.0008109897,1,3463,349
CQPR,0.08774458,0.0013160305,1,3463,349
CQYR,0.08774458,0.000568746,1,3463,349
CSVW,0.08774458,0.0007992831,1,3463,349
CSVS,0.08774458,0.0009746422,1,3463,349
TRGY,0.08774458,0.0010289813,1,3463,349
YYLA,0.16348682,0.18678334,2,7011,723
FYLA,0.1485943,0.17876531,2,7011,723
WYLG,0.14809339,0.48546192,2,7011,723
YYLG,0.148082,0.4415988,2,7011,723
WFLA,0.14138053,0.33360717,2,7011,723
YILA,0.14126912,0.39327794,2,7011,723
WILA,0.13813172,0.458794,2,7011,723
WWLA,0.13483554,0.71799904,2,7011,723
YFLA,0.13177331,0.13295434,2,7011,723
IYLA,0.13080032,0.037492868,2,7011,723
WCLA,0.1303664,0.39124894,2,7011,723
YQLA,0.12749927,0.17730637,2,7011,723
YMLA,0.12693042,0.13904403,2,7011,723
WHLA,0.12646909,0.4155279,2,7011,723
WYMA,0.12646264,0.40699947,2,7011,723
WQLA,0.125714,0.3059019,2,7011,723
WVLA,0.1256611,0.41796237,2,7011,723
YVLA,0.12565291,0.34748057,2,7011,723
VYLA,0.12558831,0.034682006,2,7011,723
YCLA,0.12548114,0.22975984,2,7011,723
MYLA,0.12505117,0.11474619,2,7011,723
FILA,0.12497319,0.3806643,2,7011,723
YHLA,0.12410672,0.26360786,2,7011,723
YWLA,0.12290594,0.38177755,2,7011,723
YCLG,0.12272355,0.3937409,2,7011,723
YLLA,0.122565135,0.116897166,2,7011,723
WYVA,0.121096715,0.006581384,2,7011,723
WYIA,0.120479524,0.0007586818,2,7011,723
LYLG,0.11932676,0.42722785,2,7011,723
FQLA,0.117123425,0.15491115,2,7011,723
YHLG,0.11705152,0.4543304,2,7011,723
YQLG,0.11703248,0.31262273,2,7011,723
FFLA,0.11701706,0.11337556,2,7011,723
YVMG,0.11517769,0.27066782,2,7011,723
YYVA,0.11506766,0.002805814,2,7011,723
CYLA,0.11446651,0.035888318,2,7011,723
YYIA,0.114176765,0.0011426861,2,7011,723
YIFG,0.11406775,0.57830036,2,7011,723
YIMA,0.1136967,0.38107136,2,7011,723
YRLA,0.112335995,0.3592318,2,7011,723
YYFG,0.11230016,0.23267682,2,7011,723
WRLA,0.112147555,0.5433495,2,7011,723
FMLA,0.11204276,0.10672102,2,7011,723
VYLG,0.11185694,0.25900695,2,7011,723
FCLA,0.111525685,0.22071253,2,7011,723
FWLA,0.111444555,0.41794935,2,7011,723
FVLA,0.11107496,0.31443,2,7011,723
FHLA,0.11063868,0.25498995,2,7011,723
WKLA,0.1101513,0.41610357,2,7011,723
YIIG,0.1101218,0.023977531,2,7011,723
YKLA,0.10992373,0.26986846,2,7011,723
LFLA,0.10987422,0.17659388,2,7011,723
WYYA,0.10963033,0.087546915,2,7011,723
LWLA,0.10868399,0.5882232,2,7011,723
LVLA,0.10832382,0.35315174,2,7011,723
YIYG,0.10802758,0.1284343,2,7011,723
FLLA,0.10792276,0.097025156,2,7011,723
WLLG,0.10785454,0.32247698,2,7011,723
YLMG,0.10706203,0.1430941,2,7011,723
IQLA,0.106790505,0.04755994,2,7011,723
YNLA,0.10662763,0.2181218,2,7011,723
WHLG,0.10587751,0.4671613,2,7011,723
VQLA,0.105759755,0.058564488,2,7011,723
WSLA,0.10562001,0.5146124,2,7011,723
FYMA,0.10511162,0.2466936,2,7011,723
YKLG,0.10355793,0.4173917,2,7011,723
LQLG,0.10340661,0.3489982,2,7011,723
YHMG,0.10338354,0.2577557,2,7011,723
WQLG,0.10316437,0.35950974,2,7011,723
YTLA,0.10290779,0.10482777,2,7011,723
AYLA,0.10212879,0.07298908,2,7011,723
IFLA,0.10183482,0.0156022385,2,7011,723
FYVA,0.100693956,0.011417577,2,7011,723
WYIG,0.10051568,0.03820522,2,7011,723
LKLA,0.100375965,0.35803115,2,7011,723
YYWA,0.10035688,0.003051808,2,7011,723
YYLC,0.09968097,0.20560938,2,7011,723
IWLA,0.09929541,0.15419973,2,7011,723
ICLA,0.09909055,0.12605256,2,7011,723
LCLG,0.09903062,0.40231666,2,7011,723
FKLA,0.0986917,0.23945075,2,7011,723
FYIA,0.09857875,0.0007781351,2,7011,723
YYLV,0.09840815,0.05083168,2,7011,723
LYMA,0.09834716,0.33836007,2,7011,723
FHLG,0.09812147,0.45448607,2,7011,723
LFLG,0.097399935,0.3695135,2,7011,723
VCLA,0.09710735,0.14626895,2,7011,723
IMLA,0.096923016,0.021708755,2,7011,723
LMLG,0.09668599,0.27078193,2,7011,723
LNLA,0.096680924,0.40377632,2,7011,723
YYAA,0.096291035,0.79677707,2,7011,723
YYCA,0.09593575,0.5254483,2,7011,723
FNLA,0.0958879,0.20246664,2,7011,723
AYLG,0.09587382,0.23460774,2,7011,723
IVLA,0.095676996,0.11172463,2,7011,723
VILG,0.09503914,0.3533435,2,7011,723
FELA,0.09499715,0.07536622,2,7011,723
YIVA,0.09495499,0.0017997675,2,7011,723
VMLA,0.094785854,0.029244883,2,7011,723
VFLA,0.09439764,0.014674562,2,7011,723
FDLA,0.094209306,0.1451649,2,7011,723
YQMA,0.093869984,0.19545726,2,7011,723
YYAG,0.09378419,0.39548162,2,7011,723
VILA,0.09374298,0.09834016,2,7011,723
LTLA,0.09349683,0.15841287,2,7011,723
VQLG,0.09347491,0.20571256,2,7011,723
MCLA,0.093067706,0.18194686,2,7011,723
YRMG,0.09281044,0.31960243,2,7011,723
MFLA,0.09278417,0.072764836,2,7011,723
IYMA,0.09259947,0.033270396,2,7011,723
IQLG,0.092589825,0.18859619,2,7011,723
VWLA,0.09256067,0.15240376,2,7011,723
LYVA,0.09251871,0.004684148,2,7011,723
LYYA,0.09232682,0.034601737,2,7011,723
VVLA,0.09221242,0.10621086,2,7011,723
YTMG,0.09133041,0.11326535,2,7011,723
YIWA,0.091116734,0.0030777403,2,7011,723
WKLG,0.09111516,0.46646938,2,7011,723
MMLA,0.09110608,0.08122426,2,7011,723
MVLA,0.09092483,0.24251352,2,7011,723
FIFG,0.09081955,0.5218745,2,7011,723
IYFA,0.09062336,0.0384533,2,7011,723
YSMG,0.09060873,0.18791749,2,7011,723
WFMG,0.09055372,0.28346553,2,7011,723
LLLG,0.09047674,0.31804326,2,7011,723
YMIG,0.09042925,0.0023020674,2,7011,723
VHLG,0.089868054,0.4248166,2,7011,723
YIAG,0.089582264,0.28813186,2,7011,723
VVLG,0.08938581,0.3013265,2,7011,723
YLMA,0.08932955,0.14146918,2,7011,723
YYLP,0.08920794,0.0037817368,2,7011,723
FYVG,0.089137144,0.15739596,2,7011,723
YLIG,0.0890006,0.004802299,2,7011,723
LYWA,0.088931285,0.004540795,2,7011,723
FRLG,0.08816111,0.5054508,2,7011,723
YWMA,0.08727297,0.35947546,2,7011,723
ILLG,0.08631025,0.19803558,2,7011,723
HYLG,0.08597056,0.28238925,2,7011,723
WWMA,0.085403055,0.70158887,2,7011,723
WCMA,0.08536774,0.32321453,2,7011,723
LKLG,0.08536171,0.4652591,2,7011,723
MVLG,0.085084975,0.33863088,2,7011,723
MFLG,0.08507636,0.26471657,2,7011,723
WVMA,0.084673814,0.3789036,2,7011,723
IYWA,0.08431257,0.0024844143,2,7011,723
MRLA,0.08413515,0.262897,2,7011,723
MYMA,0.084116004,0.21006356,2,7011,723
YHVG,0.08408649,0.04977875,2,7011,723
HQLA,0.08390908,0.018707879,2,7011,723
MMLG,0.08389291,0.18933605,2,7011,723
YYGA,0.08342927,0.36266664,2,7011,723
MHLG,0.08337516,0.33212158,2,7011,723
WHMA,0.08331819,0.39632517,2,7011,723
LNLG,0.08283505,0.4944889,2,7011,723
FIFA,0.08255725,0.27074006,2,7011,723
YCIA,0.08251725,0.0031653426,2,7011,723
LTLG,0.08239436,0.24025458,2,7011,723
WIWA,0.081954256,0.007685426,2,7011,723
FIVG,0.08183394,0.04773254,2,7011,723
YVAG,0.08140096,0.25837037,2,7011,723
YYGG,0.08138148,0.035794217,2,7011,723
WFFG,0.08122002,0.33767393,2,7011,723
YWVA,0.08082148,0.003587563,2,7011,723
MDLA,0.0806754,0.14298065,2,7011,723
YYHA,0.08059224,0.00033635524,2,7011,723
VIMG,0.08056035,0.13670057,2,7011,723
YWIA,0.08049387,0.0007447865,2,7011,723
WLMG,0.08043471,0.17851019,2,7011,723
VYWG,0.080272965,0.0025024826,2,7011,723
ISLA,0.079795875,0.16279602,2,7011,723
WPLA,0.079571776,0.013846925,2,7011,723
WYRA,0.07956687,0.022410996,2,7011,723
YLIA,0.07943308,0.00036176984,2,7011,723
LELG,0.07933708,0.2252479,2,7011,723
FIWA,0.07898746,0.0038499732,2,7011,723
YMAG,0.07870932,0.07270878,2,7011,723
VLLG,0.07843669,0.20446289,2,7011,723
YQYG,0.07828898,0.03177365,2,7011,723
VRLG,0.078106225,0.4202488,2,7011,723
IYVG,0.078008495,0.13406157,2,7011,723
LMMG,0.07733193,0.16165999,2,7011,723
MIFG,0.07687427,0.3322103,2,7011,723
WCIA,0.07673165,0.0044269064,2,7011,723
VALA,0.07648314,0.19351825,2,7011,723
IDLG,0.07647882,0.25510222,2,7011,723
YSMA,0.07627485,0.22844438,2,7011,723
CYMA,0.07618487,0.08063218,2,7011,723
FHMA,0.07537016,0.3307509,2,7011,723
AYFA,0.075162694,0.043793447,2,7011,723
WWFG,0.07496645,0.7239811,2,7011,723
LQIA,0.07492889,0.0004327416,2,7011,723
WMFA,0.07464689,0.2765878,2,7011,723
LHMA,0.07449673,0.41236642,2,7011,723
VYLT,0.074313365,0.043594837,2,7011,723
CYIA,0.07333687,0.00086094585,2,7011,723
VELG,0.07324547,0.15003823,2,7011,723
LVMA,0.07314182,0.35103813,2,7011,723
YQYA,0.07220053,0.0040103886,2,7011,723
HMLA,0.071943685,0.008663197,2,7011,723
LQYA,0.071861684,0.017874876,2,7011,723
HVLG,0.07165114,0.34762767,2,7011,723
LMMA,0.07157708,0.19738822,2,7011,723
VQMA,0.071057186,0.08202582,2,7011,723
VWFG,0.07071648,0.55217224,2,7011,723
FFVG,0.07060473,0.083205014,2,7011,723
MDLG,0.07057415,0.26146457,2,7011,723
YYMC,0.07052083,0.05573711,2,7011,723
LLMG,0.06943412,0.15441872,2,7011,723
LQLT,0.06932754,0.27606434,2,7011,723
VGLG,0.068686835,0.2552715,2,7011,723
FYHA,0.06828075,0.0,2,7011,723
YPMG,0.0682791,0.0013902682,2,7011,723
FWIA,0.06800685,0.0005958292,2,7011,723
MIFA,0.06727214,0.1877558,2,7011,723
LCVA,0.06668009,0.008627331,2,7011,723
VHMA,0.06660682,0.2339442,2,7011,723
FLIG,0.066597074,0.0033875774,2,7011,723
LLYG,0.06638174,0.088566475,2,7011,723
LIVA,0.06635918,0.0031205108,2,7011,723
VYCG,0.06626519,0.509434,2,7011,723
WLIG,0.066158816,0.019816596,2,7011,723
LQLM,0.06558904,0.0029510409,2,7011,723
LQVG,0.065255314,0.013029084,2,7011,723
LVYA,0.06518949,0.049941566,2,7011,723
FWWA,0.065157354,0.0052135056,2,7011,723
VQYA,0.06501569,0.009973663,2,7011,723
FQVG,0.064787485,0.010772276,2,7011,723
MGLA,0.06474738,0.03573284,2,7011,723
FWYA,0.06468667,0.026138945,2,7011,723
ICFA,0.06457246,0.21277197,2,7011,723
CIIG,0.06435412,0.0064293034,2,7011,723
LLWG,0.06426001,0.0012729078,2,7011,723
SQLA,0.064104855,0.0010058999,2,7011,723
YAAG,0.0638813,0.09890818,2,7011,723
VSMG,0.06387523,0.21802372,2,7011,723
HWLA,0.06377871,0.06391372,2,7011,723
VQIA,0.062816724,0.0,2,7011,723
TQLG,0.062544666,0.038027924,2,7011,723
AYLT,0.062246352,0.10260179,2,7011,723
VPLA,0.062048815,0.0056418697,2,7011,723
LTMA,0.06135983,0.15917933,2,7011,723
YLLK,0.06125001,0.0005467916,2,7011,723
HYIA,0.06119603,0.00029440975,2,7011,723
EQLA,0.061071545,0.13006324,2,7011,723
YKAA,0.060774438,0.3695004,2,7011,723
IFVG,0.060668856,0.059192996,2,7011,723
VWMA,0.060465604,0.16095263,2,7011,723
LQLI,0.06032221,0.0015061238,2,7011,723
FSMA,0.060316697,0.22939424,2,7011,723
QQLG,0.060201235,0.15398198,2,7011,723
YKCA,0.060112096,0.428997,2,7011,723
IMFA,0.05985491,0.024373075,2,7011,723
WYMC,0.05977823,0.22077191,2,7011,723
LYHA,0.0594744,0.00084925885,2,7011,723
ICVA,0.059459783,0.009787936,2,7011,723
VHVA,0.058827564,0.004842265,2,7011,723
VHIA,0.05817768,0.0015867191,2,7011,723
RRLA,0.057810485,0.0020880122,2,7011,723
IHVG,0.057722017,0.08747104,2,7011,723
MIIA,0.057221875,0.00096905313,2,7011,723
LAMA,0.05654096,0.37495998,2,7011,723
YYEA,0.05621311,0.00055201823,2,7011,723
LWLM,0.056118555,0.006736552,2,7011,723
VGFG,0.05573222,0.19759509,2,7011,723
LVLM,0.055605784,0.005108315,2,7011,723
VFVG,0.055255495,0.05470666,2,7011,723
YSCA,0.05430226,0.488287,2,7011,723
MFIA,0.0540993,0.00033793502,2,7011,723
VEFG,0.05401005,0.20778063,2,7011,723
MMIG,0.053872734,0.0017401369,2,7011,723
CCIG,0.053360924,0.0025593573,2,7011,723
VCLV,0.053041827,0.009457056,2,7011,723
FDVG,0.05301527,0.005399702,2,7011,723
RRLG,0.052869715,0.09117542,2,7011,723
VEWG,0.05238606,0.0,2,7011,723
VLIG,0.051926546,0.004392296,2,7011,723
ILVG,0.051588975,0.018973222,2,7011,723
WYYC,0.051474646,0.012829548,2,7011,723
VDIA,0.050146066,0.0,2,7011,723
LHGG,0.049225315,0.08923251,2,7011,723
VVVA,0.04882875,0.0032927403,2,7011,723
LQGG,0.048737086,0.021670595,2,7011,723
CLIG,0.04871939,0.0021191863,2,7011,723
LRLM,0.048101224,0.0052962597,2,7011,723
YKEA,0.04738409,0.00019966616,2,7011,723
LMGG,0.046999656,0.015048194,2,7011,723
IHHG,0.046074018,0.004600152,2,7011,723
WFSA,0.04533223,0.003955073,2,7011,723
FYNA,0.043944277,0.000568746,2,7011,723
CLIA,0.04280089,0.001172062,2,7011,723
IWLK,0.04134108,0.0012322831,2,7011,723
ISLT,0.039076842,0.16172166,2,7011,723
ILLK,0.037293233,0.00033786893,2,7011,723
MYFS,0.0309886,0.0032814418,2,7011,723
HIAA,0.028088545,0.29847592,2,7011,723
DCYA,0.020510806,0.004115925,2,7011,723
GWGA,0.01968902,0.0024645664,2,7011,723
YACM,0.019260637,0.0368907,2,7011,723
GRLM,0.019005613,0.00018881916,2,7011,723
YVPE,0.01824585,0.0005902082,2,7011,723
YDWK,0.017772349,0.00041987965,2,7011,723
QSVA,0.01751716,0.003650489,2,7011,723
LFWQ,0.01744772,0.0006274132,2,7011,723
LDYR,0.016066592,0.00047252318,2,7011,723
LIIW,0.01598293,0.000392649,2,7011,723
LQQT,0.015639953,0.0016320539,2,7011,723
QYYP,0.015072102,0.00126815,2,7011,723
VKST,0.0150139,0.0020250806,2,7011,723
LNAV,0.014873125,0.032267123,2,7011,723
SALM,0.014718283,0.00025226633,2,7011,723
LIAR,0.014382424,0.00040795014,2,7011,723
VHRM,0.013885701,0.001590561,2,7011,723
HYGW,0.013718516,0.1361645,2,7011,723
FKCM,0.0095893275,0.04714184,2,7011,723
YDPP,0.009448733,0.00029417896,2,7011,723
NRLM,0.009431312,0.00021376561,2,7011,723
TCFQ,0.009379545,0.0014662984,2,7011,723
IEFC,0.008256853,0.0067030783,2,7011,723
CHFP,0.0072550713,0.013920059,2,7011,723
REYM,0.0070783696,0.00020958814,2,7011,723
HKAV,0.006389513,0.0012407926,2,7011,723
IDHI,0.0062857433,0.0,2,7011,723
EIWF,0.0062361313,0.0,2,7011,723
KHGC,0.0061838203,0.25899252,2,7011,723
AVSI,0.005194705,0.0,2,7011,723
ETNA,0.005082372,0.0007820258,2,7011,723
VNSK,0.005051195,0.00027083146,2,7011,723
RTWC,0.004949858,0.00026140138,2,7011,723
DPLT,0.004906109,0.00016817756,2,7011,723
GYGY,0.0033548144,0.0018958201,2,7011,723
GCST,0.0033366892,0.0006332193,2,7011,723
TYHV,0.0032989667,0.0,2,7011,723
PQWK,0.0031845313,0.0,2,7011,723
INHR,0.0028026733,0.00012512409,2,7011,723
ECSW,0.002605517,0.0022343595,2,7011,723
ECDQ,0.0025142403,0.000823185,2,7011,723
RIPD,0.0022486448,0.0,2,7011,723
WCDL,0.0021975236,0.0022945039,2,7011,723
EDNI,0.0018561832,0.0,2,7011,723
PYDV,0.0015206593,0.0,2,7011,723
VLPE,0.0013390244,0.00032516665,2,7011,723
TQFW,0.0012614545,0.0,2,7011,723
WTRP,0.00048425933,0.00038389227,2,7011,723
PVII,0.00020250073,0.0002883045,2,7011,723
RHEL,0.00013837358,0.0002325727,2,7011,723
LANS,-0.00012339978,0.0023241693,2,7011,723
FGEE,-0.0009993233,0.00089374377,2,7011,723
WCKH,-0.0010246574,0.001334262,2,7011,723
GKIP,-0.0016607628,7.9798534e-05,2,7011,723
SFTC,-0.0021071634,0.00024155242,2,7011,723
RQKE,-0.0021437216,0.0,2,7011,723
FKEH,-0.0026312633,0.0,2,7011,723
PWPL,-0.003063315,0.0006256207,2,7011,723
NYVR,-0.0031413021,0.00017823945,2,7011,723
APRE,-0.0036477,0.0,2,7011,723
GHRE,-0.0039206087,0.00040103888,2,7011,723
FNNH,-0.0039745527,0.00035546624,2,7011,723
EAHL,-0.0043590255,0.0004710999,2,7011,723
GFNE,-0.004824435,0.0,2,7011,723
LLQF,-0.004937302,0.0001236404,2,7011,723
RVNQ,-0.005383963,0.00035016082,2,7011,723
KRME,-0.0055325464,0.00033160104,2,7011,723
PRHW,-0.0062148697,0.00040624719,2,7011,723
HRDH,-0.006692697,0.00015409374,2,7011,723
SGQL,-0.0074199163,0.00046888064,2,7011,723
CRDQ,-0.0076800236,0.001049699,2,7011,723
NKIF,-0.00790838,0.00041159257,2,7011,723
PAVQ,-0.007917438,0.0002756038,2,7011,723
KVPW,-0.008624956,0.00019924228,2,7011,723
QDPW,-0.008752987,0.00021874852,2,7011,723
TKIY,-0.009002896,0.0,2,7011,723
KANW,-0.0100461375,0.0,2,7011,723
WTTW,-0.010701481,0.00035191167,2,7011,723
KSVD,-0.016003154,0.0011171798,2,7011,723
WWLG,0.6957996,0.78497785,3,10587,1097
FWFG,0.5711263,0.5904295,3,10587,1097
WWMG,0.55431694,0.5610956,3,10587,1097
WWFA,0.54111373,0.6666978,3,10587,1097
FWLG,0.5302173,0.83459085,3,10587,1097
WRLG,0.5285597,0.6054324,3,10587,1097
LWFG,0.5167746,0.5568024,3,10587,1097
YRLG,0.5034928,0.53957075,3,10587,1097
YILG,0.49949092,0.50562584,3,10587,1097
YWFG,0.49923408,0.57213396,3,10587,1097
YWLG,0.49913642,0.6426946,3,10587,1097
FILG,0.48722017,0.486748,3,10587,1097
WILG,0.48009205,0.51203835,3,10587,1097
YWAA,0.47970498,0.6473334,3,10587,1097
LHLG,0.47703266,0.44001988,3,10587,1097
YIAA,0.47050676,0.50642616,3,10587,1097
WWCG,0.46642917,0.5226267,3,10587,1097
LWMA,0.46639043,0.5791926,3,10587,1097
WSLG,0.46187642,0.5288957,3,10587,1097
YVAA,0.45423663,0.4464637,3,10587,1097
YVLG,0.44475883,0.46702188,3,10587,1097
MWFG,0.44283524,0.4051261,3,10587,1097
LILG,0.44220027,0.5320938,3,10587,1097
WVLG,0.43937597,0.46659148,3,10587,1097
WCLG,0.4392867,0.4229525,3,10587,1097
FVLG,0.42354268,0.45488518,3,10587,1097
WFLG,0.42287296,0.4259861,3,10587,1097
IWFG,0.41971084,0.47175828,3,10587,1097
YFAA,0.4153133,0.63923013,3,10587,1097
LVLG,0.41218817,0.44926453,3,10587,1097
WWLC,0.41211197,0.7826489,3,10587,1097
WNLG,0.40962029,0.48322007,3,10587,1097
FKLG,0.40854833,0.44359335,3,10587,1097
MWLG,0.39825764,0.5829596,3,10587,1097
LSLG,0.39590666,0.4960184,3,10587,1097
WRMA,0.39233097,0.48527747,3,10587,1097
WMLG,0.39230868,0.2731241,3,10587,1097
LWMG,0.38919407,0.5457371,3,10587,1097
FCLG,0.38740572,0.34880835,3,10587,1097
FVFG,0.38568807,0.470597,3,10587,1097
VWCG,0.38110173,0.591604,3,10587,1097
FWMG,0.38063338,0.34995654,3,10587,1097
FYCG,0.3803494,0.4027433,3,10587,1097
VWLG,0.37886935,0.4993014,3,10587,1097
FSLG,0.3761594,0.41240323,3,10587,1097
WCFG,0.37292412,0.5359129,3,10587,1097
LWFA,0.37268323,0.2963366,3,10587,1097
CWFG,0.37060833,0.45677555,3,10587,1097
FWCG,0.36633998,0.49672124,3,10587,1097
YNLG,0.3659755,0.43641865,3,10587,1097
WSFG,0.36562064,0.57841396,3,10587,1097
MRLG,0.36556673,0.42533386,3,10587,1097
WNLA,0.36338228,0.47962943,3,10587,1097
YFLG,0.35847315,0.37533733,3,10587,1097
FFLG,0.35619754,0.42795283,3,10587,1097
WDLG,0.35528418,0.35237712,3,10587,1097
FCFG,0.35503373,0.39031258,3,10587,1097
IRLG,0.35332215,0.36505997,3,10587,1097
IWLG,0.35001677,0.5572929,3,10587,1097
WWLS,0.34988093,0.17802869,3,10587,1097
WWLQ,0.34554425,0.0012678384,3,10587,1097
MKLG,0.33939284,0.30014896,3,10587,1097
YKFG,0.33826005,0.369938,3,10587,1097
LWCA,0.33667904,0.8250044,3,10587,1097
WSFA,0.33648217,0.6240409,3,10587,1097
WALA,0.3362312,0.5015103,3,10587,1097
WWFC,0.3344126,0.46510342,3,10587,1097
YMAA,0.33290583,0.24784434,3,10587,1097
IILG,0.3323637,0.32141125,3,10587,1097
WWLR,0.33142966,0.0009641016,3,10587,1097
WGLG,0.33099028,0.30124974,3,10587,1097
YRCG,0.33057535,0.37204364,3,10587,1097
WRMG,0.32991856,0.37984946,3,10587,1097
FFFG,0.3297965,0.25572243,3,10587,1097
YIFA,0.32931146,0.3274313,3,10587,1097
FALG,0.32662863,0.43968728,3,10587,1097
AWFG,0.3251324,0.39970207,3,10587,1097
WWLD,0.32407033,0.011585568,3,10587,1097
YALG,0.32364756,0.41026834,3,10587,1097
LCFG,0.32343668,0.368293,3,10587,1097
WWLH,0.32267955,0.005717375,3,10587,1097
WWYG,0.32248697,0.2190137,3,10587,1097
FRMG,0.32225645,0.26360786,3,10587,1097
WWLN,0.32179788,0.024613157,3,10587,1097
FSFG,0.32139748,0.40271544,3,10587,1097
YACA,0.31927288,0.506077,3,10587,1097
WKCA,0.31855506,0.4774548,3,10587,1097
LKFG,0.3176315,0.32718697,3,10587,1097
WWFS,0.31667823,0.045553602,3,10587,1097
CWLG,0.31607482,0.4738802,3,10587,1097
LKMA,0.31590748,0.3306246,3,10587,1097
VFFG,0.31372488,0.14568444,3,10587,1097
WWLE,0.31233332,0.00090531545,3,10587,1097
IKLG,0.31178862,0.24195783,3,10587,1097
HILG,0.3099022,0.4259033,3,10587,1097
WWFQ,0.309772,0.0008065091,3,10587,1097
YMLG,0.30795908,0.26247472,3,10587,1097
FQLG,0.30774906,0.2819155,3,10587,1097
LSCA,0.30625552,0.60022575,3,10587,1097
WWVG,0.30596295,0.18251725,3,10587,1097
YLLG,0.30229026,0.30893338,3,10587,1097
FRCG,0.30122378,0.31433624,3,10587,1097
VKFG,0.3004484,0.31050462,3,10587,1097
WKMG,0.2983325,0.26031846,3,10587,1097
CVLG,0.29778144,0.2844158,3,10587,1097
WWFP,0.29617906,0.061152406,3,10587,1097
WWFN,0.29593915,0.0272145,3,10587,1097
LRMG,0.2934557,0.36347732,3,10587,1097
FMLG,0.28892174,0.25958344,3,10587,1097
FDLG,0.28875247,0.29414836,3,10587,1097
WWFE,0.2878651,0.0012315366,3,10587,1097
MRFG,0.28714657,0.26386693,3,10587,1097
WSMG,0.28655294,0.3026194,3,10587,1097
YWAG,0.2841076,0.29288474,3,10587,1097
FRAA,0.28404427,0.4848846,3,10587,1097
VWMG,0.2838562,0.28809974,3,10587,1097
WKAA,0.28254002,0.28166834,3,10587,1097
WWLK,0.28201643,0.000900672,3,10587,1097
CHLG,0.28029764,0.28718114,3,10587,1097
MWMG,0.28013602,0.34075814,3,10587,1097
MYCA,0.27889383,0.5147152,3,10587,1097
VKCG,0.27796254,0.2157834,3,10587,1097
WKFA,0.2768013,0.46796623,3,10587,1097
FHCG,0.27580637,0.30606344,3,10587,1097
YDAA,0.2755273,0.22585966,3,10587,1097
FKCA,0.274759,0.36811882,3,10587,1097
VNCG,0.27168685,0.47896135,3,10587,1097
WNCA,0.26923552,0.5283357,3,10587,1097
AWLG,0.26478007,0.53177756,3,10587,1097
IVFG,0.26404387,0.27936077,3,10587,1097
VFLG,0.2622618,0.17423657,3,10587,1097
MKFG,0.26206097,0.196166,3,10587,1097
MSCA,0.26190054,0.52999365,3,10587,1097
WVCG,0.25887156,0.3232787,3,10587,1097
LRCA,0.258199,0.67232937,3,10587,1097
AKLG,0.25763202,0.29235736,3,10587,1097
WRLS,0.25643268,0.16811173,3,10587,1097
YYAK,0.2543791,0.0009023375,3,10587,1097
LRCG,0.25368172,0.44331962,3,10587,1097
MWFA,0.25257427,0.20880118,3,10587,1097
QWFG,0.24822873,0.28141993,3,10587,1097
FTLG,0.24780162,0.21550119,3,10587,1097
IHFG,0.24621344,0.3860931,3,10587,1097
AVLG,0.24617907,0.33803695,3,10587,1097
YYAL,0.2423473,0.031191658,3,10587,1097
MHFG,0.24141379,0.24890415,3,10587,1097
WNFA,0.24018863,0.42034695,3,10587,1097
YTLG,0.23833361,0.232336,3,10587,1097
YVGA,0.23718314,0.35249358,3,10587,1097
WACA,0.23718104,0.5229168,3,10587,1097
LVCA,0.23684055,0.511442,3,10587,1097
VICG,0.2361024,0.27522263,3,10587,1097
YHGA,0.23553285,0.44289628,3,10587,1097
YIGA,0.23346001,0.38379672,3,10587,1097
LWLD,0.23320153,0.011171797,3,10587,1097
WSLH,0.23315172,0.001254449,3,10587,1097
FDFG,0.22880226,0.18768619,3,10587,1097
WRLR,0.22798505,0.0007967441,3,10587,1097
VMLG,0.2279389,0.14703795,3,10587,1097
WWFW,0.22780105,0.0019046998,3,10587,1097
FRFA,0.22778279,0.14477123,3,10587,1097
RWFG,0.22645372,0.110707,3,10587,1097
YHAG,0.22585498,0.31062284,3,10587,1097
YWGA,0.22396481,0.2235375,3,10587,1097
MQLG,0.22214854,0.23606619,3,10587,1097
WECA,0.22211552,0.24385506,3,10587,1097
CALG,0.22059785,0.31275302,3,10587,1097
VKMG,0.2199576,0.11051941,3,10587,1097
MSAA,0.21744892,0.39892,3,10587,1097
FWFT,0.21702388,0.13481942,3,10587,1097
FRAG,0.21575698,0.285925,3,10587,1097
ILFG,0.21468037,0.15391393,3,10587,1097
IHCG,0.21221696,0.35555074,3,10587,1097
LWLH,0.2098631,0.014457621,3,10587,1097
WKLR,0.20962472,0.0008274269,3,10587,1097
FELG,0.20926341,0.17378351,3,10587,1097
WWCS,0.20758516,0.14791101,3,10587,1097
MSLA,0.20625082,0.2585946,3,10587,1097
CFLG,0.20605381,0.17808698,3,10587,1097
GWFG,0.2047739,0.21281797,3,10587,1097
AHFG,0.20356655,0.27892253,3,10587,1097
CHFG,0.20355703,0.3542117,3,10587,1097
HLLG,0.20310393,0.16545409,3,10587,1097
HKCA,0.19557157,0.40340886,3,10587,1097
HICG,0.19541386,0.27064893,3,10587,1097
VAMG,0.19531657,0.17013052,3,10587,1097
WWCR,0.19493382,0.00235679,3,10587,1097
HMLG,0.19241664,0.14964442,3,10587,1097
HHCG,0.19196926,0.20723684,3,10587,1097
WWCN,0.19071256,0.0055520446,3,10587,1097
WWCE,0.1896316,0.0017757792,3,10587,1097
VWFT,0.18916449,0.15752949,3,10587,1097
CQLG,0.18767111,0.16934308,3,10587,1097
YYCV,0.18701315,0.08295266,3,10587,1097
FFCA,0.18615612,0.49702084,3,10587,1097
YWFT,0.18584949,0.15350877,3,10587,1097
LWLV,0.18434894,0.15500219,3,10587,1097
VWFN,0.1835913,0.013123652,3,10587,1097
WSFC,0.18348974,0.42941245,3,10587,1097
WHGA,0.1834535,0.22908756,3,10587,1097
MQFG,0.18232319,0.18900329,3,10587,1097
FNLT,0.1807575,0.27442312,3,10587,1097
IMLG,0.18034914,0.110178284,3,10587,1097
FFAG,0.17875966,0.650981,3,10587,1097
LRLD,0.1769323,0.014662984,3,10587,1097
HKAA,0.17524755,0.19612627,3,10587,1097
YYCE,0.17438993,0.0011878873,3,10587,1097
ANFG,0.17282982,0.23634557,3,10587,1097
GKLG,0.17107709,0.008447715,3,10587,1097
WYLD,0.1710211,0.019249866,3,10587,1097
AFLG,0.17039858,0.30186197,3,10587,1097
FDCG,0.1702295,0.07797591,3,10587,1097
MEFG,0.16804652,0.0879779,3,10587,1097
YWLH,0.16768393,0.0018205892,3,10587,1097
NWFG,0.16673826,0.026895842,3,10587,1097
YWFN,0.16538024,0.00683149,3,10587,1097
SKLG,0.16481525,0.03761643,3,10587,1097
YYCK,0.16447197,0.0028072721,3,10587,1097
ITFG,0.16421217,0.12893203,3,10587,1097
YSCE,0.1634916,0.00057927833,3,10587,1097
HMAA,0.16135707,0.10130609,3,10587,1097
YMGA,0.15832645,0.17107035,3,10587,1097
IDCG,0.15811723,0.2697989,3,10587,1097
PKFG,0.15494578,0.0010578127,3,10587,1097
MNFA,0.14924233,0.06975258,3,10587,1097
ERFG,0.14903751,0.09596624,3,10587,1097
WHFC,0.14799495,0.2574421,3,10587,1097
WHSA,0.147154,0.06851146,3,10587,1097
LHLV,0.1468299,0.052007116,3,10587,1097
WRFS,0.14550415,0.077589355,3,10587,1097
FRFT,0.14477965,0.21792886,3,10587,1097
FLMG,0.14429574,0.120177366,3,10587,1097
FTMG,0.14350872,0.061086547,3,10587,1097
YHCV,0.14084196,0.087257616,3,10587,1097
WVFC,0.13939744,0.3680367,3,10587,1097
YICV,0.1390523,0.18250865,3,10587,1097
WMFC,0.13885471,0.11617971,3,10587,1097
YWFP,0.13734336,0.004041931,3,10587,1097
WSCH,0.13559806,0.00082765287,3,10587,1097
NVFG,0.1348884,0.041416086,3,10587,1097
CWFT,0.13387588,0.18593992,3,10587,1097
VMMG,0.13224992,0.047806863,3,10587,1097
WHSG,0.13134617,0.001397109,3,10587,1097
VWCE,0.12485926,0.0012702958,3,10587,1097
HEAA,0.12483889,0.04360944,3,10587,1097
AWFT,0.12351772,0.25415838,3,10587,1097
FSCH,0.121475056,0.0010740269,3,10587,1097
CDCG,0.12015702,0.014790488,3,10587,1097
NSFG,0.11986925,0.013004474,3,10587,1097
YPLG,0.11983515,0.032958645,3,10587,1097
EKMA,0.11395055,0.02409305,3,10587,1097
PTFG,0.11294623,0.00057927833,3,10587,1097
WGFC,0.10836536,0.011510602,3,10587,1097
WMFD,0.10658488,0.0014218651,3,10587,1097
FMLT,0.09516579,0.1507426,3,10587,1097
WCFP,0.0949897,0.05647004,3,10587,1097
PQLG,0.09412101,0.0024630735,3,10587,1097
PKMA,0.09293765,0.00043295548,3,10587,1097
PKMG,0.087647185,0.0009624933,3,10587,1097
HEMG,0.08680104,0.017173901,3,10587,1097
WMFP,0.083193645,0.018829828,3,10587,1097
FVME,0.08010699,0.0005585898,3,10587,1097
HFYG,0.07421404,0.005964088,3,10587,1097
FFCH,0.06929776,0.0007820258,3,10587,1097
YGAH,0.06787099,0.00042720677,3,10587,1097
YCFP,0.065869525,0.0074517643,3,10587,1097
FGMT,0.06301632,0.00020181316,3,10587,1097
VKMS,0.06257197,0.012844869,3,10587,1097
LDFP,0.060797554,0.0011421813,3,10587,1097
WNAP,0.06014326,0.00057507463,3,10587,1097
YFFH,0.059834447,0.00083575275,3,10587,1097
WVFY,0.059310388,0.0010094234,3,10587,1097
PKAG,0.0570333,0.000101561796,3,10587,1097
PWFS,0.05685297,0.0003822529,3,10587,1097
SIMA,0.055338543,0.008432583,3,10587,1097
DWAG,0.047853492,0.0012031167,3,10587,1097
CVCE,0.045799546,0.0007477538,3,10587,1097
QSMC,0.044536646,0.0024785518,3,10587,1097
GALH,0.043988142,3.4679662e-05,3,10587,1097
CDCV,0.041741695,0.0019230143,3,10587,1097
ERMC,0.039585322,0.0007163596,3,10587,1097
FSGY,0.03863627,0.014515299,3,10587,1097
ESGF,0.036507893,0.063047044,3,10587,1097
IKVT,0.034213822,0.002455884,3,10587,1097
WKRD,0.032634016,0.0,3,10587,1097
VQGT,0.03031467,0.04611001,3,10587,1097
DTGI,0.025290474,0.0040481337,3,10587,1097
MICP,0.02409422,0.001972678,3,10587,1097
NSGP,0.022807859,0.00047288032,3,10587,1097
FHPS,0.02224427,0.0005213506,3,10587,1097
FQTG,0.02081516,0.0,3,10587,1097
FDPC,0.020105291,0.0005902082,3,10587,1097
ERRG,0.019194469,0.00020489763,3,10587,1097
DMCT,0.018175483,0.0007692057,3,10587,1097
ESHA,0.017615704,0.00041987965,3,10587,1097
GKMW,0.014260473,0.0,3,10587,1097
GNSG,0.013782881,8.319423e-05,3,10587,1097
RGCS,0.013678508,0.0010363149,3,10587,1097
RTNC,0.01340663,0.0008397593,3,10587,1097
VARE,0.0130734565,0.0,3,10587,1097
ESDE,0.010551221,0.0,3,10587,1097
CQAP,0.010448849,0.0011115088,3,10587,1097
NTLS,0.01030943,0.00022204813,3,10587,1097
SLCI,0.0100982245,0.0009307852,3,10587,1097
TRSC,0.010068802,0.0018582791,3,10587,1097
LSQV,0.00745395,0.00033635524,3,10587,1097
QNSP,0.006850727,0.00042414956,3,10587,1097
RYST,0.0065753264,0.00027621223,3,10587,1097
LKKP,0.006226115,0.00029031123,3,10587,1097
KQLK,0.005670771,0.00067452365,3,10587,1097
RIDE,0.0053535206,0.0003304334,3,10587,1097
YSQY,0.004966747,0.00026850676,3,10587,1097
WDES,0.0039375573,0.0003058202,3,10587,1097
QSPY,0.0039078575,0.00012767763,3,10587,1097
PQDQ,0.0038231704,0.0,3,10587,1097
SEAQ,0.0036135651,0.0002606753,3,10587,1097
YWTH,0.0028374642,0.000363733,3,10587,1097
ALKH,0.0027115904,0.0010090655,3,10587,1097
SSSY,0.002699539,0.0002703495,3,10587,1097
HLRF,0.0021102838,0.00044265616,3,10587,1097
GLCM,0.0017430652,0.0001193933,3,10587,1097
GMDC,0.0016708747,0.00048372732,3,10587,1097
PVPI,0.0013132542,0.0005362462,3,10587,1097
NSNT,0.0010499805,9.2002985e-05,3,10587,1097
TWTA,0.00056903437,0.0,3,10587,1097
TNYR,0.0005245432,0.0,3,10587,1097
QVTM,-0.0004849173,0.00020312359,3,10587,1097
DFNW,-0.001245454,0.0,3,10587,1097
DTEW,-0.0015318058,0.0,3,10587,1097
DIRS,-0.0015443899,0.0005362462,3,10587,1097
PWHL,-0.0021792427,0.00031919425,3,10587,1097
QESV,-0.0030726884,0.00023330667,3,10587,1097
GKKS,-0.0030959584,0.0,3,10587,1097
CPDV,-0.0037403572,0.0011618669,3,10587,1097
FVYN,-0.0040314123,0.00028698196,3,10587,1097
QWWP,-0.0041588154,0.0012406076,3,10587,1097
SAIH,-0.0046223644,0.00015878698,3,10587,1097
RALL,-0.0048425123,0.00038009885,3,10587,1097
NSER,-0.004847601,7.666921e-05,3,10587,1097
YNWN,-0.005120322,0.0013190797,3,10587,1097
ARQH,-0.005132364,0.0026067528,3,10587,1097
SKTR,-0.00665123,0.0003420769,3,10587,1097
RMDT,-0.007895345,0.00026703323,3,10587,1097
TGQR,-0.008628858,0.0,3,10587,1097
SGHN,-0.009679422,0.0009479101,3,10587,1097
FTQW,-0.0097425915,0.0,3,10587,1097
RWWN,-0.010303464,0.0005184702,3,10587,1097
IMCP,-0.010337977,0.0012158705,3,10587,1097
MFFI,-0.01213333,0.0017641297,3,10587,1097
FRHW,-0.013524793,0.0,3,10587,1097
HYHF,-0.015119541,0.0,3,10587,1097
SPNA,-0.01664856,0.000166094,3,10587,1097
ILQI,-0.019886363,0.0,3,10587,1097
MAHQ,-0.021347377,0.0,3,10587,1097
PWWM,-0.022527028,0.0,3,10587,1097
YPKY,-0.022553362,0.0,3,10587,1097
SYYA,-0.0230559,0.000858695,3,10587,1097
TDWV,-0.023979563,0.0,3,10587,1097
YCRP,-0.02423213,0.001428701,3,10587,1097
NSIV,-0.026747968,0.00025226633,3,10587,1097
RWVW,-0.02943017,0.00031966023,3,10587,1097
MERF,-0.029642157,0.00032755014,3,10587,1097
FMPH,-0.02989095,0.0,3,10587,1097
VQQV,-0.030375894,0.0014218651,3,10587,1097
HKEL,-0.03272991,0.00011092568,3,10587,1097
LDVL,-0.03978653,0.00058984914,3,10587,1097
YYEK,-0.041282184,0.0,3,10587,1097
FFVE,-0.04277797,0.00045732502,3,10587,1097
IPIC,-0.04452761,0.00068900955,3,10587,1097
MVWK,-0.04573672,0.0002463073,3,10587,1097
ATVL,-0.04583856,0.0,3,10587,1097
KQWM,-0.05038673,0.0005086347,3,10587,1097
WPHY,-0.058397073,0.00025959357,3,10587,1097
TRIM,-0.06418665,0.0,3,10587,1097
WWCA,0.721691,0.83113,4,14176,1469
FYAA,0.6682366,0.9181903,4,14176,1469
LWCG,0.6483142,0.62950265,4,14176,1469
WWAA,0.63950264,0.47498468,4,14176,1469
FFAA,0.6325844,0.7907195,4,14176,1469
LWAA,0.6089628,0.6879151,4,14176,1469
FWAA,0.6082634,1.0,4,14176,1469
LYCA,0.6005382,0.600399,4,14176,1469
LHCA,0.5741566,0.5504935,4,14176,1469
LNCA,0.5661716,0.6548965,4,14176,1469
MWCA,0.55119044,0.66271144,4,14176,1469
WRCA,0.54867375,0.6072966,4,14176,1469
LACA,0.54639965,0.62093276,4,14176,1469
WYAA,0.54273015,0.3613731,4,14176,1469
LYAA,0.5361895,0.5585195,4,14176,1469
YRCA,0.53521657,0.54376394,4,14176,1469
LCCA,0.52532303,0.3244682,4,14176,1469
WVFG,0.5249839,0.5867707,4,14176,1469
FYAG,0.52361965,0.74184585,4,14176,1469
LRLG,0.5226652,0.5753481,4,14176,1469
YICA,0.51525563,0.57992053,4,14176,1469
MYAA,0.5116232,0.38537142,4,14176,1469
IWCG,0.507349,0.5480553,4,14176,1469
WYCA,0.50712055,0.6898266,4,14176,1469
MRCA,0.50529534,0.53068256,4,14176,1469
FIAA,0.50018096,0.52513486,4,14176,1469
FYCA,0.49970925,0.64126116,4,14176,1469
WFAA,0.4983068,0.24970321,4,14176,1469
WALG,0.48837337,0.50811255,4,14176,1469
FYLG,0.4876437,0.47551516,4,14176,1469
YVFG,0.4869917,0.5130441,4,14176,1469
VYCA,0.48587054,0.611741,4,14176,1469
FRAA,0.48245263,0.4848846,4,14176,1469
FRCA,0.48230225,0.4406263,4,14176,1469
YHCA,0.47944364,0.5306223,4,14176,1469
VRCA,0.4792455,0.54755145,4,14176,1469
MACA,0.46490267,0.5333416,4,14176,1469
WHCA,0.46472332,0.531147,4,14176,1469
LYCG,0.4639435,0.41106611,4,14176,1469
FCAA,0.4629905,0.317028,4,14176,1469
MWAA,0.46266225,0.51269615,4,14176,1469
FACA,0.4581981,0.4606481,4,14176,1469
FHCA,0.45734832,0.3780925,4,14176,1469
ISCA,0.45698223,0.56451654,4,14176,1469
FSCA,0.4550603,0.43869403,4,14176,1469
IYAA,0.4538755,0.5051164,4,14176,1469
MHCA,0.45286185,0.4258257,4,14176,1469
LRAA,0.45151225,0.5304516,4,14176,1469
LMCA,0.44692692,0.36836377,4,14176,1469
WRFA,0.4465965,0.5757383,4,14176,1469
FVAA,0.44600365,0.46047157,4,14176,1469
LALG,0.44562876,0.48914927,4,14176,1469
WRLC,0.44083893,0.58369786,4,14176,1469
LWAG,0.43965584,0.37939975,4,14176,1469
WALC,0.437825,0.47728646,4,14176,1469
YCCA,0.43706173,0.29342633,4,14176,1469
VHFG,0.43273127,0.47618264,4,14176,1469
WAFA,0.42966685,0.57922274,4,14176,1469
LQCA,0.42656073,0.49401647,4,14176,1469
VHCG,0.42596704,0.39033288,4,14176,1469
LRMA,0.42575273,0.45148596,4,14176,1469
IFCA,0.4248592,0.41049665,4,14176,1469
LHAA,0.4246292,0.4673964,4,14176,1469
ICCA,0.42338443,0.3271752,4,14176,1469
LNCG,0.4225038,0.42950594,4,14176,1469
FCCA,0.4188932,0.2008733,4,14176,1469
IFAA,0.4141313,0.42910394,4,14176,1469
MFAA,0.4140908,0.2956562,4,14176,1469
LDCA,0.41367933,0.47518802,4,14176,1469
VACA,0.41264609,0.6535915,4,14176,1469
FNLG,0.4102433,0.4539977,4,14176,1469
VNLG,0.40974364,0.53065705,4,14176,1469
WQFG,0.4040031,0.41001043,4,14176,1469
LFAG,0.40360942,0.1479881,4,14176,1469
FSAA,0.40212741,0.4882421,4,14176,1469
LALA,0.40193596,0.43213013,4,14176,1469
YSAA,0.3977456,0.48271856,4,14176,1469
MRAA,0.39763,0.45587415,4,14176,1469
LFCG,0.39566037,0.31386286,4,14176,1469
FIAG,0.39392367,0.38487068,4,14176,1469
HSCA,0.3936791,0.4179194,4,14176,1469
VIFG,0.39321288,0.41157907,4,14176,1469
LCAA,0.3919503,0.3283145,4,14176,1469
MILG,0.38977042,0.3754849,4,14176,1469
WSAA,0.3886963,0.29865617,4,14176,1469
HACA,0.38814402,0.38279834,4,14176,1469
LSAA,0.38656598,0.48556036,4,14176,1469
LTCA,0.3800814,0.3105389,4,14176,1469
WIAA,0.36913237,0.35110494,4,14176,1469
MSLG,0.36841783,0.36640635,4,14176,1469
HNCA,0.36822817,0.48089722,4,14176,1469
WKLC,0.36796424,0.44501862,4,14176,1469
CSCA,0.36726853,0.03649048,4,14176,1469
MFAG,0.3637351,0.09906572,4,14176,1469
WFMA,0.36295745,0.34792882,4,14176,1469
VVCA,0.36268562,0.38084987,4,14176,1469
FAAA,0.3609614,0.4602508,4,14176,1469
HIFG,0.3595625,0.29205656,4,14176,1469
CRCA,0.35942528,0.097065,4,14176,1469
WNCG,0.35885718,0.28835762,4,14176,1469
FHAG,0.3580239,0.42284274,4,14176,1469
LSMA,0.35554022,0.4290945,4,14176,1469
VVFG,0.35539466,0.37017015,4,14176,1469
IRCG,0.34719774,0.33116272,4,14176,1469
CHCA,0.34672084,0.08002954,4,14176,1469
WYFA,0.344966,0.36156794,4,14176,1469
WQFA,0.344422,0.35104495,4,14176,1469
FWMA,0.34401828,0.428997,4,14176,1469
WTFA,0.34315422,0.35271418,4,14176,1469
WYCG,0.34266862,0.42182258,4,14176,1469
MALG,0.34199467,0.35687515,4,14176,1469
CYCA,0.3390398,0.061394863,4,14176,1469
IRAA,0.3367071,0.6273102,4,14176,1469
LVCG,0.33445093,0.34094805,4,14176,1469
FFAS,0.3337001,0.41453895,4,14176,1469
YNCG,0.3327305,0.25875765,4,14176,1469
FKAA,0.3327026,0.41305658,4,14176,1469
VVCG,0.32898584,0.23982126,4,14176,1469
LNAA,0.3243063,0.5037557,4,14176,1469
HWCA,0.32428172,0.316604,4,14176,1469
AYAA,0.32370734,0.08341609,4,14176,1469
MWMA,0.32156897,0.35251316,4,14176,1469
YVCG,0.31948775,0.33125728,4,14176,1469
WAAA,0.31516308,0.2908936,4,14176,1469
LIAA,0.3151081,0.45257053,4,14176,1469
WSFT,0.31507054,0.43708408,4,14176,1469
VSAA,0.31472263,0.6215546,4,14176,1469
IYLG,0.3130816,0.2517016,4,14176,1469
LYMG,0.31227183,0.3446622,4,14176,1469
FFAV,0.3111205,0.046820644,4,14176,1469
LIMG,0.30877453,0.3749468,4,14176,1469
HYCG,0.30789864,0.20382063,4,14176,1469
FYAC,0.3070806,0.37890413,4,14176,1469
KHCA,0.30618855,0.41426232,4,14176,1469
YDLG,0.30608,0.28881636,4,14176,1469
FRMA,0.30571744,0.31490737,4,14176,1469
ANLG,0.30349937,0.63813305,4,14176,1469
MAAA,0.30338973,0.3945761,4,14176,1469
CSAA,0.30299476,0.39299467,4,14176,1469
RSCA,0.301749,0.27129972,4,14176,1469
FNCG,0.2984068,0.18835175,4,14176,1469
LWVG,0.2951178,0.1277929,4,14176,1469
VHAG,0.29099882,0.4758109,4,14176,1469
KNCA,0.29057896,0.38966125,4,14176,1469
FFAE,0.29056174,0.0009278272,4,14176,1469
TSCA,0.29016784,0.369429,4,14176,1469
KWCA,0.2898799,0.17498563,4,14176,1469
MIAA,0.28699848,0.37812793,4,14176,1469
WIFC,0.28342167,0.37895548,4,14176,1469
FMAA,0.27872196,0.2812736,4,14176,1469
FFAI,0.27535203,0.076101616,4,14176,1469
MALA,0.27161565,0.23212545,4,14176,1469
HHLG,0.2696785,0.33147153,4,14176,1469
WRFC,0.26922554,0.3698549,4,14176,1469
MHCG,0.26616988,0.3048858,4,14176,1469
WWIG,0.2656777,0.12975056,4,14176,1469
FFAF,0.260404,0.0053932816,4,14176,1469
ASAA,0.26019996,0.18406418,4,14176,1469
WWWG,0.2587765,0.06315467,4,14176,1469
KWCG,0.25626215,0.12471254,4,14176,1469
ERCA,0.25493166,0.5109908,4,14176,1469
SWCA,0.25476423,0.18061878,4,14176,1469
MSFA,0.25192532,0.20638481,4,14176,1469
QYCG,0.25187412,0.21124853,4,14176,1469
WTFC,0.25090212,0.19381258,4,14176,1469
SRCA,0.25045675,0.25000498,4,14176,1469
EACA,0.25033557,0.43127146,4,14176,1469
LALC,0.25009665,0.20096874,4,14176,1469
MSMA,0.24640393,0.3071132,4,14176,1469
LQAA,0.2437155,0.3253322,4,14176,1469
HRCG,0.24354127,0.22054775,4,14176,1469
FVFA,0.24241313,0.28753483,4,14176,1469
WKFT,0.24189663,0.37327847,4,14176,1469
LLAA,0.24127804,0.264724,4,14176,1469
EKCA,0.23894724,0.43132353,4,14176,1469
WRFT,0.23433405,0.5477806,4,14176,1469
MTAA,0.23295762,0.18971673,4,14176,1469
MCAG,0.23271173,0.08226605,4,14176,1469
AYAG,0.23101866,0.007820258,4,14176,1469
LQMA,0.23043397,0.26419067,4,14176,1469
WNFT,0.22886345,0.3660071,4,14176,1469
HILT,0.2250826,0.15864249,4,14176,1469
WTAA,0.22153899,0.15304466,4,14176,1469
VYCT,0.22042128,0.017897911,4,14176,1469
HILA,0.22032109,0.098070264,4,14176,1469
VRAG,0.21896225,0.42007467,4,14176,1469
WIFT,0.2182981,0.4677602,4,14176,1469
LNGA,0.21744144,0.29139847,4,14176,1469
LWPG,0.21683155,0.00087938644,4,14176,1469
LWRA,0.21660887,0.0024246215,4,14176,1469
FIAS,0.21543212,0.18203127,4,14176,1469
FYAM,0.21211764,0.05293713,4,14176,1469
VNIG,0.2108483,0.008762194,4,14176,1469
YELG,0.20906177,0.19090982,4,14176,1469
WQFT,0.20628938,0.28618446,4,14176,1469
EFCA,0.20621768,0.21352705,4,14176,1469
MNLA,0.20444319,0.22459781,4,14176,1469
FYAW,0.20277643,0.0031281032,4,14176,1469
VVAG,0.20039082,0.3686958,4,14176,1469
QHCG,0.19927177,0.22258353,4,14176,1469
MHLA,0.196309,0.17577423,4,14176,1469
VNYG,0.19570187,0.17053208,4,14176,1469
ANAA,0.19541124,0.24231786,4,14176,1469
WTFT,0.19472325,0.24257928,4,14176,1469
QHFG,0.19207329,0.1908255,4,14176,1469
CVAG,0.19004138,0.10539207,4,14176,1469
PWCG,0.18754387,0.0026468567,4,14176,1469
HIFT,0.18537337,0.075126834,4,14176,1469
MVFA,0.18278041,0.20998979,4,14176,1469
QFAG,0.18013458,0.0011672027,4,14176,1469
LWYA,0.17198619,0.104512595,4,14176,1469
LLMA,0.16792376,0.19014639,4,14176,1469
MFAF,0.16658837,0.0012258169,4,14176,1469
LQMT,0.16619873,0.06754889,4,14176,1469
EHLG,0.16584244,0.36890936,4,14176,1469
ANLA,0.16264805,0.061851133,4,14176,1469
VYCV,0.16006088,0.016347876,4,14176,1469
WFAS,0.15822591,0.012494388,4,14176,1469
LTMA,0.15816467,0.15917933,4,14176,1469
VNWG,0.15387723,0.0026067528,4,14176,1469
VHWG,0.15035915,0.0012767769,4,14176,1469
YDCG,0.1481668,0.12398664,4,14176,1469
VYAV,0.14732277,0.059615303,4,14176,1469
AELG,0.14712045,0.12512413,4,14176,1469
LFCV,0.14474863,0.049377497,4,14176,1469
VRWG,0.14180413,0.0011532179,4,14176,1469
WWKG,0.14109254,0.001055495,4,14176,1469
AFMA,0.13883531,0.042271666,4,14176,1469
LFAF,0.13869607,0.002370773,4,14176,1469
ASMA,0.13848498,0.109483615,4,14176,1469
QYCT,0.13626891,0.015359549,4,14176,1469
LMGA,0.13408145,0.11310601,4,14176,1469
YILM,0.13236149,0.0047749863,4,14176,1469
MWMT,0.13018045,0.06308829,4,14176,1469
VFAF,0.13011643,0.00728012,4,14176,1469
IFAE,0.12896568,0.0005090109,4,14176,1469
MNMT,0.12679836,0.070520215,4,14176,1469
MSMT,0.124370545,0.050848547,4,14176,1469
YFCV,0.123414785,0.05607343,4,14176,1469
YCCT,0.12227821,0.015838498,4,14176,1469
YACV,0.12160686,0.04426049,4,14176,1469
WYAS,0.12057385,0.021990543,4,14176,1469
WFAF,0.11641438,0.0065702987,4,14176,1469
QLLG,0.11102417,0.10826374,4,14176,1469
MQMT,0.1096673,0.03089643,4,14176,1469
LEMT,0.10058269,0.02153489,4,14176,1469
ESCT,0.09819278,0.016825404,4,14176,1469
CTFA,0.09497314,0.078814045,4,14176,1469
QVFA,0.086248666,0.08756447,4,14176,1469
QGLG,0.0856875,0.02622967,4,14176,1469
EAFA,0.080842316,0.01901292,4,14176,1469
FCKG,0.07775109,0.0,4,14176,1469
FHYT,0.07514757,0.016843634,4,14176,1469
MHGH,0.07068253,0.023913685,4,14176,1469
LFKA,0.06578327,0.00022640068,4,14176,1469
AICV,0.06440605,0.013170961,4,14176,1469
HFMA,0.06411353,0.007011266,4,14176,1469
PWAV,0.06324946,0.00011848871,4,14176,1469
QALK,0.062767215,0.00028231976,4,14176,1469
WYAN,0.05827088,0.0006433117,4,14176,1469
LVLI,0.05240707,0.003367773,4,14176,1469
YVQG,0.043685853,0.00051160564,4,14176,1469
QNAN,0.042852785,0.00045866615,4,14176,1469
IKCQ,0.041669678,0.00014931284,4,14176,1469
GSCP,0.039019786,0.0007685757,4,14176,1469
MNRS,0.037507027,0.0005694857,4,14176,1469
DQCS,0.0365745,0.002760091,4,14176,1469
RHCL,0.03632934,0.0014760561,4,14176,1469
MRQC,0.035612226,0.00050453277,4,14176,1469
LNGD,0.03146307,0.0072187,4,14176,1469
ARLM,0.030866927,0.0031281032,4,14176,1469
AWSH,0.029877948,0.0036801214,4,14176,1469
PCCN,0.028484935,0.0,4,14176,1469
WCGM,0.02674113,0.12644848,4,14176,1469
SPYT,0.023148563,0.00022585582,4,14176,1469
VEGS,0.020462655,0.020055454,4,14176,1469
QCDS,0.016693266,0.00085171126,4,14176,1469
DKAT,0.01637514,0.00035345802,4,14176,1469
GDMC,0.01609504,0.0,4,14176,1469
PKCL,0.014451107,0.0007663504,4,14176,1469
GHDS,0.014447991,0.0002085402,4,14176,1469
FQAL,0.013888152,0.0024311685,4,14176,1469
GNPN,0.013238808,0.00015259042,4,14176,1469
IDML,0.01269904,0.00088293233,4,14176,1469
FLDP,0.01118065,0.0007174549,4,14176,1469
NHTV,0.010462243,0.0,4,14176,1469
QYKK,0.009926284,0.0,4,14176,1469
FFRL,0.009825384,0.0006785474,4,14176,1469
EFQT,0.009445569,0.0,4,14176,1469
FCEP,0.009235794,0.00065168814,4,14176,1469
QAEI,0.007897498,0.00017508047,4,14176,1469
RCKE,0.0070772762,0.0012031167,4,14176,1469
SDKQ,0.0070362925,0.0,4,14176,1469
NRDM,0.0062163356,0.0001967361,4,14176,1469
VPES,0.006210023,0.0,4,14176,1469
FASN,0.0058784685,0.0002628658,4,14176,1469
NFNW,0.004704893,0.0,4,14176,1469
NRKP,0.004252033,0.00045777124,4,14176,1469
ARDI,0.003864789,0.0,4,14176,1469
SNTM,0.0037118453,0.00018675238,4,14176,1469
GRVA,0.0032827589,1.643775e-05,4,14176,1469
DNNR,0.003244787,0.0002951041,4,14176,1469
GAKY,0.0026017348,0.0,4,14176,1469
PFPY,0.0025894525,0.00018081524,4,14176,1469
ECNQ,0.0022310275,0.0,4,14176,1469
NAPQ,0.002092549,0.0005018348,4,14176,1469
RTEW,0.001837106,4.2617263e-05,4,14176,1469
NDPH,0.0017763837,0.0009200304,4,14176,1469
LINI,0.0017420477,0.0005161886,4,14176,1469
PDPT,0.0016709375,0.00023519574,4,14176,1469
GCHH,0.00084772287,0.0,4,14176,1469
MMPA,0.00015615067,0.0013771524,4,14176,1469
NYHW,-0.00030696252,0.0,4,14176,1469
QTWC,-0.00053233886,0.0003304334,4,14176,1469
GGKY,-0.0017260448,0.00040103888,4,14176,1469
MKNY,-0.0020064176,0.000363733,4,14176,1469
DHSK,-0.0023965077,0.0,4,14176,1469
ASSV,-0.0026117475,0.00042271666,4,14176,1469
ECYP,-0.0026567564,0.0009200304,4,14176,1469
DQTV,-0.0028093928,0.0,4,14176,1469
CSHL,-0.002821742,0.00069422653,4,14176,1469
KESL,-0.0042375275,0.0002498848,4,14176,1469
CAQM,-0.004717885,0.0,4,14176,1469
PEDM,-0.0047496413,0.00076295197,4,14176,1469
PVSV,-0.0050146696,0.0003672266,4,14176,1469
GRAR,-0.00505887,0.00015472897,4,14176,1469
RFRE,-0.0051545915,0.00011985073,4,14176,1469
KMTW,-0.005823475,0.000189582,4,14176,1469
VLDL,-0.0060197995,0.00018400609,4,14176,1469
SGLG,-0.006025689,0.002014309,4,14176,1469
QLQP,-0.006328764,0.00029823024,4,14176,1469
GWWN,-0.006676039,0.0,4,14176,1469
REKV,-0.008239703,0.00018378982,4,14176,1469
ELSF,-0.009062294,0.00012315364,4,14176,1469
ECIR,-0.009389458,0.0007109326,4,14176,1469
EIIE,-0.0114527345,0.0,4,14176,1469
EPEG,-0.011497879,0.0,4,14176,1469
VGEM,-0.011684841,0.0012512413,4,14176,1469
FIHR,-0.011949873,0.00085311907,4,14176,1469
RRRN,-0.013525313,0.0004077602,4,14176,1469
VPWR,-0.015264966,0.00084543333,4,14176,1469
QYWW,-0.015659692,0.0,4,14176,1469
EEAK,-0.019238913,0.00067271036,4,14176,1469
RRAP,-0.01929632,0.0003716125,4,14176,1469
GGIC,-0.020576904,0.0002673593,4,14176,1469
YNYR,-0.020641321,0.0005012986,4,14176,1469
HEFH,-0.021073924,0.0,4,14176,1469
LWIV,-0.021814128,0.0005822736,4,14176,1469
DFLR,-0.022034874,0.00082942133,4,14176,1469
TLRA,-0.02483389,0.0001529635,4,14176,1469
TGYQ,-0.02513113,0.0,4,14176,1469
HLWC,-0.0264356,0.00054469454,4,14176,1469
HGTP,-0.026874932,0.00044767134,4,14176,1469
RVIL,-0.027385164,0.0002829824,4,14176,1469
RLMK,-0.030663239,0.0002930307,4,14176,1469
CKER,-0.030991742,0.00076710986,4,14176,1469
WNTQ,-0.03357413,0.0001967361,4,14176,1469
YMLW,-0.03437884,0.00072326086,4,14176,1469
YGSI,-0.041204493,0.0003904706,4,14176,1469
IRSM,-0.042660214,0.006543124,4,14176,1469
HCIK,-0.044534806,0.0010172693,4,14176,1469
HESP,-0.046961397,0.00019279533,4,14176,1469
WKTW,-0.051001992,0.0001284642,4,14176,1469
HYYH,-0.051982686,0.0,4,14176,1469
MGYN,-0.052804697,0.00015038955,4,14176,1469
ELWA,-0.053109284,0.00082942133,4,14176,1469
CVVL,-0.05425908,0.001080395,4,14176,1469
RGWE,-0.058809575,0.00026176593,4,14176,1469
FQYE,-0.059316356,0.0,4,14176,1469
WMCQ,-0.061923746,0.0005718653,4,14176,1469
LLYI,-0.072983876,0.00065964443,4,14176,1469
ITIM,-0.102708966,0.00065168814,4,14176,1469
LWLG,0.75991404,0.73527676,5,17809,1839
FWCA,0.72188073,0.862211,5,17809,1839
VSCA,0.6070809,0.6160872,5,17809,1839
IWCA,0.59234005,0.6856483,5,17809,1839
VRAA,0.5868328,0.60893416,5,17809,1839
WICA,0.5726279,0.45192945,5,17809,1839
LKCA,0.5378592,0.54097366,5,17809,1839
VYAA,0.5364693,0.58855724,5,17809,1839
IACA,0.5335569,0.5905344,5,17809,1839
YHAA,0.5251887,0.62090284,5,17809,1839
YVCA,0.5224472,0.46875834,5,17809,1839
WFCA,0.5166494,0.5594706,5,17809,1839
WVCA,0.5110542,0.46001425,5,17809,1839
FICA,0.510883,0.44244343,5,17809,1839
MNCA,0.5032157,0.6258507,5,17809,1839
YRAA,0.501828,0.47462556,5,17809,1839
IHAA,0.495766,0.53790694,5,17809,1839
VHCA,0.49451116,0.5779038,5,17809,1839
LICA,0.48615578,0.56887084,5,17809,1839
IHCA,0.4738795,0.5451443,5,17809,1839
YFCA,0.4649156,0.4438067,5,17809,1839
VQCA,0.46008125,0.3834079,5,17809,1839
VKCA,0.45901534,0.45618823,5,17809,1839
FVCA,0.45748946,0.40437844,5,17809,1839
VKAA,0.44546798,0.526876,5,17809,1839
MNLG,0.43695906,0.4244075,5,17809,1839
MQCA,0.42686847,0.3680033,5,17809,1839
WLCA,0.4245011,0.34774083,5,17809,1839
WSMA,0.4216226,0.42325643,5,17809,1839
MICA,0.41261622,0.4131574,5,17809,1839
VNAG,0.4123533,0.43988502,5,17809,1839
YQCA,0.40825447,0.33568117,5,17809,1839
IKAA,0.4057059,0.5018167,5,17809,1839
WQCA,0.40237573,0.38756627,5,17809,1839
WNFG,0.40176883,0.4815332,5,17809,1839
YLCA,0.39923832,0.30007717,5,17809,1839
WLFG,0.3923975,0.43763456,5,17809,1839
CNLG,0.39174607,0.30868042,5,17809,1839
WMCA,0.3830605,0.26351792,5,17809,1839
FAFG,0.38285074,0.3781325,5,17809,1839
FYAS,0.3825043,0.5618136,5,17809,1839
LLCA,0.37723467,0.36188638,5,17809,1839
ARLG,0.37637565,0.32239646,5,17809,1839
AILG,0.37485656,0.36598808,5,17809,1839
FLCA,0.37266997,0.22793312,5,17809,1839
MNAA,0.37249914,0.38780248,5,17809,1839
WNMA,0.37055466,0.35619912,5,17809,1839
VMCA,0.36980477,0.24358039,5,17809,1839
IYCG,0.36874393,0.44599995,5,17809,1839
FNCA,0.36515597,0.42773414,5,17809,1839
IQAA,0.36279672,0.3982291,5,17809,1839
FVAG,0.36261475,0.29739517,5,17809,1839
LDLG,0.35259846,0.364058,5,17809,1839
WGCA,0.3517942,0.3357067,5,17809,1839
FQAA,0.35145757,0.2908127,5,17809,1839
RNCA,0.34615144,0.30370885,5,17809,1839
KNLG,0.3416588,0.14269531,5,17809,1839
FILC,0.34021175,0.47657573,5,17809,1839
FQCA,0.338226,0.25892022,5,17809,1839
QSCA,0.33765617,0.48655698,5,17809,1839
MYCG,0.33718708,0.32342866,5,17809,1839
ISCG,0.33209363,0.3339752,5,17809,1839
IRAG,0.33118632,0.3911564,5,17809,1839
FICG,0.3280286,0.2979441,5,17809,1839
YQAA,0.32796428,0.2772206,5,17809,1839
LHLA,0.32781586,0.31443954,5,17809,1839
WELC,0.3249298,0.20536864,5,17809,1839
WIMC,0.32094684,0.19592482,5,17809,1839
WRMC,0.31922224,0.29019928,5,17809,1839
WVMG,0.31855777,0.30011582,5,17809,1839
ISFG,0.318557,0.31503373,5,17809,1839
LGAA,0.31527612,0.2578982,5,17809,1839
WWAC,0.3119544,0.10921671,5,17809,1839
MYLG,0.30719158,0.3156482,5,17809,1839
ISAG,0.30306184,0.4055069,5,17809,1839
MGCA,0.30267736,0.38322592,5,17809,1839
HSLG,0.30103317,0.2863322,5,17809,1839
WWVC,0.29496673,0.020344088,5,17809,1839
MSCG,0.29470107,0.30387288,5,17809,1839
QWCA,0.29288796,0.41894597,5,17809,1839
EHCG,0.29279432,0.1960278,5,17809,1839
YWAG,0.29203287,0.29288474,5,17809,1839
YYCG,0.29090074,0.39532754,5,17809,1839
IHGA,0.29067457,0.27726182,5,17809,1839
TNLG,0.2902222,0.10925017,5,17809,1839
ENCG,0.28731224,0.23843098,5,17809,1839
WSMC,0.2873101,0.18242396,5,17809,1839
INAG,0.28663924,0.44137374,5,17809,1839
IFAG,0.28592852,0.28311986,5,17809,1839
VYFG,0.28577057,0.19463754,5,17809,1839
LHGA,0.28507307,0.37786293,5,17809,1839
ADLG,0.28451952,0.15640517,5,17809,1839
WMLA,0.2828469,0.24417172,5,17809,1839
AYCA,0.2816544,0.7413605,5,17809,1839
FKAG,0.27192023,0.22643992,5,17809,1839
LSAG,0.270644,0.14905535,5,17809,1839
FYMG,0.26985732,0.32391006,5,17809,1839
FHMG,0.2686763,0.17853077,5,17809,1839
ISGA,0.2657605,0.22820577,5,17809,1839
FAGA,0.26520303,0.5183027,5,17809,1839
LQFG,0.2649754,0.23638766,5,17809,1839
YSCG,0.26187107,0.22930868,5,17809,1839
EWLG,0.26160505,0.5695898,5,17809,1839
IAGA,0.26098993,0.24051149,5,17809,1839
CWMG,0.25890678,0.35825014,5,17809,1839
MVMA,0.25485852,0.27235872,5,17809,1839
CCFG,0.25397238,0.08621835,5,17809,1839
WRLV,0.25284198,0.4700468,5,17809,1839
VFAG,0.25063744,0.37397417,5,17809,1839
SKCA,0.24332753,0.21701217,5,17809,1839
IVCG,0.24200577,0.24562798,5,17809,1839
MRGA,0.24107915,0.18960363,5,17809,1839
AQLG,0.24101695,0.19249867,5,17809,1839
WAMC,0.2373946,0.19495693,5,17809,1839
FYAP,0.23738754,0.013652315,5,17809,1839
WIAC,0.23620123,0.08313187,5,17809,1839
WSIC,0.23341039,0.0021182888,5,17809,1839
CKLG,0.22785386,0.2507448,5,17809,1839
FWMC,0.22669098,0.110228404,5,17809,1839
MAGA,0.2239973,0.110464066,5,17809,1839
VLFG,0.22137925,0.21074933,5,17809,1839
WQFC,0.2208611,0.19870749,5,17809,1839
IQFG,0.21937457,0.19529122,5,17809,1839
ISMA,0.21881554,0.17129229,5,17809,1839
FGAG,0.21826851,0.06804997,5,17809,1839
ISAC,0.21820363,0.39700383,5,17809,1839
FMAG,0.21766403,0.15275805,5,17809,1839
FWAQ,0.21716323,0.0011585568,5,17809,1839
DNLG,0.21595457,0.019966617,5,17809,1839
ICAG,0.21373412,0.29732674,5,17809,1839
EALG,0.20920327,0.46933505,5,17809,1839
VNCM,0.2077645,0.04573366,5,17809,1839
VWYG,0.20763206,0.24602628,5,17809,1839
ELCA,0.20542859,0.24675874,5,17809,1839
WSAC,0.20403239,0.045066785,5,17809,1839
EHLC,0.20294127,0.015321322,5,17809,1839
IWAS,0.20167899,0.34412578,5,17809,1839
FIAC,0.20125607,0.15931955,5,17809,1839
WWPC,0.1983785,0.0015114784,5,17809,1839
FQGA,0.19706818,0.20139362,5,17809,1839
IKAG,0.19666365,0.32481453,5,17809,1839
WCMC,0.19554463,0.071946375,5,17809,1839
EYCG,0.19314876,0.19249867,5,17809,1839
IKCG,0.19001833,0.2359763,5,17809,1839
VSAI,0.1887649,0.03622291,5,17809,1839
IWGA,0.18763326,0.26774034,5,17809,1839
FWGG,0.18459821,0.30759683,5,17809,1839
FSMG,0.18452993,0.14031778,5,17809,1839
CLFG,0.18423322,0.22575742,5,17809,1839
EHMG,0.1822063,0.0827644,5,17809,1839
DRAA,0.18156257,0.00095514604,5,17809,1839
EKCG,0.18129149,0.15862194,5,17809,1839
VNAR,0.17679134,0.00039806194,5,17809,1839
AWLS,0.175843,0.0066353707,5,17809,1839
CAGA,0.1752862,0.064678825,5,17809,1839
WWSC,0.17459297,0.003990355,5,17809,1839
FFAH,0.17224523,0.00087133795,5,17809,1839
DNAA,0.17072988,0.0023780903,5,17809,1839
VPFG,0.1705471,0.13318625,5,17809,1839
SQAA,0.1696915,0.031433437,5,17809,1839
VNVG,0.16647473,0.07132076,5,17809,1839
FIMC,0.16549936,0.15314673,5,17809,1839
FNMG,0.16413698,0.15437393,5,17809,1839
FIGG,0.16082749,0.15270951,5,17809,1839
VNSG,0.15964341,0.021027517,5,17809,1839
CIMG,0.15736842,0.1749842,5,17809,1839
AIMG,0.15562697,0.33687267,5,17809,1839
ETCG,0.1526894,0.1046206,5,17809,1839
FFCC,0.15052995,0.10045177,5,17809,1839
VWVG,0.14844462,0.13795586,5,17809,1839
IEGA,0.14635947,0.06995731,5,17809,1839
EHCI,0.14569706,0.0,5,17809,1839
WIGG,0.1440016,0.0621927,5,17809,1839
ANCS,0.14261562,0.01737835,5,17809,1839
IMAG,0.13925168,0.14085925,5,17809,1839
TNCM,0.13844272,0.0014895729,5,17809,1839
WSHG,0.13727322,0.000707037,5,17809,1839
EHIG,0.1361914,0.0059180334,5,17809,1839
CVMG,0.13575757,0.15843089,5,17809,1839
RNGA,0.13363433,0.009677162,5,17809,1839
VHVG,0.12844247,0.07577807,5,17809,1839
HIGG,0.12612644,0.0113452105,5,17809,1839
EHCE,0.1259132,0.0,5,17809,1839
DQAA,0.1254409,0.00043445878,5,17809,1839
EPCG,0.12385342,0.035191163,5,17809,1839
MEGA,0.12318332,0.026646806,5,17809,1839
MSPA,0.121380545,0.0013091181,5,17809,1839
IWAP,0.12043641,0.0027991976,5,17809,1839
EFCG,0.11796839,0.039970208,5,17809,1839
MACF,0.11637009,0.00066555385,5,17809,1839
FWGS,0.11509558,0.614051,5,17809,1839
HIIG,0.11023051,0.0022823073,5,17809,1839
IEAG,0.10727406,0.12957653,5,17809,1839
VDCR,0.10706671,0.00037239326,5,17809,1839
YWCS,0.1050346,0.0668122,5,17809,1839
IDCE,0.10175625,0.0010090655,5,17809,1839
CIAC,0.10036289,0.11385519,5,17809,1839
TSCI,0.10022289,0.0013600449,5,17809,1839
VSFK,0.100141026,0.00031415667,5,17809,1839
MSIA,0.09825546,0.0005390899,5,17809,1839
WWPG,0.09563003,0.0029058883,5,17809,1839
FRLY,0.08826486,0.00062921626,5,17809,1839
DNAG,0.08599941,0.0010786563,5,17809,1839
YKQA,0.08062018,0.00027600906,5,17809,1839
IHCE,0.07898254,0.0,5,17809,1839
RWMA,0.07396261,0.0037440618,5,17809,1839
HYIG,0.072723426,0.000758328,5,17809,1839
FIEG,0.07019886,0.0,5,17809,1839
FSVA,0.06180618,0.0011370113,5,17809,1839
MAIG,0.06041596,0.004909579,5,17809,1839
FAYT,0.060160287,0.014467478,5,17809,1839
THGW,0.059573002,0.1677011,5,17809,1839
HRCN,0.05539898,0.0018460938,5,17809,1839
RKCM,0.049635477,0.0031840391,5,17809,1839
FFFC,0.047306485,0.0099530555,5,17809,1839
EYIG,0.041393198,0.004692155,5,17809,1839
CTGW,0.04062193,0.010910738,5,17809,1839
CLFA,0.03998784,0.044437718,5,17809,1839
SKLG,0.039939143,0.03761643,5,17809,1839
QYAC,0.038660623,0.0010544169,5,17809,1839
REGM,0.03708691,0.0821706,5,17809,1839
EHKR,0.03566409,0.0007274659,5,17809,1839
KNHF,0.035200067,0.0,5,17809,1839
QIGG,0.03499625,0.0029816814,5,17809,1839
KHFE,0.034765877,0.0,5,17809,1839
NTGM,0.03125363,0.022973333,5,17809,1839
KGCK,0.030362584,0.00080093683,5,17809,1839
YNPQ,0.029783107,0.00027083146,5,17809,1839
RFGN,0.026386805,0.06844038,5,17809,1839
WDPV,0.024918579,0.00034537422,5,17809,1839
IDWN,0.024608172,0.00084543333,5,17809,1839
LSYY,0.02438403,0.00023344054,5,17809,1839
EQNQ,0.023711033,0.0,5,17809,1839
ERPI,0.023309194,0.00040103888,5,17809,1839
SHCV,0.022383459,0.0032236178,5,17809,1839
GNVW,0.01913575,0.00015959707,5,17809,1839
EIPW,0.018916138,0.00032584413,5,17809,1839
SCCG,0.018732466,0.0300226,5,17809,1839
VCEC,0.018328018,0.0009878221,5,17809,1839
YEGI,0.017614938,0.00395044,5,17809,1839
FWMY,0.017363109,0.0032927403,5,17809,1839
QDDA,0.015573717,0.00049053493,5,17809,1839
QCHG,0.0143031245,0.002670332,5,17809,1839
VMTG,0.014205671,0.00040549485,5,17809,1839
RRDT,0.013727657,0.00051662326,5,17809,1839
DAFT,0.012857354,0.0009878221,5,17809,1839
NHKK,0.012620709,0.0,5,17809,1839
KDEP,0.012394718,0.00024207159,5,17809,1839
TLEV,0.012109092,0.00028437306,5,17809,1839
NYCI,0.011852807,0.0009775322,5,17809,1839
MSSY,0.011479474,0.00019238023,5,17809,1839
NFVK,0.010670013,0.00035016082,5,17809,1839
IIPY,0.010616011,0.00014825132,5,17809,1839
KDEN,0.010562724,0.00027846618,5,17809,1839
DCMA,0.010449029,0.0066353707,5,17809,1839
EEPF,0.010387576,0.0,5,17809,1839
HHKN,0.010375,0.0,5,17809,1839
GNKI,0.009978852,0.0,5,17809,1839
GVLI,0.009187079,0.0002631422,5,17809,1839
IPPH,0.009184099,0.0002909863,5,17809,1839
QVMI,0.008476949,0.0006865521,5,17809,1839
QHSV,0.008286363,0.00037294827,5,17809,1839
FVKH,0.007739163,0.000530187,5,17809,1839
QFGV,0.006820387,0.12258497,5,17809,1839
RADI,0.0061382568,0.00024186366,5,17809,1839
WDKS,0.0055646216,0.00042881645,5,17809,1839
NIHP,0.00528524,0.00038858427,5,17809,1839
SFSS,0.005210734,0.00064988295,5,17809,1839
YVTK,0.0051377183,0.00026176593,5,17809,1839
NGAY,0.0043905443,0.0002628658,5,17809,1839
EERY,0.0042664474,0.00021874852,5,17809,1839
KDFF,0.0039687073,0.00029234606,5,17809,1839
NISL,0.0038551306,0.00016977492,5,17809,1839
WIVQ,0.003106243,0.00027129095,5,17809,1839
QLLI,0.0025617247,0.00037033585,5,17809,1839
PHQT,0.0022708988,0.0,5,17809,1839
EYPI,0.0020153886,0.0,5,17809,1839
QATT,0.0019016331,0.00038050924,5,17809,1839
NTGN,0.0013804948,0.0016800554,5,17809,1839
GGMA,0.0009675687,0.00025535538,5,17809,1839
IWMY,0.000796414,0.00016727822,5,17809,1839
MNDI,0.0005822247,0.00026622156,5,17809,1839
QREE,0.00044468697,0.00033396124,5,17809,1839
SGQR,0.0002590036,0.00021041055,5,17809,1839
KLNT,0.00022993144,0.00026031374,5,17809,1839
PMGR,7.212814e-05,0.0005286935,5,17809,1839
SNRE,-0.00021811668,0.0001601418,5,17809,1839
NCIM,-0.000358128,0.0011585568,5,17809,1839
LSHM,-0.00043889228,0.00038264255,5,17809,1839
EKYY,-0.0010215277,0.0,5,17809,1839
SCRF,-0.0010944093,0.0010786563,5,17809,1839
DGHS,-0.0011104578,0.0023171136,5,17809,1839
SDRT,-0.0012179995,0.00025249267,5,17809,1839
FTQA,-0.0017606849,0.0,5,17809,1839
YKET,-0.0020195479,0.00035546624,5,17809,1839
GPAG,-0.002774828,0.000112521666,5,17809,1839
HWGP,-0.0031084353,0.0014078665,5,17809,1839
HIIV,-0.0035852129,0.00044847355,5,17809,1839
VCSN,-0.0036517316,0.002730884,5,17809,1839
QYKL,-0.0038615847,0.00021135827,5,17809,1839
TTQT,-0.0043806965,0.0,5,17809,1839
CNRK,-0.004787826,0.0013065787,5,17809,1839
LGTW,-0.005204537,9.836799e-05,5,17809,1839
DQAH,-0.0056396956,0.0,5,17809,1839
FMGQ,-0.0061394805,0.0017241513,5,17809,1839
DSCE,-0.0062552327,0.000530187,5,17809,1839
VRDE,-0.0064640576,0.0004787913,5,17809,1839
TNFH,-0.0065452987,0.0,5,17809,1839
EAIL,-0.008338057,0.00015758701,5,17809,1839
DYMI,-0.009079956,0.0,5,17809,1839
PWIT,-0.010235959,0.00062030373,5,17809,1839
NMRS,-0.011668512,0.00037812235,5,17809,1839
HEYS,-0.012321406,0.00035147226,5,17809,1839
PSCQ,-0.012691864,0.00092497683,5,17809,1839
MPWH,-0.013151699,0.0,5,17809,1839
LENS,-0.013304138,0.0010869857,5,17809,1839
PSGD,-0.0145746255,0.0,5,17809,1839
RCSA,-0.015021973,0.003322115,5,17809,1839
ATRV,-0.015730612,0.0,5,17809,1839
CDTE,-0.015807562,0.00043146254,5,17809,1839
WPQW,-0.016355403,0.0,5,17809,1839
LKNQ,-0.01667466,0.0,5,17809,1839
HYNP,-0.016785197,0.0004238622,5,17809,1839
QFSM,-0.018037818,0.0007298908,5,17809,1839
QEMV,-0.01864051,0.00030419155,5,17809,1839
SMDM,-0.019013561,0.0005614544,5,17809,1839
MEYF,-0.019494407,0.0002502483,5,17809,1839
MSNE,-0.019730352,0.00026793178,5,17809,1839
CEDV,-0.01989793,0.0002780536,5,17809,1839
DYRR,-0.019949697,0.0,5,17809,1839
HNWL,-0.020801894,0.0006335399,5,17809,1839
RHIA,-0.021863066,0.00011151881,5,17809,1839
RTDD,-0.022250526,0.0,5,17809,1839
FNRW,-0.023102067,0.0,5,17809,1839
KEWV,-0.02316197,0.00053522683,5,17809,1839
FGQW,-0.023433827,0.0,5,17809,1839
EMNG,-0.02583798,0.0006800224,5,17809,1839
GMMH,-0.026360504,0.00027200894,5,17809,1839
DLVV,-0.026528709,0.00019469524,5,17809,1839
MFDH,-0.02676072,0.00018564408,5,17809,1839
QTMN,-0.02690377,8.1038896e-05,5,17809,1839
PYIV,-0.027219884,0.0004170804,5,17809,1839
KEFV,-0.027581595,0.002622362,5,17809,1839
CRCT,-0.028001122,0.00842514,5,17809,1839
TEFE,-0.028170727,0.0010090655,5,17809,1839
WPPI,-0.028854333,0.00041431835,5,17809,1839
SEWW,-0.030388854,0.00028963923,5,17809,1839
ITIV,-0.030413054,0.00014283576,5,17809,1839
IMEP,-0.034649126,0.00029280223,5,17809,1839
HEMR,-0.035770826,0.0,5,17809,1839
LCSH,-0.035935365,0.00079072383,5,17809,1839
YPAL,-0.039499484,0.00029848315,5,17809,1839
LFPY,-0.044376068,0.00029071592,5,17809,1839
FAKV,-0.045848154,0.0,5,17809,1839
RYKA,-0.04626762,0.0003753724,5,17809,1839
GYWM,-0.049048387,0.0020854021,5,17809,1839
MYRL,-0.049700163,0.0005881275,5,17809,1839
VFRM,-0.051398,0.00037962417,5,17809,1839
CYYA,-0.054972433,0.015808694,5,17809,1839
IAII,-0.055213325,0.00018843991,5,17809,1839
WMNL,-0.060624056,0.00030667684,5,17809,1839
FLSM,-0.0612744,0.00059100473,5,17809,1839
VMHK,-0.062146805,0.00024438306,5,17809,1839
FYVY,-0.06358405,0.00031757395,5,17809,1839
WMKA,-0.070355915,0.0026174802,5,17809,1839
NMFP,-0.07152992,0.00046256607,5,17809,1839
RRFN,-0.07377987,0.00053426187,5,17809,1839
LMAF,-0.086103044,0.0009589806,5,17809,1839
FMAR,-0.08639302,0.00017977609,5,17809,1839
FGWM,-0.128376,0.0,5,17809,1839
