{"run_id": "15:17:06-05/19/2022", "exp_name": "BO_ENU_Explorer-proposal_function=UCB", "encoder_name": "ESM_esm-1v", "model_name": "GPyTorch", "landscape_name": "GB1_combo", "rounds": 5, "expmt_queries_per_round": 384, "model_queries_per_round": 3072}
sequence,model_score,true_score,round,model_cost,measurement_cost
LACC,,0.16533242,0,0,1
RACC,,0.025270494,1,0,76
VACC,,0.15763848,1,0,76
IACC,,0.19017982,1,0,76
NACC,,0.010106051,1,0,76
WACC,,0.11917679,1,0,76
PACC,,0.00097583403,1,0,76
SACC,,0.027343685,1,0,76
FACC,,0.045884963,1,0,76
QACC,,0.040044297,1,0,76
TACC,,0.06852052,1,0,76
HACC,,0.052828636,1,0,76
KACC,,0.03380821,1,0,76
MACC,,0.12080709,1,0,76
GACC,,0.001586397,1,0,76
DACC,,0.012441885,1,0,76
AACC,,0.039807446,1,0,76
EACC,,0.077093266,1,0,76
YACC,,0.046911344,1,0,76
CACC,,0.095989436,1,0,76
LRCC,,0.26041898,1,0,76
LLCC,,0.10764279,1,0,76
LVCC,,0.2337414,1,0,76
LICC,,0.26628807,1,0,76
LNCC,,0.22528516,1,0,76
LWCC,,0.28834742,1,0,76
LPCC,,0.021111554,1,0,76
LSCC,,0.1813025,1,0,76
LFCC,,0.16941872,1,0,76
LQCC,,0.13421106,1,0,76
LTCC,,0.089343466,1,0,76
LHCC,,0.17620145,1,0,76
LKCC,,0.20747359,1,0,76
LMCC,,0.094304256,1,0,76
LGCC,,0.04463755,1,0,76
LDCC,,0.1374959,1,0,76
LECC,,0.07279771,1,0,76
LYCC,,0.20572679,1,0,76
LCCC,,0.07676287,1,0,76
LARC,,0.0007503804,1,0,76
LALC,,0.17763194,1,0,76
LAVC,,0.002594593,1,0,76
LAIC,,0.00023431043,1,0,76
LANC,,0.0017197714,1,0,76
LAWC,,0.0011568465,1,0,76
LAPC,,0.0018715997,1,0,76
LASC,,0.014057411,1,0,76
LAFC,,0.06891318,1,0,76
LAQC,,0.0008053,1,0,76
LATC,,0.0020543875,1,0,76
LAHC,,0.0013041807,1,0,76
LAKC,,0.00023234142,1,0,76
LAMC,,0.10916619,1,0,76
LAGC,,0.2151671,1,0,76
LADC,,0.0010634089,1,0,76
LAAC,,0.20891513,1,0,76
LAEC,,0.0004157689,1,0,76
LAYC,,0.0102530345,1,0,76
LACR,,0.0007308008,1,0,76
LACL,,0.0098478235,1,0,76
LACV,,0.058799423,1,0,76
LACI,,0.044682927,1,0,76
LACN,,0.0015923296,1,0,76
LACW,,0.0012615345,1,0,76
LACP,,0.0011351345,1,0,76
LACS,,0.10121959,1,0,76
LACF,,0.001792041,1,0,76
LACQ,,0.00067736063,1,0,76
LACT,,0.054695018,1,0,76
LACH,,0.0005663593,1,0,76
LACK,,0.0012526888,1,0,76
LACM,,0.043415826,1,0,76
LACG,,0.352867,1,0,76
LACD,,0.008628436,1,0,76
LACA,,0.54882914,1,0,76
LACE,,0.0005805488,1,0,76
LACY,,0.0016184566,1,0,76
LRAA,0.59691715,0.46885478,2,160000,461
IWCA,0.5878409,0.6060298,2,160000,461
LWCA,0.59043837,0.72920364,2,160000,461
IRAA,0.58192825,0.554466,2,160000,461
LWLA,0.5833987,0.51991785,2,160000,461
IWAA,0.5786768,0.60950506,2,160000,461
LRCA,0.5866233,0.5942575,2,160000,461
LWAA,0.57463074,0.60803336,2,160000,461
IWLA,0.57203555,0.13629383,2,160000,461
LILA,0.57577884,0.34792945,2,160000,461
IRCA,0.5723721,0.44589147,2,160000,461
LRGA,0.56803167,0.24146251,2,160000,461
IICA,0.57109654,0.32890704,2,160000,461
IRGA,0.56365275,0.2550021,2,160000,461
IILA,0.5647956,0.09323913,2,160000,461
LRLA,0.5672146,0.4071076,2,160000,461
LICA,0.57187605,0.5028127,2,160000,461
LNAA,0.5613396,0.44525883,2,160000,461
IVAA,0.5542339,0.41321227,2,160000,461
IVCA,0.56018543,0.36801228,2,160000,461
LVCA,0.56352675,0.4520526,2,160000,461
LKAA,0.55494094,0.39849457,2,160000,461
IRLA,0.55126595,0.106228955,2,160000,461
IAAA,0.555585,0.5920644,2,160000,461
INAA,0.54924905,0.50351787,2,160000,461
LAAA,0.55758893,0.44254556,2,160000,461
LVAA,0.54904926,0.40077633,2,160000,461
LVLA,0.55132544,0.31214324,2,160000,461
VRAA,0.5453644,0.5382238,2,160000,461
IAGA,0.549616,0.21258293,2,160000,461
IIAA,0.54147196,0.42178872,2,160000,461
VWLA,0.5391822,0.13470641,2,160000,461
IVLA,0.54237175,0.09875099,2,160000,461
LNCA,0.5512339,0.57884896,2,160000,461
VWCA,0.5419978,0.5406935,2,160000,461
IWGA,0.53569937,0.23664995,2,160000,461
IKAA,0.53721476,0.44354498,2,160000,461
VRCA,0.54157627,0.48396897,2,160000,461
LKGA,0.53861284,0.18227161,2,160000,461
LIAA,0.5363276,0.40001738,2,160000,461
LIGA,0.53504646,0.1903112,2,160000,461
IVGA,0.5319735,0.19297394,2,160000,461
LAGA,0.5422534,0.22384723,2,160000,461
INCA,0.53945446,0.54149586,2,160000,461
LKCA,0.5440384,0.478155,2,160000,461
IIGA,0.52960384,0.21085355,2,160000,461
LVGA,0.5331609,0.18413797,2,160000,461
LSAA,0.5365071,0.42917636,2,160000,461
IKGA,0.531209,0.2031403,2,160000,461
MRAA,0.53121746,0.40293735,2,160000,461
VRLA,0.5306252,0.11934108,2,160000,461
LWGA,0.5283067,0.27711523,2,160000,461
INGA,0.52764297,0.28562966,2,160000,461
LNLA,0.53198004,0.3568892,2,160000,461
VILA,0.52704906,0.08692075,2,160000,461
LNGA,0.52854824,0.25756085,2,160000,461
IYAA,0.5259038,0.44646153,2,160000,461
LWMA,0.52827,0.51193583,2,160000,461
ISAA,0.52597,0.5320094,2,160000,461
VWAA,0.52084816,0.61774945,2,160000,461
MWLA,0.52215326,0.3213555,2,160000,461
IACA,0.53625596,0.5219607,2,160000,461
IWMA,0.522496,0.09873111,2,160000,461
LHAA,0.52540374,0.41312164,2,160000,461
LYAA,0.5232129,0.49366334,2,160000,461
LALA,0.5327592,0.38195053,2,160000,461
VNAA,0.5206772,0.54470915,2,160000,461
VRGA,0.5189222,0.22082065,2,160000,461
LRMA,0.5243039,0.39905873,2,160000,461
INLA,0.51907825,0.10444058,2,160000,461
IKCA,0.5250895,0.35345688,2,160000,461
LKLA,0.52225184,0.31645605,2,160000,461
MILA,0.51781833,0.2144079,2,160000,461
VVLA,0.5170624,0.093877494,2,160000,461
MWCA,0.5201466,0.58575636,2,160000,461
IHAA,0.5173626,0.47544438,2,160000,461
IALA,0.522866,0.13730438,2,160000,461
IYCA,0.52022934,0.51177466,2,160000,461
LYCA,0.5243397,0.5306798,2,160000,461
MRCA,0.5206512,0.46905893,2,160000,461
LYLA,0.5166054,0.21798688,2,160000,461
VAAA,0.5184649,0.6255503,2,160000,461
ISGA,0.51268184,0.20170619,2,160000,461
MRLA,0.51352334,0.23236902,2,160000,461
VKAA,0.5119158,0.46569434,2,160000,461
WIAA,0.509506,0.31033412,2,160000,461
VVCA,0.5164987,0.336625,2,160000,461
LIMA,0.5158746,0.34833845,2,160000,461
LSGA,0.5129155,0.21443644,2,160000,461
IIMA,0.5111164,0.092388,2,160000,461
LSCA,0.52153134,0.53052664,2,160000,461
WWCA,0.5112401,0.73461795,2,160000,461
VICA,0.5118545,0.4011386,2,160000,461
VNCA,0.51410615,0.54779893,2,160000,461
IRMA,0.50979733,0.11345967,2,160000,461
WICA,0.5112227,0.39945072,2,160000,461
LWFA,0.510141,0.26192555,2,160000,461
IYLA,0.50647736,0.03313914,2,160000,461
WWAA,0.50235116,0.41982874,2,160000,461
MNAA,0.50507116,0.34277028,2,160000,461
ISCA,0.5120492,0.49896404,2,160000,461
MWAA,0.5021738,0.4531611,2,160000,461
IKLA,0.5048244,0.06405589,2,160000,461
MKAA,0.50343966,0.30486315,2,160000,461
VNLA,0.50219274,0.1453346,2,160000,461
CILA,0.50058734,0.0800758,2,160000,461
IHGA,0.50108397,0.24506576,2,160000,461
CRAA,0.499167,0.31916925,2,160000,461
MRGA,0.49929306,0.16758657,2,160000,461
VSAA,0.49943128,0.54937875,2,160000,461
MICA,0.50332534,0.36518094,2,160000,461
LHGA,0.50127363,0.3339849,2,160000,461
LSLA,0.50399494,0.3991555,2,160000,461
WWLA,0.4958578,0.6346239,2,160000,461
MVLA,0.49971226,0.21435249,2,160000,461
LIFA,0.5032133,0.22240064,2,160000,461
CWLA,0.49522528,0.10804184,2,160000,461
VKCA,0.5040159,0.40321496,2,160000,461
IWFA,0.49768367,0.22276112,2,160000,461
VALA,0.5037769,0.17104663,2,160000,461
VKGA,0.49518916,0.17022046,2,160000,461
LVMA,0.50155365,0.31027505,2,160000,461
IVMA,0.4970005,0.088859186,2,160000,461
WRAA,0.49127772,0.3093595,2,160000,461
WIGA,0.49146625,0.12373143,2,160000,461
WILA,0.49225655,0.40551814,2,160000,461
VACA,0.50621665,0.5776955,2,160000,461
IYGA,0.49073967,0.24565688,2,160000,461
VAGA,0.4955444,0.1766889,2,160000,461
LHCA,0.5028477,0.48656934,2,160000,461
FWCA,0.49600616,0.7620898,2,160000,461
MVCA,0.49773648,0.3305343,2,160000,461
ISLA,0.4933237,0.1438919,2,160000,461
IIFA,0.4923238,0.09095001,2,160000,461
WVAA,0.48781332,0.2713078,2,160000,461
FWAA,0.48791197,0.8838785,2,160000,461
LQAA,0.4940968,0.28755412,2,160000,461
VKLA,0.4892775,0.06986164,2,160000,461
VHAA,0.48823676,0.51554304,2,160000,461
WRGA,0.4850904,0.16542454,2,160000,461
VNGA,0.48515376,0.27217352,2,160000,461
IHCA,0.49377236,0.48184136,2,160000,461
WRCA,0.4896038,0.5367764,2,160000,461
CWAA,0.48276272,0.22083458,2,160000,461
MNCA,0.4918202,0.5531759,2,160000,461
CRLA,0.48423854,0.0628378,2,160000,461
LHLA,0.48947766,0.27792636,2,160000,461
VRMA,0.48565516,0.16534394,2,160000,461
IFAA,0.4842476,0.37927574,2,160000,461
MKGA,0.48436436,0.111079596,2,160000,461
MAAA,0.4910619,0.34875733,2,160000,461
LYGA,0.48483095,0.35147816,2,160000,461
MNLA,0.48498484,0.19851717,2,160000,461
VWMA,0.48219183,0.14226256,2,160000,461
FWLA,0.4826679,0.36941645,2,160000,461
IFLA,0.4841182,0.013790483,2,160000,461
LFLA,0.48630956,0.15608753,2,160000,461
LNMA,0.4878532,0.35175005,2,160000,461
MKCA,0.48950884,0.39733562,2,160000,461
VYLA,0.48157492,0.030654678,2,160000,461
IQAA,0.48357573,0.35198614,2,160000,461
WVCA,0.48609778,0.4065967,2,160000,461
VWGA,0.4766449,0.20311752,2,160000,461
VVAA,0.47836003,0.4542208,2,160000,461
FIAA,0.48069325,0.4641554,2,160000,461
FRAA,0.4804223,0.42857906,2,160000,461
VSCA,0.48756096,0.5445462,2,160000,461
IFCA,0.48570552,0.36282918,2,160000,461
MSAA,0.4813719,0.35259682,2,160000,461
VYCA,0.4833705,0.5407047,2,160000,461
LDAA,0.48256072,0.31170952,2,160000,461
FICA,0.48393646,0.39106625,2,160000,461
VYAA,0.47545764,0.5202131,2,160000,461
MKLA,0.4791399,0.16045167,2,160000,461
CVLA,0.47706625,0.077850565,2,160000,461
VWFA,0.47598502,0.2683211,2,160000,461
WVGA,0.47480968,0.14202873,2,160000,461
IQGA,0.47720638,0.12812889,2,160000,461
IHLA,0.47819784,0.11182336,2,160000,461
LRFA,0.48160347,0.15957427,2,160000,461
FILA,0.4774631,0.33646098,2,160000,461
LKMA,0.48150906,0.29223198,2,160000,461
VSGA,0.4746022,0.21055692,2,160000,461
VIFA,0.47657552,0.12314652,2,160000,461
LQGA,0.47837648,0.10344231,2,160000,461
CRGA,0.47206226,0.06187917,2,160000,461
VSLA,0.47586283,0.19727956,2,160000,461
INMA,0.47598442,0.11502347,2,160000,461
MALA,0.48102888,0.20517069,2,160000,461
CNAA,0.47235522,0.35455114,2,160000,461
MVAA,0.47159138,0.33401364,2,160000,461
CRCA,0.47644773,0.08579367,2,160000,461
IDAA,0.47247258,0.39657015,2,160000,461
CWCA,0.47208902,0.18251897,2,160000,461
CKAA,0.47072044,0.2871039,2,160000,461
VVGA,0.46737865,0.17768784,2,160000,461
MNGA,0.46936348,0.15703689,2,160000,461
YWLA,0.46848407,0.33744496,2,160000,461
YWAA,0.46764472,0.57216406,2,160000,461
WAAA,0.47407117,0.25711462,2,160000,461
CICA,0.47300115,0.108258024,2,160000,461
WNAA,0.46688405,0.26053026,2,160000,461
ICAA,0.46954206,0.38316688,2,160000,461
LVFA,0.4742672,0.24286628,2,160000,461
VIGA,0.4632279,0.19467252,2,160000,461
LFCA,0.47809407,0.44891864,2,160000,461
VIAA,0.46268883,0.47236663,2,160000,461
WRLA,0.46493438,0.48025495,2,160000,461
YWCA,0.4704819,0.6027101,2,160000,461
FVAA,0.4675196,0.40700093,2,160000,461
LFAA,0.4689553,0.39387694,2,160000,461
MRMA,0.46825805,0.28433254,2,160000,461
MACA,0.48034742,0.47140917,2,160000,461
CVAA,0.46492788,0.27952534,2,160000,461
IMAA,0.46777532,0.27615374,2,160000,461
MIAA,0.46296594,0.33421913,2,160000,461
WWGA,0.46201882,0.26311043,2,160000,461
YRAA,0.46444693,0.41951135,2,160000,461
FRGA,0.46503523,0.36608645,2,160000,461
MHAA,0.4663922,0.3197234,2,160000,461
YILA,0.4647843,0.3476099,2,160000,461
FIGA,0.4634383,0.32057732,2,160000,461
CIAA,0.462186,0.3086134,2,160000,461
WVLA,0.4631724,0.36942795,2,160000,461
VHCA,0.47017577,0.5107968,2,160000,461
CAAA,0.46885005,0.33893123,2,160000,461
IRFA,0.46572283,0.10962295,2,160000,461
LQCA,0.47653398,0.4366505,2,160000,461
WNCA,0.46741447,0.46698457,2,160000,461
MYLA,0.46414253,0.10142169,2,160000,461
LAMA,0.4762989,0.33141905,2,160000,461
MWMA,0.46325865,0.3115788,2,160000,461
LTAA,0.46797654,0.23139256,2,160000,461
VHLA,0.46407852,0.13474442,2,160000,461
LYMA,0.4667565,0.2990692,2,160000,461
VHGA,0.46100304,0.2813326,2,160000,461
IKMA,0.46445796,0.063649856,2,160000,461
MIGA,0.45836857,0.122914396,2,160000,461
LDLA,0.4664528,0.2758881,2,160000,461
MAGA,0.4662647,0.09763681,2,160000,461
WYAA,0.45899788,0.3194099,2,160000,461
IAMA,0.46996245,0.12455152,2,160000,461
IDGA,0.4612629,0.15249005,2,160000,461
YICA,0.46562085,0.5125793,2,160000,461
IVFA,0.4632229,0.100597605,2,160000,461
YIAA,0.4588211,0.4476192,2,160000,461
IFGA,0.45872775,0.14844468,2,160000,461
LRTA,0.46294948,0.012260353,2,160000,461
MWGA,0.45652464,0.10714094,2,160000,461
IRTA,0.4596584,0.0061888993,2,160000,461
WKAA,0.45755383,0.24896057,2,160000,461
IYMA,0.46080598,0.029406989,2,160000,461
IQCA,0.46695557,0.28573135,2,160000,461
FRCA,0.46479413,0.38946012,2,160000,461
LDCA,0.47025004,0.42000845,2,160000,461
LDGA,0.46119794,0.12268341,2,160000,461
WKGA,0.45623603,0.11656277,2,160000,461
VIMA,0.45799693,0.12168382,2,160000,461
LQLA,0.4642748,0.21333072,2,160000,461
LCAA,0.4621682,0.29019013,2,160000,461
MYAA,0.4570621,0.34062153,2,160000,461
WAGA,0.46108416,0.18398918,2,160000,461
MVGA,0.45600775,0.10809752,2,160000,461
VVMA,0.45942602,0.1251854,2,160000,461
HRAA,0.4570495,0.23262776,2,160000,461
IRSA,0.45811573,0.2582544,2,160000,461
ITAA,0.45853528,0.23857263,2,160000,461
MSCA,0.4649053,0.46844998,2,160000,461
MYCA,0.46147773,0.45494568,2,160000,461
CKGA,0.45475525,0.042990588,2,160000,461
WIMA,0.45613566,0.29708138,2,160000,461
TRLA,0.45340365,0.0024008616,2,160000,461
WYCA,0.45865998,0.6097229,2,160000,461
MSLA,0.45802084,0.22856621,2,160000,461
IIWA,0.4567987,0.0009514712,2,160000,461
MSGA,0.45536044,0.12722115,2,160000,461
VNMA,0.45669794,0.20282109,2,160000,461
LIWA,0.45950797,0.0014890821,2,160000,461
VQAA,0.45572743,0.35871273,2,160000,461
LWYA,0.457805,0.09237644,2,160000,461
WNGA,0.45193604,0.09855191,2,160000,461
CVCA,0.45895818,0.08665486,2,160000,461
CNLA,0.4538795,0.06250559,2,160000,461
YRGA,0.4522078,0.32267785,2,160000,461
IDLA,0.45506653,0.065543525,2,160000,461
LMAA,0.4582024,0.24513417,2,160000,461
IDCA,0.46060798,0.4166363,2,160000,461
FVGA,0.45232886,0.2972862,2,160000,461
MWFA,0.45323977,0.18455487,2,160000,461
FRLA,0.45350835,0.30669045,2,160000,461
CALA,0.45824048,0.08432411,2,160000,461
HRLA,0.45232162,0.03843199,2,160000,461
LWIA,0.456589,0.0010476687,2,160000,461
MIFA,0.45438442,0.16595331,2,160000,461
LWVA,0.4556151,0.008702991,2,160000,461
IWVA,0.45232704,0.0029059493,2,160000,461
LSMA,0.45860657,0.3792674,2,160000,461
CSAA,0.45139322,0.34735954,2,160000,461
LRSA,0.4550241,0.20492728,2,160000,461
LIYA,0.45611537,0.03648867,2,160000,461
YVAA,0.45021006,0.39461967,2,160000,461
WACA,0.46213904,0.46219492,2,160000,461
WWMA,0.44942725,0.62011933,2,160000,461
WKCA,0.45466328,0.42201206,2,160000,461
MIMA,0.45160627,0.2269284,2,160000,461
CIGA,0.4464716,0.05187616,2,160000,461
CKLA,0.4496268,0.046570238,2,160000,461
IQLA,0.45211533,0.042037208,2,160000,461
VDAA,0.44960982,0.41944376,2,160000,461
VRFA,0.45028684,0.12599745,2,160000,461
ARLA,0.44844002,0.06505561,2,160000,461
LFGA,0.44975492,0.24953867,2,160000,461
IWYA,0.44873327,0.063350685,2,160000,461
LWWA,0.45128328,0.0032750089,2,160000,461
FNAA,0.4481825,0.39565933,2,160000,461
HWLA,0.44516507,0.05649196,2,160000,461
LNFA,0.45344546,0.11700675,2,160000,461
IWIA,0.44836375,0.0005790289,2,160000,461
VFLA,0.44748613,0.01297053,2,160000,461
WNLA,0.4456451,0.42393413,2,160000,461
YRCA,0.45185456,0.48062128,2,160000,461
YIGA,0.44470942,0.33922967,2,160000,461
IIYA,0.4486775,0.013328466,2,160000,461
ILLA,0.44874224,0.026608387,2,160000,461
ARAA,0.44493505,0.20627743,2,160000,461
CKCA,0.45119357,0.07307481,2,160000,461
VVFA,0.44824955,0.14799817,2,160000,461
CWGA,0.44123226,0.038805097,2,160000,461
FVCA,0.45291397,0.3574214,2,160000,461
IMGA,0.4462395,0.09801676,2,160000,461
IWWA,0.44564202,0.0030521217,2,160000,461
ISMA,0.44850957,0.15140156,2,160000,461
AWLA,0.44183767,0.14115354,2,160000,461
WALA,0.4494391,0.4432742,2,160000,461
LCLA,0.44948015,0.28343555,2,160000,461
CNCA,0.4487465,0.061811093,2,160000,461
LMLA,0.45071128,0.16586043,2,160000,461
FAAA,0.45096818,0.40680578,2,160000,461
ICLA,0.44620523,0.11141515,2,160000,461
LWLG,0.44806808,0.6498953,2,160000,461
YRLA,0.44305065,0.31751725,2,160000,461
VKMA,0.44617352,0.10651844,2,160000,461
FWGA,0.4409362,0.49956912,2,160000,461
WHAA,0.44210488,0.26855397,2,160000,461
CNGA,0.44122973,0.060230594,2,160000,461
TRAA,0.44016555,0.21718201,2,160000,461
TRCA,0.44604576,0.27614498,2,160000,461
IMLA,0.44604746,0.019187901,2,160000,461
WYGA,0.4403512,0.23046272,2,160000,461
WYLA,0.44110087,0.34627616,2,160000,461
CVGA,0.44001222,0.058415294,2,160000,461
MHLA,0.4435252,0.15536305,2,160000,461
IWAG,0.44201204,0.4808951,2,160000,461
HILA,0.44003034,0.0866822,2,160000,461
FVLA,0.44300118,0.27791792,2,160000,461
CRMA,0.44147253,0.10813911,2,160000,461
CWMA,0.43878007,0.15984365,2,160000,461
IWLG,0.44134197,0.49257922,2,160000,461
MQAA,0.4422674,0.23831156,2,160000,461
MVMA,0.44237342,0.240732,2,160000,461
CIMA,0.44016555,0.12706201,2,160000,461
CAGA,0.4428961,0.057168223,2,160000,461
WFAA,0.43809295,0.2207073,2,160000,461
VQGA,0.43938354,0.095256604,2,160000,461
INFA,0.44174823,0.15386824,2,160000,461
HRCA,0.44412455,0.42247644,2,160000,461
IRQA,0.43926123,0.00046862086,2,160000,461
ITGA,0.43852225,0.067537405,2,160000,461
CYLA,0.43778178,0.03172091,2,160000,461
FAGA,0.4435637,0.45811656,2,160000,461
MHGA,0.43856636,0.1770689,2,160000,461
FKAA,0.43939123,0.36509183,2,160000,461
VYGA,0.43510944,0.24270917,2,160000,461
VAMA,0.44645858,0.19538367,2,160000,461
LLLA,0.44359803,0.14284536,2,160000,461
YVGA,0.43649495,0.3115615,2,160000,461
VDLA,0.4394723,0.08801481,2,160000,461
MHCA,0.44518825,0.37637815,2,160000,461
LRAG,0.44268206,0.19710395,2,160000,461
LTGA,0.44060022,0.082398504,2,160000,461
FWMA,0.43852893,0.37918124,2,160000,461
WSAA,0.43661958,0.26397574,2,160000,461
ILCA,0.44487205,0.23297028,2,160000,461
LHMA,0.44387853,0.3644818,2,160000,461
WWLG,0.6788752,0.69382507,3,320000,845
FWAG,0.6303546,0.656655,3,320000,845
FWCG,0.6219746,0.43904123,3,320000,845
WWCG,0.60006374,0.4619385,3,320000,845
LWCG,0.58035624,0.5564039,3,320000,845
IWCG,0.5706292,0.48441428,3,320000,845
WWMG,0.5617164,0.49594036,3,320000,845
FYAA,0.56513274,0.8115687,3,320000,845
FWLG,0.55266255,0.7376769,3,320000,845
YYCA,0.5450328,0.46443248,3,320000,845
FYCA,0.52934414,0.56679696,3,320000,845
MWLG,0.5098745,0.51526546,3,320000,845
FWAV,0.49859872,0.025376141,3,320000,845
YWCG,0.49888578,0.43907085,3,320000,845
FWAS,0.4918585,0.31253454,3,320000,845
LWMG,0.5006473,0.48236528,3,320000,845
FFAA,0.50289977,0.6989,3,320000,845
YWLG,0.49608544,0.568064,3,320000,845
FWAT,0.48623958,0.08216706,3,320000,845
MWCG,0.48725745,0.4540798,3,320000,845
FWAC,0.4848337,0.31642324,3,320000,845
FWAM,0.48024938,0.065830074,3,320000,845
WYCG,0.47171357,0.37283993,3,320000,845
FWAQ,0.46848264,0.0010240235,3,320000,845
YNCA,0.47632048,0.4419662,3,320000,845
FWAI,0.46035537,0.097833626,3,320000,845
YSCA,0.46597552,0.43158638,3,320000,845
FWAP,0.455627,0.005134746,3,320000,845
WSCA,0.46917614,0.4865565,3,320000,845
FWAK,0.45447394,0.0,3,320000,845
YACA,0.4653906,0.44731057,3,320000,845
VWCG,0.45620206,0.52290606,3,320000,845
FWAN,0.4480243,0.003317836,3,320000,845
FWAE,0.4467291,0.0,3,320000,845
WHCA,0.46074775,0.46946943,3,320000,845
FWSA,0.4483594,0.09216211,3,320000,845
WWFG,0.4451615,0.63991135,3,320000,845
IYCG,0.4480403,0.39420977,3,320000,845
FYGA,0.45519558,0.54883146,3,320000,845
VFAA,0.45499387,0.43311968,3,320000,845
YHCA,0.4475695,0.46900564,3,320000,845
FWAR,0.436855,0.0021685201,3,320000,845
WSLA,0.44804028,0.45485482,3,320000,845
FWAL,0.43265602,0.023373071,3,320000,845
FWAD,0.43184516,0.007127988,3,320000,845
YYAA,0.4441724,0.70425415,3,320000,845
FWAH,0.4315571,0.00064299145,3,320000,845
VWAG,0.43977347,0.48868126,3,320000,845
WCLG,0.43132016,0.3738386,3,320000,845
FNCA,0.44566897,0.378065,3,320000,845
WWLS,0.42906174,0.15735573,3,320000,845
FWAF,0.4285361,0.005266406,3,320000,845
WRLG,0.4295059,0.53512865,3,320000,845
WWFA,0.4367762,0.5892799,3,320000,845
WWLC,0.42968687,0.69176656,3,320000,845
YVCA,0.44172725,0.41432545,3,320000,845
WILG,0.4232308,0.45257968,3,320000,845
WFCA,0.43568063,0.49450403,3,320000,845
FWMG,0.42567268,0.30931908,3,320000,845
WSLG,0.41906276,0.46747953,3,320000,845
FYCG,0.41806486,0.35597613,3,320000,845
FWAY,0.4149362,0.0,3,320000,845
YYCG,0.41662374,0.3494215,3,320000,845
VDCA,0.43232328,0.37194687,3,320000,845
WWLM,0.4154075,0.010793833,3,320000,845
FACA,0.43143412,0.40715694,3,320000,845
YFCA,0.42611358,0.39227122,3,320000,845
FWGG,0.41601494,0.2718782,3,320000,845
WWLT,0.41222003,0.6748381,3,320000,845
VYCG,0.41580674,0.45027772,3,320000,845
WCLA,0.42131183,0.34581652,3,320000,845
YWAG,0.41754565,0.25887454,3,320000,845
FWAW,0.40855488,0.0019749023,3,320000,845
WALG,0.41331074,0.44910976,3,320000,845
FFCA,0.42294067,0.43930605,3,320000,845
INCG,0.41422257,0.34291986,3,320000,845
LWAG,0.4216787,0.3353433,3,320000,845
FSCA,0.4192486,0.38775223,3,320000,845
WRMA,0.42090258,0.42892635,3,320000,845
VGAA,0.40809754,0.338183,3,320000,845
VEAA,0.4096692,0.20426314,3,320000,845
HWCA,0.4154534,0.27983946,3,320000,845
WYLG,0.40640947,0.42908934,3,320000,845
HNCA,0.4120842,0.4250547,3,320000,845
WWLN,0.4014108,0.021755042,3,320000,845
WWLR,0.4001867,0.0008521487,3,320000,845
WWLP,0.40024486,0.13918719,3,320000,845
WWLQ,0.40010807,0.0011206152,3,320000,845
FHAA,0.4129254,0.57152176,3,320000,845
LILG,0.40660372,0.47030628,3,320000,845
WWLH,0.39640346,0.005053465,3,320000,845
LYCG,0.40408817,0.3633325,3,320000,845
WVLG,0.39879742,0.41241017,3,320000,845
IAAG,0.4042373,0.36003068,3,320000,845
HYCA,0.4046147,0.25001422,3,320000,845
FWFG,0.3989226,0.52186793,3,320000,845
FHGA,0.4077474,0.41840854,3,320000,845
WFLG,0.396109,0.37651998,3,320000,845
HSCA,0.40286678,0.36938995,3,320000,845
FSAA,0.40679744,0.4315467,3,320000,845
WWLV,0.39324042,0.53110033,3,320000,845
FILG,0.3962574,0.4302261,3,320000,845
ISCG,0.3964652,0.2951935,3,320000,845
WWCS,0.3904888,0.13073537,3,320000,845
WWLD,0.3880618,0.010240234,3,320000,845
WWLK,0.38900903,0.0007960846,3,320000,845
WWLE,0.3875989,0.00080018886,3,320000,845
FWCS,0.390411,0.06665972,3,320000,845
LSLG,0.39455512,0.43842,3,320000,845
WCCA,0.39341742,0.29627952,3,320000,845
WHLG,0.38694826,0.41291383,3,320000,845
VCAA,0.39866182,0.41170102,3,320000,845
VAAG,0.39214525,0.25045052,3,320000,845
VFCA,0.40273342,0.40762973,3,320000,845
YILG,0.38808087,0.4469118,3,320000,845
WMLG,0.38589588,0.24140851,3,320000,845
LECA,0.39469022,0.25490868,3,320000,845
WDCA,0.39264604,0.33768412,3,320000,845
WWCM,0.38663313,0.26614,3,320000,845
YICG,0.38757297,0.35348517,3,320000,845
WWCV,0.38610816,0.28117713,3,320000,845
WKLA,0.3989283,0.367785,3,320000,845
IACG,0.3948765,0.31973436,3,320000,845
FYAG,0.38544574,0.65570164,3,320000,845
IHCG,0.38866058,0.31426367,3,320000,845
WNLG,0.38378838,0.4271078,3,320000,845
LVLG,0.38995305,0.39709526,3,320000,845
IWFG,0.38919127,0.416977,3,320000,845
VSCG,0.38482365,0.28553742,3,320000,845
WHLA,0.39279327,0.3672762,3,320000,845
YAAA,0.39187816,0.39737582,3,320000,845
FLAA,0.38854042,0.29322526,3,320000,845
IGAA,0.38163903,0.4219442,3,320000,845
WWCT,0.37822688,0.13219503,3,320000,845
MDCA,0.3895291,0.3323028,3,320000,845
LNCG,0.38473058,0.37963107,3,320000,845
VNCG,0.3807984,0.42334363,3,320000,845
HACA,0.38812587,0.33834723,3,320000,845
WRCG,0.37933195,0.3637123,3,320000,845
WLLG,0.37666222,0.28503048,3,320000,845
VACG,0.38490272,0.22382227,3,320000,845
WKLG,0.37467435,0.41230226,3,320000,845
WWLI,0.37415627,0.046530627,3,320000,845
YKCA,0.3862558,0.37918124,3,320000,845
MNCG,0.3780152,0.3086622,3,320000,845
LRLG,0.3836548,0.5085378,3,320000,845
VWLG,0.38320386,0.44132176,3,320000,845
FHCA,0.3860223,0.3341878,3,320000,845
YSAA,0.38345233,0.42666456,3,320000,845
WGCA,0.3766068,0.29672393,3,320000,845
FWCT,0.3743283,0.035780583,3,320000,845
FWCV,0.3750452,0.055297263,3,320000,845
FGAA,0.3748574,0.21715276,3,320000,845
YHAA,0.38235041,0.5488027,3,320000,845
WHMA,0.38319603,0.35030332,3,320000,845
LCCA,0.38348493,0.28679046,3,320000,845
WWMS,0.36997136,0.10791107,3,320000,845
FWSG,0.36802825,0.006991608,3,320000,845
WECA,0.37593994,0.21553825,3,320000,845
LICG,0.37671873,0.38078883,3,320000,845
IEAA,0.37491402,0.2201405,3,320000,845
VECA,0.37626374,0.17119427,3,320000,845
LRCG,0.37929824,0.3918407,3,320000,845
VGCA,0.37296903,0.322613,3,320000,845
YMCA,0.37934086,0.24446535,3,320000,845
FCAA,0.37944236,0.28021422,3,320000,845
YWMG,0.37002644,0.38434637,3,320000,845
WYMA,0.3836417,0.35973808,3,320000,845
WSMA,0.37809065,0.37410727,3,320000,845
FWNA,0.36585203,0.0,3,320000,845
WWLY,0.36384538,0.0013423612,3,320000,845
YFAA,0.37770382,0.5650018,3,320000,845
WWLF,0.36338595,0.0046498706,3,320000,845
YNAA,0.37411335,0.39628544,3,320000,845
WWMC,0.3675649,0.32365164,3,320000,845
WELA,0.36803326,0.1647341,3,320000,845
VHCG,0.36768684,0.34500685,3,320000,845
YDCA,0.37057933,0.3312591,3,320000,845
WMCA,0.37404123,0.23291783,3,320000,845
LGCA,0.37074566,0.4184761,3,320000,845
MWMG,0.3673631,0.3011888,3,320000,845
WQCA,0.37223187,0.3425615,3,320000,845
ISAG,0.3671598,0.35841882,3,320000,845
WWCQ,0.3622198,0.0022724902,3,320000,845
WWCI,0.36220816,0.30491015,3,320000,845
AWCA,0.36840355,0.642299,3,320000,845
FWRA,0.3605718,0.0011059452,3,320000,845
FYGG,0.35900828,0.1972708,3,320000,845
FWCM,0.36252812,0.09996044,3,320000,845
WWMT,0.35786197,0.30408016,3,320000,845
HHCA,0.36731339,0.43883774,3,320000,845
VLAA,0.3653457,0.27221254,3,320000,845
YCCA,0.36378357,0.25935325,3,320000,845
WDLA,0.3646849,0.31369647,3,320000,845
ICCA,0.3686647,0.2891831,3,320000,845
IGCA,0.36224726,0.3923894,3,320000,845
LALG,0.3662643,0.43234852,3,320000,845
WWMM,0.3562573,0.13598035,3,320000,845
WYMG,0.355279,0.30159372,3,320000,845
FNGA,0.3691316,0.3290134,3,320000,845
MYCG,0.35798892,0.28587162,3,320000,845
FVLG,0.3576719,0.40206322,3,320000,845
WWIG,0.35464892,0.11468374,3,320000,845
WWLL,0.35169062,0.005685018,3,320000,845
YLCA,0.3651113,0.26523176,3,320000,845
WDLG,0.3512489,0.31145856,3,320000,845
WELG,0.34912112,0.2091725,3,320000,845
WWCR,0.35237533,0.0020831162,3,320000,845
FWCQ,0.3537567,0.0019289743,3,320000,845
WWCN,0.35087007,0.004907333,3,320000,845
WWCE,0.3502806,0.0015695731,3,320000,845
WGLG,0.3473116,0.2662682,3,320000,845
VWFG,0.35455793,0.48805317,3,320000,845
LSCG,0.35868645,0.3205808,3,320000,845
YYGA,0.3609266,0.32055324,3,320000,845
WQLG,0.3483192,0.3177629,3,320000,845
WWCK,0.34923792,0.008278515,3,320000,845
WFCG,0.3505497,0.31523126,3,320000,845
WWLW,0.34690443,0.0018336917,3,320000,845
LTCA,0.36153832,0.27447864,3,320000,845
WWCH,0.3490785,0.002173255,3,320000,845
YGCA,0.35217702,0.18415433,3,320000,845
WSCG,0.34943423,0.26721334,3,320000,845
RNCA,0.35169747,0.26844174,3,320000,845
WGLA,0.35029086,0.19434713,3,320000,845
MECA,0.35492706,0.16817632,3,320000,845
WWCP,0.34723145,0.0044487566,3,320000,845
HWCG,0.34761408,0.25379264,3,320000,845
YVLG,0.34811205,0.4127906,3,320000,845
WWMV,0.34623137,0.23385392,3,320000,845
WQLA,0.35546717,0.27038014,3,320000,845
FWDA,0.3428836,0.0017837827,3,320000,845
IRCG,0.3521107,0.2927076,3,320000,845
VPAA,0.34291533,0.22622813,3,320000,845
WWCD,0.34310773,0.006556055,3,320000,845
VSAG,0.34818968,0.34150407,3,320000,845
FWCE,0.34478286,0.0018432421,3,320000,845
FWCK,0.34544945,0.0025920593,3,320000,845
LYLG,0.35257545,0.3776175,3,320000,845
VWAV,0.3442748,0.025506837,3,320000,845
WWMQ,0.34285155,0.0008005172,3,320000,845
FSGA,0.3557075,0.3547478,3,320000,845
WHCG,0.3441411,0.309058,3,320000,845
WCMA,0.35080555,0.28568238,3,320000,845
FWEA,0.34105557,0.0,3,320000,845
FWPA,0.34123865,0.00064299145,3,320000,845
FWCN,0.34302148,0.0017280395,3,320000,845
LWFG,0.34987307,0.49214566,3,320000,845
WWRA,0.34233484,0.025728129,3,320000,845
FSLG,0.34214005,0.36451435,3,320000,845
LMCA,0.35688204,0.32558882,3,320000,845
VYAG,0.3448548,0.42661706,3,320000,845
FFCG,0.34296542,0.2646369,3,320000,845
FFAG,0.3432782,0.5753881,3,320000,845
FAGG,0.3429676,0.20213392,3,320000,845
LCLG,0.34837744,0.35559905,3,320000,845
YVCG,0.3425734,0.2927912,3,320000,845
WWMN,0.338522,0.003837912,3,320000,845
WWMR,0.33911273,0.000694372,3,320000,845
LNLG,0.3455961,0.4370681,3,320000,845
VCCA,0.34744868,0.2437723,3,320000,845
FWHA,0.34207588,0.0,3,320000,845
WWMH,0.33772567,0.0014020604,3,320000,845
FGCA,0.3434511,0.13789319,3,320000,845
FWCP,0.340691,0.0020480468,3,320000,845
LVCG,0.34727898,0.30135664,3,320000,845
FMAA,0.3528048,0.24861167,3,320000,845
VMAA,0.35230395,0.29240346,3,320000,845
QNCA,0.34134144,0.4353052,3,320000,845
FWCI,0.34015492,0.047270242,3,320000,845
LWLS,0.3407582,0.077216625,3,320000,845
WWHA,0.33947566,0.0019546354,3,320000,845
WWCL,0.33660024,0.07153535,3,320000,845
WWMP,0.3360878,0.007914585,3,320000,845
RWCA,0.3391017,0.09078948,3,320000,845
IFCG,0.34289953,0.26775083,3,320000,845
WNCG,0.33866358,0.2548731,3,320000,845
IWAC,0.34251812,0.41420585,3,320000,845
YECA,0.3402368,0.14997427,3,320000,845
WMLA,0.34794006,0.21581814,3,320000,845
YWFG,0.33666652,0.5056969,3,320000,845
CWLG,0.34266052,0.41885254,3,320000,845
FWCD,0.33556858,0.021843243,3,320000,845
YHGA,0.34575275,0.3914665,3,320000,845
WWMK,0.3338453,0.00080791465,3,320000,845
WWCF,0.33504277,0.005677186,3,320000,845
FFGA,0.34759793,0.44614506,3,320000,845
VQCA,0.35152224,0.338886,3,320000,845
FWCR,0.3359324,0.0011682521,3,320000,845
WWHG,0.33083853,0.0011362452,3,320000,845
IVCG,0.33973858,0.21710528,3,320000,845
YQCA,0.34373143,0.29670137,3,320000,845
FWHG,0.33205098,0.0,3,320000,845
LFCG,0.340161,0.27741662,3,320000,845
MQCA,0.34986877,0.3252702,3,320000,845
KNCA,0.33531347,0.34441322,3,320000,845
LWCS,0.33694515,0.20683417,3,320000,845
YFCG,0.33305773,0.22759652,3,320000,845
YNCG,0.33184475,0.22871034,3,320000,845
WVCG,0.33347392,0.28573906,3,320000,845
RSCA,0.33429098,0.23979598,3,320000,845
WWME,0.32818642,0.0005709157,3,320000,845
IWAS,0.33218327,0.30416536,3,320000,845
LKLG,0.33617792,0.41123253,3,320000,845
WWMD,0.32738236,0.006211849,3,320000,845
WNMA,0.3435869,0.31483674,3,320000,845
YKAA,0.34137824,0.32659346,3,320000,845
YSCG,0.32995278,0.202681,3,320000,845
INAG,0.33414623,0.39012074,3,320000,845
VNAG,0.33254883,0.3888049,3,320000,845
VWAC,0.33223167,0.2615497,3,320000,845
FWQA,0.3303611,0.0,3,320000,845
MFCA,0.3425581,0.2852997,3,320000,845
WLCA,0.33938637,0.30736062,3,320000,845
IWAV,0.3298734,0.04267605,3,320000,845
VPCA,0.32937282,0.33221027,3,320000,845
LHCG,0.3355744,0.32710773,3,320000,845
VWAM,0.32840934,0.32189712,3,320000,845
VWAS,0.3271322,0.18212801,3,320000,845
FDCA,0.3372496,0.22877014,3,320000,845
FWRG,0.32360032,0.0020230706,3,320000,845
WWAG,0.3314714,0.14581428,3,320000,845
WWMI,0.32612744,0.19347025,3,320000,845
YAGA,0.33918622,0.35103017,3,320000,845
WWSA,0.32843867,0.030164544,3,320000,845
WRMG,0.32677594,0.33574077,3,320000,845
HKCA,0.3365778,0.3565644,3,320000,845
FYSA,0.3277667,0.13328294,3,320000,845
MSCG,0.33064267,0.26858672,3,320000,845
VWAT,0.32525912,0.025748726,3,320000,845
IYAG,0.33331302,0.3456079,3,320000,845
WWCY,0.32430682,0.0016118037,3,320000,845
YRCG,0.3277725,0.3288414,3,320000,845
IDCG,0.32865027,0.23846945,3,320000,845
AWLG,0.32962897,0.47002676,3,320000,845
HICA,0.33564764,0.42178208,3,320000,845
LKCG,0.33226717,0.29199228,3,320000,845
WICG,0.3263811,0.25709713,3,320000,845
FWKA,0.32181028,0.0,3,320000,845
WACG,0.3299974,0.26026648,3,320000,845
VRCG,0.32837823,0.2744025,3,320000,845
WHMG,0.3230091,0.2715882,3,320000,845
FWCH,0.32478383,0.0014178787,3,320000,845
FKCA,0.33958808,0.3253723,3,320000,845
LWLC,0.33215928,0.3879935,3,320000,845
QSCA,0.32591206,0.43005723,3,320000,845
YSLG,0.3217689,0.3788336,3,320000,845
FWPG,0.31815198,0.00054213003,3,320000,845
VWAI,0.32126436,0.043844484,3,320000,845
FRLG,0.32568175,0.44675708,3,320000,845
WWRG,0.31732073,0.0020115878,3,320000,845
MWAG,0.32978562,0.24339005,3,320000,845
IWAT,0.32244655,0.041631043,3,320000,845
FYLG,0.32289016,0.42029762,3,320000,845
YHCG,0.32058102,0.23951793,3,320000,845
IRAG,0.33082923,0.34573475,3,320000,845
IPAA,0.3176503,0.22785568,3,320000,845
AYCA,0.32455924,0.6552726,3,320000,845
LHLG,0.32631227,0.3889241,3,320000,845
YCAA,0.32876328,0.33869573,3,320000,845
WWCC,0.32642424,0.2684888,3,320000,845
WAMA,0.33405313,0.35099497,3,320000,845
FCLG,0.31972876,0.3083042,3,320000,845
YLAA,0.3262383,0.2789058,3,320000,845
IECA,0.32455865,0.1846601,3,320000,845
WSMG,0.31628367,0.2674788,3,320000,845
MVLG,0.3215285,0.29930857,3,320000,845
YWMA,0.3311561,0.31773263,3,320000,845
QWCA,0.3189214,0.37029734,3,320000,845
IWAM,0.3189766,0.33100474,3,320000,845
VTCA,0.32461503,0.262662,3,320000,845
KSCA,0.319509,0.36163223,3,320000,845
IHAG,0.32294205,0.30126768,3,320000,845
WLLA,0.32715002,0.19568585,3,320000,845
FCCA,0.32345596,0.17754759,3,320000,845
WKCG,0.31767294,0.2564031,3,320000,845
IWCS,0.31806594,0.08247674,3,320000,845
FKGA,0.33109006,0.2838864,3,320000,845
WCMG,0.31388232,0.17557347,3,320000,845
AWCG,0.31483495,0.38984573,3,320000,845
WKMA,0.32781497,0.29523528,3,320000,845
VFCG,0.3167449,0.3582301,3,320000,845
WWMF,0.31346014,0.0039498047,3,320000,845
FMCA,0.3268383,0.17610191,3,320000,845
WRLC,0.5331358,0.51591796,4,480000,1229
WRLT,0.5299219,0.5189193,4,480000,1229
ASCA,0.49453154,0.5193606,4,480000,1229
AHCA,0.49155608,1.0,4,480000,1229
ANCA,0.49342433,0.7623123,4,480000,1229
WWFC,0.49220887,0.41109493,4,480000,1229
WSLT,0.47337952,0.3330571,4,480000,1229
AICA,0.47170344,0.45329204,4,480000,1229
WILC,0.46717873,0.44274464,4,480000,1229
WSLC,0.46595946,0.44284293,4,480000,1229
WYLC,0.45812598,0.39674792,4,480000,1229
AFCA,0.45413962,0.4055133,4,480000,1229
AACA,0.44969645,0.37746394,4,480000,1229
WVLC,0.44736043,0.4081404,4,480000,1229
ARCA,0.44649115,0.44495007,4,480000,1229
YRLG,0.44722643,0.476915,4,480000,1229
WYFG,0.44177142,0.3484317,4,480000,1229
WILT,0.4374632,0.4331892,4,480000,1229
WYLT,0.43670312,0.35113764,4,480000,1229
YYAG,0.44271842,0.3495577,4,480000,1229
WRFG,0.4391884,0.55333173,4,480000,1229
WNLT,0.43220225,0.41009384,4,480000,1229
WKLC,0.43253317,0.39334238,4,480000,1229
WKLT,0.42731038,0.38625625,4,480000,1229
WNLC,0.42659417,0.44136572,4,480000,1229
WRLV,0.42438212,0.41546425,4,480000,1229
WVLT,0.42065564,0.38581374,4,480000,1229
WHLT,0.41182318,0.38381773,4,480000,1229
WVFG,0.41509286,0.518634,4,480000,1229
WHLC,0.41159382,0.40019047,4,480000,1229
FFLG,0.41628352,0.3782583,4,480000,1229
WALT,0.40800658,0.39315772,4,480000,1229
QHCA,0.40534583,0.43088466,4,480000,1229
AVCA,0.39993277,0.3931133,4,480000,1229
WFLC,0.40235415,0.33580598,4,480000,1229
WWFT,0.39838114,0.46375686,4,480000,1229
WIFG,0.4004239,0.5167892,4,480000,1229
AKCA,0.39696112,0.33652335,4,480000,1229
FYAC,0.39875546,0.3349052,4,480000,1229
WFFG,0.39594355,0.29846275,4,480000,1229
WCLC,0.3935341,0.21653652,4,480000,1229
WALC,0.39556256,0.42186323,4,480000,1229
WCLT,0.38999358,0.31762567,4,480000,1229
IRAC,0.39224663,0.37756458,4,480000,1229
YIFG,0.38969794,0.51114726,4,480000,1229
YYLG,0.39444247,0.3903197,4,480000,1229
YYFG,0.38721076,0.20565803,4,480000,1229
QRCA,0.38713065,0.38811317,4,480000,1229
WSFG,0.38677827,0.5112477,4,480000,1229
IAAC,0.38863078,0.2984759,4,480000,1229
AWFG,0.37655726,0.35328808,4,480000,1229
HWLG,0.3802909,0.4761958,4,480000,1229
WSLV,0.37601796,0.23943153,4,480000,1229
WAFG,0.37844363,0.49196577,4,480000,1229
WHFG,0.37440243,0.42699882,4,480000,1229
WRFA,0.37805596,0.5088827,4,480000,1229
VIAG,0.37057582,0.3092402,4,480000,1229
YVFG,0.3718814,0.45346868,4,480000,1229
FHAG,0.37442008,0.3737416,4,480000,1229
FALG,0.37689105,0.38863012,4,480000,1229
ISAC,0.3717107,0.35090315,4,480000,1229
FWLC,0.37479296,0.3437011,4,480000,1229
AYCG,0.36697188,0.16614018,4,480000,1229
WFLT,0.36727706,0.3116436,4,480000,1229
INAC,0.36910382,0.36445317,4,480000,1229
LWLT,0.3681468,0.5442348,4,480000,1229
LIFG,0.3698844,0.4232867,4,480000,1229
VFAG,0.36579028,0.33054772,4,480000,1229
WYFA,0.36799756,0.31958213,4,480000,1229
QWLG,0.35975543,0.37546515,4,480000,1229
MWFG,0.3665065,0.35808226,4,480000,1229
QKCA,0.3624467,0.35046852,4,480000,1229
YHLG,0.3616294,0.40157288,4,480000,1229
AYAA,0.35660067,0.07372969,4,480000,1229
FWFA,0.3706073,0.24732038,4,480000,1229
QICA,0.3549551,0.37148196,4,480000,1229
FYAS,0.35933772,0.49657494,4,480000,1229
QACA,0.35838977,0.39529788,4,480000,1229
WRFC,0.35362235,0.3269068,4,480000,1229
WYFC,0.35208836,0.16468531,4,480000,1229
WSFA,0.35772458,0.5515763,4,480000,1229
FKLG,0.3591651,0.3920826,4,480000,1229
ESCA,0.35026637,0.45933056,4,480000,1229
FHLG,0.35722247,0.40171048,4,480000,1229
WTLC,0.34807053,0.2210844,4,480000,1229
FWLT,0.35565463,0.3602313,4,480000,1229
YWLC,0.35430422,0.3892752,4,480000,1229
WAFA,0.3535675,0.51196253,4,480000,1229
YALG,0.35512152,0.36262736,4,480000,1229
LVFG,0.35230914,0.39763668,4,480000,1229
WWFV,0.34897795,0.63299614,4,480000,1229
WVFA,0.34939566,0.5294897,4,480000,1229
ADCA,0.3429269,0.3607131,4,480000,1229
WNLV,0.34363833,0.32413647,4,480000,1229
WTLT,0.33809558,0.19321607,4,480000,1229
ENCA,0.34154692,0.4592745,4,480000,1229
WDLC,0.34241667,0.28316417,4,480000,1229
TSCA,0.3415164,0.32653034,4,480000,1229
IIAC,0.34432116,0.3098593,4,480000,1229
WILV,0.34226122,0.36844158,4,480000,1229
AQCA,0.34049597,0.2777411,4,480000,1229
AWAA,0.34137812,0.040871892,4,480000,1229
YKLG,0.34438697,0.36892354,4,480000,1229
YILC,0.34001294,0.3812182,4,480000,1229
WVFC,0.33615962,0.3252997,4,480000,1229
SWLG,0.33413878,0.12526236,4,480000,1229
IVAC,0.3402528,0.2931329,4,480000,1229
YYAC,0.33862773,0.08504579,4,480000,1229
WDLT,0.33235398,0.25603268,4,480000,1229
YNLG,0.3404521,0.38574106,4,480000,1229
TNCA,0.33474913,0.47261882,4,480000,1229
WKLV,0.33365193,0.2985107,4,480000,1229
YRFG,0.3357114,0.43045753,4,480000,1229
FNLG,0.33986083,0.4012788,4,480000,1229
FIAG,0.3395814,0.34017894,4,480000,1229
WKFG,0.33457127,0.4492211,4,480000,1229
IKAC,0.33572856,0.2793908,4,480000,1229
WQLT,0.33038512,0.2804396,4,480000,1229
YCLG,0.33610812,0.34801912,4,480000,1229
QYCA,0.33101645,0.3407162,4,480000,1229
WQLC,0.33118716,0.30820093,4,480000,1229
WTLG,0.33255473,0.24491529,4,480000,1229
WIFA,0.33832923,0.52711594,4,480000,1229
GWLG,0.32404986,0.016296213,4,480000,1229
FYFG,0.33403578,0.26671156,4,480000,1229
TACA,0.32985964,0.2805523,4,480000,1229
VYFG,0.33342448,0.17203593,4,480000,1229
LIMG,0.33729067,0.33140743,4,480000,1229
YHMA,0.3325962,0.2602852,4,480000,1229
VNAC,0.3305997,0.30014718,4,480000,1229
VICG,0.33171263,0.24326336,4,480000,1229
EHCA,0.32187834,0.33422318,4,480000,1229
WNFG,0.32771865,0.42561683,4,480000,1229
IYAC,0.32869712,0.31963494,4,480000,1229
CYAA,0.33044615,0.2544538,4,480000,1229
YFLG,0.32924548,0.3317526,4,480000,1229
WVLV,0.32316008,0.3268373,4,480000,1229
YSLA,0.32757083,0.234412,4,480000,1229
IIAG,0.32668963,0.27727833,4,480000,1229
KHCA,0.32135382,0.36615756,4,480000,1229
YWLT,0.3228778,0.38624513,4,480000,1229
IHAC,0.32381573,0.303374,4,480000,1229
YRLC,0.3225669,0.3712286,4,480000,1229
YWFA,0.33073226,0.20950252,4,480000,1229
LRMG,0.32864276,0.32126978,4,480000,1229
FFAC,0.32108012,0.23176503,4,480000,1229
WHLV,0.31684104,0.28217518,4,480000,1229
HICG,0.3190345,0.23922078,4,480000,1229
LDLG,0.3200349,0.321783,4,480000,1229
TWLG,0.31275168,0.13969836,4,480000,1229
MILG,0.32382098,0.33188304,4,480000,1229
YDAA,0.3189458,0.1996325,4,480000,1229
MRLG,0.32475272,0.37594345,4,480000,1229
VTAA,0.32026854,0.27226463,4,480000,1229
VWCM,0.32024089,0.056241363,4,480000,1229
SSCA,0.31294432,0.29446977,4,480000,1229
LRLC,0.32186595,0.292625,4,480000,1229
WYLV,0.31638137,0.23861936,4,480000,1229
WIFC,0.31307164,0.33495063,4,480000,1229
CHAA,0.31979838,0.38999736,4,480000,1229
LQLG,0.31806365,0.308472,4,480000,1229
YVLC,0.31311265,0.32986668,4,480000,1229
SWCA,0.31131545,0.15964505,4,480000,1229
WHFA,0.31428853,0.40625268,4,480000,1229
WALV,0.31203642,0.27509698,4,480000,1229
WFFA,0.31559888,0.24798836,4,480000,1229
LTLG,0.3124675,0.21235585,4,480000,1229
AYLG,0.30989352,0.20736474,4,480000,1229
WVMA,0.32026806,0.33490473,4,480000,1229
YHLA,0.3144025,0.23299733,4,480000,1229
LPCA,0.3087825,0.35674572,4,480000,1229
VSAC,0.31244174,0.29843122,4,480000,1229
HHAA,0.31122294,0.33523968,4,480000,1229
WCFG,0.3116559,0.47368187,4,480000,1229
LHMG,0.3133773,0.21397637,4,480000,1229
QSAA,0.30812922,0.10092432,4,480000,1229
EACA,0.30524912,0.38119158,4,480000,1229
GWCA,0.3021764,0.009943807,4,480000,1229
YFAG,0.3093032,0.23140354,4,480000,1229
SNCA,0.30416098,0.34473827,4,480000,1229
YFFG,0.3066863,0.17950211,4,480000,1229
VAAC,0.3110408,0.27288,4,480000,1229
YRLT,0.30288878,0.38574803,4,480000,1229
YIFA,0.31092253,0.28940946,4,480000,1229
LAFG,0.3088626,0.32301265,4,480000,1229
LRLT,0.3034486,0.46404067,4,480000,1229
WSFC,0.30022517,0.37954843,4,480000,1229
VIAC,0.30204716,0.32108673,4,480000,1229
WFFC,0.30024186,0.12216838,4,480000,1229
THCA,0.29929343,0.5279572,4,480000,1229
WCLV,0.30055562,0.23370202,4,480000,1229
EWCA,0.2990388,0.39234725,4,480000,1229
LGAA,0.30435458,0.22795068,4,480000,1229
IRLG,0.309904,0.32266864,4,480000,1229
YYMG,0.30796996,0.21602798,4,480000,1229
CWFG,0.30373946,0.4037341,4,480000,1229
KACA,0.30260554,0.30952668,4,480000,1229
WMLC,0.30306426,0.24541157,4,480000,1229
KWLG,0.29706565,0.21296383,4,480000,1229
EICA,0.2941846,0.39429355,4,480000,1229
NSCA,0.29747048,0.14762796,4,480000,1229
LNMG,0.30662337,0.2605377,4,480000,1229
QDCA,0.29708377,0.26662108,4,480000,1229
KRCA,0.30156222,0.34915632,4,480000,1229
FFFG,0.3011178,0.22602756,4,480000,1229
GYCA,0.29317084,0.005335701,4,480000,1229
HVCA,0.3018035,0.39641148,4,480000,1229
VVAG,0.2998475,0.3258823,4,480000,1229
SYCA,0.29424468,0.2006788,4,480000,1229
LRFG,0.30327883,0.38559735,4,480000,1229
WLLC,0.2998275,0.2717008,4,480000,1229
LILC,0.30328742,0.2773725,4,480000,1229
SACA,0.2952136,0.25999862,4,480000,1229
IFAG,0.30157462,0.25024354,4,480000,1229
AWCM,0.2924203,0.02804343,4,480000,1229
YHFG,0.29495516,0.36469862,4,480000,1229
VHAG,0.30022326,0.42055902,4,480000,1229
PSCA,0.2909135,0.017068423,4,480000,1229
SHCA,0.29173365,0.3427477,4,480000,1229
LLCA,0.30309764,0.3198636,4,480000,1229
IFAC,0.29714194,0.22868492,4,480000,1229
AMCA,0.29520312,0.17766806,4,480000,1229
YVLA,0.30274668,0.3071306,4,480000,1229
FILC,0.298201,0.42123505,4,480000,1229
ERCA,0.2927746,0.45165378,4,480000,1229
LSMG,0.29993525,0.2844845,4,480000,1229
IPCA,0.2920231,0.3366811,4,480000,1229
YIMA,0.30300894,0.33682078,4,480000,1229
ASAA,0.2941636,0.16269037,4,480000,1229
QQCA,0.2922639,0.2625235,4,480000,1229
IWCM,0.2982997,0.036533155,4,480000,1229
AYFG,0.28861895,0.26542687,4,480000,1229
WRFT,0.2884468,0.48417148,4,480000,1229
YIMG,0.29693976,0.2560097,4,480000,1229
WNFA,0.2952489,0.37153563,4,480000,1229
HIAA,0.29196778,0.26381645,4,480000,1229
LYFG,0.2959756,0.24519566,4,480000,1229
NNCA,0.29033414,0.20642023,4,480000,1229
WFMA,0.30075398,0.3075268,4,480000,1229
MWLC,0.29598513,0.25185856,4,480000,1229
VNLG,0.2969741,0.46903634,4,480000,1229
WFLA,0.3012618,0.2948682,4,480000,1229
LWCM,0.2952527,0.16445343,4,480000,1229
PWCA,0.28456393,0.0047114263,4,480000,1229
FDAA,0.29064313,0.24970852,4,480000,1229
YSGA,0.29196015,0.30956858,4,480000,1229
YSFG,0.2884921,0.35285375,4,480000,1229
LFLG,0.2944459,0.32660505,4,480000,1229
AYCM,0.2819337,0.025871098,4,480000,1229
YILT,0.28432932,0.3412043,4,480000,1229
PNCA,0.28189984,0.04147295,4,480000,1229
DSCA,0.28121606,0.027966432,4,480000,1229
VFFG,0.28829566,0.12876734,4,480000,1229
YRMA,0.29670325,0.27547088,4,480000,1229
YFGA,0.2923235,0.24566941,4,480000,1229
FVAG,0.29178038,0.2628612,4,480000,1229
WHFC,0.28252497,0.22754753,4,480000,1229
TWCA,0.2848405,0.1293956,4,480000,1229
AIAA,0.283636,0.21593581,4,480000,1229
YALA,0.2947196,0.23756984,4,480000,1229
EWLG,0.2806653,0.5034482,4,480000,1229
QWCG,0.28536025,0.27521998,4,480000,1229
IILG,0.29292002,0.2840885,4,480000,1229
FSAG,0.29103652,0.23769924,4,480000,1229
TSAA,0.28187266,0.20506069,4,480000,1229
MSLG,0.29231158,0.3238587,4,480000,1229
QNAA,0.28427687,0.13432261,4,480000,1229
QWFG,0.28045455,0.24874102,4,480000,1229
EYCA,0.27960053,0.31187657,4,480000,1229
FAGC,0.28657427,0.25688094,4,480000,1229
AILG,0.2822627,0.323489,4,480000,1229
NWLG,0.27785006,0.051133312,4,480000,1229
FFAS,0.2848815,0.3664021,4,480000,1229
WRMC,0.28539553,0.2565009,4,480000,1229
LGLG,0.282895,0.28152803,4,480000,1229
ALCA,0.28040877,0.20144004,4,480000,1229
LYMG,0.2914571,0.3046395,4,480000,1229
IDAC,0.2804388,0.24759969,4,480000,1229
KKCA,0.28320494,0.28863558,4,480000,1229
PWLG,0.27591315,0.0017799549,4,480000,1229
QIAA,0.2761158,0.13559045,4,480000,1229
EKCA,0.27812377,0.3812376,4,480000,1229
HWFG,0.28112307,0.24796227,4,480000,1229
SICA,0.27664366,0.28645393,4,480000,1229
FRLC,0.28335372,0.31565523,4,480000,1229
HNAA,0.2846221,0.22995953,4,480000,1229
IYLG,0.28854075,0.22247362,4,480000,1229
FSLA,0.28884783,0.22010615,4,480000,1229
IAAS,0.27961722,0.13752429,4,480000,1229
HQCA,0.28033152,0.27784166,4,480000,1229
WLFG,0.27937403,0.3868158,4,480000,1229
WKFC,0.27472773,0.2637405,4,480000,1229
VVAC,0.2784404,0.25846812,4,480000,1229
WKFA,0.2812704,0.41362527,4,480000,1229
HDCA,0.27710572,0.22832419,4,480000,1229
INAS,0.27614442,0.2298029,4,480000,1229
YAFG,0.2773818,0.32503894,4,480000,1229
YNGA,0.28231898,0.26745778,4,480000,1229
NHCA,0.2712597,0.16872755,4,480000,1229
VYAC,0.2784833,0.30048534,4,480000,1229
WELC,0.27340928,0.18152092,4,480000,1229
SRCA,0.27406254,0.22097403,4,480000,1229
WMLT,0.27397385,0.24321009,4,480000,1229
IHLG,0.27855006,0.29174936,4,480000,1229
YRMG,0.27948847,0.28248972,4,480000,1229
LSFG,0.27831545,0.33609056,4,480000,1229
SKCA,0.27201834,0.19181238,4,480000,1229
TYCA,0.2706193,0.23872234,4,480000,1229
IKAG,0.27894583,0.2870966,4,480000,1229
FALA,0.28369227,0.21905285,4,480000,1229
GSCA,0.2692317,0.012092341,4,480000,1229
WYFT,0.26850453,0.18946423,4,480000,1229
VRAC,0.27680388,0.3355402,4,480000,1229
FIFG,0.27784434,0.46127367,4,480000,1229
FVLC,0.2744917,0.28187156,4,480000,1229
FNAG,0.2773799,0.26364478,4,480000,1229
VIAM,0.26915732,0.24257581,4,480000,1229
YSMA,0.2756447,0.20191708,4,480000,1229
YVMG,0.27675715,0.23923747,4,480000,1229
INLG,0.27901068,0.3488499,4,480000,1229
VYCM,0.27362338,0.020263039,4,480000,1229
TKCA,0.271161,0.21740556,4,480000,1229
DWLG,0.26344004,0.023109304,4,480000,1229
LLLG,0.27556887,0.2811116,4,480000,1229
ATCA,0.2665967,0.28602034,4,480000,1229
HILG,0.26996318,0.37644675,4,480000,1229
QHAA,0.26720992,0.124069355,4,480000,1229
AICG,0.26808253,0.2459273,4,480000,1229
APCA,0.26310244,0.16478585,4,480000,1229
AHAA,0.26848212,0.24730165,4,480000,1229
LAMG,0.27863303,0.25129655,4,480000,1229
FLLG,0.27527037,0.2629824,4,480000,1229
YVLT,0.26589814,0.31166178,4,480000,1229
LVMG,0.27515975,0.2646369,4,480000,1229
WRCC,0.2730011,0.18726823,4,480000,1229
VNFG,0.2718238,0.39093727,4,480000,1229
ISLG,0.27502623,0.35068312,4,480000,1229
QVCA,0.2663974,0.36204234,4,480000,1229
GNCA,0.2651476,0.033153336,4,480000,1229
YSLC,0.2665266,0.20960523,4,480000,1229
GHCA,0.26236048,0.11173078,4,480000,1229
PYCA,0.2621025,0.003770268,4,480000,1229
WCFA,0.27062264,0.4453483,4,480000,1229
IYFG,0.27197924,0.09071175,4,480000,1229
GICA,0.26356307,0.026985066,4,480000,1229
IWCC,0.27607718,0.26129904,4,480000,1229
IWLC,0.27329817,0.042164166,4,480000,1229
PICA,0.2607912,0.011918709,4,480000,1229
FVFG,0.26910964,0.41595057,4,480000,1229
LVLC,0.2712287,0.23758112,4,480000,1229
WLLT,0.2648429,0.23212762,4,480000,1229
YVFA,0.2701253,0.25880796,4,480000,1229
DICA,0.25892535,0.03548241,4,480000,1229
TWFG,0.26121417,0.17324515,4,480000,1229
VHAC,0.26645842,0.33113557,4,480000,1229
HHCG,0.26497164,0.1831722,4,480000,1229
LYAG,0.2725524,0.216675,4,480000,1229
YSLT,0.2588748,0.19536868,4,480000,1229
YTLG,0.26247397,0.2053568,4,480000,1229
VKAC,0.26704302,0.2578478,4,480000,1229
ANAA,0.26493636,0.21417955,4,480000,1229
YNLA,0.27136555,0.19279316,4,480000,1229
QICG,0.25841513,0.20185505,4,480000,1229
LSLT,0.26181403,0.32774922,4,480000,1229
IVAG,0.268526,0.26755023,4,480000,1229
YLLG,0.2679824,0.27305958,4,480000,1229
PHCA,0.25682774,0.07161449,4,480000,1229
ASLG,0.26199904,0.27889055,4,480000,1229
YDLG,0.26314917,0.25527856,4,480000,1229
DNCA,0.2568492,0.04559599,4,480000,1229
INSA,0.26550713,0.25269732,4,480000,1229
FQAA,0.2692441,0.2570431,4,480000,1229
WVMG,0.2687916,0.2652659,4,480000,1229
WRMT,0.26194993,0.23128287,4,480000,1229
YKLC,0.2620577,0.26413268,4,480000,1229
YHLC,0.2593235,0.26799846,4,480000,1229
AGCA,0.255968,0.12223606,4,480000,1229
ILAA,0.2687606,0.25153887,4,480000,1229
HNCG,0.26401892,0.18806052,4,480000,1229
KICA,0.25749913,0.36695534,4,480000,1229
WQFG,0.26069775,0.3623994,4,480000,1229
MRCG,0.2694749,0.3073799,4,480000,1229
YHFA,0.26094428,0.16971919,4,480000,1229
YQLG,0.26208106,0.27632052,4,480000,1229
AHCG,0.5325315,0.36422828,5,640000,1613
WIFV,0.51939464,0.49702927,5,640000,1613
WRFV,0.5183909,0.5642418,5,640000,1613
WVFV,0.51438355,0.49963847,5,640000,1613
AHFG,0.4984186,0.24653363,5,640000,1613
AHCC,0.4735382,0.061591066,5,640000,1613
AHLG,0.4727905,0.45589617,5,640000,1613
AHMA,0.45278242,0.13631836,5,640000,1613
WSFV,0.44156483,0.53135866,5,640000,1613
AHFA,0.43413904,0.046882465,5,640000,1613
WKFV,0.42431906,0.45298123,5,640000,1613
WCFV,0.42052916,0.41315222,5,640000,1613
WAFV,0.4207056,0.49237737,5,640000,1613
AHCS,0.40246275,0.011735116,5,640000,1613
ANFG,0.39897707,0.20890078,5,640000,1613
ANLG,0.3986738,0.5640321,5,640000,1613
WHFV,0.3955448,0.41738227,5,640000,1613
WIFT,0.39585283,0.41344318,5,640000,1613
WVFT,0.3894513,0.41246185,5,640000,1613
WNFV,0.38569,0.40236208,5,640000,1613
ERLG,0.37518957,0.40810534,5,640000,1613
EWCG,0.37561968,0.34007818,5,640000,1613
AHCV,0.36849955,0.01053903,5,640000,1613
ANCG,0.37007597,0.21515435,5,640000,1613
LILT,0.37113836,0.4063485,5,640000,1613
AIFG,0.37136343,0.349064,5,640000,1613
EVLG,0.36195734,0.36894065,5,640000,1613
AHCT,0.35980585,0.010634089,5,640000,1613
ESLG,0.35769632,0.41153926,5,640000,1613
VSLG,0.36654833,0.40778187,5,640000,1613
FRFG,0.36978033,0.49177408,5,640000,1613
YCFG,0.36358622,0.33918005,5,640000,1613
WKFT,0.35826138,0.3299328,5,640000,1613
EWFG,0.3560255,0.14681034,5,640000,1613
ENLG,0.35319594,0.37739322,5,640000,1613
LNLT,0.35959318,0.37511134,5,640000,1613
VHLG,0.36401346,0.37548625,5,640000,1613
EVCA,0.3554156,0.39954442,5,640000,1613
EILG,0.35005167,0.35358348,5,640000,1613
AHCI,0.35124853,0.017533243,5,640000,1613
HVLG,0.35511854,0.30726063,5,640000,1613
AHCM,0.35145262,0.0309153,5,640000,1613
AHCK,0.3486736,0.0046070274,5,640000,1613
WSFT,0.35211924,0.3863292,5,640000,1613
AHCQ,0.3457792,0.0054578832,5,640000,1613
WQFV,0.3455718,0.32583958,5,640000,1613
EVFG,0.34062937,0.194704,5,640000,1613
WQFA,0.34840944,0.3102811,5,640000,1613
YKFG,0.3467138,0.32698023,5,640000,1613
EIFG,0.33841208,0.17023657,5,640000,1613
LKLT,0.34148577,0.34320596,5,640000,1613
AHLA,0.34490374,0.09145317,5,640000,1613
CIFG,0.34258726,0.45095268,5,640000,1613
WAFT,0.3399165,0.40730554,5,640000,1613
YNFG,0.34488752,0.28253445,5,640000,1613
AHCD,0.3324745,0.011029533,5,640000,1613
AHCN,0.33022574,0.003117235,5,640000,1613
FKFG,0.33513525,0.31378415,5,640000,1613
WDFG,0.33219603,0.27473515,5,640000,1613
AHCE,0.3262308,0.003631416,5,640000,1613
AHCP,0.32484892,0.0029722645,5,640000,1613
CVFG,0.3286045,0.40819383,5,640000,1613
AHCR,0.3233135,0.0021885657,5,640000,1613
FNFG,0.33167437,0.25928274,5,640000,1613
FAFG,0.33257177,0.33422318,5,640000,1613
LVLT,0.32742098,0.35064524,5,640000,1613
FSFG,0.32993773,0.35595152,5,640000,1613
AHCH,0.3201044,0.0030007286,5,640000,1613
WLFV,0.32181957,0.28673843,5,640000,1613
LWAC,0.32754496,0.27418825,5,640000,1613
WHFT,0.32012632,0.30506936,5,640000,1613
AVFG,0.32143572,0.38353616,5,640000,1613
VRAG,0.32530954,0.37129498,5,640000,1613
WYFV,0.31959513,0.34215182,5,640000,1613
WLFA,0.3238671,0.30838665,5,640000,1613
VSFG,0.3221815,0.38162866,5,640000,1613
WDFA,0.31995323,0.29190168,5,640000,1613
MNLG,0.3223503,0.3751247,5,640000,1613
ERFG,0.31322744,0.0848225,5,640000,1613
ACCA,0.3174856,0.16036206,5,640000,1613
WAFC,0.32223156,0.33233848,5,640000,1613
INFG,0.3209255,0.32512984,5,640000,1613
THFG,0.31221655,0.18703486,5,640000,1613
WNFT,0.31629637,0.32350582,5,640000,1613
HHLG,0.3151243,0.29298058,5,640000,1613
ESFG,0.3082092,0.15923356,5,640000,1613
LHLT,0.3120735,0.32260954,5,640000,1613
VRLG,0.31781843,0.37144887,5,640000,1613
AHYA,0.30765608,0.011882158,5,640000,1613
HIFG,0.3114908,0.25814253,5,640000,1613
WGFG,0.31002024,0.19480118,5,640000,1613
FHFG,0.3156002,0.3010936,5,640000,1613
WTFG,0.31123427,0.34007388,5,640000,1613
AHLT,0.30472544,0.18599989,5,640000,1613
CHFG,0.30775717,0.3130801,5,640000,1613
EKLG,0.30189875,0.32286954,5,640000,1613
LNFG,0.3128107,0.2870536,5,640000,1613
ASFG,0.30652407,0.30413496,5,640000,1613
HRLG,0.3082445,0.32684726,5,640000,1613
MRFG,0.30899408,0.23322631,5,640000,1613
HVFG,0.3034933,0.23522033,5,640000,1613
CHLG,0.30490187,0.25383323,5,640000,1613
MIFG,0.308584,0.29363355,5,640000,1613
LKFG,0.3043888,0.2891935,5,640000,1613
WCFT,0.30181292,0.3223884,5,640000,1613
VHFG,0.30520514,0.4208876,5,640000,1613
KVCA,0.3008974,0.32141808,5,640000,1613
HNLG,0.30042914,0.26274788,5,640000,1613
MWLT,0.30065134,0.33096576,5,640000,1613
THLG,0.29610613,0.15613346,5,640000,1613
ISFG,0.30136564,0.27845153,5,640000,1613
YLFG,0.29949644,0.27380884,5,640000,1613
CSFG,0.2942951,0.35943222,5,640000,1613
LCFG,0.2966049,0.32552627,5,640000,1613
IALG,0.2994707,0.34751585,5,640000,1613
ENFG,0.28723982,0.06794276,5,640000,1613
TNFG,0.28784922,0.05579099,5,640000,1613
WTFV,0.28684834,0.2963132,5,640000,1613
ANCC,0.28883055,0.043094955,5,640000,1613
AHFT,0.28390482,0.22711377,5,640000,1613
WDFV,0.28602102,0.25751343,5,640000,1613
CILG,0.29469088,0.2824376,5,640000,1613
ARFG,0.29198244,0.25100622,5,640000,1613
FILT,0.29437616,0.38639987,5,640000,1613
LALT,0.29234198,0.3331389,5,640000,1613
TNLG,0.28511408,0.09656388,5,640000,1613
FRLT,0.29453734,0.36872813,5,640000,1613
VRFG,0.29429224,0.34758756,5,640000,1613
AHGA,0.2883537,0.12441885,5,640000,1613
EHLG,0.28353956,0.32607105,5,640000,1613
WTFA,0.28726414,0.31175646,5,640000,1613
CNLG,0.28763178,0.27283597,5,640000,1613
MKLG,0.28969267,0.2652952,5,640000,1613
WWFI,0.28674772,0.032704383,5,640000,1613
AHLC,0.28558424,0.011970886,5,640000,1613
IYAS,0.28553942,0.19038808,5,640000,1613
WMFV,0.28332594,0.21734168,5,640000,1613
WMFG,0.29045466,0.24620052,5,640000,1613
THCG,0.2817562,0.23224851,5,640000,1613
AHMG,0.28300264,0.32975474,5,640000,1613
AHCL,0.27866533,0.0054932414,5,640000,1613
CSLG,0.2840927,0.27544183,5,640000,1613
QVFG,0.28015688,0.27720344,5,640000,1613
MSFG,0.2844341,0.24601787,5,640000,1613
CRFG,0.2841299,0.3469335,5,640000,1613
EICG,0.2768295,0.20379718,5,640000,1613
EALG,0.27700213,0.41483516,5,640000,1613
FCFG,0.28445414,0.3449889,5,640000,1613
AHCY,0.2763498,0.002861876,5,640000,1613
ECLG,0.27339533,0.31837818,5,640000,1613
VKLG,0.28344038,0.2509059,5,640000,1613
ANMA,0.2808526,0.08881076,5,640000,1613
MVFG,0.28298452,0.29536954,5,640000,1613
LHFG,0.28350237,0.29218587,5,640000,1613
ERCG,0.27479056,0.19739197,5,640000,1613
YHLT,0.2780626,0.30739766,5,640000,1613
IRFG,0.2846811,0.2636745,5,640000,1613
FQLG,0.28029326,0.24917904,5,640000,1613
HSLG,0.27692488,0.25308287,5,640000,1613
QVLG,0.27283648,0.26256672,5,640000,1613
CRLG,0.27823332,0.29066053,5,640000,1613
LCLT,0.27465418,0.28321785,5,640000,1613
ACFG,0.2717369,0.24710965,5,640000,1613
EQCA,0.27198866,0.31111693,5,640000,1613
VCAG,0.2757242,0.2703767,5,640000,1613
EWMG,0.2690914,0.12232425,5,640000,1613
IKLG,0.2776468,0.21386132,5,640000,1613
WEFG,0.2752073,0.24759132,5,640000,1613
ARLG,0.27700213,0.2849593,5,640000,1613
WSYA,0.26794985,0.06628306,5,640000,1613
MHLG,0.27821615,0.2935551,5,640000,1613
VWMG,0.27652147,0.25464517,5,640000,1613
VYAS,0.2707174,0.17271157,5,640000,1613
ICLG,0.27404383,0.2721814,5,640000,1613
AHFC,0.26807955,0.025464818,5,640000,1613
WRYA,0.26923874,0.013824316,5,640000,1613
AHCW,0.26411322,0.0032095488,5,640000,1613
VDLG,0.2685602,0.3172849,5,640000,1613
HKLG,0.26868227,0.25906125,5,640000,1613
MALG,0.2738321,0.31543428,5,640000,1613
VCLG,0.27033976,0.32573324,5,640000,1613
QIFG,0.26609114,0.22321016,5,640000,1613
QNLG,0.26528433,0.23120725,5,640000,1613
VKAG,0.2704189,0.2836006,5,640000,1613
CNFG,0.26692083,0.33265933,5,640000,1613
WEFV,0.2626603,0.2116011,5,640000,1613
WRWG,0.26411036,0.024976993,5,640000,1613
WRYG,0.26473024,0.09528563,5,640000,1613
ENCG,0.26120833,0.21074402,5,640000,1613
WMFA,0.271601,0.24447003,5,640000,1613
YVMA,0.27439097,0.2942408,5,640000,1613
VCFG,0.2652109,0.39774057,5,640000,1613
LRAC,0.27013662,0.2963724,5,640000,1613
MRLT,0.2649744,0.30635327,5,640000,1613
WFFV,0.2626789,0.27886072,5,640000,1613
WAYA,0.26250342,0.050981835,5,640000,1613
AHYG,0.2580631,0.20833287,5,640000,1613
LMLG,0.26923254,0.23933834,5,640000,1613
MNFG,0.26562575,0.15300936,5,640000,1613
WPCA,0.2592142,0.09288449,5,640000,1613
WNFC,0.26625517,0.23557696,5,640000,1613
YIFV,0.26036814,0.36757988,5,640000,1613
LCMA,0.26654604,0.2502707,5,640000,1613
YKLT,0.26020983,0.27194577,5,640000,1613
CVLG,0.26488855,0.25138903,5,640000,1613
FDLG,0.26140574,0.2599914,5,640000,1613
YQFG,0.26246145,0.27812558,5,640000,1613
VYLG,0.2683933,0.22893068,5,640000,1613
FKLC,0.2627099,0.23501338,5,640000,1613
AHCF,0.256151,0.012019589,5,640000,1613
VNMG,0.2618988,0.18576051,5,640000,1613
WQFT,0.25674132,0.2529523,5,640000,1613
LYLT,0.26092604,0.22772023,5,640000,1613
CAFG,0.25937632,0.41070685,5,640000,1613
EKFG,0.25171068,0.06404935,5,640000,1613
LIAC,0.26204565,0.2640704,5,640000,1613
VVFG,0.26317957,0.32718542,5,640000,1613
AVLG,0.26016596,0.2987836,5,640000,1613
QHLG,0.25552633,0.22424118,5,640000,1613
THAA,0.25640848,0.219141,5,640000,1613
QRLG,0.25491694,0.27511588,5,640000,1613
ANFA,0.2578576,0.048162133,5,640000,1613
ETCA,0.25238588,0.26611808,5,640000,1613
LDMA,0.2580488,0.24954008,5,640000,1613
QSLG,0.2533405,0.25315738,5,640000,1613
AHFV,0.24961928,0.008507271,5,640000,1613
IAFG,0.25921133,0.30552852,5,640000,1613
TNAA,0.2531784,0.2194753,5,640000,1613
YYAS,0.2533405,0.45911047,5,640000,1613
QILG,0.2517908,0.3028853,5,640000,1613
IDAG,0.25443438,0.25989714,5,640000,1613
IGAG,0.25329664,0.16316882,5,640000,1613
VIFG,0.2598293,0.3637859,5,640000,1613
MPCA,0.24880674,0.3738386,5,640000,1613
CKFG,0.2523134,0.24795996,5,640000,1613
FLFG,0.25713614,0.28028125,5,640000,1613
EVCG,0.24772719,0.24717093,5,640000,1613
MSMA,0.2526987,0.27145073,5,640000,1613
VFLG,0.25579527,0.15400396,5,640000,1613
CWMG,0.25245264,0.3166496,5,640000,1613
LHGC,0.251519,0.26967207,5,640000,1613
ANCS,0.24722841,0.015360352,5,640000,1613
FIFA,0.26171854,0.23930131,5,640000,1613
YMLG,0.25804403,0.23199575,5,640000,1613
EDCA,0.24702099,0.30209446,5,640000,1613
YQAA,0.25412872,0.24502935,5,640000,1613
AHIA,0.2484434,0.0,5,640000,1613
WRWA,0.24911335,0.0046804463,5,640000,1613
YNLT,0.25190046,0.28592104,5,640000,1613
CKLG,0.25073794,0.22162792,5,640000,1613
VVLG,0.2556961,0.26633602,5,640000,1613
WRFS,0.24936798,0.06857956,5,640000,1613
VILG,0.25517252,0.31231272,5,640000,1613
YPCA,0.24564055,0.061962232,5,640000,1613
WEFA,0.25011757,0.23455144,5,640000,1613
INCC,0.25154188,0.19994058,5,640000,1613
IVLG,0.2559965,0.2611672,5,640000,1613
LDLT,0.24360064,0.22925863,5,640000,1613
LWMT,0.25053957,0.12073781,5,640000,1613
ESCG,0.24288347,0.17045982,5,640000,1613
LQCG,0.2511051,0.21670845,5,640000,1613
WTCA,0.2481573,0.25488037,5,640000,1613
CALG,0.24897745,0.27643567,5,640000,1613
YKGA,0.24931505,0.25406408,5,640000,1613
RHCA,0.24809244,0.24932966,5,640000,1613
WFMG,0.24904421,0.25054908,5,640000,1613
YIFT,0.24401835,0.23248857,5,640000,1613
WGFA,0.24488238,0.1065797,5,640000,1613
ICFG,0.24654558,0.27471614,5,640000,1613
INGC,0.2430785,0.30124387,5,640000,1613
ERAA,0.24147394,0.1484006,5,640000,1613
VSFA,0.24879625,0.23627217,5,640000,1613
WAMG,0.24834326,0.23204152,5,640000,1613
IIFG,0.24970987,0.27517244,5,640000,1613
IMCA,0.25178412,0.1834235,5,640000,1613
IYCC,0.24801233,0.1867026,5,640000,1613
MACG,0.24822024,0.3095241,5,640000,1613
VDAG,0.24096563,0.23886138,5,640000,1613
WRFI,0.24077204,0.034271173,5,640000,1613
YRFT,0.24193361,0.22357458,5,640000,1613
TNCG,0.23872164,0.23245332,5,640000,1613
TICA,0.24039438,0.26720566,5,640000,1613
WWYA,0.24073294,0.11887554,5,640000,1613
TSFG,0.2371805,0.121525384,5,640000,1613
LVAC,0.24638918,0.23617059,5,640000,1613
VKFG,0.2422016,0.27444834,5,640000,1613
FRAG,0.24669054,0.25272295,5,640000,1613
ECFG,0.23243883,0.20144004,5,640000,1613
ANCV,0.23659113,0.0074818386,5,640000,1613
HVAA,0.24167612,0.22871183,5,640000,1613
MNMA,0.24331596,0.21169977,5,640000,1613
IDLG,0.24011305,0.22547936,5,640000,1613
RACA,0.24161795,0.20421505,5,640000,1613
HCLG,0.23772886,0.21119557,5,640000,1613
WSWA,0.23494795,0.007368302,5,640000,1613
VAFA,0.24414757,0.27430633,5,640000,1613
LNAC,0.24207333,0.29023454,5,640000,1613
EFLG,0.23143461,0.20130946,5,640000,1613
YWGA,0.24331549,0.19758,5,640000,1613
LYAC,0.24284056,0.23703645,5,640000,1613
LFMA,0.2431629,0.21390003,5,640000,1613
KWCA,0.24013212,0.15466604,5,640000,1613
ICAG,0.24116114,0.26280072,5,640000,1613
WDMA,0.23747185,0.23647153,5,640000,1613
LNLC,0.24154547,0.20102473,5,640000,1613
TIFG,0.23370913,0.1092674,5,640000,1613
VNVG,0.23511198,0.06303888,5,640000,1613
WRCV,0.23669508,0.20583192,5,640000,1613
IRAS,0.23745802,0.2115213,5,640000,1613
EQLG,0.22981146,0.2244991,5,640000,1613
MICG,0.2416828,0.21360971,5,640000,1613
YHAG,0.2404907,0.27455285,5,640000,1613
IHFG,0.2403734,0.34125942,5,640000,1613
TVFG,0.23249605,0.14596324,5,640000,1613
LQLT,0.23386076,0.24400733,5,640000,1613
MCLG,0.23798636,0.24327618,5,640000,1613
MKFG,0.23656824,0.1733869,5,640000,1613
WIFI,0.23378113,0.025694966,5,640000,1613
ACLG,0.23350981,0.24245724,5,640000,1613
CYLG,0.2372196,0.26488903,5,640000,1613
LDCG,0.23561838,0.21153015,5,640000,1613
THCC,0.23050955,0.110594526,5,640000,1613
FMLG,0.23939112,0.22944023,5,640000,1613
YACG,0.2406471,0.20419729,5,640000,1613
FIFC,0.2387903,0.099940926,5,640000,1613
WVFI,0.23083284,0.034796298,5,640000,1613
VALG,0.23743704,0.421197,5,640000,1613
KIFG,0.22939661,0.13948116,5,640000,1613
LRFT,0.23208025,0.2166543,5,640000,1613
FNLC,0.23423508,0.18125215,5,640000,1613
AHVA,0.22998598,0.0024395853,5,640000,1613
FFGG,0.2302902,0.1605714,5,640000,1613
LQFG,0.23296335,0.20893797,5,640000,1613
YNLC,0.23531607,0.23138733,5,640000,1613
IQLG,0.23335055,0.16669612,5,640000,1613
LLFG,0.2336519,0.24790345,5,640000,1613
EYLG,0.22651461,0.25681326,5,640000,1613
ISSA,0.22867087,0.21799582,5,640000,1613
YIWG,0.22936037,0.01881789,5,640000,1613
VLCA,0.23485926,0.24795853,5,640000,1613
LKLC,0.23411539,0.18433869,5,640000,1613
HRFG,0.230768,0.1575639,5,640000,1613
WAWA,0.22853306,0.005648699,5,640000,1613
IFLG,0.23577383,0.15791413,5,640000,1613
WKMG,0.23190668,0.23008989,5,640000,1613
WWYG,0.22835329,0.1935815,5,640000,1613
FWVG,0.23238161,0.14564905,5,640000,1613
VNYG,0.22607115,0.15072964,5,640000,1613
IGLG,0.22968462,0.15547997,5,640000,1613
YVFV,0.22698572,0.34216648,5,640000,1613
EHFG,0.22379568,0.16013166,5,640000,1613
ANCI,0.22507837,0.011209304,5,640000,1613
IGAC,0.22913387,0.114408135,5,640000,1613
LYAS,0.22786215,0.09100647,5,640000,1613
HALG,0.22966936,0.23750424,5,640000,1613
FHLC,0.23286131,0.3255491,5,640000,1613
WSFI,0.2246764,0.030952064,5,640000,1613
LFMG,0.23059824,0.24559455,5,640000,1613
AHWA,0.22231224,0.0,5,640000,1613
AHHA,0.2240093,0.006503772,5,640000,1613
YMAA,0.23286608,0.21906428,5,640000,1613
THMA,0.22584227,0.030610986,5,640000,1613
WPFG,0.22181109,0.01744497,5,640000,1613
LGMA,0.22629908,0.09374264,5,640000,1613
LWFT,0.2262142,0.18640722,5,640000,1613
FAAG,0.2319229,0.17701481,5,640000,1613
LSAC,0.2290962,0.21804447,5,640000,1613
LPLG,0.22236422,0.12510516,5,640000,1613
VNSA,0.22455004,0.2288316,5,640000,1613
EVMG,0.21770933,0.13519296,5,640000,1613
TDCA,0.2235482,0.2488377,5,640000,1613
MAFG,0.22969988,0.24259612,5,640000,1613
TRFG,0.22324255,0.07804814,5,640000,1613
LSLC,0.229327,0.18798283,5,640000,1613
ANLT,0.22122982,0.14131524,5,640000,1613
EAFG,0.2203491,0.1474023,5,640000,1613
KYCA,0.22592047,0.12580128,5,640000,1613
FYGC,0.22410992,0.44035503,5,640000,1613
EIAA,0.21890905,0.17368859,5,640000,1613
FVFA,0.23447827,0.25414586,5,640000,1613
MGCA,0.22344568,0.33872515,5,640000,1613
WWWG,0.22328356,0.055821054,5,640000,1613
MYLG,0.22972372,0.27899465,5,640000,1613
YIYG,0.22385386,0.11352031,5,640000,1613
