{"run_id": "14:45:58-05/19/2022", "exp_name": "Random_mu=1", "encoder_name": "ESM_esm-1v", "model_name": "GPyTorch", "landscape_name": "GB1_combo", "rounds": 5, "expmt_queries_per_round": 384, "model_queries_per_round": 3072}
sequence,model_score,true_score,round,model_cost,measurement_cost
NHGL,,0.0994094,0,0,1
GHGL,,0.013866592,1,0,76
RHGL,,0.18205042,1,0,76
LHGL,,0.15812993,1,0,76
EHGL,,0.2085582,1,0,76
VHGL,,0.2463582,1,0,76
KHGL,,0.18722676,1,0,76
DHGL,,0.13436718,1,0,76
THGL,,0.230479,1,0,76
QHGL,,0.124631524,1,0,76
IHGL,,0.22831587,1,0,76
PHGL,,0.011769351,1,0,76
AHGL,,0.104164615,1,0,76
HHGL,,0.09622178,1,0,76
FHGL,,0.12450804,1,0,76
SHGL,,0.15594767,1,0,76
MHGL,,0.15884075,1,0,76
CHGL,,0.17759137,1,0,76
YHGL,,0.11711111,1,0,76
WHGL,,0.13280843,1,0,76
NGGL,,0.0048730387,1,0,76
NRGL,,0.034879435,1,0,76
NLGL,,0.0069446093,1,0,76
NEGL,,0.006458075,1,0,76
NVGL,,0.03014066,1,0,76
NKGL,,0.013992223,1,0,76
NDGL,,0.005230822,1,0,76
NTGL,,0.0118215,1,0,76
NNGL,,0.02291323,1,0,76
NQGL,,0.013439335,1,0,76
NIGL,,0.026497748,1,0,76
NPGL,,0.0002965884,1,0,76
NAGL,,0.034053475,1,0,76
NFGL,,0.12838219,1,0,76
NSGL,,0.03093382,1,0,76
NMGL,,0.014185736,1,0,76
NCGL,,0.042489443,1,0,76
NYGL,,0.1972113,1,0,76
NWGL,,0.2169223,1,0,76
NHRL,,0.00031562365,1,0,76
NHLL,,0.00030438858,1,0,76
NHEL,,0.0,1,0,76
NHVL,,0.00015890023,1,0,76
NHKL,,0.0,1,0,76
NHDL,,0.00030383116,1,0,76
NHTL,,0.00017173064,1,0,76
NHNL,,0.0,1,0,76
NHQL,,0.0,1,0,76
NHIL,,0.0007899609,1,0,76
NHPL,,0.00037874837,1,0,76
NHAL,,0.0005266406,1,0,76
NHHL,,0.00054213003,1,0,76
NHFL,,0.00011765375,1,0,76
NHSL,,0.0,1,0,76
NHML,,0.0,1,0,76
NHCL,,0.0006010572,1,0,76
NHYL,,0.00023835024,1,0,76
NHWL,,0.00031780035,1,0,76
NHGG,,0.0033238793,1,0,76
NHGR,,0.00037062506,1,0,76
NHGE,,0.0013534296,1,0,76
NHGV,,0.018363643,1,0,76
NHGK,,0.00041266615,1,0,76
NHGD,,0.006134913,1,0,76
NHGT,,0.007773886,1,0,76
NHGN,,0.013497758,1,0,76
NHGQ,,0.0051268986,1,0,76
NHGI,,0.015936365,1,0,76
NHGP,,0.00035446967,1,0,76
NHGA,,0.004007048,1,0,76
NHGH,,0.0074634342,1,0,76
NHGF,,0.019992089,1,0,76
NHGS,,0.005122716,1,0,76
NHGM,,0.18773189,1,0,76
NHGC,,0.08943731,1,0,76
NHGY,,0.0011318154,1,0,76
NHGW,,0.064769484,1,0,76
QCTF,-0.04985892,0.001256756,2,3073,461
VESL,0.07136448,0.0009252495,2,3073,461
NIHI,-0.09810625,0.0015360351,2,3073,461
NMGK,-0.062379237,0.00023732735,2,3073,461
MKGL,0.09061338,0.055312634,2,3073,461
NWKL,0.12283729,0.0,2,3073,461
NPPM,0.007137619,0.0,2,3073,461
WCGT,0.027981449,0.12033607,2,3073,461
QHGQ,0.04265658,0.033142913,2,3073,461
NHVQ,-0.07034022,0.00014945211,2,3073,461
TDLL,0.04551558,0.00076801755,2,3073,461
CDGL,0.084786,0.019975314,2,3073,461
NHVV,-0.05913371,0.0008161958,2,3073,461
NCFK,-0.09656726,0.0,2,3073,461
EHGY,0.11464296,0.004032092,2,3073,461
PHGQ,-0.058462508,0.00016556072,2,3073,461
QHCL,0.036871027,0.002041174,2,3073,461
NKGP,-0.06439506,0.00016311879,2,3073,461
NHLN,-0.06276909,0.00017723478,2,3073,461
NHEC,0.0008314587,0.0006010572,2,3073,461
THTL,0.12561329,0.0,2,3073,461
IMGL,0.15006758,0.050112464,2,3073,461
FEGC,0.046864863,0.07649455,2,3073,461
MHGK,0.07047203,0.0010146287,2,3073,461
SHPE,-0.010421831,0.00028503741,2,3073,461
GAAL,-0.080522075,0.00020599151,2,3073,461
NFIL,0.043617304,0.00047980275,2,3073,461
PWYC,0.035472255,0.0012760907,2,3073,461
NRKL,-0.04706932,0.00015191552,2,3073,461
VSGL,0.1667679,0.12518185,2,3073,461
HDYT,-0.09249747,0.0015266116,2,3073,461
NFAP,-0.02337236,0.00019749023,2,3073,461
QMGT,-0.014672916,0.0041486733,2,3073,461
NSEW,-0.0656861,0.00022850114,2,3073,461
PHYL,-0.048136603,0.0,2,3073,461
YHHN,-0.017553933,0.0,2,3073,461
KWGP,0.18126553,0.0024576562,2,3073,461
TGGL,0.121625885,0.015419429,2,3073,461
NFAP,-0.02337236,0.00019749023,2,3073,461
KHQL,0.08848871,0.00037363017,2,3073,461
YLGL,0.057244558,0.028295286,2,3073,461
NEGD,-0.06835526,0.0036167847,2,3073,461
QHRL,0.03970557,0.00020835444,2,3073,461
YPFH,-0.07255867,0.00011969105,2,3073,461
NFRE,-0.018930487,0.0004893563,2,3073,461
NQGM,0.09543535,0.03170715,2,3073,461
YHGY,0.034443546,0.04925906,2,3073,461
YDGS,-0.020199202,0.08433158,2,3073,461
DEGR,-0.028618254,0.0003291504,2,3073,461
AIGY,-0.019324668,0.0062600677,2,3073,461
FKWY,-0.06487027,0.0029623534,2,3073,461
TEGL,0.12210727,0.024223138,2,3073,461
NQGF,-0.048773333,0.0010634089,2,3073,461
LAAL,0.03298449,0.035302773,2,3073,461
NFTL,0.045710098,0.00021268176,2,3073,461
ELGL,0.11065431,0.03086274,2,3073,461
NHAM,0.08145411,0.00032149578,2,3073,461
KHAL,0.08942114,0.00052414474,2,3073,461
NHWG,-0.065619655,0.00043200987,2,3073,461
DVDL,-0.0011879466,0.00015799214,2,3073,461
AHGT,0.02526782,0.03888089,2,3073,461
GPIG,-0.13470963,0.00027106507,2,3073,461
NHSK,-0.07554501,0.0003291504,2,3073,461
YHGY,0.034443546,0.04925906,2,3073,461
NKDL,-0.066866666,0.00042211649,2,3073,461
PMFL,-0.09249394,0.0001557669,2,3073,461
EHWL,0.097179666,0.0003894174,2,3073,461
WEGI,0.0041110218,0.00062664127,2,3073,461
AYGH,0.100467294,0.05376123,2,3073,461
RFNL,0.10879512,0.00017689462,2,3073,461
NFML,0.04528452,0.00025135124,2,3073,461
NDEL,-0.070982486,9.2162096e-05,2,3073,461
THMT,0.05084725,0.0036864844,2,3073,461
MEGP,0.0045231543,0.00051642564,2,3073,461
GGGL,-0.04428956,0.00055093213,2,3073,461
LDGL,0.07314259,0.028502788,2,3073,461
IMAL,0.07571989,0.038254827,2,3073,461
KHYL,0.0830615,0.00052167237,2,3073,461
IHRL,0.13358642,0.0010280313,2,3073,461
YHGF,0.055405024,0.12365554,2,3073,461
NHRR,-0.07176499,0.00038294503,2,3073,461
HHTL,0.01824708,0.00037874837,2,3073,461
MHYI,0.0068825483,0.0020945934,2,3073,461
NLGD,-0.061751653,0.0,2,3073,461
YHHE,-0.02348943,0.0,2,3073,461
PHLM,0.030102838,0.0,2,3073,461
KWFL,0.16052061,0.00034417387,2,3073,461
NHVT,-0.066206425,0.0003670172,2,3073,461
VHTL,0.14684276,0.00044884146,2,3073,461
NSSL,-0.053191405,0.00018243236,2,3073,461
PHHL,-0.05646001,0.0,2,3073,461
NEHL,-0.06271386,0.00031241393,2,3073,461
IYGT,0.18886739,0.18181156,2,3073,461
AYLL,0.090726614,0.0,2,3073,461
NEWF,-0.10527229,0.000307207,2,3073,461
YLEL,-0.009080615,0.0003254908,2,3073,461
NVPP,-0.110851526,0.0002707701,2,3073,461
QHFQ,-0.030747939,0.0008278034,2,3073,461
DAGL,0.06934811,0.034387987,2,3073,461
DWHL,0.14647764,0.0,2,3073,461
TEGY,0.041070852,0.0011059452,2,3073,461
PAGL,-0.023817664,0.002020255,2,3073,461
PDGL,-0.05754662,0.001256756,2,3073,461
AKGM,0.11013363,0.10137832,2,3073,461
WHRH,-0.0039025545,0.00029650005,2,3073,461
NSGK,-0.04971518,6.826823e-05,2,3073,461
NGCL,-0.06498787,0.00062837807,2,3073,461
HHHL,0.01777139,0.0005566838,2,3073,461
MHSL,0.07055651,0.0015089923,2,3073,461
NNQL,-0.060238604,0.0006912158,2,3073,461
PDGL,-0.05754662,0.001256756,2,3073,461
GNCL,-0.089448154,0.00045512154,2,3073,461
EGML,0.025107238,0.000106545805,2,3073,461
NFRL,0.050933156,0.0,2,3073,461
NHRG,-0.0677647,0.0015467766,2,3073,461
DHGA,0.047314946,0.0030720702,2,3073,461
NVLL,-0.03836954,0.00027906228,2,3073,461
SGDL,-0.014359355,0.00018744834,2,3073,461
NNGG,-0.05592759,0.001194694,2,3073,461
NGKL,-0.07201299,0.0001417879,2,3073,461
THPV,0.058139864,0.0,2,3073,461
RHKD,0.015444946,0.004341719,2,3073,461
NMGE,-0.061557185,0.00031300337,2,3073,461
NVGT,-0.040417716,0.006191476,2,3073,461
IHGQ,0.13691981,0.036976896,2,3073,461
NSGN,-0.040052842,0.0019193235,2,3073,461
HHIL,0.021441448,8.833433e-05,2,3073,461
HDGC,0.020297829,0.012246198,2,3073,461
SGGC,0.05657645,0.008486214,2,3073,461
QGGC,0.03472938,0.017378759,2,3073,461
VGGL,0.14288199,0.02903801,2,3073,461
NQVI,-0.11306517,0.00035221182,2,3073,461
NPGE,-0.06898452,0.000216852,2,3073,461
IWSP,0.118129894,0.0004176531,2,3073,461
LHPN,0.013927385,0.0,2,3073,461
NSIL,-0.042728253,0.00025443523,2,3073,461
NAKL,-0.043140788,0.0,2,3073,461
NSGP,-0.047355574,0.00041796872,2,3073,461
NHCD,-0.066119134,0.00528356,2,3073,461
NMMH,-0.11548005,0.0,2,3073,461
NINL,-0.040729523,9.874511e-05,2,3073,461
NLTD,-0.10812876,0.00084822637,2,3073,461
NMRL,-0.052622996,0.00044816983,2,3073,461
EAGN,0.0665085,0.0013277591,2,3073,461
ERGA,0.06783746,0.037962012,2,3073,461
NSEW,-0.0656861,0.00022850114,2,3073,461
NPWI,-0.10534722,0.0,2,3073,461
PHPD,-0.09732507,0.012270726,2,3073,461
NSNL,-0.05537517,7.658905e-05,2,3073,461
VHTL,0.14684276,0.00044884146,2,3073,461
YAGL,0.069195256,0.071146905,2,3073,461
NWIR,0.027905826,0.00019749023,2,3073,461
YHCL,0.04192509,0.0025312128,2,3073,461
NDET,-0.12684228,0.0004746546,2,3073,461
PYWP,-0.044648524,0.0006010572,2,3073,461
MMGF,0.031319674,0.02685867,2,3073,461
THAY,0.047952842,0.0,2,3073,461
WCAL,0.020774107,0.01728437,2,3073,461
QHGA,0.041875143,0.059544735,2,3073,461
FKWY,-0.06487027,0.0029623534,2,3073,461
THLF,0.06050696,0.0,2,3073,461
YVYL,-0.0012061559,0.000455843,2,3073,461
IALV,0.02812339,0.0046780766,2,3073,461
NQIL,-0.06224031,0.0,2,3073,461
NMGR,-0.061490662,8.3656974e-05,2,3073,461
NYHP,0.01650552,0.0,2,3073,461
NRGS,-0.044365536,0.004076269,2,3073,461
NKGN,-0.058011048,0.0011331408,2,3073,461
NWRG,0.048986796,0.0,2,3073,461
NHPV,-0.057128955,0.0,2,3073,461
NKLM,0.01654695,0.00024686282,2,3073,461
DHDV,-0.014864393,0.0,2,3073,461
MWGD,0.14800654,0.00829459,2,3073,461
NDMT,-0.119625345,0.00083064556,2,3073,461
QHHL,0.035420407,0.00034474605,2,3073,461
EWGL,0.29671705,0.23749976,2,3073,461
RSIL,0.038664166,0.0002034138,2,3073,461
SFSL,0.09785041,0.00045263796,2,3073,461
DHDF,-0.013471175,0.0,2,3073,461
NHPA,-0.0689476,0.00015709453,2,3073,461
NSWT,-0.09461452,0.00050615345,2,3073,461
WNML,0.0096574165,0.0044215424,2,3073,461
WVCL,0.014154993,0.020149179,2,3073,461
DEGR,-0.028618254,0.0003291504,2,3073,461
WHWL,0.03891502,0.0009857747,2,3073,461
WHGA,0.056504134,0.20248558,2,3073,461
CHGN,0.09734747,0.09589121,2,3073,461
NHPG,-0.06701103,0.0,2,3073,461
MHGF,0.093064725,0.14000797,2,3073,461
NWML,0.11412494,0.00039498045,2,3073,461
QRGQ,-0.0004786402,0.0074739237,2,3073,461
NSFL,-0.03997005,0.0002667071,2,3073,461
NIYR,-0.10649238,0.0004712835,2,3073,461
DIML,0.004273627,0.00029103828,2,3073,461
RHGR,0.08714111,0.00039285174,2,3073,461
SLCL,0.0014058761,0.0009268211,2,3073,461
SGGC,0.05657645,0.008486214,2,3073,461
NMKL,-0.056706637,0.0,2,3073,461
QASL,-0.007038396,0.00032198674,2,3073,461
IHNQ,0.059165675,0.0,2,3073,461
WSGY,0.006202884,0.048395626,2,3073,461
NWDA,0.049782153,0.00033717847,2,3073,461
AHGG,0.021826345,0.010368237,2,3073,461
MHKL,0.06747244,0.00028212892,2,3073,461
PHPL,-0.04410588,0.00043886717,2,3073,461
GHYA,-0.10035984,0.015128497,2,3073,461
NHVK,-0.0727271,0.0,2,3073,461
NEGC,0.006072093,0.007879144,2,3073,461
NPWL,-0.0562869,0.0,2,3073,461
YWDL,0.12216443,0.0,2,3073,461
FHGA,0.046411205,0.41840854,2,3073,461
GTGL,-0.039423496,0.0021860977,2,3073,461
NHVV,-0.05913371,0.0008161958,2,3073,461
EHAL,0.11166759,0.010849464,2,3073,461
EHGF,0.13282865,0.110973276,2,3073,461
NCEL,-0.03454222,0.0006010572,2,3073,461
AYGH,0.100467294,0.05376123,2,3073,461
NHSV,-0.061919205,0.0,2,3073,461
PIGG,-0.085167184,0.00030584767,2,3073,461
NWRD,0.049217362,0.0030403126,2,3073,461
NHTI,-0.06306408,0.0,2,3073,461
LGGL,0.07325487,0.024055406,2,3073,461
NMSP,-0.11967604,0.00020458821,2,3073,461
NIVL,-0.039273966,0.00045232938,2,3073,461
NNKD,-0.11701682,0.015220296,2,3073,461
EQGL,0.12272464,0.059823375,2,3073,461
CHGC,0.16549951,0.20621271,2,3073,461
FHGP,0.046512436,0.04153439,2,3073,461
PHGM,0.096846566,0.012742413,2,3073,461
NPLL,-0.06597534,0.00026415894,2,3073,461
KHGW,0.14710268,0.070123345,2,3073,461
NIKL,-0.041710887,0.00038136047,2,3073,461
NIGK,-0.051404826,0.00036024273,2,3073,461
NGCL,-0.06498787,0.00062837807,2,3073,461
ICGA,0.09162229,0.16526492,2,3073,461
NWFL,0.09634791,0.00036540045,2,3073,461
NWRP,0.046745475,0.00032149578,2,3073,461
SIGL,0.09046677,0.026437802,2,3073,461
NMFK,-0.11981097,0.00018556125,2,3073,461
MHGP,0.07431848,0.0015163784,2,3073,461
EHYL,0.101743594,0.0,2,3073,461
NIFC,-0.041742727,0.0005120117,2,3073,461
LHKE,0.0046401843,0.0005120117,2,3073,461
NMGI,-0.04771125,0.0023698828,2,3073,461
WHTM,0.11490221,0.00038400877,2,3073,461
HMGL,0.033104893,0.025589911,2,3073,461
LNGV,0.029843573,0.21063308,2,3073,461
NVCL,-0.04576594,0.0014213495,2,3073,461
PHGQ,-0.058462508,0.00016556072,2,3073,461
DAGL,0.06934811,0.034387987,2,3073,461
NHTI,-0.06306408,0.0,2,3073,461
CFWL,0.08721486,0.0009497621,2,3073,461
YHRL,0.045781974,0.0005017421,2,3073,461
LQYW,-0.010366473,0.00035446967,2,3073,461
EPGK,0.032299187,0.0,2,3073,461
NHIY,-0.07238638,0.0,2,3073,461
NVYL,-0.037903097,0.00020480469,2,3073,461
NPGG,-0.06777469,0.00067230716,2,3073,461
IHKL,0.13199209,0.00081319513,2,3073,461
NCHL,-0.039655793,0.0007275955,2,3073,461
AWGE,0.10862328,0.003969608,2,3073,461
NHWD,-0.062364005,0.004872049,2,3073,461
TMGK,0.058953483,0.0,2,3073,461
NGCR,-0.12604615,0.00016216208,2,3073,461
NACE,-0.10136235,0.00069556304,2,3073,461
YVGF,0.014088336,0.07005345,2,3073,461
NHRP,-0.07209298,0.00047787762,2,3073,461
HPNR,-0.103784695,0.00022207742,2,3073,461
NFGD,0.044662315,0.0053319647,2,3073,461
MAGS,0.026067529,0.05987904,2,3073,461
WHGQ,0.0605111,0.012548225,2,3073,461
MHAL,0.07241042,0.032611206,2,3073,461
NGGI,-0.05541105,0.0010688904,2,3073,461
GWGA,0.044190932,0.0021783772,2,3073,461
NDNP,-0.13021259,0.0001553294,2,3073,461
NHCC,0.003986165,0.024433674,2,3073,461
NGGG,-0.064448595,0.00044684662,2,3073,461
LHNL,0.070928246,0.000694372,2,3073,461
MKTY,-0.051352408,0.00017425609,2,3073,461
AHGN,0.029810954,0.04147295,2,3073,461
NHSM,0.08213398,0.0,2,3073,461
PHGE,-0.06253892,0.00087773433,2,3073,461
IHKQ,0.05887926,0.00054213003,2,3073,461
NGPL,-0.0657336,0.00020819758,2,3073,461
PHWQ,-0.11177015,0.00076801755,2,3073,461
WGCL,-0.00017472729,0.0028894935,2,3073,461
EHAL,0.11166759,0.010849464,2,3073,461
HQGI,-0.030340519,0.003751322,2,3073,461
NNTT,-0.11848037,0.00027106507,2,3073,461
NHCT,-0.06669155,0.0038708085,2,3073,461
LTPL,0.010190938,0.00012012442,2,3073,461
RHHL,0.08331506,0.0003956871,2,3073,461
RHGH,0.09286632,0.016496472,2,3073,461
MAGL,0.09873298,0.05902517,2,3073,461
NWYL,0.10828048,0.00087773433,2,3073,461
WHGP,0.058397893,0.006290181,2,3073,461
KHGG,0.09299953,0.006182844,2,3073,461
GWGA,0.044190932,0.0021783772,2,3073,461
RHGT,0.092607215,0.02002192,2,3073,461
NGSW,-0.08183476,0.0,2,3073,461
QHCY,-0.03336201,0.00044120156,2,3073,461
DHGR,0.04509255,0.00054213003,2,3073,461
YHQL,0.041986752,0.0004954952,2,3073,461
IHNL,0.1331685,0.0007810348,2,3073,461
ECGL,0.14644714,0.09835014,2,3073,461
VCKL,0.092175856,0.0012631356,2,3073,461
QHGT,0.04442178,0.031926773,2,3073,461
VHRL,0.14588794,0.000688756,2,3073,461
NNDL,-0.0574472,0.0003777136,2,3073,461
QHTH,-0.025187436,0.00012233907,2,3073,461
MLGV,0.02037749,0.036601353,2,3073,461
VSTL,0.088728696,0.0002917206,2,3073,461
AWGE,0.10862328,0.003969608,2,3073,461
NRML,-0.045274176,0.0,2,3073,461
NMGQ,-0.05833096,0.0017408398,2,3073,461
NKVL,-0.057925656,0.00035992305,2,3073,461
NIYL,-0.038368683,0.00011331403,2,3073,461
NMGH,-0.055288594,0.0004253636,2,3073,461
NHWE,-0.06654796,0.0008378374,2,3073,461
NSRL,-0.05062577,0.00016523084,2,3073,461
NLSW,-0.07630275,0.00019749023,2,3073,461
WFKL,0.07993615,0.0012620926,2,3073,461
PLGL,-0.038111795,0.000765245,2,3073,461
EHID,0.041834284,0.01084214,2,3073,461
SHNL,0.06238224,0.00070532225,2,3073,461
NHKM,0.080600366,0.0,2,3073,461
NVEE,-0.103441805,0.0,2,3073,461
FNVL,0.00382052,0.00038507849,2,3073,461
SEGC,0.05432682,0.014858268,2,3073,461
NEEK,-0.13391306,0.0,2,3073,461
WQGL,0.06457405,0.032182455,2,3073,461
NTVV,-0.1026507,0.0002282316,2,3073,461
LQAL,0.015711892,0.031067146,2,3073,461
LHGY,0.07221013,0.038677868,2,3073,461
NHWC,0.0017563328,0.0005027024,2,3073,461
NASL,-0.042767998,0.00018525044,2,3073,461
KHVL,0.090518445,0.00047421217,2,3073,461
RHGI,0.10444185,0.0803748,2,3073,461
QHTL,0.040267248,0.00033717847,2,3073,461
YNFW,-0.026346484,0.0010433446,2,3073,461
LEVL,0.007868994,0.00022944919,2,3073,461
NPGY,-0.07212786,0.00017780473,2,3073,461
NHYG,-0.06510919,0.016829602,2,3073,461
NHRF,-0.058129035,0.00074058835,2,3073,461
NHQC,0.0007337555,0.0,2,3073,461
DHAL,0.04386534,0.00035446967,2,3073,461
NYKL,0.10315308,0.0,2,3073,461
SFSF,0.041270208,0.00033759014,2,3073,461
NHRR,-0.07176499,0.00038294503,2,3073,461
NHPW,-0.020109318,0.0007275955,2,3073,461
KHCC,0.082588,0.047397655,2,3073,461
NHVP,-0.07173787,0.000103359416,2,3073,461
FEHL,-0.013201196,0.0,2,3073,461
NREY,-0.11220896,0.0,2,3073,461
NHRG,-0.0677647,0.0015467766,2,3073,461
AHLL,0.028460521,0.0015799218,2,3073,461
CHCP,0.015626397,0.0012817247,2,3073,461
NADL,-0.038766135,0.00022060078,2,3073,461
NNCY,-0.11943959,0.00028503741,2,3073,461
NHSM,0.08213398,0.0,2,3073,461
NEWF,-0.10527229,0.000307207,2,3073,461
MVGL,0.1041888,0.076176465,2,3073,461
THGT,0.1369782,0.1059309,2,3073,461
IHQR,0.05409899,0.00047670057,2,3073,461
QGGL,0.034961153,0.01127532,2,3073,461
YVYL,-0.0012061559,0.000455843,2,3073,461
WIGS,0.020706613,0.21991463,2,3073,461
WQGL,0.06457405,0.032182455,2,3073,461
FVGT,0.007889129,0.288578,2,3073,461
WHSL,0.053278375,0.0012284016,2,3073,461
KPIN,-0.029093556,0.0,2,3073,461
IMLL,0.068608,0.0006156967,2,3073,461
NHQT,-0.06965645,0.00036864838,2,3073,461
NFGN,0.051662806,0.038870044,2,3073,461
NHIF,-0.054759428,0.0011059452,2,3073,461
NNDL,-0.0574472,0.0003777136,2,3073,461
NHDH,-0.06740819,0.0,2,3073,461
CQGK,0.022743467,0.018008688,2,3073,461
CHGN,0.09734747,0.09589121,2,3073,461
NMCM,0.018970702,0.00091400434,2,3073,461
FHGS,0.048069764,0.37731683,2,3073,461
MVGP,0.028836172,0.00084342825,2,3073,461
QHYL,0.03472423,0.0006076623,2,3073,461
NHAC,0.0023550391,0.0004065975,2,3073,461
INYM,0.04011374,0.001308811,3,6146,845
NHDC,0.016841702,0.0009874512,3,6146,845
NQRF,0.0053937957,0.000942567,3,6146,845
RHTQ,-0.009128757,0.00019267335,3,6146,845
KHLR,-0.047985263,0.00022387554,3,6146,845
VHVV,0.063033395,0.0016867865,3,6146,845
ASGQ,-0.0042163804,0.0025600586,3,6146,845
RPQL,-0.0042402223,0.00015829365,3,6146,845
NFGW,0.08248978,0.0027977782,3,6146,845
PHNL,-0.04483337,0.00035446967,3,6146,845
IHLL,0.029370122,0.0009922837,3,6146,845
VVLP,0.014636807,0.030501949,3,6146,845
QHGP,-0.006190963,0.0010452229,3,6146,845
SFRL,-0.021540351,0.000307207,3,6146,845
NHKC,0.0036728904,0.0,3,6146,845
NDGY,-0.04638786,0.00046862086,3,6146,845
WHHQ,-0.03624887,0.00028069678,3,6146,845
ALVH,-0.0062038377,0.0006392747,3,6146,845
NGTR,0.021080784,0.00018070998,3,6146,845
EFWL,-0.005080886,0.0005120117,3,6146,845
FEHD,0.11869889,0.01653618,3,6146,845
EQEW,-0.039912887,0.0,3,6146,845
DWFD,-0.043774314,0.0010534569,3,6146,845
NNFD,0.023235135,0.000824972,3,6146,845
NSKL,-0.0058414415,0.00011765375,3,6146,845
NHLF,-0.018175788,0.0,3,6146,845
NDFT,0.0031717345,0.00066623214,3,6146,845
MHDF,0.0009525344,0.00093197636,3,6146,845
PCLM,0.00021582097,0.00041266615,3,6146,845
KRAL,-0.01026506,0.0006399125,3,6146,845
DWIL,-0.0024535134,0.0,3,6146,845
NYWP,0.0085919425,0.0,3,6146,845
GWID,-0.05352325,0.011782249,3,6146,845
SLCR,9.827316e-06,0.0007028397,3,6146,845
NWVL,0.01305943,0.0,3,6146,845
NDWT,-0.011107631,0.0,3,6146,845
NRGT,-0.0009057,0.004091268,3,6146,845
NSQV,0.014288239,0.00016962353,3,6146,845
NQWI,-0.025898643,0.0,3,6146,845
NRAL,-0.003438659,0.00044086654,3,6146,845
WHLN,0.0023081824,0.0060996176,3,6146,845
VSDL,0.011720948,0.00076801755,3,6146,845
SCGA,-0.008396812,0.012357805,3,6146,845
NGCS,0.023225598,0.0010842601,3,6146,845
LVGL,0.09802561,0.07861046,3,6146,845
CHCS,0.15708524,0.0068017403,3,6146,845
NERP,0.03456717,0.00022148436,3,6146,845
IWFP,-0.033460803,0.012101228,3,6146,845
VKGL,0.10881024,0.07087599,3,6146,845
NWFH,-0.015425868,0.00070893933,3,6146,845
ESML,0.0032761618,0.00018681504,3,6146,845
CHPD,0.04486399,0.006525311,3,6146,845
PHFD,0.036996655,0.011946923,3,6146,845
HAAL,0.01043158,0.0011467175,3,6146,845
ENSP,-0.0057208017,0.00032149578,3,6146,845
THGY,0.08981686,0.011191113,3,6146,845
CEFN,0.03364449,0.001808789,3,6146,845
NSCD,0.020699792,0.0027843483,3,6146,845
PKWQ,0.027983002,0.00029413437,3,6146,845
NFCL,0.008181386,0.00088830944,3,6146,845
NCCC,0.024157338,0.028800659,3,6146,845
YINL,0.007328324,0.00025506117,3,6146,845
EAML,0.00017242879,0.00045232938,3,6146,845
NLGE,-0.007160373,0.0003631153,3,6146,845
NWVV,-0.0034110025,0.00031902269,3,6146,845
NENF,0.01068192,0.0,3,6146,845
YVAF,0.047525696,0.0029118997,3,6146,845
PDGQ,-0.0010277703,0.00018681504,3,6146,845
WHCY,0.005477719,0.001321847,3,6146,845
QCVL,-0.023043342,0.0013569881,3,6146,845
ESGL,0.10040598,0.10452719,3,6146,845
NQVW,0.014886193,0.0003894174,3,6146,845
HHYL,-0.0018736795,0.0008172009,3,6146,845
MVGG,0.042989068,0.019705715,3,6146,845
NHMQ,-0.009499259,0.0,3,6146,845
DIWC,-0.02171392,0.0,3,6146,845
EPCK,-0.0033404306,0.0,3,6146,845
AVGV,0.045837693,0.0142309135,3,6146,845
PDGS,0.020354085,0.00021600493,3,6146,845
QGWP,-0.023890682,0.00025365717,3,6146,845
NPLH,0.028552346,0.00035721745,3,6146,845
NHMR,-0.02260942,0.0,3,6146,845
NERK,0.028836064,0.00063414295,3,6146,845
NDQQ,0.020614915,0.0,3,6146,845
HKNR,-0.0038907006,0.00030607343,3,6146,845
NFPL,0.012883,0.0,3,6146,845
MMGW,0.0036056563,0.004928113,3,6146,845
QDGL,0.026116185,0.008353588,3,6146,845
TCGA,0.026924424,0.0350216,3,6146,845
RLGE,-0.006569572,0.00023141144,3,6146,845
NNCL,-0.0059382394,0.00026332025,3,6146,845
AYYL,-0.004897304,0.0,3,6146,845
CHGM,0.21237975,0.23795618,3,6146,845
FEQL,-0.015097804,0.0,3,6146,845
KPLV,0.004965596,0.00017742443,3,6146,845
TDIL,-0.0109598115,0.0,3,6146,845
PATL,-0.018366046,0.0,3,6146,845
NRKF,9.7088516e-05,0.0,3,6146,845
NCPL,-0.008946128,0.0006356007,3,6146,845
EHYS,0.03570395,0.0,3,6146,845
QRGN,0.0156148,0.0055839396,3,6146,845
WWDC,0.009186558,0.0006993752,3,6146,845
NMML,-0.023137756,0.00022850114,3,6146,845
QQVG,0.007172875,0.009018886,3,6146,845
QDLL,-0.0031682923,0.0004353386,3,6146,845
DHGY,-0.011684127,0.0,3,6146,845
NKRD,0.044814877,0.0025851615,3,6146,845
NMFL,-0.023410507,0.000213503,3,6146,845
YDTS,0.07100373,0.00029279946,3,6146,845
NHWH,-0.009870239,0.00053170446,3,6146,845
PHDQ,0.023553662,0.0,3,6146,845
NVGA,-0.020740695,0.0025841163,3,6146,845
NFKC,-0.010042854,0.0005760131,3,6146,845
QYGT,0.098594956,0.016745595,3,6146,845
AARD,-0.0028430894,0.006771797,3,6146,845
LRKL,0.0027554557,0.0004893563,3,6146,845
MGGG,-0.017098613,0.002411218,3,6146,845
DQEP,-0.034973808,0.0,3,6146,845
AGGL,-0.01642675,0.011520264,3,6146,845
MRQL,-0.009515472,0.0,3,6146,845
KHCL,0.027209096,0.0025450625,3,6146,845
FTPL,-0.013719268,0.00018937419,3,6146,845
FHML,0.004145436,0.0016927734,3,6146,845
MCTF,0.0019863173,0.0007899609,3,6146,845
NHCE,0.0023000762,0.0017280395,3,6146,845
AYGL,0.13917142,0.20655155,3,6146,845
NHNC,0.015294842,0.001256756,3,6146,845
NLYR,-0.016345687,0.00053042936,3,6146,845
GHIA,0.022845082,0.0005027024,3,6146,845
EVMM,-0.037639804,0.00020788446,3,6146,845
WVSL,0.027972035,0.0020188624,3,6146,845
RSTL,0.015664868,0.00029520498,3,6146,845
QMDM,-0.008623309,0.00019539673,3,6146,845
WLWL,-0.010300346,0.0003007664,3,6146,845
LHNH,-0.0065905526,0.00016360139,3,6146,845
KPCC,0.028083138,0.0025600586,3,6146,845
NRWL,-0.0052883103,0.00020945935,3,6146,845
VQKL,-0.02188415,0.0,3,6146,845
EPGC,0.041384034,0.003328076,3,6146,845
MWGM,0.14155132,0.29487732,3,6146,845
FAHL,0.020773225,0.00028503741,3,6146,845
NFRP,-0.010093875,0.0004579484,3,6146,845
LSML,0.015178494,0.001859263,3,6146,845
HHTW,-0.0021688417,0.0,3,6146,845
FSHA,0.2821439,0.00013041809,3,6146,845
WHKM,0.008241944,0.0007275955,3,6146,845
RYLL,0.034688763,0.00033863593,3,6146,845
PHRL,-0.03198356,9.124957e-05,3,6146,845
WPGP,-0.024802871,0.00022301031,3,6146,845
NPRP,0.022630028,0.0004034333,3,6146,845
MDNS,0.051441006,0.0053085373,3,6146,845
DHGY,-0.011684127,0.0,3,6146,845
HHHV,0.014796071,0.0,3,6146,845
CSGK,0.045343213,0.02924186,3,6146,845
MHGC,0.13323098,0.19643255,3,6146,845
NYKR,-0.0017072633,0.00053170446,3,6146,845
LLGD,0.02576571,0.0019749023,3,6146,845
NTGI,-0.006996818,0.002186171,3,6146,845
YLYY,-0.010779567,0.0004300899,3,6146,845
KVFL,0.008447938,0.00055510766,3,6146,845
NHPH,-0.0069691613,0.0,3,6146,845
NMGC,0.028191857,0.008617756,3,6146,845
NINT,0.026928239,0.0,3,6146,845
DHAD,-0.033423133,0.00050594675,3,6146,845
AHGH,0.016722493,0.04147295,3,6146,845
QKGM,0.08706837,0.17095907,3,6146,845
EQGK,-0.026157089,0.0,3,6146,845
HQVD,0.027336888,0.004003708,3,6146,845
MVGY,0.025794797,0.035442207,3,6146,845
EYGT,0.10550719,0.0047061504,3,6146,845
NHVS,0.045175366,0.0,3,6146,845
GDYD,-0.02450914,0.0015872195,3,6146,845
QHSL,0.009558015,0.0005184119,3,6146,845
PHGY,-0.08324022,0.00678174,3,6146,845
WRVR,-0.01856298,0.00026585226,3,6146,845
NNFD,0.023235135,0.000824972,3,6146,845
RKGP,-0.017671295,0.00064283895,3,6146,845
NHPC,0.01722508,0.0,3,6146,845
YQGI,0.03292399,0.0075869597,3,6146,845
WNGI,0.09024935,0.0015322517,3,6146,845
SKGT,0.028101258,0.03416519,3,6146,845
PALK,0.027926259,0.00028503741,3,6146,845
DQDE,-0.005658813,0.0038165222,3,6146,845
NNGQ,-0.013971038,0.0020389846,3,6146,845
ADGC,0.004851155,0.03594322,3,6146,845
AVGL,0.038102917,0.020773046,3,6146,845
NDGP,-0.034894653,0.00016731395,3,6146,845
ISGN,0.088792615,0.081748456,3,6146,845
KHVV,-0.003184028,0.00028155433,3,6146,845
NMEH,0.01494246,0.0,3,6146,845
DCAY,-0.046887584,0.0007899609,3,6146,845
NHSG,-0.022038646,0.0010433446,3,6146,845
FAHE,0.08282643,0.0,3,6146,845
NASK,0.011806779,0.00016263903,3,6146,845
NERK,0.028836064,0.00063414295,3,6146,845
NGCD,0.01748734,0.00214363,3,6146,845
NDMQ,-0.010174938,0.0,3,6146,845
GICL,-0.004987426,0.00031182665,3,6146,845
DHGN,0.019363694,0.0015360351,3,6146,845
YFGY,0.024539284,0.034837276,3,6146,845
VESC,0.019735627,0.0035943224,3,6146,845
YHCF,0.033728413,0.0021474666,3,6146,845
NICL,0.0029500052,0.0017573283,3,6146,845
WHTI,-0.0077354386,0.0004564633,3,6146,845
IWST,0.06958418,0.0014583895,3,6146,845
LHFW,0.001650624,0.00076801755,3,6146,845
HRGI,0.013362698,0.015688663,3,6146,845
YHQH,0.009369664,0.0,3,6146,845
NHKH,-0.004449554,0.0012021145,3,6146,845
NPEE,0.012078099,0.00036379782,3,6146,845
PFNL,-0.012928195,9.050288e-05,3,6146,845
TIMF,-0.010496803,0.0,3,6146,845
NHWY,-0.03227777,0.0,3,6146,845
VHMY,-0.002270408,0.0003894174,3,6146,845
DQDE,-0.005658813,0.0038165222,3,6146,845
LIAR,0.042147927,0.00036057836,3,6146,845
SHRN,0.016083054,0.0004904414,3,6146,845
EPFH,-0.0057351068,0.0,3,6146,845
TWSW,-0.0116478875,0.0,3,6146,845
FRGY,0.09105425,0.0118175605,3,6146,845
LHKN,0.010076813,0.0009372418,3,6146,845
NTRG,0.010472588,0.00026585226,3,6146,845
TGWL,-0.03140039,0.0011849414,3,6146,845
PHVW,-0.014829822,0.0,3,6146,845
YHYL,-0.010868259,0.00079825445,3,6146,845
EHYS,0.03570395,0.0,3,6146,845
YPRH,0.014335923,0.00034084605,3,6146,845
THKT,-0.0030977204,0.0,3,6146,845
NWGR,0.103903584,0.0001510854,3,6146,845
WHHD,0.019254021,0.002125233,3,6146,845
NDAP,-0.028411575,0.00030450037,3,6146,845
NNST,-0.0042569116,0.000567416,3,6146,845
PAQQ,0.05242806,0.0,3,6146,845
MFGP,-0.02401466,0.0015210843,3,6146,845
NYPL,0.044073872,0.0,3,6146,845
ECAL,-0.009632774,0.010408897,3,6146,845
QHTD,0.007746987,0.005535725,3,6146,845
THIE,0.029905133,0.0,3,6146,845
LRGL,0.08870583,0.101335086,3,6146,845
NHPS,0.013676934,0.0002737488,3,6146,845
PYGF,0.07267409,0.0007237861,3,6146,845
QPWL,-0.0015332177,0.00025365717,3,6146,845
AHGS,0.0981,0.03357334,3,6146,845
MHSE,-0.0178935,0.0008824031,3,6146,845
NCLF,-0.019412227,0.0010054049,3,6146,845
SHYK,-0.0095660165,0.0004189187,3,6146,845
GIDL,-0.020859905,0.00039148505,3,6146,845
MKHL,-0.019837566,0.0,3,6146,845
SHGS,0.08234244,0.049943395,3,6146,845
QGWQ,-0.0064675286,0.00027144517,3,6146,845
WIER,0.032757096,0.00028069678,3,6146,845
YHCF,0.033728413,0.0021474666,3,6146,845
EVGL,0.067256264,0.08511811,3,6146,845
NQGK,-0.0378663,0.0,3,6146,845
NVYK,0.0128758475,0.0,3,6146,845
DVGP,-0.027730651,0.00033717847,3,6146,845
TDIL,-0.0109598115,0.0,3,6146,845
QQGL,0.02708035,0.03311785,3,6146,845
ENML,0.015011124,0.0004919686,3,6146,845
WHGI,0.09269028,0.0010739377,3,6146,845
FHVQ,0.048052125,0.0005914146,3,6146,845
LFYC,0.01181107,0.003447629,3,6146,845
RHKL,0.026302628,0.0001382432,3,6146,845
QLGT,-0.0025331452,0.0022796083,3,6146,845
NKSK,0.019434743,0.000307207,3,6146,845
WFAP,-0.032725044,0.00070144515,3,6146,845
IHKH,0.0052736327,0.0,3,6146,845
KGVL,-0.0178153,0.00023520742,3,6146,845
NPFM,0.014262013,0.0,3,6146,845
NMQS,0.010381512,0.00029413437,3,6146,845
SGEC,-0.0028974488,0.0013324642,3,6146,845
PCGL,0.0113061,0.00829459,3,6146,845
MYKN,0.0005267188,0.00023431043,3,6146,845
LINL,0.021881394,0.00056930934,3,6146,845
MREY,-0.008964725,0.00046862086,3,6146,845
QHSE,0.0005333945,0.00026165904,3,6146,845
KHKD,-0.017610736,0.0035373007,3,6146,845
NFKL,-0.006323047,0.0,3,6146,845
AVGL,0.038102917,0.020773046,3,6146,845
PGKL,-0.022067733,0.00025135124,3,6146,845
CHQT,0.066233926,0.0024042288,3,6146,845
RGGI,0.022240452,0.0038740162,3,6146,845
NHQK,0.003515534,0.0,3,6146,845
MCET,0.019718938,0.0009051635,3,6146,845
NMKT,0.018774323,0.00037363017,3,6146,845
QVGS,0.035493664,0.021807944,3,6146,845
QRRL,-0.0049225762,0.00022662817,3,6146,845
CHWQ,-0.004161544,0.0011331408,3,6146,845
NQYL,-0.017208286,0.0002684333,3,6146,845
AHSW,-0.027135082,0.0015147564,3,6146,845
SSDC,0.010736279,0.00057930464,3,6146,845
NFES,-0.01235313,0.0002393821,3,6146,845
TQRP,-0.028683372,0.0,3,6146,845
DGDL,0.01148539,0.0,3,6146,845
NNGR,-0.004773326,0.00016817907,3,6146,845
SADL,-0.007886596,0.00023665017,3,6146,845
NRVI,0.006426625,0.00021146185,3,6146,845
HHYL,-0.0018736795,0.0008172009,3,6146,845
CHPL,0.03152924,0.0004887384,3,6146,845
THTR,-0.022545524,0.00053170446,3,6146,845
KHCL,0.027209096,0.0025450625,3,6146,845
NVQI,-0.0037128404,0.00020633308,3,6146,845
EAWL,-0.01180286,0.00017543545,3,6146,845
NKGR,-0.009787269,0.00031780035,3,6146,845
AYGR,0.0511282,0.0,3,6146,845
EPRK,-0.0075184777,0.00023631314,3,6146,845
LHGC,0.14723235,0.26967207,3,6146,845
NWPL,0.039717488,0.0,3,6146,845
IMLK,-0.012626834,0.0004937255,3,6146,845
QHGW,0.0684145,0.05209757,3,6146,845
IWGG,0.09395581,0.09722884,3,6146,845
VLSW,2.079457e-05,0.00029042686,3,6146,845
WFKG,0.0062673613,0.0005910634,3,6146,845
FECL,-0.01870317,0.00019068024,3,6146,845
KHML,0.008664422,0.00018556125,3,6146,845
FENC,0.04440003,0.0,3,6146,845
NKVN,0.035083108,0.0003115339,3,6146,845
TPNK,-0.015463062,0.0,3,6146,845
THGS,0.14848691,0.053412132,3,6146,845
LVAE,0.06652289,0.00046284051,3,6146,845
DVGY,-0.0243823,0.00053170446,3,6146,845
TMWK,-0.03258104,0.0,3,6146,845
IGIL,-0.010279365,0.0006390285,3,6146,845
TDNL,-0.012761302,0.0011059452,3,6146,845
AVGL,0.038102917,0.020773046,3,6146,845
THKQ,0.032867722,0.0,3,6146,845
AGKL,-0.034639545,0.0019603472,3,6146,845
MHHE,-0.021716304,0.0,3,6146,845
CDVH,-0.009051509,0.00080899615,3,6146,845
LTQL,0.019233517,6.3124724e-05,3,6146,845
WVNE,0.05848246,0.00034998267,3,6146,845
SDCR,-0.009264179,6.727157e-05,3,6146,845
AYGL,0.13917142,0.20655155,3,6146,845
CHGV,0.15518123,0.21709582,3,6146,845
NWMV,-0.018712707,0.0009372418,3,6146,845
PHKL,-0.035834022,0.0,3,6146,845
WNTL,-0.0077130273,0.000255361,3,6146,845
MDTY,-0.041341968,0.0001553294,3,6146,845
FHQL,0.015952878,0.0,3,6146,845
NFDH,0.005849175,0.00097354344,3,6146,845
EAFL,-0.0027868226,0.00071329396,3,6146,845
KLCA,-0.014751621,0.139378,3,6146,845
WHHL,-0.0012170747,0.000713002,3,6146,845
KHRL,0.009710126,0.00018535394,3,6146,845
IWYL,0.0062430426,0.0012021145,3,6146,845
PHGG,-0.049822517,0.0019749023,3,6146,845
NINI,0.009527974,0.0,3,6146,845
NHDE,-0.0033232644,0.0,3,6146,845
QHRR,-0.019787975,0.00022397631,3,6146,845
NEMT,0.025517754,0.00037617187,3,6146,845
SHLL,0.02412682,0.00022960806,3,6146,845
NKMC,-0.00011462718,0.0,3,6146,845
ICGL,0.10618573,0.10464109,3,6146,845
GHSM,-0.06707687,0.00032149578,3,6146,845
MHCT,0.045832925,0.058224767,3,6146,845
QHGG,0.01429873,0.0067882845,3,6146,845
MSSL,0.0032694861,0.0012841476,3,6146,845
WLFF,0.017645173,0.0018729719,3,6146,845
PHYW,-0.012926288,0.0,3,6146,845
SDGK,-0.024485298,0.00038615413,3,6146,845
SHPT,-0.010408588,0.00024730436,3,6146,845
VVCL,0.04348927,0.003966228,3,6146,845
IWGW,0.11581593,0.10867114,3,6146,845
TFVI,-0.015952773,0.00019749023,3,6146,845
SNRS,0.057307057,0.00032372,3,6146,845
NPKP,0.009289078,0.00019891108,3,6146,845
WYWP,-0.019771762,0.0013103618,3,6146,845
CHWQ,-0.004161544,0.0011331408,3,6146,845
HGDN,0.006871991,0.0,3,6146,845
NMME,0.009384446,0.00022478565,3,6146,845
NRWT,0.009623818,0.00040759658,3,6146,845
DHAN,-0.038955398,0.0,3,6146,845
NGNL,0.0011137053,9.839376e-05,3,6146,845
RRGL,0.09550648,0.103942506,3,6146,845
NHKC,0.0036728904,0.0,3,6146,845
NIHR,0.011210255,0.00016655798,3,6146,845
NALR,-0.019765086,0.00022887943,3,6146,845
KHRL,0.009710126,0.00018535394,3,6146,845
PTTQ,0.043053918,0.00013755541,3,6146,845
NKGT,0.0106738135,0.0029582898,3,6146,845
CHCL,0.05035668,0.0011285156,3,6146,845
DDRG,-0.00056857616,0.0026756742,3,6146,845
SQWL,-0.015750594,0.00022709351,3,6146,845
NYMT,0.014527135,0.0,3,6146,845
SCTF,-0.008707821,0.0016655802,4,9219,1229
SEEC,-0.020838082,0.00021943364,4,9219,1229
CQML,-0.004867375,0.001115864,4,9219,1229
IWGC,0.18271154,0.3985512,4,9219,1229
CSTK,-0.019827425,0.0009534011,4,9219,1229
WSGK,0.01927346,0.0007775711,4,9219,1229
FVWY,0.0351395,0.00038400877,4,9219,1229
MHGN,0.064756334,0.08873991,4,9219,1229
NENK,0.009798229,0.0,4,9219,1229
INGI,0.091742456,0.048430048,4,9219,1229
EKGA,0.061484516,0.028365087,4,9219,1229
WAGH,0.04454273,0.007384277,4,9219,1229
RHYK,-0.030560791,0.0004495713,4,9219,1229
EWCK,-0.0071552396,0.0,4,9219,1229
NAGM,0.077375114,0.07625202,4,9219,1229
FFGY,0.084629476,0.0241008,4,9219,1229
NYKP,-0.0025056005,0.0,4,9219,1229
TFGL,0.15841645,0.26835787,4,9219,1229
NGKR,0.024462402,0.0010913934,4,9219,1229
NVTP,0.009493291,0.00027927916,4,9219,1229
KHWW,-0.01688248,0.00021770572,4,9219,1229
NCLK,0.01467818,0.00081319513,4,9219,1229
QMGW,-0.020211995,0.0003604105,4,9219,1229
AWND,-0.038403213,0.019923773,4,9219,1229
NGPF,-0.002671063,0.0001291992,4,9219,1229
VPGI,0.03889221,0.008045299,4,9219,1229
NKWK,-0.004613459,0.0,4,9219,1229
WFKE,-0.0017943978,0.00023136927,4,9219,1229
GHPL,-0.038828194,0.00029729717,4,9219,1229
AMTW,-0.024019778,0.0,4,9219,1229
TDKL,-0.006673634,0.0,4,9219,1229
NMPH,-0.0027318597,0.0,4,9219,1229
NELM,0.004043281,0.00028212892,4,9219,1229
KRQL,-0.0027051568,0.0003045749,4,9219,1229
ADWR,-0.039520323,0.0004299544,4,9219,1229
KMEH,-0.00595361,0.00033615358,4,9219,1229
KGCD,-0.0126648545,0.0,4,9219,1229
RHPG,-0.02351576,0.00027927916,4,9219,1229
NDTI,0.007450044,0.0,4,9219,1229
IHVV,0.017158687,0.003770268,4,9219,1229
NDTD,0.0056914687,0.0009886781,4,9219,1229
KSRL,-0.0012179017,0.00018405152,4,9219,1229
NRWI,-0.0039673448,0.0004189187,4,9219,1229
KHPL,-0.0013933778,0.00043541152,4,9219,1229
DFRE,-0.014500201,0.00074726035,4,9219,1229
QYGR,0.0024291873,0.00049007917,4,9219,1229
WHDC,0.022888124,0.00084294606,4,9219,1229
GVGI,-0.026561797,0.0004668625,4,9219,1229
NTGA,0.0032963157,0.0008623864,4,9219,1229
NCEV,0.0026058555,0.0006743568,4,9219,1229
NSVW,-0.00024563074,0.00032000733,4,9219,1229
NWGM,0.19583648,0.30882117,4,9219,1229
KVMW,-0.01795441,0.00020726114,4,9219,1229
PTAQ,0.003277719,0.00016311879,4,9219,1229
WHGG,0.094507635,0.08647138,4,9219,1229
HHTH,-3.439188e-05,0.0002003524,4,9219,1229
NSCL,-0.002774775,0.0012413671,4,9219,1229
SINQ,-0.00013762712,0.00026756737,4,9219,1229
YPWH,-0.014140904,0.00013721405,4,9219,1229
VESW,0.01669544,0.00025365717,4,9219,1229
YWIL,0.007651508,0.00035599098,4,9219,1229
SFIP,-0.008639872,0.00037062506,4,9219,1229
MNAL,0.04155439,0.047505066,4,9219,1229
NCRW,0.0025318265,0.0,4,9219,1229
PYHN,-0.0070081353,0.0,4,9219,1229
KECA,0.0521695,0.11356446,4,9219,1229
RHQR,-0.039844334,0.00018031716,4,9219,1229
DVGF,0.00089377165,0.006270824,4,9219,1229
RHGW,0.06623715,0.07029055,4,9219,1229
EGGK,-0.01605159,0.00045971596,4,9219,1229
CDGD,-0.005124867,0.0030219858,4,9219,1229
ENGT,0.03630179,0.004285129,4,9219,1229
NKFK,-0.0005674958,0.0008463867,4,9219,1229
WKHF,-0.0015462041,0.000110153866,4,9219,1229
HHYE,0.0068213344,0.0,4,9219,1229
NGWL,0.0092381835,0.00025365717,4,9219,1229
DHGC,0.07247704,0.06032429,4,9219,1229
NIWT,0.018945396,0.0003857949,4,9219,1229
PPEL,-0.008446991,0.0,4,9219,1229
KSFL,-0.0044518113,0.0006931412,4,9219,1229
NSCL,-0.002774775,0.0012413671,4,9219,1229
QDGS,0.0042080283,0.0062330505,4,9219,1229
WHGG,0.094507635,0.08647138,4,9219,1229
KHWH,-0.020726025,0.00014785361,4,9219,1229
HKDL,-0.013513386,0.00021943364,4,9219,1229
ATGF,0.03695029,0.077416174,4,9219,1229
FHGW,0.17018169,0.086895704,4,9219,1229
MFGG,0.03417033,0.02477652,4,9219,1229
EVSL,0.00505656,0.00078705937,4,9219,1229
HHGR,0.008540094,0.00053734094,4,9219,1229
QGML,-0.008195221,0.00022107853,4,9219,1229
LHQL,-0.0037005544,0.0,4,9219,1229
NNNA,-0.021611273,0.00019470864,4,9219,1229
IDGL,0.040968835,0.022036782,4,9219,1229
CFKL,-0.0026600957,0.0006563473,4,9219,1229
RHSL,0.016492307,0.00022837525,4,9219,1229
NRRF,0.0023581386,0.0,4,9219,1229
HHKN,-0.007813752,0.0,4,9219,1229
YTRI,-0.0038965344,0.0001178209,4,9219,1229
EYYT,-0.05073005,0.0,4,9219,1229
PIGL,0.004847467,0.0021366794,4,9219,1229
YVLF,0.00806731,0.0016895409,4,9219,1229
PYHN,-0.0070081353,0.0,4,9219,1229
NAGC,0.012770832,0.05449751,4,9219,1229
NGDD,0.0140990615,0.015332359,4,9219,1229
YHSY,-0.012152255,0.0003021708,4,9219,1229
NRYR,0.004677713,0.0002003524,4,9219,1229
WHRY,-0.016937792,0.00029634114,4,9219,1229
LSPL,-0.0067108274,0.0003093947,4,9219,1229
EHQQ,-0.005393803,0.0,4,9219,1229
LPWG,0.008484304,0.00023040529,4,9219,1229
NQHS,0.003629148,0.0,4,9219,1229
GHCT,-0.017555535,0.0014551912,4,9219,1229
TAVI,-0.0092974305,0.0010433446,4,9219,1229
NTTA,-0.025834858,0.00013928777,4,9219,1229
DESR,0.0078911185,0.0012379985,4,9219,1229
DFGY,0.0035206676,0.00027240027,4,9219,1229
QIGL,0.044903696,0.04560494,4,9219,1229
STGI,0.023390234,0.0035080502,4,9219,1229
IGPW,-0.023159087,0.00023631314,4,9219,1229
NLEK,0.017661631,0.00020181481,4,9219,1229
PADK,-0.01661712,0.0,4,9219,1229
MHNF,0.008411109,0.00031780035,4,9219,1229
ILCR,0.009238899,0.0007554272,4,9219,1229
NCTL,-0.010209143,0.00085511233,4,9219,1229
QFIL,-0.009689391,0.0003233758,4,9219,1229
NSMF,-0.0060554147,0.0,4,9219,1229
AGWL,0.0034658313,0.0012288281,4,9219,1229
HQGL,0.018309295,0.021437395,4,9219,1229
QLGW,-0.025648892,0.00026988905,4,9219,1229
NEYL,0.002649963,0.0003753208,4,9219,1229
PSKL,0.0057818294,0.00040153612,4,9219,1229
IMIE,0.009930074,0.0001380131,4,9219,1229
SHLM,0.02116102,0.00032759045,4,9219,1229
NGKR,0.024462402,0.0010913934,4,9219,1229
GRAL,-0.016945899,0.0003547372,4,9219,1229
NKFK,-0.0005674958,0.0008463867,4,9219,1229
YNEL,-0.003858626,5.9204758e-05,4,9219,1229
NSGW,0.024815738,0.00060269504,4,9219,1229
PCWF,-0.019762576,0.0016263901,4,9219,1229
DSWL,-0.006556809,0.00048506376,4,9219,1229
STEN,-0.0009248853,0.00025135124,4,9219,1229
SYAY,-7.2300434e-05,0.000433704,4,9219,1229
WSGK,0.01927346,0.0007775711,4,9219,1229
VHTF,0.01039952,0.0,4,9219,1229
LSWT,0.03535241,0.0023420018,4,9219,1229
CRID,0.0047509074,0.0042736363,4,9219,1229
KFAP,-0.025336802,0.00016605784,4,9219,1229
YWGS,0.148323,0.22147557,4,9219,1229
NHIE,0.01176852,0.0,4,9219,1229
EGRQ,0.012439668,0.00032866135,4,9219,1229
WVAL,0.03162092,0.012746665,4,9219,1229
CYFR,-0.007992804,0.0011410547,4,9219,1229
WHKH,0.005166471,0.00017389082,4,9219,1229
DWCD,-0.0105243325,0.0013611551,4,9219,1229
AQGF,0.008900106,0.08391696,4,9219,1229
TTGL,0.068268955,0.052146424,4,9219,1229
QATT,-0.008584321,0.00033632395,4,9219,1229
PNGI,-0.012828171,0.001010655,4,9219,1229
KWVV,-0.008994877,0.0004310477,4,9219,1229
NIDL,-0.012037098,0.00013893783,4,9219,1229
QQGH,0.0018889308,0.0011410547,4,9219,1229
WDTF,-0.013971388,0.00026542688,4,9219,1229
YSYY,-0.017714083,0.00030466812,4,9219,1229
QDNS,-0.02086693,0.0004916993,4,9219,1229
DWNL,0.023518741,0.0009534011,4,9219,1229
KDVL,-0.014177382,0.00029709743,4,9219,1229
PCGQ,-0.02506429,0.0011115029,4,9219,1229
RLTL,-0.011587918,0.00015001974,4,9219,1229
WLTD,0.012613952,0.0015799218,4,9219,1229
FRHL,-0.033835948,0.00013292608,4,9219,1229
IWLH,0.0032460093,0.052466765,4,9219,1229
ICGI,0.08252853,0.061347798,4,9219,1229
NFTY,-0.00092083216,0.0,4,9219,1229
EVYS,0.0062631965,0.000688756,4,9219,1229
KRQL,-0.0027051568,0.0003045749,4,9219,1229
EWRP,-0.019910514,0.00025600588,4,9219,1229
MFAP,-0.0135727525,0.00073628133,4,9219,1229
NIYP,0.019578636,0.0,4,9219,1229
HNFI,0.002772987,0.001049948,4,9219,1229
YVTD,0.00019806623,0.0,4,9219,1229
LWGV,0.19780105,0.40814328,4,9219,1229
YHPF,0.0011128783,0.0,4,9219,1229
DISY,0.011859477,0.00036864838,4,9219,1229
QHAL,0.0045856833,0.002901184,4,9219,1229
LQAR,0.02822274,0.00021391588,4,9219,1229
SLCV,0.02167672,0.0011687031,4,9219,1229
WHNL,-0.008561671,0.0003390579,4,9219,1229
NRSL,-0.003074944,0.00026061264,4,9219,1229
LHQY,-0.04573995,0.0,4,9219,1229
HNVL,0.004852712,0.00037997312,4,9219,1229
ETGL,0.08076209,0.051350523,4,9219,1229
MVSD,-0.015564501,0.0014062183,4,9219,1229
TDAL,0.0104081035,0.008258683,4,9219,1229
QFLG,-0.02075702,0.09465765,4,9219,1229
LHKI,0.0052766204,0.00045325622,4,9219,1229
KGCD,-0.0126648545,0.0,4,9219,1229
FEEC,0.0038565993,0.0,4,9219,1229
FVGK,0.12307447,0.0007843584,4,9219,1229
ELAL,-0.022190154,0.0009644872,4,9219,1229
SQML,-0.015704453,0.00035266113,4,9219,1229
SGCR,-0.0055704713,0.00036810304,4,9219,1229
YVYE,0.009723842,0.00034821953,4,9219,1229
NKGH,0.0033842921,0.00055297266,4,9219,1229
SEEC,-0.020838082,0.00021943364,4,9219,1229
LHGH,0.11181778,0.0060836882,4,9219,1229
RCYW,-0.033657372,0.0004808458,4,9219,1229
PWGG,0.025838792,0.00076801755,4,9219,1229
WHPL,0.00784868,0.00023190836,4,9219,1229
NYLH,-0.009105504,0.00025135124,4,9219,1229
NSPD,0.0026165843,0.002361912,4,9219,1229
HQVF,-0.002119124,0.00032527806,4,9219,1229
WVCI,0.010289133,0.12751885,4,9219,1229
NFRR,-0.004825175,0.00038294503,4,9219,1229
YMDL,-0.056108296,0.00022417807,4,9219,1229
HHGC,0.121691644,0.18333852,4,9219,1229
TNPV,0.0200786,0.0,4,9219,1229
KSGP,0.004321754,0.0006529919,4,9219,1229
RMMT,-0.02428776,0.00041915395,4,9219,1229
DHGV,0.041644752,0.023962148,4,9219,1229
CRMT,0.018066585,0.028121836,4,9219,1229
GKGA,-0.006689608,0.0011913972,4,9219,1229
HHDF,-0.012321293,0.0,4,9219,1229
VGGS,0.07500023,0.0108918855,4,9219,1229
NYMS,-0.006436646,0.00034998267,4,9219,1229
RCGY,-0.014440358,0.0024327054,4,9219,1229
TLTR,-0.010537922,0.00043541152,4,9219,1229
FEPR,0.012360513,0.0,4,9219,1229
YAHL,0.008544624,0.00014706719,4,9219,1229
KPMK,-0.025474846,0.0,4,9219,1229
VHLS,0.06005472,0.0028651434,4,9219,1229
MWVD,-0.012630761,0.0,4,9219,1229
QQVL,0.0023970008,0.0002628197,4,9219,1229
SLKC,-0.0027864575,0.00076565443,4,9219,1229
VQVV,-0.00057679415,0.00034998267,4,9219,1229
HTVE,-0.009510577,0.0001035529,4,9219,1229
GHWH,-0.026621401,0.0,4,9219,1229
PCGQ,-0.02506429,0.0011115029,4,9219,1229
NSSK,0.014596403,0.00011969105,4,9219,1229
NENK,0.009798229,0.0,4,9219,1229
WNVL,0.019163072,0.0005758488,4,9219,1229
AWVH,-0.013865292,0.0,4,9219,1229
NPQI,-0.011797965,0.00064299145,4,9219,1229
GTRG,-0.017041028,0.00020788446,4,9219,1229
QQVN,0.0118018985,0.00030663915,4,9219,1229
NNGN,0.010175645,0.002018789,4,9219,1229
INGQ,0.037729442,0.021699362,4,9219,1229
CHLT,0.031621635,0.0993036,4,9219,1229
HKGV,0.06908435,0.022397535,4,9219,1229
GHGC,0.029016674,0.030508835,4,9219,1229
SLCC,0.025539339,0.01552577,4,9219,1229
MWFD,0.002987802,0.007540536,4,9219,1229
MRGD,-0.004658282,0.0060105724,4,9219,1229
NIFG,0.017097652,0.024172803,4,9219,1229
NGGY,-0.015890658,0.00031418898,4,9219,1229
EHLS,0.0039135814,0.031153388,4,9219,1229
YNRK,-0.011519253,0.00021656894,4,9219,1229
AHGI,0.04333681,0.019141361,4,9219,1229
KHMK,-0.036739647,0.00024686282,4,9219,1229
YIGV,0.11604923,0.07052599,4,9219,1229
QHIL,0.0012912154,0.00022060078,4,9219,1229
RLSW,-0.0031357408,0.00011477221,4,9219,1229
NPPC,-0.028981268,0.0,4,9219,1229
YPRP,-0.024978697,0.00023741218,4,9219,1229
RDWD,-0.036743462,0.0,4,9219,1229
AYVR,-0.039421618,0.0,4,9219,1229
LKTM,0.0403623,0.00014785361,4,9219,1229
VHKL,0.014733493,0.0,4,9219,1229
QYGR,0.0024291873,0.00049007917,4,9219,1229
VVNE,-0.011138499,0.0,4,9219,1229
DFCA,0.010511577,0.001855613,4,9219,1229
SLSW,-0.016140044,0.00014318293,4,9219,1229
PMYK,0.009411752,0.00024467814,4,9219,1229
RWIK,-0.021290839,0.00031963733,4,9219,1229
ILCR,0.009238899,0.0007554272,4,9219,1229
KHAP,-0.04910308,0.00015890023,4,9219,1229
PGGL,-0.026608765,0.0008043238,4,9219,1229
TSMF,-0.014193833,0.0,4,9219,1229
WLWM,0.024779022,0.00031019404,4,9219,1229
MQDL,-0.017474473,0.00024042286,4,9219,1229
GFIL,-0.021576226,0.00014577486,4,9219,1229
PWYT,-0.003261149,0.00013755541,4,9219,1229
RSQL,0.00042194128,0.00029663258,4,9219,1229
VPCC,0.00069874525,0.022583233,4,9219,1229
EIGF,0.0187096,0.038078364,4,9219,1229
NCFY,0.01079458,0.0,4,9219,1229
NITR,0.014429152,9.340752e-05,4,9219,1229
LHPK,-0.016960919,0.0009114933,4,9219,1229
PAWG,0.006380737,0.00024908676,4,9219,1229
EWLL,0.012273133,0.00126497,4,9219,1229
CLVH,0.016019762,0.00081131124,4,9219,1229
KSSW,0.00071805716,0.00022631898,4,9219,1229
CTGC,0.12004632,0.06125182,4,9219,1229
WSRY,-0.00089389086,0.00028773415,4,9219,1229
THSC,0.03427738,0.0,4,9219,1229
WNMQ,-0.0091920495,0.0004007048,4,9219,1229
YVNF,-0.010782301,0.00018249924,4,9219,1229
KRAV,0.007185638,0.00030072092,4,9219,1229
VATV,-0.0021105409,0.00086401973,4,9219,1229
EAHI,-0.0147791505,0.0,4,9219,1229
GHCT,-0.017555535,0.0014551912,4,9219,1229
THGN,0.057929456,0.07995686,4,9219,1229
MNLD,0.009819925,0.0055297264,4,9219,1229
NDDL,-0.006151259,0.0,4,9219,1229
NCML,-0.0016492009,0.0,4,9219,1229
IHPL,0.01608938,0.00020255413,4,9219,1229
DYKR,-0.02507931,0.0009534011,4,9219,1229
HHSL,-0.0050669312,0.00062647957,4,9219,1229
WHWD,0.009935319,0.0031004439,4,9219,1229
CSIK,-0.023156464,0.0009107784,4,9219,1229
CDWQ,-0.036825955,0.0009372418,4,9219,1229
NSMF,-0.0060554147,0.0,4,9219,1229
NCLN,0.010703504,0.0,4,9219,1229
YLAF,-0.004342854,0.00074339646,4,9219,1229
EPAS,-0.014984906,0.00024759973,4,9219,1229
AHWQ,-0.033429205,0.005508302,4,9219,1229
PHVQ,0.0067867637,0.0004147295,4,9219,1229
IAGT,0.12597817,0.15120345,4,9219,1229
VDAP,-0.006015837,0.0017137581,4,9219,1229
INMM,0.024039447,0.00074726035,4,9219,1229
NCQK,0.0063920617,0.00256115,4,9219,1229
GYWF,-0.027875245,0.0,4,9219,1229
NEPL,-0.013549864,0.0,4,9219,1229
PVGY,0.0049144626,0.00017425609,4,9219,1229
DPQL,-0.022028029,0.0,4,9219,1229
AEKG,-0.010466635,0.0025155656,4,9219,1229
VYHP,-0.019094765,0.000946871,4,9219,1229
HMQL,-0.018680394,0.00042373384,4,9219,1229
NAEL,0.00273484,7.637741e-05,4,9219,1229
NWSL,0.036306202,0.00040960938,4,9219,1229
NNVS,0.024671495,0.0002938502,4,9219,1229
NQNF,-0.0027344823,0.0,4,9219,1229
CHQV,0.042079628,0.00061441405,4,9219,1229
HINA,0.051872194,0.000977477,4,9219,1229
WFAA,0.09970087,0.2207073,4,9219,1229
ENGP,0.018653333,0.0003116137,4,9219,1229
AEED,-0.004660189,0.03594402,4,9219,1229
QNGA,0.055015504,0.030827794,4,9219,1229
QHRY,-0.018996298,0.00026791307,4,9219,1229
LHKF,0.010389984,0.00043200987,4,9219,1229
NGAS,-0.0013213754,0.00014092066,4,9219,1229
CHWF,0.01974696,0.000942567,4,9219,1229
ETNK,-0.010026753,0.0004253636,4,9219,1229
YKWQ,-0.025318682,0.00058826874,4,9219,1229
EVYL,-0.00018626451,0.0001382432,4,9219,1229
DHGV,0.041644752,0.023962148,4,9219,1229
WEWF,0.016904533,0.0007975567,4,9219,1229
ASAS,0.02980417,0.0023255858,4,9219,1229
WNGG,0.0737986,0.034045517,4,9219,1229
AYVR,-0.039421618,0.0,4,9219,1229
DQYE,0.007138431,0.0013952195,4,9219,1229
MFAP,-0.0135727525,0.00073628133,4,9219,1229
NIYK,0.014115512,0.0014945206,4,9219,1229
NMLF,-0.011907399,0.00022944919,4,9219,1229
NLNL,-0.023697674,0.0006082699,4,9219,1229
MLAL,-0.00041681528,0.0098940795,4,9219,1229
NTGT,0.014678657,0.0017057628,4,9219,1229
AQGM,0.061284482,0.08345725,4,9219,1229
RRFF,-0.0068498254,0.00033311607,4,9219,1229
NYML,0.020249069,0.00041266615,4,9219,1229
PHNT,-0.0031433702,0.0,4,9219,1229
KHMG,-0.0327428,0.022212103,4,9219,1229
NYCL,0.02742523,0.0013653645,4,9219,1229
NWDC,-0.00087219477,0.002633203,4,9219,1229
KHIK,-0.018826306,0.00028212892,4,9219,1229
NGNR,0.0062438846,0.00040960938,4,9219,1229
NHSC,0.010345161,0.0012426352,4,9219,1229
NSEN,0.0018393397,0.0,4,9219,1229
MGVL,-0.0029738545,0.0004279974,4,9219,1229
NKYL,-0.0049605966,0.0,4,9219,1229
EQGI,0.017877758,0.020810798,4,9219,1229
HWGT,0.03888148,0.08164172,4,9219,1229
DINT,-0.0049162507,0.0,4,9219,1229
HCGC,0.04273957,0.08167131,4,9219,1229
MDGS,0.0641126,0.0378244,4,9219,1229
NERI,-0.008003056,0.000107165295,4,9219,1229
EKGP,0.022876441,0.0005244208,4,9219,1229
LENL,-0.0033941865,0.00038601927,4,9219,1229
IDTL,-0.024190247,0.0005657009,4,9219,1229
IMGR,0.015388429,0.0003808352,4,9219,1229
SECL,-0.014899313,0.00078714965,4,9219,1229
NERL,-0.017163575,0.0003326707,4,9219,1229
PQVP,0.009270847,0.00019938922,4,9219,1229
WNCL,0.013053119,0.020412246,4,9219,1229
IGML,-0.003617853,0.00088052975,5,12292,1613
LFGQ,0.07176874,0.06260452,5,12292,1613
WDNL,-0.017398126,0.00045295924,5,12292,1613
NVLN,0.011818655,0.00028688597,5,12292,1613
IHNY,-0.0031024143,0.00025365717,5,12292,1613
GQGA,-0.006913595,0.0008378374,5,12292,1613
WYMS,0.063595824,0.054646708,5,12292,1613
SIRL,-0.012071557,0.00018715227,5,12292,1613
ECGM,0.08775296,0.11626604,5,12292,1613
WHQL,-0.0005891995,0.00022225587,5,12292,1613
YWTL,0.008923419,0.00012980576,5,12292,1613
LHPG,0.0133527145,0.0012406438,5,12292,1613
NMQL,-0.0013265909,0.0,5,12292,1613
NETL,-0.004388027,9.185594e-05,5,12292,1613
DYWR,-0.008050129,0.0,5,12292,1613
DDKL,0.004189968,0.0,5,12292,1613
SQGI,0.008311488,0.004248758,5,12292,1613
CQKL,-0.004449211,0.00054213003,5,12292,1613
EVKF,0.003670141,0.0,5,12292,1613
DKCD,0.0072559044,0.0006817035,5,12292,1613
PRVM,-0.0021585748,0.00025961152,5,12292,1613
IHEL,0.017320164,0.00047835003,5,12292,1613
MFGT,0.07486032,0.06973272,5,12292,1613
YNFE,0.0005282386,0.0004739765,5,12292,1613
FHQQ,0.023099102,0.0,5,12292,1613
GYHP,-0.014719747,0.0009874512,5,12292,1613
ADEP,-0.002148375,0.0,5,12292,1613
NCPW,-0.0023687035,0.0,5,12292,1613
RSYA,0.025800548,0.013601976,5,12292,1613
EKIA,0.023134485,0.0006826823,5,12292,1613
QFRD,0.009233192,0.002897704,5,12292,1613
STEC,-0.00077041995,0.0007788347,5,12292,1613
NYVV,-0.0010096804,0.0004036297,5,12292,1613
KVRR,0.00079452235,0.0002100297,5,12292,1613
LKAL,0.01950679,0.043495342,5,12292,1613
LHGS,0.1763938,0.14045201,5,12292,1613
EGKL,0.008316249,0.00014864853,5,12292,1613
FAEL,0.0017337574,0.0,5,12292,1613
CDCA,0.050240822,0.051357165,5,12292,1613
NRQL,0.0010105519,0.00019608955,5,12292,1613
CTGY,0.030468859,0.00568333,5,12292,1613
PDGP,-0.013827525,0.0002757968,5,12292,1613
MESC,0.010434963,0.006871736,5,12292,1613
GASL,-0.0028396323,9.340752e-05,5,12292,1613
QDSE,-0.0035708174,0.00033311607,5,12292,1613
EKRP,-0.0011591838,0.00035767956,5,12292,1613
NAYR,-0.0017193333,0.00011969105,5,12292,1613
LGGW,0.011040859,0.0020974826,5,12292,1613
LSAL,0.029072352,0.04199175,5,12292,1613
TILL,0.019342516,0.0004065975,5,12292,1613
HDPC,-0.0042762086,0.0008378374,5,12292,1613
LHKG,0.006925367,0.00031780035,5,12292,1613
FPQI,-8.987647e-05,0.0,5,12292,1613
MATS,0.0027865097,0.0010263993,5,12292,1613
NVVC,0.0037971288,0.00059550896,5,12292,1613
KPQC,-0.004802458,0.0,5,12292,1613
KAGL,0.063196406,0.08455555,5,12292,1613
CWDT,-0.0039743856,0.00070442376,5,12292,1613
CHTS,0.026661806,0.0012073639,5,12292,1613
IHPN,0.004164703,0.0010634089,5,12292,1613
ADMT,0.013064057,0.0103436345,5,12292,1613
NSGQ,-0.0033285543,0.0011979477,5,12292,1613
DDNL,0.0017681791,0.0,5,12292,1613
TPSG,-0.0038693026,0.00028800662,5,12292,1613
LHGS,0.1763938,0.14045201,5,12292,1613
NESM,0.00020392973,0.00059587567,5,12292,1613
AHGM,0.13570794,0.33681062,5,12292,1613
WHSF,0.00045544642,0.0005488562,5,12292,1613
QCLF,0.016224168,0.00218885,5,12292,1613
NDIL,-0.0020413026,0.00028212892,5,12292,1613
SFVF,-0.00758218,0.0002877069,5,12292,1613
VPGW,0.004639223,0.00043200987,5,12292,1613
EHWF,-0.00068373245,0.0,5,12292,1613
YCGY,0.030253477,0.020923289,5,12292,1613
KFEQ,0.00528647,0.0,5,12292,1613
NAKK,0.004386626,0.0,5,12292,1613
NAKK,0.004386626,0.0,5,12292,1613
GECY,0.008184798,0.0,5,12292,1613
EYET,-0.017616019,0.0,5,12292,1613
QCET,-0.0065638497,0.0005933183,5,12292,1613
NWER,-0.026872389,0.0,5,12292,1613
CHCR,0.0006491615,0.0005283178,5,12292,1613
KRHL,0.001344338,0.00026114416,5,12292,1613
PLNL,-0.0048137456,0.00018918907,5,12292,1613
PHAL,-0.014987029,0.00026585226,5,12292,1613
FMEC,0.030632563,0.0,5,12292,1613
EHFN,-0.00056898606,0.0032149572,5,12292,1613
LDVH,-0.014386997,0.00045449802,5,12292,1613
NHIQ,0.0021561757,0.0,5,12292,1613
CCGT,0.056192502,0.010437956,5,12292,1613
CHGR,0.07663173,0.0015398372,5,12292,1613
LHQV,0.045886494,0.00033311607,5,12292,1613
ADGH,0.001438625,0.003317836,5,12292,1613
RHRK,-0.006654814,0.0006010572,5,12292,1613
TEYL,-0.002650112,0.0,5,12292,1613
KERK,0.0044382215,0.000262487,5,12292,1613
NHSR,-0.00646808,9.909909e-05,5,12292,1613
NHAG,-0.004704319,0.0005120117,5,12292,1613
RVGV,0.04040304,0.077186145,5,12292,1613
WPRY,0.0022154972,0.00013604549,5,12292,1613
LAQL,0.009026445,0.00041164216,5,12292,1613
NKDT,-0.0013665782,0.0003027222,5,12292,1613
LHNT,0.035425298,0.0009971638,5,12292,1613
WIGW,0.058247976,0.036567952,5,12292,1613
YHGG,0.1106411,0.03469959,5,12292,1613
TAGS,0.016293183,0.030569263,5,12292,1613
EHKI,0.0003151669,0.0014262904,5,12292,1613
NWPR,-0.026309185,0.0006505561,5,12292,1613
NSVA,0.019723468,0.00018581071,5,12292,1613
VHWA,0.056486003,0.0032316584,5,12292,1613
EVWM,0.005066626,0.0,5,12292,1613
KCFL,-0.0017285348,0.0021052258,5,12292,1613
NGMK,0.0049041286,0.00021268176,5,12292,1613
AYRN,0.0113522485,0.0,5,12292,1613
EDGL,0.051473796,0.020001138,5,12292,1613
FEGY,0.018565528,0.0021685201,5,12292,1613
CHSH,0.0080182925,0.00084351754,5,12292,1613
PHPK,0.002663143,0.0,5,12292,1613
NTDP,-0.00326135,0.00035829764,5,12292,1613
AHDN,0.003822349,0.0025282989,5,12292,1613
NDWV,-0.00087319326,0.00014034839,5,12292,1613
NGMK,0.0049041286,0.00021268176,5,12292,1613
VHTR,-0.011335634,0.0003358133,5,12292,1613
WKNL,-0.0066567883,0.00024314129,5,12292,1613
YQMI,0.0006249993,0.0069792666,5,12292,1613
ILGC,0.14753255,0.07794023,5,12292,1613
DTGA,-0.0066520795,0.0007540536,5,12292,1613
WESC,0.0008732452,0.001223219,5,12292,1613
RPPD,-0.0015828126,0.005027024,5,12292,1613
GPIR,-0.006299682,0.0,5,12292,1613
NLTA,0.010650538,8.847566e-05,5,12292,1613
LAGG,0.058413945,0.030405143,5,12292,1613
NTNA,-0.0032715127,0.00012567556,5,12292,1613
RHGY,0.026433744,0.00536014,5,12292,1613
LCGV,0.18925282,0.14468522,5,12292,1613
NCWN,-0.00048617285,0.0048791706,5,12292,1613
MNFW,0.007292308,0.00029729717,5,12292,1613
NYVS,0.0029434115,0.00040745354,5,12292,1613
IRWT,0.023044392,0.0011869363,5,12292,1613
THTM,0.0016543939,0.0,5,12292,1613
NIDW,-0.0016473905,0.0,5,12292,1613
RPGW,0.004961081,0.0007029313,5,12292,1613
NQPL,-0.008804418,0.00044594568,5,12292,1613
TLTA,0.015145719,0.0008463867,5,12292,1613
GGGI,-0.018650956,0.00020230708,5,12292,1613
HHSD,0.0054618046,0.0039254525,5,12292,1613
NSGA,0.011451341,0.0022763882,5,12292,1613
DPVL,-0.003873676,0.0004253636,5,12292,1613
IQHI,-0.005330123,0.0,5,12292,1613
ARPH,0.003605619,0.0017837827,5,12292,1613
DWID,0.006249517,0.0033404673,5,12292,1613
EGSR,-0.0071706697,0.00014684405,5,12292,1613
VWGL,0.25165623,0.36913234,5,12292,1613
PEPL,-0.0007646383,0.0006467516,5,12292,1613
CIGY,0.03369064,0.010493913,5,12292,1613
GHPF,-0.0061379448,0.0,5,12292,1613
NVGH,0.0024194568,0.0012768463,5,12292,1613
MFPP,-0.016113348,0.0001809071,5,12292,1613
YTRG,0.0110423565,0.0006813881,5,12292,1613
FDET,0.045678757,0.0004253636,5,12292,1613
NNVL,0.002118677,0.0002493676,5,12292,1613
PYGE,-0.007119529,0.0006312473,5,12292,1613
YPCV,0.018388823,0.0006826823,5,12292,1613
QMTD,0.0008463486,0.002121864,5,12292,1613
MHEL,0.0069930926,0.00014325717,5,12292,1613
FFGL,0.11597666,0.17814705,5,12292,1613
ETGA,0.01881329,0.010464035,5,12292,1613
CWND,0.0019956604,0.005761889,5,12292,1613
NHAY,-0.015241973,0.00024908676,5,12292,1613
LVNR,-0.0039268807,0.0003250767,5,12292,1613
KDRH,-0.0026670396,0.00024943246,5,12292,1613
MAGG,0.01563064,0.014270262,5,12292,1613
PNGQ,0.0063720867,0.00045009406,5,12292,1613
SHQK,-0.0058655366,0.0,5,12292,1613
NDNQ,0.0026023984,0.0004937255,5,12292,1613
FWPA,0.10125355,0.00064299145,5,12292,1613
PHYE,0.007613376,0.0,5,12292,1613
MVGV,0.08964761,0.12997402,5,12292,1613
VWGL,0.25165623,0.36913234,5,12292,1613
EHWS,0.002764769,0.00028212892,5,12292,1613
DIGV,-0.0005566181,0.0019749023,5,12292,1613
KCGG,-0.009179659,0.003438172,5,12292,1613
PLMQ,0.008267544,0.0,5,12292,1613
IWGL,0.25880563,0.39512783,5,12292,1613
DAGK,-0.012797415,0.0,5,12292,1613
NAPP,-0.00067856174,0.00044811395,5,12292,1613
PSGK,-0.0108824,0.00035733293,5,12292,1613
NTGP,-0.010390058,0.0004065975,5,12292,1613
MCKH,-0.0061408356,0.00086401973,5,12292,1613
MLFV,0.011624515,0.021706602,5,12292,1613
LEYD,0.0012328475,0.0017766041,5,12292,1613
THTV,-0.009090401,0.0,5,12292,1613
NMIL,-0.0017271118,0.00034134116,5,12292,1613
QCWL,0.0006370096,0.0010316654,5,12292,1613
KCFL,-0.0017285348,0.0021052258,5,12292,1613
CKGF,0.08167534,0.05813302,5,12292,1613
WQYL,-0.0014473574,0.0005503519,5,12292,1613
AHQD,0.0008515342,0.14739415,5,12292,1613
LHKK,-0.009520926,0.0,5,12292,1613
MHHQ,-0.007846318,0.0,5,12292,1613
DHTI,-0.0037272498,0.0,5,12292,1613
NSVT,0.005635254,0.0002861437,5,12292,1613
SLEL,-0.005628206,0.00021088877,5,12292,1613
NPTN,0.0020921305,0.0005760131,5,12292,1613
SPGQ,-0.0039953813,0.00058716646,5,12292,1613
NIPT,0.0025290325,0.0,5,12292,1613
PLGM,0.020539805,0.00039652537,5,12292,1613
LFAS,0.061487556,0.054667816,5,12292,1613
VSQL,0.0016472636,0.00031658742,5,12292,1613
PHHP,-0.0041620955,0.00033717847,5,12292,1613
QRGA,0.040212594,0.04694785,5,12292,1613
KFTY,-0.0013630242,0.000307207,5,12292,1613
TPWY,-0.003798969,0.0,5,12292,1613
EPVC,-0.0083948225,0.00019470864,5,12292,1613
KHMH,0.0023637787,0.00019068024,5,12292,1613
DHTY,-0.009164184,0.0,5,12292,1613
NQPH,-0.0022377223,0.0004007048,5,12292,1613
KHCY,0.00036101777,0.00018189891,5,12292,1613
THYK,-0.003156148,0.0018858587,5,12292,1613
WMML,0.0059873685,0.001384714,5,12292,1613
CNGR,0.033909313,0.00064403645,5,12292,1613
SHNP,-0.010923289,0.00019539673,5,12292,1613
ANKW,0.008549079,0.00051851803,5,12292,1613
MLGP,-0.034140192,0.00039147143,5,12292,1613
DSNL,0.006706983,0.00029103828,5,12292,1613
NFIV,0.0002491473,0.00048506376,5,12292,1613
NMHL,-0.0037807822,0.0,5,12292,1613
YPCV,0.018388823,0.0006826823,5,12292,1613
TGFS,-0.0078016967,0.00021433049,5,12292,1613
CSIL,0.0006172507,0.0008709989,5,12292,1613
KINR,0.0019876733,0.0001933471,5,12292,1613
LFYH,-0.019069903,0.00043950137,5,12292,1613
MGRG,-0.0032083169,0.00015844488,5,12292,1613
LFAS,0.061487556,0.054667816,5,12292,1613
DHGD,0.0029233545,0.0019982294,5,12292,1613
EVYC,0.0027267858,0.0008014096,5,12292,1613
DVKL,0.00038375694,0.00023631314,5,12292,1613
QHAC,0.029908247,0.004489949,5,12292,1613
WWRA,0.0847675,0.025728129,5,12292,1613
NQSL,-0.009146087,0.00033392067,5,12292,1613
YNRD,0.01057183,0.0012111819,5,12292,1613
SQEE,0.003823027,0.0,5,12292,1613
PMMK,-0.003927402,0.0002003524,5,12292,1613
KLQA,0.046208855,0.00015620692,5,12292,1613
NCFL,-0.0008078442,0.00092162105,5,12292,1613
QEGM,0.09910122,0.061269652,5,12292,1613
QFGL,0.13654353,0.1514137,5,12292,1613
NQDD,0.009137388,0.024983691,5,12292,1613
YHNV,0.028644197,0.00043886717,5,12292,1613
KHMT,0.012125991,0.0022267355,5,12292,1613
PQGV,0.011477493,0.0011010517,5,12292,1613
FCGL,0.07245477,0.0829459,5,12292,1613
QFRD,0.009233192,0.002897704,5,12292,1613
LSMT,0.023521863,0.054235872,5,12292,1613
YHGI,0.06487057,0.030832885,5,12292,1613
CWEY,0.008683205,0.0,5,12292,1613
DKGY,-0.003928691,0.00019200434,5,12292,1613
HPVL,-0.005474642,0.00021047407,5,12292,1613
FHVW,-0.0057877526,0.0,5,12292,1613
CDVS,0.01084733,0.0007484502,5,12292,1613
CESF,0.011303335,0.0003698814,5,12292,1613
VYYY,-0.00043975573,0.00076272094,5,12292,1613
RQVI,0.004561357,0.0002277951,5,12292,1613
TFRL,0.06571419,0.0,5,12292,1613
HHSE,0.001987569,0.0,5,12292,1613
WDNL,-0.017398126,0.00045295924,5,12292,1613
HQMI,0.001574166,0.0011682521,5,12292,1613
FALK,-0.0029195547,0.00061899924,5,12292,1613
PMSP,-0.011134937,0.00036030458,5,12292,1613
NNFT,0.0031631142,0.0017208692,5,12292,1613
FCKF,0.00079575914,0.0016435273,5,12292,1613
YFGV,0.13683994,0.1428401,5,12292,1613
KKFN,0.0053098574,0.0,5,12292,1613
ADMT,0.013064057,0.0103436345,5,12292,1613
GKDL,-0.008159563,0.00018280085,5,12292,1613
TDTS,-0.017083302,0.0,5,12292,1613
NYYL,0.0009950771,0.00029729717,5,12292,1613
GSTL,-0.006474301,4.6390287e-05,5,12292,1613
YPCV,0.018388823,0.0006826823,5,12292,1613
TEYL,-0.002650112,0.0,5,12292,1613
EEWL,-0.0020526946,0.0,5,12292,1613
NEES,0.003862314,0.0,5,12292,1613
NCWF,0.00013445306,0.0,5,12292,1613
YNAQ,0.0073308423,0.00022662817,5,12292,1613
SAHE,-0.0076582953,0.00036864838,5,12292,1613
GHCI,-0.014917217,0.0,5,12292,1613
CMDM,0.010246396,0.00048224357,5,12292,1613
EHQR,0.0025778785,0.0,5,12292,1613
THWQ,-0.00092104834,0.0028651725,5,12292,1613
WNGK,-0.0055560097,0.0006192711,5,12292,1613
RSDM,0.011831246,0.00027627384,5,12292,1613
LYTF,0.02227822,0.00019002493,5,12292,1613
CHCW,0.0062982664,0.00021600493,5,12292,1613
QRRK,-0.0006648303,0.00023212473,5,12292,1613
EKGN,0.012972273,0.000784977,5,12292,1613
KKQM,0.023912467,0.0,5,12292,1613
WAGP,0.009278901,0.0023312399,5,12292,1613
HNFL,0.0009533464,0.00026756737,5,12292,1613
LIAV,0.057802767,0.03494399,5,12292,1613
NFWW,-0.015530735,0.0012021145,5,12292,1613
WWLW,0.019279204,0.0018336917,5,12292,1613
RSVL,0.0029102191,0.00024692577,5,12292,1613
FHYN,0.025176369,0.0,5,12292,1613
NWVM,0.056296043,0.00024908676,5,12292,1613
DHKH,0.0022591501,0.0,5,12292,1613
QYVR,-0.0014358462,0.00036755932,5,12292,1613
AYGE,0.014202267,0.013824316,5,12292,1613
THFE,-0.001527913,0.0,5,12292,1613
YHHC,0.028831176,0.0012021145,5,12292,1613
AYMF,0.01081831,0.001752879,5,12292,1613
FNDV,0.0473428,0.00019068024,5,12292,1613
GHYK,-0.013396807,0.0,5,12292,1613
EHEE,0.006722249,0.00089189137,5,12292,1613
NANC,0.011549503,0.0010913934,5,12292,1613
DHAF,-0.009155236,0.0,5,12292,1613
NWAC,0.039970048,0.0,5,12292,1613
WHFM,-0.00042588275,0.0055297264,5,12292,1613
AHSG,-0.0062822923,0.002513512,5,12292,1613
GKTM,0.007396959,0.0,5,12292,1613
QPGE,-0.0044364333,0.0003256263,5,12292,1613
WLGG,0.043173216,0.009540558,5,12292,1613
HSNR,-0.012840234,0.00015966488,5,12292,1613
AHRL,-0.010839842,0.0009874512,5,12292,1613
AHSR,-0.018484049,0.0,5,12292,1613
NEFW,0.0027132183,0.0,5,12292,1613
RSYA,0.025800548,0.013601976,5,12292,1613
VLIG,0.014945433,0.0038822563,5,12292,1613
DWVL,-0.0049603283,0.0,5,12292,1613
NWYR,-0.019874878,0.0011362452,5,12292,1613
TDTS,-0.017083302,0.0,5,12292,1613
LKAL,0.01950679,0.043495342,5,12292,1613
RQVI,0.004561357,0.0002277951,5,12292,1613
VHNL,0.015438311,0.00079564407,5,12292,1613
NVWT,0.00997971,0.0005067332,5,12292,1613
NRGY,-0.012313612,0.0005945942,5,12292,1613
NIFE,0.0035514757,0.00061441405,5,12292,1613
NHVM,0.013079666,0.00021268176,5,12292,1613
NCWD,0.0027658194,0.0036605655,5,12292,1613
EPGE,-0.00227727,0.00018070998,5,12292,1613
RWGG,0.026246578,0.009524628,5,12292,1613
ATTE,-0.0054237098,0.0,5,12292,1613
VGGE,-0.01188647,0.00026332025,5,12292,1613
NHPF,-0.010006033,0.0005027024,5,12292,1613
HNYL,0.00019553292,6.536318e-05,5,12292,1613
PTQN,0.0022512823,0.00048506376,5,12292,1613
RNGT,0.022864558,0.006691918,5,12292,1613
VYHS,0.022659145,0.00042977152,5,12292,1613
MMGC,0.098820694,0.06958822,5,12292,1613
YSMI,-0.0019334258,0.0034851218,5,12292,1613
DTGR,-0.014137052,0.00043541152,5,12292,1613
YMIQ,0.0015032067,0.00014864853,5,12292,1613
NWAL,0.041088276,0.00034998267,5,12292,1613
WRNL,-0.0020150617,0.0005301226,5,12292,1613
GSGP,-0.025092967,0.00011732095,5,12292,1613
NHTP,5.5841985e-05,0.0,5,12292,1613
MWKC,0.051369444,0.0006010572,5,12292,1613
PHTQ,0.006968014,0.0,5,12292,1613
PEHL,0.00039076793,0.0,5,12292,1613
FHGN,0.17854503,0.28800657,5,12292,1613
RMQC,0.0076222196,0.0004875074,5,12292,1613
QHGS,0.04181584,0.02849237,5,12292,1613
AFLL,0.0048990324,0.0007540536,5,12292,1613
ENWL,-0.0009902642,0.00021025576,5,12292,1613
FIYV,0.02614946,0.021936106,5,12292,1613
ELSW,-0.00518512,0.0,5,12292,1613
KHNF,0.0011551304,0.0006010572,5,12292,1613
LYMS,0.04784476,0.068430364,5,12292,1613
TDFC,-0.004169099,0.0048791706,5,12292,1613
NMHR,0.0013833566,0.00049967406,5,12292,1613
NEET,0.00121776,0.00035296124,5,12292,1613
EEWL,-0.0020526946,0.0,5,12292,1613
RKGW,0.033154882,0.00057190465,5,12292,1613
VIKE,0.0043767244,0.0004189187,5,12292,1613
WESC,0.0008732452,0.001223219,5,12292,1613
YWYS,0.044983983,0.00074726035,5,12292,1613
GNWN,0.001235701,0.0,5,12292,1613
SLCQ,0.009821981,0.00074877817,5,12292,1613
QADR,-0.008689061,0.0002694799,5,12292,1613
AVMA,0.037796326,0.11179665,5,12292,1613
FHQQ,0.023099102,0.0,5,12292,1613
HTDE,-0.0047131404,0.00015799214,5,12292,1613
NHCM,0.018469252,0.0023698828,5,12292,1613
NGQQ,0.00369386,0.0,5,12292,1613
HQQM,0.00037775177,0.0,5,12292,1613
