{"run_id": "15:29:34-05/18/2022", "exp_name": "BO_EVO_proposal-function=UCB", "encoder_name": "onehot", "model_name": "GPyTorch", "landscape_name": "GB1_combo", "rounds": 5, "expmt_queries_per_round": 384, "model_queries_per_round": 3072}
sequence,model_score,true_score,round,model_cost,measurement_cost
MVAL,,0.05248714,0,0,1
RYIS,0.06640149,0.00016756746,1,3087,385
CYCG,0.06640149,0.023091165,1,3087,385
LRCC,0.06640149,0.26041898,1,3087,385
QRYC,0.06640149,0.0020958146,1,3087,385
YTYC,0.06640149,0.0013166015,1,3087,385
CGYC,0.06640149,0.0010885288,1,3087,385
CGYF,0.06640149,0.0004981735,1,3087,385
CQYF,0.06640149,0.0003106588,1,3087,385
CQDF,0.06640149,0.00043200987,1,3087,385
CYDF,0.06640149,0.00053170446,1,3087,385
CYDG,0.06640149,0.0010054049,1,3087,385
CYNG,0.06640149,0.0019289743,1,3087,385
GECC,0.06640149,0.00027106507,1,3087,385
CYNA,0.06640149,0.0019562712,1,3087,385
CYDA,0.06640149,0.0011520264,1,3087,385
CYMA,0.06640149,0.07126905,1,3087,385
CKSP,0.06640149,0.00082468445,1,3087,385
AKSP,0.06640149,0.00037874837,1,3087,385
FTMC,0.06640149,0.010208726,1,3087,385
FIMC,0.06640149,0.1353631,1,3087,385
WIYC,0.06640149,0.012086834,1,3087,385
HIQC,0.06640149,0.00037874837,1,3087,385
GRCC,0.06640149,0.002465483,1,3087,385
AECW,0.06640149,0.0008961161,1,3087,385
HSMC,0.06640149,0.0021852872,1,3087,385
AICF,0.06640149,0.0093125105,1,3087,385
GIIV,0.06640149,0.00013103615,1,3087,385
GQIV,0.06640149,0.0,1,3087,385
GKIT,0.06640149,7.637741e-05,1,3087,385
GPPF,0.06640149,0.0004893563,1,3087,385
GPNF,0.06640149,0.0011059452,1,3087,385
APFF,0.06640149,0.0,1,3087,385
APWF,0.06640149,0.0002980637,1,3087,385
AEWF,0.06640149,0.00060984597,1,3087,385
AINF,0.06640149,0.0,1,3087,385
AACR,0.06640149,0.0012021145,1,3087,385
HECQ,0.06640149,0.0006213176,1,3087,385
AQCY,0.06640149,0.0011476649,1,3087,385
AQNY,0.06640149,0.0017868616,1,3087,385
IQNY,0.06640149,0.00037874837,1,3087,385
INNI,0.06640149,0.0007275955,1,3087,385
HENI,0.06640149,0.0017837827,1,3087,385
HENP,0.06640149,0.00046862086,1,3087,385
HELY,0.06640149,0.0004007048,1,3087,385
HEIY,0.06640149,0.00027927916,1,3087,385
HEDQ,0.06640149,0.0,1,3087,385
HSKC,0.06640149,0.00066623214,1,3087,385
ISFC,0.06640149,0.031075912,1,3087,385
WIDV,0.06640149,0.00015981871,1,3087,385
DWDQ,0.06640149,0.0,1,3087,385
NQMY,0.06640149,0.0,1,3087,385
DQMY,0.06640149,0.0,1,3087,385
DQSS,0.06640149,0.000307207,1,3087,385
DWSV,0.06640149,0.0,1,3087,385
AWSV,0.06640149,0.0023040527,1,3087,385
PWSQ,0.06640149,0.0001382432,1,3087,385
PWNQ,0.06640149,0.0,1,3087,385
DWNQ,0.06640149,0.0,1,3087,385
DWVQ,0.06640149,0.0010634089,1,3087,385
DRDQ,0.06640149,0.0006912158,1,3087,385
DNMK,0.06640149,0.0,1,3087,385
DEDQ,0.06640149,0.0,1,3087,385
DMDI,0.06640149,0.0,1,3087,385
NMDI,0.06640149,0.00017173064,1,3087,385
NMKI,0.06640149,0.0,1,3087,385
EMDI,0.06640149,0.0,1,3087,385
EADI,0.06640149,0.0004189187,1,3087,385
EPDI,0.06640149,0.0,1,3087,385
EIDI,0.06640149,0.00033311607,1,3087,385
EQDI,0.06640149,0.0022118906,1,3087,385
NCMK,0.06640149,0.0,1,3087,385
NNMK,0.06640149,0.0,1,3087,385
IIFC,0.06640149,0.013306403,1,3087,385
NRFC,0.06640149,0.00042104517,1,3087,385
IIYC,0.06640149,0.0020199914,1,3087,385
DIGC,0.06640149,0.008403015,1,3087,385
LIGC,0.06640149,0.17730363,1,3087,385
KIHC,0.06640149,0.0005027024,1,3087,385
RIFC,0.06640149,0.004648457,1,3087,385
PIFW,0.06640149,0.00044237808,1,3087,385
PRFW,0.06640149,0.00020788446,1,3087,385
DRFW,0.06640149,0.0,1,3087,385
NRFW,0.06640149,0.00046081058,1,3087,385
KTFW,0.06640149,0.00026165904,1,3087,385
NNVE,0.06640149,0.0,1,3087,385
KTFH,0.06640149,0.00028406133,1,3087,385
KRFH,0.06640149,0.00027975006,1,3087,385
KRGH,0.06640149,0.0033790923,1,3087,385
KNGH,0.06640149,0.002219611,1,3087,385
ANGH,0.06640149,0.0019749023,1,3087,385
INGH,0.06640149,0.012812781,1,3087,385
INMH,0.06640149,0.0001640868,1,3087,385
INMS,0.06640149,0.011836047,1,3087,385
INVE,0.06640149,0.0002091425,1,3087,385
WIMV,0.06640149,0.12811,1,3087,385
WDMV,0.06640149,0.07160639,1,3087,385
PDDS,0.06640149,0.00035752542,1,3087,385
DEDR,0.06640149,0.0,1,3087,385
WQYD,0.06640149,0.0016821712,1,3087,385
WQDD,0.06640149,0.003184761,1,3087,385
AQDP,0.06640149,0.0005324385,1,3087,385
AKMP,0.06640149,0.0,1,3087,385
NKMP,0.06640149,0.00029413437,1,3087,385
NKDP,0.06640149,0.0,1,3087,385
PKDP,0.06640149,0.00041266615,1,3087,385
LMDN,0.06640149,0.0003106588,1,3087,385
DMDR,0.06640149,0.0,1,3087,385
NEDR,0.06640149,0.00035752542,1,3087,385
WQSD,0.06640149,0.0,1,3087,385
NEKW,0.06640149,0.0,1,3087,385
AEKW,0.06640149,0.0004984449,1,3087,385
ARKW,0.06640149,0.00040719632,1,3087,385
ARKP,0.06640149,0.0,1,3087,385
AQKP,0.06640149,0.0024037024,1,3087,385
AQYP,0.06640149,0.0011721681,1,3087,385
AIYP,0.06640149,0.002633203,1,3087,385
AEYP,0.06640149,0.0,1,3087,385
GEYP,0.06640149,0.0,1,3087,385
WQCD,0.06640149,0.0034560792,1,3087,385
AQSD,0.06640149,0.0025012693,1,3087,385
VQKP,0.06640149,0.00043200987,1,3087,385
CICP,0.06640149,0.0010258327,1,3087,385
LHKK,0.06640149,0.0,1,3087,385
LHII,0.06640149,0.0,1,3087,385
WHII,0.06640149,0.00064001465,1,3087,385
WHIR,0.06640149,0.0004277566,1,3087,385
WHIP,0.06640149,0.000413789,1,3087,385
WSIP,0.06640149,0.00031099157,1,3087,385
WKIS,0.06640149,0.000259125,1,3087,385
WKIP,0.06640149,0.00032149578,1,3087,385
CIIP,0.06640149,0.0018876577,1,3087,385
CICS,0.06640149,0.008647082,1,3087,385
DQSD,0.06640149,0.0007879321,1,3087,385
CHMS,0.06640149,0.02196591,1,3087,385
QHMS,0.06640149,0.0041959984,1,3087,385
QWQS,0.06640149,0.00036220913,1,3087,385
QWLD,0.06640149,0.003297288,1,3087,385
QWLG,0.06640149,0.37546515,1,3087,385
QING,0.06640149,0.0014785365,1,3087,385
QQNG,0.06640149,0.0012288281,1,3087,385
QQSG,0.06640149,0.0008657106,1,3087,385
DQSG,0.06640149,0.0,1,3087,385
LEYP,0.06640149,0.0005591858,1,3087,385
VLKP,0.06640149,0.00054338353,1,3087,385
WDDV,0.06640149,0.00015581572,1,3087,385
GALE,0.06640149,0.0002667071,1,3087,385
LNEP,0.06640149,0.00024876656,1,3087,385
LNNP,0.06640149,0.00039592313,1,3087,385
KNNI,0.06640149,0.0005967331,1,3087,385
KNYI,0.06640149,0.0024726419,1,3087,385
KNQP,0.06640149,0.0002620723,1,3087,385
FNEP,0.06640149,0.0,1,3087,385
QAEP,0.06640149,0.00023523053,1,3087,385
GAEP,0.06640149,9.583583e-05,1,3087,385
GAED,0.06640149,0.008305431,1,3087,385
GSLW,0.06640149,0.0,1,3087,385
LELP,0.06640149,0.012891515,1,3087,385
NSLW,0.06640149,0.00018618608,1,3087,385
DSLW,0.06640149,0.00027927916,1,3087,385
YSLG,0.06640149,0.3788336,1,3087,385
YSVG,0.06640149,0.018367548,1,3087,385
IDVG,0.06640149,0.02942968,1,3087,385
IDKG,0.06640149,0.0,1,3087,385
IDKA,0.06640149,0.0009787127,1,3087,385
WDKA,0.06640149,0.0054159905,1,3087,385
WDKV,0.06640149,0.00033345088,1,3087,385
LWVP,0.06640149,0.00028158157,1,3087,385
LELG,0.06640149,0.19909178,1,3087,385
ALKP,0.06640149,0.0010842601,1,3087,385
DMMI,0.06640149,0.0,1,3087,385
GLTP,0.06640149,0.00011536284,1,3087,385
GEYC,0.06640149,0.00047670057,1,3087,385
GEKC,0.06640149,0.0,1,3087,385
GQKY,0.06640149,0.0007275955,1,3087,385
CQII,0.06640149,0.00087773433,1,3087,385
CQFI,0.06640149,0.0067088595,1,3087,385
CMFD,0.06640149,0.007388159,1,3087,385
CMMR,0.06640149,0.0006673808,1,3087,385
DMMR,0.06640149,0.00019891108,1,3087,385
DMMP,0.06640149,0.0,1,3087,385
LRLG,0.06640149,0.5085378,1,3087,385
SMIP,0.06640149,0.00032637507,1,3087,385
FMIA,0.06640149,0.00021600493,1,3087,385
FIIA,0.06640149,0.0006516513,1,3087,385
FRIA,0.06640149,0.00043472688,1,3087,385
FRDA,0.06640149,0.00032149578,1,3087,385
FRSR,0.06640149,0.00018310349,1,3087,385
WRSR,0.06640149,0.0002982891,1,3087,385
ERWR,0.06640149,0.00028212892,1,3087,385
LRWR,0.06640149,0.00016736459,1,3087,385
EQDS,0.06640149,0.00026332025,1,3087,385
WDDS,0.06640149,0.00020460263,1,3087,385
ANMS,0.06640149,0.013450686,1,3087,385
NEGI,0.06640149,0.0023244426,1,3087,385
QHWP,0.06640149,0.0006958549,1,3087,385
LHWP,0.06640149,0.00071198196,1,3087,385
LHWR,0.06640149,0.00013893783,1,3087,385
DHWR,0.06640149,0.0,1,3087,385
DQWR,0.06640149,0.0,1,3087,385
RQWN,0.06640149,0.00016311879,1,3087,385
RQWI,0.06640149,8.507268e-05,1,3087,385
RQGI,0.06640149,0.020006508,1,3087,385
NQGI,0.06640149,0.0011148641,1,3087,385
GEII,0.06640149,0.0,1,3087,385
QLQR,0.06640149,0.00031143645,1,3087,385
GEMI,0.06640149,0.0,1,3087,385
GYMI,0.06640149,0.0,1,3087,385
GEYI,0.06640149,0.0,1,3087,385
GIYI,0.06640149,0.0013824316,1,3087,385
AIYI,0.06640149,0.0,1,3087,385
AIEE,0.06640149,0.0024092223,1,3087,385
STEE,0.06640149,0.0,1,3087,385
STDE,0.06640149,0.0004176531,1,3087,385
STSE,0.06640149,0.00018270018,1,3087,385
QHWR,0.06640149,0.00028981795,1,3087,385
ALNR,0.06640149,0.0002583984,1,3087,385
ANVS,0.06640149,0.00016655798,1,3087,385
DINR,0.06640149,0.00025365717,1,3087,385
VNQW,0.06640149,0.0,1,3087,385
QGQW,0.06640149,5.907826e-05,1,3087,385
GGQD,0.06640149,0.025260018,1,3087,385
CIQD,0.06640149,0.0062876497,1,3087,385
GIQD,0.06640149,0.024387974,1,3087,385
DIQD,0.06640149,0.014994489,1,3087,385
LIQD,0.06640149,0.003975163,1,3087,385
DICD,0.06640149,0.0010446878,1,3087,385
DIND,0.06640149,0.005921885,1,3087,385
DYNR,0.06640149,0.0,1,3087,385
ALGR,0.06640149,0.00039498045,1,3087,385
DYNS,0.06640149,0.00041266615,1,3087,385
FWNS,0.06640149,0.0018031717,1,3087,385
FWGS,0.06640149,0.5427464,1,3087,385
FDWS,0.06640149,0.001049948,1,3087,385
FDWE,0.06640149,0.0,1,3087,385
FDWR,0.06640149,0.00035446967,1,3087,385
FIDR,0.06640149,0.00029103828,1,3087,385
FIYR,0.06640149,0.00034134116,1,3087,385
CLYR,0.06640149,0.0008524995,1,3087,385
ATSE,0.06640149,0.0007899609,1,3087,385
PTSE,0.06640149,7.2001676e-05,1,3087,385
ATSR,0.06640149,0.0005368667,1,3087,385
RWCS,0.06640149,0.0037498146,1,3087,385
TARI,0.06640149,0.0,1,3087,385
TIKI,0.06640149,0.0,1,3087,385
TLWY,0.06640149,0.0004007048,1,3087,385
QLWY,0.06640149,0.00026458022,1,3087,385
LLWY,0.06640149,0.0076129297,1,3087,385
LLNY,0.06640149,0.00028012795,1,3087,385
LLNS,0.06640149,0.00049038953,1,3087,385
LYNS,0.06640149,0.0006976414,1,3087,385
LENS,0.06640149,0.00096076325,1,3087,385
AEFC,0.06640149,0.005720989,1,3087,385
ATDR,0.06640149,0.0,1,3087,385
AHLS,0.06640149,0.009570681,1,3087,385
DNSH,0.06640149,0.0,1,3087,385
NSCG,0.06640149,0.03472154,1,3087,385
ELGM,0.06640149,0.029246109,1,3087,385
FIPS,0.06640149,0.00018130253,1,3087,385
GASN,0.06640149,0.00027511074,1,3087,385
GHKF,0.06640149,0.0,1,3087,385
KFLE,0.06640149,0.0,1,3087,385
KMYI,0.06640149,0.0002650029,1,3087,385
TAPE,0.06640149,0.0,1,3087,385
TACS,0.06640149,0.0048791706,1,3087,385
NYVS,0.06640149,0.00040745354,1,3087,385
NIVS,0.06640149,0.0002955636,1,3087,385
ATFR,0.06640149,0.00030052866,1,3087,385
DTFR,0.06640149,0.0001105945,1,3087,385
DIKR,0.06640149,0.0,1,3087,385
IIKV,0.06640149,0.00036063432,1,3087,385
AIKV,0.06640149,0.0,1,3087,385
LIKV,0.06640149,0.00034998267,1,3087,385
VIKV,0.06640149,0.00020633308,1,3087,385
LIKR,0.06640149,0.0,1,3087,385
KIKI,0.06640149,0.00025135124,1,3087,385
KINI,0.06640149,0.00018189891,1,3087,385
SISI,0.06640149,0.00013653646,1,3087,385
NIQI,0.06640149,0.00046081058,1,3087,385
NIQS,0.06640149,0.0,1,3087,385
CRQS,0.06640149,0.0011267468,1,3087,385
CRNS,0.06640149,0.0018538355,1,3087,385
LRNS,0.06640149,0.0068872045,1,3087,385
LRYS,0.06640149,0.004860604,1,3087,385
LRVS,0.06640149,0.00055072695,1,3087,385
NRVS,0.06640149,0.0003854501,1,3087,385
WDKS,0.06640149,0.00037902163,1,3087,385
ANYS,0.06640149,0.0017280395,1,3087,385
VEGP,0.06640149,0.00041786343,1,3087,385
NHWP,0.06640149,0.00019749023,1,3087,385
GPHI,0.06640149,0.0006583008,1,3087,385
GPHF,0.06640149,0.0,1,3087,385
GQHF,0.06640149,0.0,1,3087,385
GRHF,0.06640149,0.0,1,3087,385
GQYF,0.06640149,0.0,1,3087,385
GQYP,0.06640149,0.00031418898,1,3087,385
WEYP,0.06640149,0.00030285225,1,3087,385
WYWP,0.06640149,0.0013103618,1,3087,385
WHWP,0.06640149,0.001139639,1,3087,385
NRWP,0.06640149,0.0002828505,1,3087,385
YLHE,0.06640149,0.00049022405,1,3087,385
NYWP,0.06640149,0.0,1,3087,385
NYGP,0.06640149,0.0007563455,1,3087,385
CYGP,0.06640149,0.00278162,1,3087,385
CYDP,0.06640149,0.0009267698,1,3087,385
CQDP,0.06640149,0.0005907828,1,3087,385
CCLP,0.06640149,0.0009449919,1,3087,385
TCKP,0.06640149,0.0018432421,1,3087,385
TCMP,0.06640149,0.0,1,3087,385
TEMP,0.06640149,0.0,1,3087,385
YRHI,0.06640149,0.0002830918,1,3087,385
YLEE,0.06640149,0.00039782203,1,3087,385
NNYS,0.06640149,0.0005120117,1,3087,385
ANCF,0.06640149,0.006862584,1,3087,385
IDKS,0.06640149,0.00021105824,1,3087,385
WRKS,0.06640149,0.00050850783,1,3087,385
ARKS,0.06640149,0.0011520264,1,3087,385
ARDS,0.06640149,0.0,1,3087,385
KRRF,0.06640149,0.00041498884,1,3087,385
KRDF,0.06640149,0.00028155433,1,3087,385
LRDF,0.06640149,0.00022709351,1,3087,385
LRMF,0.06640149,0.0023420018,1,3087,385
FNDF,0.06640149,0.0,1,3087,385
QNCY,0.06640149,0.0007275955,1,3087,385
AAGP,0.06640149,0.00046081058,1,3087,385
ITCY,0.06640149,0.0005945942,1,3087,385
LTCY,0.06640149,0.00073055323,1,3087,385
TTDY,0.06640149,0.0,1,3087,385
GEDD,0.06640149,0.013719809,1,3087,385
AEKD,0.06640149,0.0531611,1,3087,385
AEYD,0.06640149,0.0024876553,1,3087,385
AEKP,0.06640149,0.0021322856,1,3087,385
AEGP,0.06640149,0.0,1,3087,385
AAGS,0.06640149,0.0064184326,1,3087,385
VETP,0.06640149,0.00039357482,1,3087,385
LRWW,0.06640149,0.00021186686,1,3087,385
WEGP,0.06640149,0.00064979156,1,3087,385
CSMI,0.06640149,0.0033234928,1,3087,385
NLCN,0.06640149,0.0012073639,1,3087,385
NECN,0.06640149,0.0005266406,1,3087,385
NACV,0.06640149,0.0012663496,1,3087,385
NATR,0.06640149,0.00039162367,1,3087,385
NATI,0.06640149,0.00019470864,1,3087,385
LATI,0.06640149,0.00039385515,1,3087,385
LETI,0.06640149,0.00025719655,1,3087,385
FETG,0.06640149,0.0021827868,1,3087,385
CTTI,0.06640149,0.00035560946,1,3087,385
LSEI,0.06640149,0.0004362703,1,3087,385
IEGP,0.06640149,0.000464033,1,3087,385
WSMI,0.06640149,0.027087646,1,3087,385
WNHI,0.06640149,0.0006076623,1,3087,385
WRHI,0.06640149,0.00031516576,1,3087,385
WQHP,0.06640149,0.00017837832,1,3087,385
LQHP,0.06640149,0.00015890023,1,3087,385
NQHP,0.06640149,0.00061441405,1,3087,385
NQHV,0.06640149,0.0,1,3087,385
NNHN,0.06640149,0.0,1,3087,385
NNHF,0.06640149,0.0014945206,1,3087,385
NLDN,0.06640149,0.0,1,3087,385
NNDN,0.06640149,0.00034134116,1,3087,385
NNIN,0.06640149,0.00030383116,1,3087,385
NLIR,0.06640149,0.00014501032,1,3087,385
NEGN,0.06640149,0.0005760131,1,3087,385
NNGT,0.06640149,0.0035098863,1,3087,385
NEGT,0.06640149,0.00090439455,1,3087,385
NIGT,0.06640149,0.0045708143,1,3087,385
WIVT,0.06640149,0.0079023065,1,3087,385
WIDT,0.06640149,0.00044031325,1,3087,385
AIDT,0.06640149,0.0,1,3087,385
ALET,0.06640149,0.0,1,3087,385
ANWT,0.06640149,0.0,1,3087,385
ANKT,0.06640149,0.0018432421,1,3087,385
WNKT,0.06640149,0.0008014096,1,3087,385
DNKT,0.06640149,0.0006583008,1,3087,385
DNKP,0.06640149,0.00053170446,1,3087,385
DNCP,0.06640149,0.0014811767,1,3087,385
DNVP,0.06640149,0.00024576558,1,3087,385
DNVR,0.06640149,6.8777656e-05,1,3087,385
CNKR,0.06640149,0.0009497621,1,3087,385
INKR,0.06640149,0.00037745573,1,3087,385
NNKR,0.06640149,0.0,1,3087,385
LVCQ,0.066389665,0.0005425555,1,3087,385
QEVL,0.066389665,0.00023431043,1,3087,385
EFAK,0.066389665,0.0012288281,1,3087,385
MVKP,0.06629488,0.00025365717,1,3087,385
LWLG,0.16490027,0.6498953,2,6288,769
FWLG,0.16300008,0.7376769,2,6288,769
YWLG,0.16159388,0.568064,2,6288,769
WWLG,0.14924881,0.69382507,2,6288,769
MWLG,0.14916342,0.51526546,2,6288,769
SWLG,0.14739892,0.12526236,2,6288,769
TWLG,0.14533135,0.13969836,2,6288,769
VWLG,0.14526007,0.44132176,2,6288,769
EWLG,0.14497921,0.5034482,2,6288,769
AWLG,0.14295885,0.47002676,2,6288,769
GWLG,0.14215466,0.016296213,2,6288,769
HWLG,0.14150259,0.4761958,2,6288,769
CWLG,0.14097854,0.41885254,2,6288,769
RWLG,0.14084098,0.14161062,2,6288,769
KWLG,0.13986704,0.21296383,2,6288,769
DWLG,0.13926765,0.023109304,2,6288,769
FRLG,0.13901111,0.44675708,2,6288,769
YRLG,0.1387703,0.476915,2,6288,769
NWLG,0.13865323,0.051133312,2,6288,769
FWGG,0.13556261,0.2718782,2,6288,769
LWGG,0.13555308,0.06549393,2,6288,769
LGLG,0.13361736,0.28152803,2,6288,769
LILG,0.13354988,0.47030628,2,6288,769
LSLG,0.13312812,0.43842,2,6288,769
LKLG,0.13285895,0.41123253,2,6288,769
LVLG,0.13275546,0.39709526,2,6288,769
LPLG,0.13275261,0.12510516,2,6288,769
YWGG,0.13231821,0.02185401,2,6288,769
LNLG,0.13129587,0.4370681,2,6288,769
FGLG,0.1305768,0.09647608,2,6288,769
FILG,0.130403,0.4302261,2,6288,769
YGLG,0.1302044,0.13803034,2,6288,769
FSLG,0.13013954,0.36451435,2,6288,769
LLLG,0.12977262,0.2811116,2,6288,769
FVLG,0.12976903,0.40206322,2,6288,769
FPLG,0.12971182,0.018503644,2,6288,769
YVLG,0.1293971,0.4127906,2,6288,769
FNLG,0.12822957,0.4012788,2,6288,769
LALG,0.12715216,0.43234852,2,6288,769
FTLG,0.1269464,0.19047686,2,6288,769
FMLG,0.12671681,0.22944023,2,6288,769
MRLG,0.1264016,0.37594345,2,6288,769
YMLG,0.12638946,0.23199575,2,6288,769
WRLG,0.12638493,0.53512865,2,6288,769
YLLG,0.12637778,0.27305958,2,6288,769
FQLG,0.12592287,0.24917904,2,6288,769
FYLG,0.1255662,0.42029762,2,6288,769
YQLG,0.12555094,0.27632052,2,6288,769
SRLG,0.12463709,0.051226377,2,6288,769
FALG,0.12414595,0.38863012,2,6288,769
FELG,0.1241376,0.15360351,2,6288,769
FHLG,0.12395664,0.40171048,2,6288,769
FFLG,0.123898946,0.3782583,2,6288,769
YCLG,0.12365814,0.34801912,2,6288,769
YFLG,0.123526774,0.3317526,2,6288,769
FDLG,0.122842036,0.2599914,2,6288,769
TRLG,0.122569285,0.08528652,2,6288,769
ERLG,0.12219497,0.40810534,2,6288,769
QRLG,0.121066056,0.27511588,2,6288,769
PRLG,0.12060853,0.0014789759,2,6288,769
WWGG,0.12056657,0.12914127,2,6288,769
MWGG,0.120539844,0.026124692,2,6288,769
LWMG,0.120505534,0.48236528,2,6288,769
FWMG,0.11984559,0.30931908,2,6288,769
YWLC,0.119229995,0.3892752,2,6288,769
SWGG,0.11877485,0.009317711,2,6288,769
RRLG,0.11817857,0.080588,2,6288,769
MGLG,0.11777371,0.146488,2,6288,769
YWMG,0.11765929,0.38434637,2,6288,769
MILG,0.11760062,0.33188304,2,6288,769
MSLG,0.11733645,0.3238587,2,6288,769
WKLG,0.1170673,0.41230226,2,6288,769
WVLG,0.11705226,0.41241017,2,6288,769
WPLG,0.11699506,0.06660855,2,6288,769
DRLG,0.11671849,0.006669017,2,6288,769
TWGG,0.116707526,0.016305603,2,6288,769
VWGG,0.11658736,0.10529521,2,6288,769
EWGG,0.116353236,0.011384731,2,6288,769
SILG,0.11583539,0.07857874,2,6288,769
SSLG,0.11557218,0.0591603,2,6288,769
SVLG,0.11520165,0.07569379,2,6288,769
LWAG,0.115107976,0.3353433,2,6288,769
PWGG,0.11465665,0.00076801755,2,6288,769
WTLG,0.11432048,0.24491529,2,6288,769
FWAG,0.11421939,0.656655,2,6288,769
AWGG,0.114193164,0.006778833,2,6288,769
MLLG,0.11400598,0.19429721,2,6288,769
GWGG,0.11376067,0.001164153,2,6288,769
TILG,0.11375757,0.095669165,2,6288,769
MQLG,0.113120496,0.20865382,2,6288,769
VVLG,0.113063514,0.26633602,2,6288,769
EPLG,0.11272093,0.07076904,2,6288,769
STLG,0.11249038,0.013296196,2,6288,769
FWCG,0.11246105,0.43904123,2,6288,769
CWGG,0.1124241,0.02344123,2,6288,769
SLLG,0.112240754,0.009326869,2,6288,769
RWGG,0.11221238,0.009524628,2,6288,769
SMLG,0.11220237,0.008332465,2,6288,769
FWLV,0.11182281,0.104562104,2,6288,769
QVLG,0.11168164,0.26256672,2,6288,769
TNLG,0.11167499,0.09656388,2,6288,769
QPLG,0.11162444,0.015812226,2,6288,769
PSLG,0.11155339,0.0017080236,2,6288,769
MELG,0.1115033,0.11985273,2,6288,769
AILG,0.11149522,0.323489,2,6288,769
KWGG,0.111243926,0.0098745115,2,6288,769
MCLG,0.11122769,0.24327618,2,6288,769
MFLG,0.111096084,0.23397729,2,6288,769
SYLG,0.11099883,0.039905243,2,6288,769
YWLS,0.11080357,0.045675818,2,6288,769
DWGG,0.11067053,0.004320099,2,6288,769
LWFG,0.11048003,0.49214566,2,6288,769
TTLG,0.11040827,0.031985674,2,6288,769
TLLG,0.11017915,0.034087356,2,6288,769
FWRG,0.110093795,0.0020230706,2,6288,769
ETLG,0.110049926,0.21074286,2,6288,769
FWLM,0.10998937,0.005335701,2,6288,769
ELLG,0.10981961,0.175895,2,6288,769
FWFG,0.10959073,0.52186793,2,6288,769
SALG,0.10957905,0.051676866,2,6288,769
SCLG,0.10946294,0.050308038,2,6288,769
CILG,0.109424554,0.2824376,2,6288,769
IGLG,0.109342776,0.15547997,2,6288,769
SFLG,0.10933181,0.016869968,2,6288,769
CSLG,0.10912987,0.27544183,2,6288,769
LWPG,0.109059535,0.0007772708,2,6288,769
QTLG,0.10894915,0.10163378,2,6288,769
ISLG,0.10894319,0.35068312,2,6288,769
TYLG,0.108931266,0.059033565,2,6288,769
CVLG,0.10878199,0.25138903,2,6288,769
QLLG,0.108735286,0.095691994,2,6288,769
CPLG,0.10872503,0.04097521,2,6288,769
YWLD,0.10862251,0.007819829,2,6288,769
EYLG,0.10857888,0.25681326,2,6288,769
FWPG,0.10809704,0.00054213003,2,6288,769
YWRG,0.108036004,0.00039877836,2,6288,769
HNLG,0.10784718,0.26274788,2,6288,769
KVLG,0.10767001,0.18748125,2,6288,769
YWFG,0.107533656,0.5056969,2,6288,769
WWLC,0.10745569,0.69176656,2,6288,769
LWKG,0.10742897,0.00018556125,2,6288,769
MWLC,0.10739416,0.25185856,2,6288,769
CNLG,0.10733148,0.27283597,2,6288,769
RNLG,0.10728451,0.059546992,2,6288,769
FWEG,0.10720631,0.00080201734,2,6288,769
YWLA,0.10689398,0.33744496,2,6288,769
FWLI,0.10648247,0.001049948,2,6288,769
WWMG,0.10636946,0.49594036,2,6288,769
HMLG,0.10629865,0.13226749,2,6288,769
LWIG,0.10624286,0.0444017,2,6288,769
QALG,0.106078826,0.23606713,2,6288,769
LWTG,0.10605427,0.00095728465,2,6288,769
FWWG,0.106038295,0.003770268,2,6288,769
DNLG,0.10592791,0.017648064,2,6288,769
LWDG,0.10571023,0.00028701004,2,6288,769
AELG,0.10555764,0.110594526,2,6288,769
FWTG,0.10506674,0.0019289743,2,6288,769
KTLG,0.1049759,0.047967527,2,6288,769
FWYG,0.10491749,0.12399992,2,6288,769
FWDG,0.1047773,0.0016263901,2,6288,769
YWKG,0.104641855,0.0,2,6288,769
YWLI,0.104324065,0.0028681154,2,6288,769
SWMG,0.104116164,0.07338653,2,6288,769
YWLR,0.10376283,0.00064299145,2,6288,769
TWLC,0.10356232,0.0006583008,2,6288,769
YWTG,0.10317727,0.00058207643,2,6288,769
FWLH,0.1030316,0.014826078,2,6288,769
YWYG,0.10283562,0.1003543,2,6288,769
PWLC,0.10151144,0.0017953657,2,6288,769
YWLE,0.10096308,0.0009945552,2,6288,769
WWAG,0.10046788,0.14581428,2,6288,769
MWAG,0.10045928,0.24339005,2,6288,769
FWSG,0.10012265,0.006991608,2,6288,769
GWMG,0.099056445,0.012760907,2,6288,769
LWNG,0.09882518,0.0066811605,2,6288,769
YWVG,0.09880086,0.13339253,2,6288,769
YWLQ,0.09876486,0.00044594568,2,6288,769
WWCG,0.09868213,0.4619385,2,6288,769
LRMG,0.09817692,0.32126978,2,6288,769
IWMG,0.09742137,0.245812,2,6288,769
SWLS,0.09713384,0.0010746027,2,6288,769
SWCG,0.09686013,0.21369456,2,6288,769
YWLW,0.096368514,0.0012426352,2,6288,769
WWRG,0.096342765,0.0020115878,2,6288,769
DWMG,0.096010886,0.0013166015,2,6288,769
FRMG,0.095180236,0.23299733,2,6288,769
TWLS,0.09505435,0.0013166015,2,6288,769
MWLA,0.09498876,0.3213555,2,6288,769
EWCG,0.09444042,0.34007818,2,6288,769
MWPG,0.09433383,0.0005474977,2,6288,769
MWQG,0.09374422,0.0010737333,2,6288,769
WWEG,0.093493424,0.0002477476,2,6288,769
QWLS,0.093488894,0.0055752387,2,6288,769
TWLD,0.09288522,0.0010685428,2,6288,769
PWCG,0.09274145,0.0023394998,2,6288,769
AWLS,0.09244224,0.0058648614,2,6288,769
MWLT,0.091517866,0.33096576,2,6288,769
MWTG,0.091398895,0.0012656064,2,6288,769
KWAG,0.09119364,0.0011849414,2,6288,769
TWLA,0.091156445,0.0070476905,2,6288,769
WWDG,0.091106854,0.00044261414,2,6288,769
MWDG,0.091098964,0.00034821953,2,6288,769
QWLM,0.09070774,0.0017408398,2,6288,769
SWWG,0.09053775,0.00015191552,2,6288,769
VWPG,0.09043094,0.0010164938,2,6288,769
SWLF,0.0902917,0.00044738883,2,6288,769
VWQG,0.089852534,0.0,2,6288,769
QWLA,0.08970805,0.0750334,2,6288,769
WWLH,0.08911582,0.005053465,2,6288,769
DWCG,0.08882471,0.004320099,2,6288,769
LRRG,0.08873554,0.0028072367,2,6288,769
HWRG,0.08871289,0.0003921792,2,6288,769
EWWG,0.088095866,0.0,2,6288,769
TWLR,0.088025056,0.0002583984,2,6288,769
TWLK,0.08800765,0.0,2,6288,769
RWRG,0.087934695,0.000307207,2,6288,769
IWRG,0.08782598,0.00034734464,2,6288,769
VWIG,0.08764907,0.012471298,2,6288,769
FRLV,0.08762809,0.09548543,2,6288,769
FRLD,0.08660909,0.009844342,2,6288,769
YRLS,0.08644267,0.050985478,2,6288,769
YRLD,0.08567806,0.010368237,2,6288,769
NWFG,0.08529755,0.023772655,2,6288,769
SWLQ,0.08509513,0.0003092688,2,6288,769
GWHG,0.08493062,0.0,2,6288,769
CWKG,0.08479327,0.0017837827,2,6288,769
FRLA,0.08426639,0.30669045,2,6288,769
HWTG,0.0838544,0.00013103615,2,6288,769
VKGG,0.08366049,0.05996815,2,6288,769
DWEG,0.08362099,0.001895695,2,6288,769
RWHG,0.08338591,0.0007937406,2,6288,769
PWLH,0.08314749,0.0005096522,2,6288,769
FRLK,0.08150145,0.00089189137,2,6288,769
FRLF,0.081464015,0.0018288979,2,6288,769
RWLH,0.08070799,0.0005578539,2,6288,769
YRLK,0.08056971,0.0006321025,2,6288,769
FILV,0.08018156,0.14211011,2,6288,769
FGLV,0.08015128,0.00042319336,2,6288,769
HWVG,0.07960697,0.042184167,2,6288,769
FKLV,0.079392634,0.058694765,2,6288,769
QWLW,0.07919427,0.0005851562,2,6288,769
YGLS,0.079187594,0.00062459265,2,6288,769
FNLV,0.07780477,0.031036047,2,6288,769
YWMC,0.077740155,0.09656388,2,6288,769
FPFG,0.07667536,0.0071322904,2,6288,769
CWNG,0.0761325,0.0062600677,2,6288,769
FQLV,0.07582375,0.029718583,2,6288,769
FILI,0.07462808,0.0030240691,2,6288,769
YMLD,0.074263535,0.007540536,2,6288,769
FILK,0.07396837,0.00086401973,2,6288,769
YGLR,0.07297989,0.00013139941,2,6288,769
FPTG,0.07216055,0.00012343137,2,6288,769
YSTG,0.07193563,0.00012251973,2,6288,769
FIVG,0.06894185,0.042189766,2,6288,769
YWMV,0.06855794,0.019749023,2,6288,769
ETMG,0.06705781,0.03575504,2,6288,769
FWAD,0.06453391,0.007127988,2,6288,769
FWAM,0.063574396,0.065830074,2,6288,769
FWMP,0.061378654,0.0,2,6288,769
PILR,0.055130105,0.00031418898,2,6288,769
YWCK,0.055070836,0.0012249395,2,6288,769
EAPG,0.052846152,0.00077610195,2,6288,769
SAHG,0.052619103,0.00087972917,2,6288,769
RNWG,0.050829012,0.00035840817,2,6288,769
VWMA,0.050321024,0.14226256,2,6288,769
AFLI,0.048889507,0.0012021145,2,6288,769
WHNG,0.047093194,0.0020788447,2,6288,769
NAEG,0.045791034,0.0,2,6288,769
EPGC,0.044711072,0.003328076,2,6288,769
LRAD,0.04171102,0.0024042288,2,6288,769
SIGL,0.040277492,0.026437802,2,6288,769
RWFD,0.037556622,0.003442201,2,6288,769
FGKC,0.036166254,0.0,2,6288,769
WRGQ,0.035861943,0.0036986757,2,6288,769
AWWM,0.035420705,0.0012064903,2,6288,769
YIYC,0.032333504,0.0030162144,2,6288,769
VRGQ,0.031984944,0.0106141055,2,6288,769
KTGL,0.029142473,0.04842467,2,6288,769
FGPS,0.029033307,0.0,2,6288,769
LICK,0.027604695,0.0014350502,2,6288,769
RGGF,0.025999669,0.0014340054,2,6288,769
WLML,0.02516238,0.0014335001,2,6288,769
FARS,0.024717394,0.0009372418,2,6288,769
LRNN,0.023629908,0.00017876276,2,6288,769
LMWS,0.022576872,0.00026165904,2,6288,769
WMMD,0.022399735,0.0027201418,2,6288,769
TKFC,0.021262322,0.0031598436,2,6288,769
YHFM,0.019291911,0.0042536356,2,6288,769
WREM,0.018899988,0.00017457698,2,6288,769
DEGI,0.01848993,0.0017837827,2,6288,769
LNWK,0.018043537,0.00015890023,2,6288,769
YGIR,0.017486531,0.00012859827,2,6288,769
VFMS,0.016350191,0.0027377326,2,6288,769
TRKS,0.016301531,0.0,2,6288,769
KLGQ,0.01613519,0.0018937419,2,6288,769
GGWC,0.015564491,0.00012073634,2,6288,769
LLYR,0.015381892,0.00025902997,2,6288,769
RSMM,0.015151356,0.00019539673,2,6288,769
FSHP,0.014606443,0.0,2,6288,769
SSVC,0.014471029,0.0005708105,2,6288,769
QVYC,0.014252906,0.0054036416,2,6288,769
LLDE,0.013109316,0.00033311607,2,6288,769
FQYE,0.0118782865,0.0,2,6288,769
PEQC,0.011870359,0.0,2,6288,769
MRNS,0.011853416,0.0076355943,2,6288,769
ERIA,0.011473064,0.0010772194,2,6288,769
LYVF,0.01094826,0.0005406157,2,6288,769
DRCT,0.010888775,0.0014336327,2,6288,769
VPAI,0.010882248,0.001658918,2,6288,769
YHQH,0.010425423,0.0,2,6288,769
SFFL,0.009981145,0.00029238476,2,6288,769
SGQA,0.0099149095,0.0001998696,2,6288,769
QMCD,0.008807247,0.0040084897,2,6288,769
AEMR,0.008398634,0.0006097272,2,6288,769
GFMT,0.006796819,0.0004623517,2,6288,769
TRTP,0.0056620436,0.00011917517,2,6288,769
SIKK,0.0055700066,0.00042211649,2,6288,769
ISAY,0.0045156972,0.00089395116,2,6288,769
GTAT,0.0043736594,0.00024253188,2,6288,769
HRTY,0.004218121,0.00023332184,2,6288,769
IVWS,0.0041237967,0.00035714055,2,6288,769
PTWV,0.003760782,0.00029944372,2,6288,769
WDWM,0.0036706896,0.0022332796,2,6288,769
CHMH,0.0035497965,0.0012859829,2,6288,769
VDRA,0.002662276,0.00070442376,2,6288,769
NCRL,0.002021973,0.001164153,2,6288,769
GCNC,0.0016521262,0.0,2,6288,769
GMEM,0.0016315626,0.00021433049,2,6288,769
AARN,0.0015130686,0.0,2,6288,769
QLEN,0.0014044093,0.00047363827,2,6288,769
RMCR,0.0013462054,0.0011380342,2,6288,769
DTPD,0.0013406025,0.00036805865,2,6288,769
KCMP,0.0012388648,0.0,2,6288,769
CAAR,0.00096096564,0.00068312616,2,6288,769
RVYM,0.00087109674,0.00060855394,2,6288,769
EKQH,0.00072099734,0.0,2,6288,769
NFMH,0.00070897955,0.0005120117,2,6288,769
RFRM,0.00023995806,0.00023117589,2,6288,769
SFQR,0.00016002823,0.0,2,6288,769
AQIM,0.00010462571,0.0016804532,2,6288,769
STVA,-5.3550117e-05,0.0003070121,2,6288,769
VNWY,-0.0003048582,0.0009372418,2,6288,769
WFRQ,-0.00034441333,0.00026986242,2,6288,769
MEYR,-0.00038748514,0.00014106442,2,6288,769
QAQA,-0.000683303,0.00033525444,2,6288,769
NRIP,-0.0009012027,0.0002844509,2,6288,769
WHVA,-0.0011469601,0.0021660978,2,6288,769
CFWS,-0.0011482192,0.00057243544,2,6288,769
DGEF,-0.0012169732,0.0,2,6288,769
DHFM,-0.0014226986,0.0,2,6288,769
APHY,-0.0015854789,0.00030491213,2,6288,769
TQIF,-0.0016987873,0.0,2,6288,769
QGRW,-0.0020481749,0.00031980537,2,6288,769
MHPQ,-0.002289231,0.0,2,6288,769
NIER,-0.0024171649,0.00035296124,2,6288,769
TGSK,-0.0024514003,0.0,2,6288,769
CPIT,-0.0027506007,0.00097225956,2,6288,769
TFSV,-0.0030394075,0.00046081058,2,6288,769
ATQE,-0.0034144996,0.008811334,2,6288,769
CATM,-0.003728713,0.0012153245,2,6288,769
KTYN,-0.0039282395,0.00086401973,2,6288,769
ETIE,-0.0039697094,0.0002211891,2,6288,769
NAAP,-0.0049877567,0.00032056388,2,6288,769
SFEQ,-0.005044679,0.00030383116,2,6288,769
KAFR,-0.005047436,0.00022207742,2,6288,769
THKE,-0.00523677,0.005211889,2,6288,769
KSTY,-0.005280043,0.00028562633,2,6288,769
SHYH,-0.005326624,0.0004157689,2,6288,769
KLFH,-0.0054604365,0.00035196278,2,6288,769
NPQH,-0.0055549396,0.00047670057,2,6288,769
TQYP,-0.005578871,0.0,2,6288,769
NNPE,-0.0060203327,0.00024908676,2,6288,769
NDRI,-0.0063371314,0.0001105945,2,6288,769
NNIK,-0.0064356728,0.0015799218,2,6288,769
CLKH,-0.006701256,0.0006583008,2,6288,769
NSDE,-0.008195664,0.00015026427,2,6288,769
APVP,-0.008285697,0.00092162105,2,6288,769
DATI,-0.008978988,0.0,2,6288,769
HVDW,-0.009465913,0.00035752542,2,6288,769
QMVE,-0.010091777,0.00015331963,2,6288,769
AMNT,-0.010609771,0.0,2,6288,769
ADSF,-0.011866684,0.00039254065,2,6288,769
NVYW,-0.012508283,0.00016756746,2,6288,769
ITNW,-0.019335072,0.00045325622,2,6288,769
IWLG,0.37840635,0.49257922,3,9571,1153
WILG,0.37595004,0.45257968,3,9571,1153
WSLG,0.36229736,0.46747953,3,9571,1153
LHLG,0.3621503,0.3889241,3,9571,1153
WALG,0.3574518,0.44910976,3,9571,1153
LYLG,0.3553717,0.3776175,3,9571,1153
YILG,0.35211658,0.4469118,3,9571,1153
LFLG,0.3516552,0.32660505,3,9571,1153
LCLG,0.35044408,0.35559905,3,9571,1153
WNLG,0.3470618,0.4271078,3,9571,1153
WWFG,0.3447265,0.63991135,3,9571,1153
FKLG,0.33616763,0.3920826,3,9571,1153
WYLG,0.3334964,0.42908934,3,9571,1153
YALG,0.332065,0.36262736,3,9571,1153
WHLG,0.33076358,0.41291383,3,9571,1153
YKLG,0.33061147,0.36892354,3,9571,1153
WFLG,0.32967395,0.37651998,3,9571,1153
WCLG,0.32812256,0.3738386,3,9571,1153
LDLG,0.32648867,0.321783,3,9571,1153
YNLG,0.32438815,0.38574106,3,9571,1153
LQLG,0.32172906,0.308472,3,9571,1153
YHLG,0.31259137,0.40157288,3,9571,1153
FCLG,0.31102085,0.3083042,3,9571,1153
WDLG,0.30255926,0.31145856,3,9571,1153
EILG,0.30135554,0.35358348,3,9571,1153
MVLG,0.29929286,0.29930857,3,9571,1153
WQLG,0.29888648,0.3177629,3,9571,1153
IRLG,0.29138845,0.32266864,3,9571,1153
WWLT,0.28882056,0.6748381,3,9571,1153
WWCC,0.28867298,0.2684888,3,9571,1153
WVLC,0.28706658,0.4081404,3,9571,1153
ARLG,0.28656638,0.2849593,3,9571,1153
MALG,0.2810927,0.31543428,3,9571,1153
EKLG,0.27810007,0.32286954,3,9571,1153
CRLG,0.27793986,0.29066053,3,9571,1153
IVLG,0.27728927,0.2611672,3,9571,1153
VRLG,0.27709687,0.37144887,3,9571,1153
IILG,0.27708632,0.2840885,3,9571,1153
MWFG,0.27602422,0.35808226,3,9571,1153
WMLG,0.27554303,0.24140851,3,9571,1153
EALG,0.27500218,0.41483516,3,9571,1153
MNLG,0.27341592,0.3751247,3,9571,1153
ENLG,0.272614,0.37739322,3,9571,1153
AVLG,0.27216935,0.2987836,3,9571,1153
WWMC,0.2707953,0.32365164,3,9571,1153
HWFG,0.26973027,0.24796227,3,9571,1153
WALC,0.2688586,0.42186323,3,9571,1153
HVLG,0.2676714,0.30726063,3,9571,1153
HILG,0.26713884,0.37644675,3,9571,1153
WSLC,0.26663244,0.44284293,3,9571,1153
MHLG,0.26480633,0.2935551,3,9571,1153
FLLG,0.26335812,0.2629824,3,9571,1153
WNLC,0.25885892,0.44136572,3,9571,1153
WRMG,0.25860143,0.33574077,3,9571,1153
LRFG,0.25820243,0.38559735,3,9571,1153
IALG,0.25805068,0.34751585,3,9571,1153
IKLG,0.2565968,0.21386132,3,9571,1153
FYAG,0.25501776,0.65570164,3,9571,1153
WHLC,0.2549519,0.40019047,3,9571,1153
WCLC,0.2542526,0.21653652,3,9571,1153
AKLG,0.24856175,0.25840837,3,9571,1153
AALG,0.24788882,0.27470255,3,9571,1153
WWLN,0.24693473,0.021755042,3,9571,1153
FFAG,0.24666311,0.5753881,3,9571,1153
WDLC,0.2438883,0.28316417,3,9571,1153
VKLG,0.24338295,0.2509059,3,9571,1153
CKLG,0.2423795,0.22162792,3,9571,1153
WWLL,0.24122043,0.005685018,3,9571,1153
WQLC,0.24085023,0.30820093,3,9571,1153
WGLG,0.23937334,0.2662682,3,9571,1153
WRLA,0.23794745,0.48025495,3,9571,1153
LVFG,0.23525144,0.39763668,3,9571,1153
YRMG,0.23479153,0.28248972,3,9571,1153
AHLG,0.23371543,0.45589617,3,9571,1153
LSMG,0.23366864,0.2844845,3,9571,1153
WWLF,0.23282982,0.0046498706,3,9571,1153
WMLC,0.23142673,0.24541157,3,9571,1153
LRLA,0.22940709,0.4071076,3,9571,1153
HWLC,0.22878398,0.031475432,3,9571,1153
MWMG,0.22861727,0.3011888,3,9571,1153
VHLG,0.22840156,0.37548625,3,9571,1153
HYLG,0.22496064,0.24959779,3,9571,1153
LWFC,0.22358038,0.07372969,3,9571,1153
WWLK,0.21794839,0.0007960846,3,9571,1153
LVLC,0.21789755,0.23758112,3,9571,1153
WWLE,0.2134492,0.00080018886,3,9571,1153
EWAG,0.21031113,0.0,3,9571,1153
LIAG,0.2043096,0.20789695,3,9571,1153
YIMG,0.20409824,0.2560097,3,9571,1153
WVLA,0.20372774,0.36942795,3,9571,1153
IDLG,0.20366098,0.22547936,3,9571,1153
LYLC,0.20301227,0.13413537,3,9571,1153
MMLG,0.20256342,0.16735005,3,9571,1153
WNMG,0.20233305,0.24066065,3,9571,1153
HWLA,0.19916959,0.05649196,3,9571,1153
QHLG,0.19869007,0.22424118,3,9571,1153
YHFG,0.19831647,0.36469862,3,9571,1153
AQLG,0.19545586,0.17014544,3,9571,1153
HDLG,0.19455518,0.15784085,3,9571,1153
VDLG,0.19033594,0.3172849,3,9571,1153
LNLA,0.18828826,0.3568892,3,9571,1153
VQLG,0.18779542,0.18182491,3,9571,1153
WILA,0.18709452,0.40551814,3,9571,1153
LACG,0.1812808,0.352867,3,9571,1153
PWLG,0.17933853,0.0017799549,3,9571,1153
ERFG,0.1764759,0.0848225,3,9571,1153
LLLC,0.17264415,0.10269844,3,9571,1153
LFAG,0.17248489,0.1308035,3,9571,1153
LEMG,0.17125745,0.09290296,3,9571,1153
LVCG,0.17072947,0.30135664,3,9571,1153
LWAC,0.16940512,0.27418825,3,9571,1153
FCMG,0.16772057,0.14462362,3,9571,1153
VMLG,0.16587843,0.12996368,3,9571,1153
YNLA,0.16384341,0.19279316,3,9571,1153
FNLA,0.16072811,0.17895591,3,9571,1153
LILV,0.16020711,0.12717931,3,9571,1153
WVLN,0.15937169,0.0069684954,3,9571,1153
QQLG,0.1565078,0.13610137,3,9571,1153
EVCG,0.15569808,0.24717093,3,9571,1153
MWLK,0.15361096,0.00037219308,3,9571,1153
ERAG,0.15328695,0.0041402774,3,9571,1153
ARMG,0.15159447,0.18278818,3,9571,1153
YGFG,0.15087189,0.040930394,3,9571,1153
YACG,0.14900328,0.20419729,3,9571,1153
WRLW,0.14835106,0.0014421454,3,9571,1153
FTFG,0.14751057,0.17147556,3,9571,1153
NILG,0.14627887,0.035636015,3,9571,1153
CRMG,0.14485683,0.16034947,3,9571,1153
WVLR,0.14387693,0.00063745835,3,9571,1153
GILG,0.14214827,0.029674891,3,9571,1153
LFLT,0.14063542,0.18188155,3,9571,1153
FRHG,0.13908692,0.0,3,9571,1153
ENLC,0.13817112,0.009301153,3,9571,1153
EYLC,0.1377884,0.0010634089,3,9571,1153
LALV,0.13625224,0.040913876,3,9571,1153
CVFG,0.13338435,0.40819383,3,9571,1153
EVAG,0.13254078,0.008307571,3,9571,1153
WYLN,0.13141285,0.006724214,3,9571,1153
WILE,0.12972899,0.0005624213,3,9571,1153
WKLW,0.12964563,0.0012134196,3,9571,1153
WAMC,0.12703122,0.17231824,3,9571,1153
EIAG,0.12532313,0.0073187556,3,9571,1153
FLLA,0.12508292,0.085758455,3,9571,1153
MVCG,0.124500826,0.20905602,3,9571,1153
WWSG,0.12386425,0.0016122091,3,9571,1153
HSLA,0.12311433,0.03177123,3,9571,1153
WNMC,0.12134124,0.15586622,3,9571,1153
HNLA,0.12089889,0.017702306,3,9571,1153
WRQG,0.119715765,0.00052994734,3,9571,1153
MSCG,0.11948698,0.26858672,3,9571,1153
LIAC,0.11806367,0.2640704,3,9571,1153
LYLV,0.11718847,0.033316217,3,9571,1153
WYLF,0.117079064,0.00247091,3,9571,1153
HVCG,0.11666091,0.21137825,3,9571,1153
FMLA,0.11555125,0.09432842,3,9571,1153
FSLT,0.1138096,0.16004257,3,9571,1153
MILE,0.11175145,0.00018310349,3,9571,1153
PILG,0.11084302,0.0008108103,3,9571,1153
WYLW,0.11075123,0.0005661836,3,9571,1153
YGLC,0.10957767,0.004601767,3,9571,1153
PVLG,0.108373955,0.0008253323,3,9571,1153
CYLA,0.108239055,0.03172091,3,9571,1153
WRIG,0.106825605,0.041921347,3,9571,1153
FRIG,0.100923434,0.008929993,3,9571,1153
HSCG,0.098131016,0.12593281,3,9571,1153
WVQC,0.09736343,0.0005588271,3,9571,1153
HDLA,0.09681626,0.015383066,3,9571,1153
LDMA,0.09438066,0.24954008,3,9571,1153
WKQC,0.0916142,0.00071154564,3,9571,1153
WKQG,0.09156652,0.00042074002,3,9571,1153
ERYG,0.08959855,0.023040527,3,9571,1153
HLLA,0.08919518,0.0041891867,3,9571,1153
IILV,0.088455155,0.0061179954,3,9571,1153
YKQG,0.08606751,0.0008463867,3,9571,1153
DSLG,0.08574822,0.014826078,3,9571,1153
WYQC,0.08492534,0.0008378374,3,9571,1153
HFLT,0.08085574,0.0058816182,3,9571,1153
FNAQ,0.07965507,0.00014106442,3,9571,1153
WIQC,0.07451935,0.0008043238,3,9571,1153
DVFG,0.074142724,0.009966368,3,9571,1153
WAPC,0.07146908,0.0011031288,3,9571,1153
LCIG,0.06798667,0.014790087,3,9571,1153
FHCR,0.061289214,0.0002684333,3,9571,1153
LRFF,0.059859358,0.0010949954,3,9571,1153
MTCA,0.058014717,0.25264946,3,9571,1153
YCQA,0.054794542,0.0017127472,3,9571,1153
FYMY,0.0544009,0.0,3,9571,1153
MNSG,0.053247273,0.0068314713,3,9571,1153
VFGA,0.052484434,0.172305,3,9571,1153
YGCC,0.051839396,0.007763409,3,9571,1153
YAEA,0.04944848,0.0003886354,3,9571,1153
WVAT,0.045635913,0.013026026,3,9571,1153
CNCA,0.043012258,0.061811093,3,9571,1153
YIQC,0.04157169,0.0,3,9571,1153
FFTS,0.03700509,0.0005368667,3,9571,1153
IAMQ,0.03566912,0.00012073634,3,9571,1153
CIFS,0.03559968,0.038778193,3,9571,1153
WQGN,0.035065286,0.0044220965,3,9571,1153
YMMT,0.034585066,0.030742884,3,9571,1153
HQLE,0.03446056,0.00049668207,3,9571,1153
FHVA,0.034343526,0.00454699,3,9571,1153
WVAQ,0.030835409,0.00030837342,3,9571,1153
LFSN,0.030175216,0.0006869226,3,9571,1153
VKNG,0.030065723,0.009694975,3,9571,1153
VNMR,0.02988077,0.00021986982,3,9571,1153
IHFP,0.029385414,0.00847945,3,9571,1153
MQEC,0.029050998,0.0,3,9571,1153
EAKC,0.028819103,0.0009372418,3,9571,1153
NVLV,0.027815275,0.00018288328,3,9571,1153
WVVF,0.027093403,0.00035180448,3,9571,1153
VNGW,0.026864827,0.08756642,3,9571,1153
YMIA,0.026459549,0.00050384755,3,9571,1153
VFCR,0.026088696,0.00086123566,3,9571,1153
ELAS,0.025955457,0.0005771062,3,9571,1153
NSLL,0.025774807,0.00013430981,3,9571,1153
RVFL,0.024731468,0.0005738933,3,9571,1153
LEWG,0.022960484,0.0011378039,3,9571,1153
WCSF,0.020793505,0.0012583449,3,9571,1153
WQGQ,0.020364732,0.0013915066,3,9571,1153
AEHA,0.019268166,0.0018068169,3,9571,1153
LHDT,0.018792972,0.00021052259,3,9571,1153
MAYS,0.01869595,0.0035221188,3,9571,1153
DAHA,0.018154588,0.0,3,9571,1153
EVGK,0.018007454,0.00019938922,3,9571,1153
WVPS,0.017223757,0.00037961508,3,9571,1153
ENQF,0.016456954,0.0,3,9571,1153
RAFY,0.0164219,0.0002631637,3,9571,1153
PFFT,0.016093865,0.00038639392,3,9571,1153
LDWE,0.015707523,0.0006356007,3,9571,1153
VNRA,0.015486125,0.0011688197,3,9571,1153
IYET,0.01500456,7.1814655e-05,3,9571,1153
GILQ,0.013583764,0.00014985714,3,9571,1153
LEHS,0.013298899,0.0007037834,3,9571,1153
TQAC,0.013294078,0.0051841186,3,9571,1153
LLHM,0.012986131,0.00024306492,3,9571,1153
VNSF,0.012539893,0.0006213176,3,9571,1153
IAEQ,0.012137551,0.0,3,9571,1153
GSGP,0.012021698,0.00011732095,3,9571,1153
MNPL,0.011560835,0.0006628097,3,9571,1153
HNEN,0.01137656,0.00019749023,3,9571,1153
VHDT,0.011247974,0.0005120117,3,9571,1153
YIWV,0.010716356,0.06496305,3,9571,1153
CELV,0.010173939,0.0016307504,3,9571,1153
YQDT,0.009613346,0.00015403141,3,9571,1153
TNAR,0.009164423,0.00011666092,3,9571,1153
QVHQ,0.00902196,0.00029103828,3,9571,1153
NIFL,0.008753821,0.00032993592,3,9571,1153
LKWD,0.008639269,0.0014080063,3,9571,1153
MPSC,0.00842721,0.0051439316,3,9571,1153
TNCS,0.008348331,0.004838511,3,9571,1153
IMET,0.008152559,0.00017751935,3,9571,1153
RKGW,0.00807596,0.00057190465,3,9571,1153
QKET,0.0077512264,0.00020594883,3,9571,1153
NHLP,0.0075715557,0.00037029418,3,9571,1153
WYIP,0.0075462013,0.00027483725,3,9571,1153
WEKE,0.007046599,0.0002737488,3,9571,1153
GMAS,0.006832607,0.0001576319,3,9571,1153
CLCW,0.0065381117,0.0005571513,3,9571,1153
HHKE,0.0065267496,0.0010240235,3,9571,1153
HFCK,0.005798664,0.001138473,3,9571,1153
YYHE,0.0054550394,0.0,3,9571,1153
AWNT,0.004843585,0.0,3,9571,1153
NSFC,0.004329022,0.00042866098,3,9571,1153
WGVS,0.0036773607,0.00023936587,3,9571,1153
YYES,0.0034961924,0.0005049978,3,9571,1153
GYQS,0.0034904853,0.0007899609,3,9571,1153
AQAD,0.0030786917,0.0013990484,3,9571,1153
QVYR,0.0028713718,0.00018584915,3,9571,1153
YKHW,0.0028533414,0.0,3,9571,1153
SYFK,0.0028389767,0.00035907316,3,9571,1153
MFIH,0.0028027892,0.00020788446,3,9571,1153
NVHW,0.0024186596,0.0,3,9571,1153
PHGV,0.0021705478,0.0070920284,3,9571,1153
HCKQ,0.0018283762,0.0011520264,3,9571,1153
NCCH,0.0018056333,0.0006010572,3,9571,1153
FKVW,0.0014817715,0.0,3,9571,1153
HLYY,-0.00011161715,0.00042630054,3,9571,1153
IMDR,-0.0014593601,0.00037482195,3,9571,1153
PYGR,-0.0016210154,0.00047670057,3,9571,1153
NGIC,-0.0017109923,0.0005474977,3,9571,1153
VNYK,-0.0022632852,0.00020480469,3,9571,1153
HANM,-0.0022817478,0.0,3,9571,1153
EEIV,-0.002494391,0.00032720278,3,9571,1153
ALTT,-0.0025425404,0.0,3,9571,1153
APCF,-0.0025690123,0.0,3,9571,1153
FRSW,-0.0026712865,0.000121800185,3,9571,1153
QDHQ,-0.0027593337,0.00028212892,3,9571,1153
YAEW,-0.0029995255,0.0004189187,3,9571,1153
VPAY,-0.0030342266,0.00014628902,3,9571,1153
EMKV,-0.0033060722,0.0,3,9571,1153
CEDQ,-0.0036864616,0.00074726035,3,9571,1153
NAIP,-0.003853418,0.00032817372,3,9571,1153
SKWE,-0.0044569857,0.0,3,9571,1153
KEMD,-0.0047287345,0.0,3,9571,1153
LGRN,-0.0048249066,0.0005507695,3,9571,1153
VSYD,-0.004863657,0.0043642926,3,9571,1153
TDSA,-0.0049539097,0.010752246,3,9571,1153
GKQM,-0.005433731,0.0,3,9571,1153
NMHE,-0.0058894604,0.00071814633,3,9571,1153
KDPC,-0.006602943,0.0008507271,3,9571,1153
KQKT,-0.0066079833,0.0001553294,3,9571,1153
PDQA,-0.0072227567,0.0,3,9571,1153
TLKA,-0.0078597255,0.0006743568,3,9571,1153
ETHK,-0.00873832,0.0,3,9571,1153
AEDV,-0.009313878,0.0020088793,3,9571,1153
CCEM,-0.00951409,0.00035907316,3,9571,1153
YGWN,-0.009603146,0.0001035529,3,9571,1153
NLPA,-0.00982834,0.00019643788,3,9571,1153
MPEN,-0.009994745,0.0018432421,3,9571,1153
VMYH,-0.010065712,0.00011331403,3,9571,1153
CQIH,-0.010129288,0.00025365717,3,9571,1153
AMSS,-0.010143653,0.00058826874,3,9571,1153
QCHK,-0.010832634,0.00064299145,3,9571,1153
YEHM,-0.010834191,0.00081921875,3,9571,1153
DCNY,-0.0110866055,0.00086401973,3,9571,1153
KAVV,-0.011191513,0.00027843533,3,9571,1153
PQFK,-0.011517812,0.0012021145,3,9571,1153
TQSK,-0.0118597485,0.0,3,9571,1153
CYNW,-0.011950724,0.0004189187,3,9571,1153
GRQR,-0.012257628,7.295153e-05,3,9571,1153
QRIR,-0.012348242,0.0003345819,3,9571,1153
MPEL,-0.012512565,0.0,3,9571,1153
HDID,-0.012600787,0.0016212033,3,9571,1153
RFIR,-0.012944017,0.00027633287,3,9571,1153
STHQ,-0.013111375,0.000112851514,3,9571,1153
SQWR,-0.013132345,0.00019200434,3,9571,1153
DSYY,-0.013289046,0.0,3,9571,1153
DIIE,-0.013364971,0.0008378374,3,9571,1153
ASPD,-0.013580691,0.0029861974,3,9571,1153
HSRS,-0.013582375,0.0003238809,3,9571,1153
PLFD,-0.013648316,0.0,3,9571,1153
TYIR,-0.013759226,0.0002764863,3,9571,1153
KRTF,-0.014040783,0.00030184095,3,9571,1153
DSIE,-0.014255799,0.0,3,9571,1153
KTVN,-0.014627438,0.0003445313,3,9571,1153
SNTT,-0.01509539,0.0003763688,3,9571,1153
NSNE,-0.015114404,0.0,3,9571,1153
VLRV,-0.015385896,0.0002158516,3,9571,1153
SHVP,-0.01681948,0.0002769017,3,9571,1153
TDIP,-0.017120197,0.0,3,9571,1153
GEWY,-0.017134305,0.0,3,9571,1153
SMQY,-0.017185476,0.00012073634,3,9571,1153
NTQW,-0.017779361,0.0,3,9571,1153
GGDY,-0.018017922,0.0,3,9571,1153
RSSI,-0.018514056,0.00026310247,3,9571,1153
GVWK,-0.01903417,0.00013166018,3,9571,1153
APDQ,-0.01961517,0.0,3,9571,1153
HEVM,-0.019826923,0.00025600588,3,9571,1153
KLSW,-0.020641625,0.0001940255,3,9571,1153
SAKW,-0.021231841,0.0,3,9571,1153
NKID,-0.021648109,0.00549759,3,9571,1153
DLYL,-0.021994948,0.0,3,9571,1153
TQSG,-0.022037297,0.0,3,9571,1153
GSTR,-0.022514723,0.00019608955,3,9571,1153
RTSR,-0.02261744,0.00018137164,3,9571,1153
HQPH,-0.023663815,0.00045700217,3,9571,1153
KMTR,-0.025362,0.00019731409,3,9571,1153
CPNQ,-0.026855975,0.0003434613,3,9571,1153
QRRS,-0.027021766,0.0002198566,3,9571,1153
GDRV,-0.027348738,0.00014196988,3,9571,1153
DGPS,-0.027406104,0.00034998267,3,9571,1153
RRQI,-0.027487896,0.0003314048,3,9571,1153
FWEV,-0.028410599,0.0,3,9571,1153
RTNF,-0.028856229,4.3200966e-05,3,9571,1153
NTYD,-0.02940381,0.00092781027,3,9571,1153
APER,-0.03072691,0.0,3,9571,1153
SPFR,-0.031031355,0.00037237216,3,9571,1153
TTRV,-0.031683818,0.0,3,9571,1153
SLNW,-0.0318529,0.00015981871,3,9571,1153
YPYV,-0.034111455,0.00046209415,3,9571,1153
NEEK,-0.034732103,0.0,3,9571,1153
PIRE,-0.035230845,0.0,3,9571,1153
DWSE,-0.035496704,0.0,3,9571,1153
RWPT,-0.037429363,0.00018070998,3,9571,1153
REPS,-0.04027675,0.00031958747,3,9571,1153
PRYE,-0.042288184,0.0,3,9571,1153
SRIF,-0.042417154,0.0005167969,3,9571,1153
FESM,-0.043029092,0.001256756,3,9571,1153
YPRY,-0.044201374,0.00023258573,3,9571,1153
DMSG,-0.0470521,0.00036379782,3,9571,1153
FPTI,-0.047112502,0.00019200434,3,9571,1153
DLLS,-0.048557095,0.00045079293,3,9571,1153
DRRS,-0.049272686,0.00084102305,3,9571,1153
GPTG,-0.09926064,0.00038400877,3,9571,1153
FHAG,0.38981667,0.3737416,4,12851,1537
FAAG,0.3844944,0.17701481,4,12851,1537
FKAG,0.3779182,0.20014538,4,12851,1537
FIAG,0.37372044,0.34017894,4,12851,1537
WWLA,0.3682884,0.6346239,4,12851,1537
WILC,0.35031158,0.44274464,4,12851,1537
CWFG,0.34898752,0.4037341,4,12851,1537
FDAG,0.3417693,0.10150998,4,12851,1537
LWCG,0.33763582,0.5564039,4,12851,1537
WVFG,0.32646593,0.518634,4,12851,1537
IWFG,0.32506487,0.416977,4,12851,1537
LWLA,0.32421482,0.51991785,4,12851,1537
WNLA,0.3225615,0.42393413,4,12851,1537
WSLT,0.32051554,0.3330571,4,12851,1537
ESLG,0.31846106,0.41153926,4,12851,1537
WRLT,0.318461,0.5189193,4,12851,1537
WSLA,0.31723613,0.45485482,4,12851,1537
FTAG,0.31580856,0.13201599,4,12851,1537
LILA,0.31564048,0.34792945,4,12851,1537
EVLG,0.31479302,0.36894065,4,12851,1537
LAFG,0.31272262,0.32301265,4,12851,1537
VWFG,0.3125134,0.48805317,4,12851,1537
YVFG,0.30892205,0.45346868,4,12851,1537
AWFG,0.3071938,0.35328808,4,12851,1537
FYFG,0.30109218,0.26671156,4,12851,1537
VILG,0.30083936,0.31231272,4,12851,1537
MRLA,0.29947117,0.23236902,4,12851,1537
FWLT,0.2959422,0.3602313,4,12851,1537
LSFG,0.29559,0.33609056,4,12851,1537
LIFG,0.2955128,0.4232867,4,12851,1537
WHFG,0.2950336,0.42699882,4,12851,1537
HHLG,0.29470307,0.29298058,4,12851,1537
VNLG,0.29461518,0.46903634,4,12851,1537
QWFG,0.29202625,0.24874102,4,12851,1537
WYLC,0.29202422,0.39674792,4,12851,1537
ANLG,0.29035074,0.5640321,4,12851,1537
LNFG,0.2890063,0.2870536,4,12851,1537
LYFG,0.28804827,0.24519566,4,12851,1537
ASLG,0.2869671,0.27889055,4,12851,1537
LVLA,0.28606987,0.31214324,4,12851,1537
WILT,0.28301793,0.4331892,4,12851,1537
WTLC,0.28150353,0.2210844,4,12851,1537
LAMG,0.2790568,0.25129655,4,12851,1537
LKFG,0.2789918,0.2891935,4,12851,1537
LMLG,0.27839404,0.23933834,4,12851,1537
FFFG,0.27637374,0.22602756,4,12851,1537
FYCG,0.27525684,0.35597613,4,12851,1537
ECLG,0.2752214,0.31837818,4,12851,1537
WNFG,0.27472067,0.42561683,4,12851,1537
WFFG,0.2727424,0.29846275,4,12851,1537
FFCG,0.2724635,0.2646369,4,12851,1537
WVLT,0.27006805,0.38581374,4,12851,1537
LSLA,0.26709756,0.3991555,4,12851,1537
WGLC,0.26572952,0.07455591,4,12851,1537
WKFG,0.26439387,0.4492211,4,12851,1537
LRLC,0.26095128,0.292625,4,12851,1537
FACG,0.26057371,0.15589832,4,12851,1537
WCFG,0.25970882,0.47368187,4,12851,1537
LCFG,0.25850877,0.32552627,4,12851,1537
WELG,0.25848052,0.2091725,4,12851,1537
WAMG,0.2581781,0.23204152,4,12851,1537
WAMG,0.258178,0.23204152,4,12851,1537
YIFG,0.25716308,0.51114726,4,12851,1537
LSCG,0.25482878,0.3205808,4,12851,1537
LKLA,0.2545179,0.31645605,4,12851,1537
HKLG,0.25216925,0.25906125,4,12851,1537
WSMG,0.2519285,0.2674788,4,12851,1537
LQFG,0.251791,0.20893797,4,12851,1537
AHFG,0.25055405,0.24653363,4,12851,1537
LALA,0.2504197,0.38195053,4,12851,1537
VFLG,0.24873935,0.15400396,4,12851,1537
FYMG,0.24755365,0.28629714,4,12851,1537
WYLA,0.24662915,0.34627616,4,12851,1537
WCLA,0.24628639,0.34581652,4,12851,1537
WWFA,0.2462546,0.5892799,4,12851,1537
WQLT,0.24437892,0.2804396,4,12851,1537
FPAG,0.24428375,0.008157205,4,12851,1537
WTLA,0.24366902,0.20319062,4,12851,1537
LLFG,0.24244736,0.24790345,4,12851,1537
WDFG,0.2404253,0.27473515,4,12851,1537
YNFG,0.23899738,0.28253445,4,12851,1537
WELA,0.23796481,0.1647341,4,12851,1537
FAFG,0.2361053,0.33422318,4,12851,1537
YFFG,0.23583882,0.17950211,4,12851,1537
MILA,0.2346757,0.2144079,4,12851,1537
EQLG,0.23265284,0.2244991,4,12851,1537
WHMG,0.23080121,0.2715882,4,12851,1537
FWLA,0.22926578,0.36941645,4,12851,1537
SWFG,0.22922716,0.16406249,4,12851,1537
FFMG,0.22879794,0.20827125,4,12851,1537
RWFG,0.22855458,0.09785154,4,12851,1537
FIFG,0.22846079,0.46127367,4,12851,1537
FHCG,0.22844976,0.2705229,4,12851,1537
FYGG,0.22786024,0.1972708,4,12851,1537
AWCG,0.22606184,0.38984573,4,12851,1537
QSLG,0.22597866,0.25315738,4,12851,1537
TWFG,0.22575068,0.17324515,4,12851,1537
LTLA,0.22466691,0.14001773,4,12851,1537
LQLA,0.22418796,0.21333072,4,12851,1537
YWAG,0.2229591,0.25887454,4,12851,1537
ADLG,0.22160688,0.13824317,4,12851,1537
WEFG,0.21845521,0.24759132,4,12851,1537
YDFG,0.21635893,0.19208524,4,12851,1537
VVFG,0.21493773,0.32718542,4,12851,1537
QVFG,0.21307857,0.27720344,4,12851,1537
CAFG,0.21221766,0.41070685,4,12851,1537
FIMG,0.21083018,0.33912775,4,12851,1537
CSFG,0.20971754,0.35943222,4,12851,1537
MTLG,0.20654137,0.1568114,4,12851,1537
LMLA,0.20357868,0.16586043,4,12851,1537
MRFG,0.20189273,0.23322631,4,12851,1537
EWMG,0.19682789,0.12232425,4,12851,1537
WWFS,0.19624886,0.04026385,4,12851,1537
LWMT,0.19597101,0.12073781,4,12851,1537
LEFG,0.19382046,0.15121794,4,12851,1537
FLFG,0.1936118,0.28028125,4,12851,1537
YHAG,0.1921895,0.27455285,4,12851,1537
IWAG,0.19005811,0.4808951,4,12851,1537
CDFG,0.1859699,0.21722394,4,12851,1537
ITLG,0.18115802,0.13870707,4,12851,1537
WRCA,0.18032846,0.5367764,4,12851,1537
WWFQ,0.17784987,0.00071285607,4,12851,1537
WWFQ,0.17784983,0.00071285607,4,12851,1537
EELG,0.17525205,0.13465601,4,12851,1537
AWAG,0.17317885,0.0132936295,4,12851,1537
WTMG,0.17168297,0.122419104,4,12851,1537
AMLG,0.17163068,0.11635466,4,12851,1537
HWAG,0.170883,0.014280063,4,12851,1537
FTCG,0.16980942,0.079693116,4,12851,1537
LSMA,0.16961797,0.3792674,4,12851,1537
WWHG,0.16818708,0.0011362452,4,12851,1537
IRFG,0.16805361,0.2636745,4,12851,1537
HTLG,0.16660574,0.109875895,4,12851,1537
WWFP,0.16609274,0.054051295,4,12851,1537
IYFG,0.16556257,0.09071175,4,12851,1537
LWAT,0.16447803,0.023394996,4,12851,1537
MCFG,0.16165528,0.23303038,4,12851,1537
LAMA,0.16088235,0.33141905,4,12851,1537
WWLQ,0.16054252,0.0011206152,4,12851,1537
LKMA,0.15966246,0.29223198,4,12851,1537
RVFG,0.15949889,0.12264782,4,12851,1537
MRAG,0.15512834,0.13140838,4,12851,1537
WWLD,0.14680393,0.010240234,4,12851,1537
AGLG,0.14344431,0.048623458,4,12851,1537
WWYG,0.14233911,0.1935815,4,12851,1537
LSCA,0.14129803,0.53052664,4,12851,1537
MMFG,0.13903093,0.10253551,4,12851,1537
WTCA,0.13896711,0.25488037,4,12851,1537
IYMG,0.13848273,0.14194036,4,12851,1537
HHAG,0.13731827,0.031553805,4,12851,1537
HNFG,0.13213521,0.070221245,4,12851,1537
WSCA,0.13157699,0.4865565,4,12851,1537
WNLQ,0.12876752,0.00075500034,4,12851,1537
MTMG,0.1270326,0.0655692,4,12851,1537
WILD,0.1260684,0.014887725,4,12851,1537
WVLY,0.12420732,0.0008112752,4,12851,1537
VNLT,0.123897985,0.23867925,4,12851,1537
LWYG,0.12382555,0.26632428,4,12851,1537
YHYG,0.12333357,0.082163386,4,12851,1537
LRFC,0.12264565,0.046353903,4,12851,1537
GRLG,0.12126684,0.009669121,4,12851,1537
WWFK,0.11719751,0.0009874512,4,12851,1537
HKMG,0.11697425,0.069530584,4,12851,1537
QAAG,0.115768924,0.004713865,4,12851,1537
WHLQ,0.115434036,0.0006110195,4,12851,1537
LALY,0.1147919,0.0006303315,4,12851,1537
VMFG,0.114784345,0.1233032,4,12851,1537
LDMT,0.114730865,0.041442297,4,12851,1537
YHEG,0.11433168,0.00019608955,4,12851,1537
AHEG,0.11418143,0.005896229,4,12851,1537
KDLG,0.11173494,0.07872795,4,12851,1537
YHVG,0.11087081,0.043998364,4,12851,1537
KHMG,0.10552789,0.022212103,4,12851,1537
LRFT,0.105383605,0.2166543,4,12851,1537
MWFV,0.09920251,0.14179818,4,12851,1537
AEFG,0.09855132,0.118445806,4,12851,1537
QKAG,0.09740843,0.0049808198,4,12851,1537
NVCG,0.09523243,0.07176558,4,12851,1537
IGCG,0.089377284,0.13908955,4,12851,1537
SRFG,0.08901934,0.054825738,4,12851,1537
WQGA,0.085013874,0.089851595,4,12851,1537
QELG,0.08310978,0.07499568,4,12851,1537
WHGG,0.08291003,0.08647138,4,12851,1537
EEFG,0.07415241,0.048068035,4,12851,1537
LIGW,0.06686504,0.037866604,4,12851,1537
FPAV,0.065988526,0.0009689941,4,12851,1537
IFYG,0.061209653,0.0131075,4,12851,1537
IRSA,0.05971683,0.2582544,4,12851,1537
LYKA,0.056700084,0.00025365717,4,12851,1537
KHGS,0.0556765,0.008071916,4,12851,1537
KQGS,0.05356445,0.0017117884,4,12851,1537
VTGC,0.05202335,0.12883292,4,12851,1537
VNLL,0.05113172,0.0015616686,4,12851,1537
HSHG,0.047790002,0.00026083618,4,12851,1537
GVGC,0.046194524,0.0053980662,4,12851,1537
WIHT,0.04407148,0.0038526782,4,12851,1537
LTFR,0.043353032,0.00024976183,4,12851,1537
FACI,0.042940345,0.006345588,4,12851,1537
MTFM,0.04183099,0.00087006186,4,12851,1537
VYFS,0.033928514,0.0047155335,4,12851,1537
TWFN,0.030538898,0.0006010572,4,12851,1537
CCSA,0.027342606,0.00976718,4,12851,1537
AFLV,0.026462793,0.0028461828,4,12851,1537
YADC,0.02362156,0.0018720429,4,12851,1537
EVFK,0.02346833,0.0003027222,4,12851,1537
HHFY,0.023388408,0.00019749023,4,12851,1537
LCTT,0.023374505,0.0014417015,4,12851,1537
NFTA,0.022880252,0.00038615413,4,12851,1537
RIMD,0.02120525,0.0,4,12851,1537
CMAT,0.021120433,0.0022333306,4,12851,1537
TVGF,0.020039715,0.04643282,4,12851,1537
AGAT,0.018642433,0.0,4,12851,1537
SPGC,0.018106362,0.0027461997,4,12851,1537
FNMV,0.017769143,0.004412016,4,12851,1537
QYMW,0.015485331,0.00070893933,4,12851,1537
HRRA,0.015423732,0.00069702434,4,12851,1537
CVTQ,0.014925843,0.0007503021,4,12851,1537
MHYL,0.014682261,0.00070532225,4,12851,1537
TLGR,0.014535202,5.6657016e-05,4,12851,1537
QHAS,0.013692542,0.002470862,4,12851,1537
KHMI,0.013662013,0.0002211891,4,12851,1537
WTWV,0.013016987,0.016402382,4,12851,1537
CFCF,0.012888692,0.0024527013,4,12851,1537
THMS,0.012555359,0.0032527803,4,12851,1537
LGHH,0.012516094,0.00019470864,4,12851,1537
MRHN,0.012226831,0.00064299145,4,12851,1537
WSIM,0.01126723,0.00028571722,4,12851,1537
ACGV,0.011219263,0.02513512,4,12851,1537
THAH,0.010962091,0.00056425773,4,12851,1537
ILAM,0.010563035,0.078141615,4,12851,1537
ELGW,0.010364696,0.0,4,12851,1537
PTAH,0.009828735,0.00048264445,4,12851,1537
VNVS,0.0094347,0.00059257395,4,12851,1537
DVGM,0.008885656,0.0413243,4,12851,1537
DAAP,0.008347938,0.0,4,12851,1537
HVLN,0.0077434815,0.0007105957,4,12851,1537
FDLE,0.007326212,0.0,4,12851,1537
TKAF,0.006881956,0.0,4,12851,1537
DHEP,0.0067382064,0.0011520264,4,12851,1537
HTQA,0.0063673556,0.0002764863,4,12851,1537
NAAH,0.00623752,0.00019678741,4,12851,1537
MCVH,0.0061993487,0.0010439074,4,12851,1537
HVEW,0.0061720237,0.0,4,12851,1537
ASDM,0.006040551,0.0,4,12851,1537
VAEL,0.0057427883,0.0,4,12851,1537
TMFI,0.005742509,0.0,4,12851,1537
FCWT,0.005653601,0.0142309135,4,12851,1537
MCNP,0.0053432193,0.0008608548,4,12851,1537
KGME,0.005021848,0.00024333234,4,12851,1537
NPMT,0.0043572187,0.00014106442,4,12851,1537
QSWS,0.0042190365,0.00053860975,4,12851,1537
MEWL,0.0034664888,0.00031418898,4,12851,1537
FRPC,0.0033906158,0.00037363017,4,12851,1537
NKAW,0.0033699628,0.0,4,12851,1537
KQAS,0.0028837286,0.00030494816,4,12851,1537
PYGN,0.002602227,0.00090439455,4,12851,1537
HFFR,0.0024014115,0.00026796028,4,12851,1537
VMSS,0.0020531416,0.0057094255,4,12851,1537
GSNQ,0.0018763319,0.00073241413,4,12851,1537
ADSH,0.0018201303,0.0,4,12851,1537
EWSS,0.0014377162,0.0,4,12851,1537
ASNL,0.0010051318,0.0,4,12851,1537
DCFR,0.00088022277,0.0020689452,4,12851,1537
LGNY,0.0007837154,0.0,4,12851,1537
EKKY,0.0006271824,0.0004937255,4,12851,1537
AAKN,0.00046842545,0.0028254949,4,12851,1537
PTST,0.00025009178,0.00014220462,4,12851,1537
IREN,-0.000790393,0.00058207643,4,12851,1537
EDYP,-0.0011873692,0.00038534682,4,12851,1537
VARI,-0.0015276577,0.0,4,12851,1537
FGFP,-0.0016055908,0.00042932655,4,12851,1537
YMSS,-0.00162079,0.00041017198,4,12851,1537
GRYG,-0.0020172186,0.021714292,4,12851,1537
QDYR,-0.0020766873,0.000118833705,4,12851,1537
CLSN,-0.002152335,0.00089610694,4,12851,1537
DYDP,-0.0024172887,0.0005945942,4,12851,1537
CIPQ,-0.002619069,0.00036189306,4,12851,1537
IIYM,-0.0026866905,0.0003434613,4,12851,1537
ANQI,-0.0027451515,0.0028585629,4,12851,1537
FNDF,-0.0028371029,0.0,4,12851,1537
EEVV,-0.002925124,0.00023150767,4,12851,1537
GRQI,-0.0030809715,0.00024253188,4,12851,1537
PGMV,-0.0033157244,0.00054213003,4,12851,1537
SKIR,-0.0033776276,0.00018023879,4,12851,1537
AMNQ,-0.0034349114,0.00092162105,4,12851,1537
GFTI,-0.0035730228,0.00036142007,4,12851,1537
KTKS,-0.003584437,0.00020757235,4,12851,1537
LTWY,-0.003907781,0.0064586042,4,12851,1537
NVDD,-0.0039407946,0.0045328564,4,12851,1537
AMHI,-0.004379049,0.0005551833,4,12851,1537
IMHP,-0.0049636066,0.00024649594,4,12851,1537
GFVQ,-0.005302891,0.000113780385,4,12851,1537
KEQC,-0.0053923577,0.0006010572,4,12851,1537
HPMW,-0.005411584,0.00026332025,4,12851,1537
QDEL,-0.0055031106,0.0002497003,4,12851,1537
INNQ,-0.005731009,0.0,4,12851,1537
LFWK,-0.0058687553,0.00041266615,4,12851,1537
VGEH,-0.006029386,0.0,4,12851,1537
YNQY,-0.0063663125,0.00021268176,4,12851,1537
SCEC,-0.006551426,0.0,4,12851,1537
TAKN,-0.0066194795,0.0,4,12851,1537
TMRT,-0.00699706,0.00031780035,4,12851,1537
NPMW,-0.0071593784,0.0,4,12851,1537
APQH,-0.007551197,0.0040490506,4,12851,1537
APKI,-0.007867377,0.00058477075,4,12851,1537
HRDR,-0.007915098,0.0002684333,4,12851,1537
LPYR,-0.007966895,0.00017137585,4,12851,1537
AKRP,-0.00875698,0.00034998267,4,12851,1537
EIHK,-0.008758925,0.0,4,12851,1537
RIDS,-0.008780319,0.00037430454,4,12851,1537
FIVL,-0.008817278,0.00032623758,4,12851,1537
GHLF,-0.008851413,0.0,4,12851,1537
QQKI,-0.008899305,0.0,4,12851,1537
PHIH,-0.0089899,0.0,4,12851,1537
SKEM,-0.009205326,0.0011318154,4,12851,1537
VPDS,-0.0092538595,0.00048294556,4,12851,1537
QRNS,-0.009461671,0.0004893563,4,12851,1537
YQDI,-0.009476867,0.00058004126,4,12851,1537
EMDG,-0.009487137,0.0002229728,4,12851,1537
TALF,-0.010097273,0.0,4,12851,1537
VPYG,-0.010163683,0.02560898,4,12851,1537
RMRY,-0.010716941,0.00013520116,4,12851,1537
RYVR,-0.010802511,0.00010311156,4,12851,1537
NIHH,-0.011055507,0.0,4,12851,1537
NHRW,-0.011215422,0.00028800662,4,12851,1537
TEDE,-0.011288401,0.0,4,12851,1537
YDND,-0.011622429,0.001571232,4,12851,1537
YTQP,-0.011693548,0.0004999753,4,12851,1537
TSVW,-0.011786725,0.00021105824,4,12851,1537
RITD,-0.012466509,0.0,4,12851,1537
PAHY,-0.012515347,0.0,4,12851,1537
AMQS,-0.012708921,0.0,4,12851,1537
NCEP,-0.012831163,0.0011059452,4,12851,1537
HMSC,-0.013611969,0.0008451547,4,12851,1537
IHNK,-0.013830464,0.0,4,12851,1537
QKPF,-0.0144104175,0.00011617076,4,12851,1537
YSVY,-0.01451147,0.00027730188,4,12851,1537
KGFM,-0.01452392,0.00017860872,4,12851,1537
RQKQ,-0.014529843,0.00023631314,4,12851,1537
SAKG,-0.014567032,0.0,4,12851,1537
NLIQ,-0.014994327,0.0,4,12851,1537
ERRR,-0.015000906,0.00034998267,4,12851,1537
PTYD,-0.015096124,0.0018499199,4,12851,1537
KQYK,-0.015284751,0.00029729717,4,12851,1537
IPEF,-0.015592057,0.0,4,12851,1537
ECPE,-0.015622314,0.0009874512,4,12851,1537
RNDH,-0.01571868,0.00018189891,4,12851,1537
RIRK,-0.015773289,0.00023649684,4,12851,1537
DKQE,-0.016155716,0.0,4,12851,1537
PSVH,-0.016366057,0.00023234142,4,12851,1537
TVLW,-0.016657725,0.0,4,12851,1537
VERR,-0.016781095,0.0,4,12851,1537
YSVL,-0.01782938,0.00029959815,4,12851,1537
VMQN,-0.0182609,0.0,4,12851,1537
PVKW,-0.01830275,0.0,4,12851,1537
WMVQ,-0.018349636,0.00016764563,4,12851,1537
VPQW,-0.019160572,0.00018100343,4,12851,1537
TPHV,-0.019378114,0.0,4,12851,1537
FREH,-0.019972239,0.0,4,12851,1537
FPMY,-0.020599525,0.0,4,12851,1537
SGQQ,-0.0209396,0.0001553294,4,12851,1537
PDPQ,-0.021434505,0.0,4,12851,1537
WQQM,-0.021654177,0.00015754202,4,12851,1537
SPKW,-0.02196877,0.00027927916,4,12851,1537
HYPK,-0.022139654,0.00038400877,4,12851,1537
PFRL,-0.022160888,0.0003716983,4,12851,1537
SPTK,-0.023440499,0.00045826467,4,12851,1537
MWDE,-0.02431953,0.0006716267,4,12851,1537
WKHW,-0.024636377,0.00036864838,4,12851,1537
HGPI,-0.024712328,0.0005493105,4,12851,1537
KPVH,-0.024868269,0.00028474384,4,12851,1537
EPVW,-0.02513123,0.000524974,4,12851,1537
YMRW,-0.02520375,0.000306356,4,12851,1537
WRAW,-0.0310978,0.0004915903,4,12851,1537
IPKG,-0.03205877,0.00036864838,4,12851,1537
QWQE,-0.03544901,0.0004937255,4,12851,1537
YWSW,-0.039179746,0.0008976829,4,12851,1537
HWQW,-0.04301295,0.0,4,12851,1537
PDLV,-0.04468962,0.00018432419,4,12851,1537
RMDG,-0.045786183,0.00028571722,4,12851,1537
NWWP,-0.060856503,0.0010634089,4,12851,1537
TPHG,-0.0611705,0.0,4,12851,1537
TWDE,-0.061464977,0.0012192517,4,12851,1537
SYLK,-0.06419481,0.00031418898,4,12851,1537
LWCA,0.52225804,0.72920364,5,16096,1921
WWCA,0.48922276,0.73461795,5,16096,1921
WRFA,0.46474385,0.5088827,5,16096,1921
WSFA,0.46381307,0.5515763,5,16096,1921
LRCA,0.4619019,0.5942575,5,16096,1921
WVFA,0.44880986,0.5294897,5,16096,1921
WKFA,0.4340012,0.41362527,5,16096,1921
WIFA,0.43195653,0.52711594,5,16096,1921
WIFG,0.42848516,0.5167892,5,16096,1921
WRLC,0.42573857,0.51591796,5,16096,1921
WAFA,0.4149506,0.51196253,5,16096,1921
WCFA,0.41229558,0.4453483,5,16096,1921
LWMA,0.4053681,0.51193583,5,16096,1921
WRFG,0.40470433,0.55333173,5,16096,1921
IWCA,0.39889073,0.6060298,5,16096,1921
LSFA,0.3975594,0.24037053,5,16096,1921
WSFG,0.39246678,0.5112477,5,16096,1921
LICA,0.39143682,0.5028127,5,16096,1921
LIFA,0.3913262,0.22240064,5,16096,1921
IWCG,0.38352895,0.48441428,5,16096,1921
LKCA,0.3819611,0.478155,5,16096,1921
WLFA,0.38085485,0.30838665,5,16096,1921
WFCA,0.38085485,0.49450403,5,16096,1921
LRCG,0.37844396,0.3918407,5,16096,1921
LACA,0.37750173,0.54882914,5,16096,1921
LGCA,0.37693334,0.4184761,5,16096,1921
WFFA,0.3755753,0.24798836,5,16096,1921
EHLG,0.37535024,0.32607105,5,16096,1921
LVCA,0.37483525,0.4520526,5,16096,1921
WKCA,0.37440038,0.42201206,5,16096,1921
WHFA,0.37314153,0.40625268,5,16096,1921
LRMA,0.36761022,0.39905873,5,16096,1921
WVCA,0.36717534,0.4065967,5,16096,1921
WHLA,0.36666417,0.3672762,5,16096,1921
WKLC,0.36554646,0.39334238,5,16096,1921
LCCA,0.3615296,0.28679046,5,16096,1921
FWCA,0.3604424,0.7620898,5,16096,1921
VIFG,0.35996556,0.3637859,5,16096,1921
LHFG,0.35778356,0.29218587,5,16096,1921
LICG,0.35326695,0.38078883,5,16096,1921
WQFG,0.34916997,0.3623994,5,16096,1921
WCCA,0.34791112,0.29627952,5,16096,1921
LLCA,0.3472855,0.3198636,5,16096,1921
LHCA,0.34456182,0.48656934,5,16096,1921
VHFG,0.34413075,0.4208876,5,16096,1921
LNCA,0.34410787,0.57884896,5,16096,1921
WYCA,0.34358525,0.6097229,5,16096,1921
WYFG,0.34218526,0.3484317,5,16096,1921
IWLA,0.34181142,0.13629383,5,16096,1921
WICA,0.33849645,0.39945072,5,16096,1921
LMCA,0.338382,0.32558882,5,16096,1921
WACA,0.33807683,0.46219492,5,16096,1921
MSCA,0.33654332,0.46844998,5,16096,1921
YCFG,0.3358872,0.33918005,5,16096,1921
YWCG,0.33424306,0.43907085,5,16096,1921
MWCG,0.33343434,0.4540798,5,16096,1921
WMCA,0.32871938,0.23291783,5,16096,1921
WFMA,0.32730412,0.3075268,5,16096,1921
LCFA,0.3268578,0.19990689,5,16096,1921
WEFA,0.32338643,0.23455144,5,16096,1921
LPCA,0.3230965,0.35674572,5,16096,1921
WLFG,0.31892323,0.3868158,5,16096,1921
YWFA,0.3184235,0.20950252,5,16096,1921
CWFA,0.3178513,0.2038838,5,16096,1921
WHCA,0.31715703,0.46946943,5,16096,1921
WDFA,0.31597066,0.29190168,5,16096,1921
EWCA,0.31483388,0.39234725,5,16096,1921
WQCA,0.31365514,0.3425615,5,16096,1921
LECA,0.3128159,0.25490868,5,16096,1921
WLLA,0.3087647,0.19568585,5,16096,1921
ESCA,0.30717778,0.45933056,5,16096,1921
WGFA,0.3046906,0.1065797,5,16096,1921
VWCA,0.30304265,0.5406935,5,16096,1921
WLLG,0.30104756,0.28503048,5,16096,1921
VSFG,0.3001969,0.38162866,5,16096,1921
YIFA,0.29740453,0.28940946,5,16096,1921
WVFT,0.2952149,0.41246185,5,16096,1921
WCFT,0.29175115,0.3223884,5,16096,1921
FIFA,0.29092717,0.23930131,5,16096,1921
WFAA,0.2891419,0.2207073,5,16096,1921
WPFA,0.2883637,0.02228303,5,16096,1921
CSFA,0.2876389,0.19299603,5,16096,1921
IIFG,0.2858765,0.27517244,5,16096,1921
WLLT,0.28536916,0.23212762,5,16096,1921
VWLA,0.2852013,0.13470641,5,16096,1921
MVFG,0.28500676,0.29536954,5,16096,1921
LGMA,0.2826798,0.09374264,5,16096,1921
LYMG,0.28170705,0.3046395,5,16096,1921
LQCG,0.28102422,0.21670845,5,16096,1921
LWYA,0.27913976,0.09237644,5,16096,1921
CVFA,0.27861714,0.17644192,5,16096,1921
LWWA,0.27854466,0.0032750089,5,16096,1921
YRCG,0.27811742,0.3288414,5,16096,1921
CAFA,0.27547765,0.1987555,5,16096,1921
YRCA,0.2724793,0.48062128,5,16096,1921
YICG,0.27180028,0.35348517,5,16096,1921
IHFG,0.2715485,0.34125942,5,16096,1921
WSFC,0.2710526,0.37954843,5,16096,1921
VSFA,0.26943517,0.23627217,5,16096,1921
WRTA,0.26808476,0.008086039,5,16096,1921
LYMA,0.26772237,0.2990692,5,16096,1921
FSCA,0.26732564,0.38775223,5,16096,1921
RWCA,0.2667687,0.09078948,5,16096,1921
WVFC,0.26672292,0.3252997,5,16096,1921
WAFT,0.26480794,0.40730554,5,16096,1921
QIFG,0.26410985,0.22321016,5,16096,1921
VIFA,0.26198125,0.12314652,5,16096,1921
LRYA,0.26127553,0.024327537,5,16096,1921
ASCA,0.25957036,0.5193606,5,16096,1921
HWCG,0.25795674,0.25379264,5,16096,1921
YIAG,0.25656438,0.25467357,5,16096,1921
YSFA,0.25648046,0.20726296,5,16096,1921
FSFA,0.2563355,0.2004224,5,16096,1921
LLCG,0.2557938,0.19386886,5,16096,1921
VQFG,0.25416493,0.26496607,5,16096,1921
ICFG,0.25242162,0.27471614,5,16096,1921
VSCA,0.2523377,0.5445462,5,16096,1921
WRFC,0.25194097,0.3269068,5,16096,1921
MIFA,0.25043797,0.16595331,5,16096,1921
WCMG,0.2497437,0.17557347,5,16096,1921
LDCG,0.24847722,0.21153015,5,16096,1921
FEAC,0.24808621,0.019749023,5,16096,1921
WSFT,0.2463448,0.3863292,5,16096,1921
MICA,0.24598622,0.36518094,5,16096,1921
GWCA,0.24538732,0.009943807,5,16096,1921
HYLG,0.24440312,0.24959779,5,16096,1921
CWLC,0.24350667,0.013320596,5,16096,1921
VRCG,0.24173284,0.2744025,5,16096,1921
EACG,0.24171758,0.17927955,5,16096,1921
VHLT,0.24101186,0.14959557,5,16096,1921
VDFG,0.23929143,0.2674108,5,16096,1921
WFCG,0.23903966,0.31523126,5,16096,1921
AIFA,0.23775792,0.07936182,5,16096,1921
GWFA,0.23732686,0.043401923,5,16096,1921
GSCA,0.23685765,0.012092341,5,16096,1921
ASFA,0.23552632,0.12688747,5,16096,1921
YILA,0.23535085,0.3476099,5,16096,1921
EACA,0.23205495,0.38119158,5,16096,1921
VCFA,0.22997212,0.20773438,5,16096,1921
GIFA,0.22948384,0.052772276,5,16096,1921
RSCA,0.22621465,0.23979598,5,16096,1921
WAFC,0.22333837,0.33233848,5,16096,1921
IVCA,0.22260976,0.36801228,5,16096,1921
RWFA,0.2208283,0.01651662,5,16096,1921
WWLV,0.21942067,0.53110033,5,16096,1921
YWMA,0.21926427,0.31773263,5,16096,1921
YICA,0.21903539,0.5125793,5,16096,1921
HHFG,0.21755528,0.16891223,5,16096,1921
LAYA,0.21730351,0.062109772,5,16096,1921
VTFG,0.21674275,0.18267846,5,16096,1921
ICCA,0.2154572,0.2891831,5,16096,1921
WWSA,0.21420598,0.030164544,5,16096,1921
LKYA,0.21161962,0.014786898,5,16096,1921
LIYA,0.21113133,0.03648867,5,16096,1921
VDLT,0.21089482,0.112827025,5,16096,1921
EHFG,0.20919347,0.16013166,5,16096,1921
WNGA,0.20784307,0.09855191,5,16096,1921
WQFC,0.20770574,0.17563328,5,16096,1921
IICA,0.20734334,0.32890704,5,16096,1921
IMCA,0.20667195,0.1834235,5,16096,1921
VILT,0.2047112,0.16204152,5,16096,1921
LRDA,0.20337987,0.00045700217,5,16096,1921
ASCG,0.20160222,0.2096688,5,16096,1921
FLCA,0.20037007,0.20146519,5,16096,1921
EMCA,0.19928288,0.2043787,5,16096,1921
LWCE,0.19786382,0.0010634089,5,16096,1921
LCYA,0.19525456,0.057181243,5,16096,1921
WYGA,0.19518971,0.23046272,5,16096,1921
MQFG,0.19080281,0.16705595,5,16096,1921
AYCG,0.19039083,0.16614018,5,16096,1921
LFYA,0.18854833,0.01497904,5,16096,1921
MFMA,0.18807149,0.120867535,5,16096,1921
EFCG,0.18503118,0.03532881,5,16096,1921
WWTA,0.18477559,0.0015719958,5,16096,1921
WFDA,0.18453526,0.00031700826,5,16096,1921
YDLT,0.18401265,0.15126361,5,16096,1921
LSCE,0.18309331,0.00090795296,5,16096,1921
RSFA,0.18106008,0.018190064,5,16096,1921
WLFC,0.18088841,0.13050672,5,16096,1921
LRCH,0.18066335,0.0009114933,5,16096,1921
VDLC,0.17862058,0.02142769,5,16096,1921
WNAA,0.17634892,0.26053026,5,16096,1921
LPYA,0.17429662,0.002754469,5,16096,1921
WPLC,0.17337728,0.0014778362,5,16096,1921
THFG,0.17161107,0.18703486,5,16096,1921
YDLC,0.16849828,0.1521863,5,16096,1921
VILA,0.16748738,0.08692075,5,16096,1921
AYMG,0.16316915,0.13321614,5,16096,1921
WAFV,0.16125798,0.49237737,5,16096,1921
IWCE,0.15788579,0.0009051635,5,16096,1921
WHTA,0.15728688,0.0054890667,5,16096,1921
LADA,0.15676808,0.00031469992,5,16096,1921
HICA,0.1553948,0.42178208,5,16096,1921
ASMA,0.1535523,0.09677021,5,16096,1921
VKLA,0.1510117,0.06986164,5,16096,1921
LFDA,0.15066838,0.00028800662,5,16096,1921
LGDA,0.14963078,0.0001821386,5,16096,1921
FSGG,0.14516759,0.14865206,5,16096,1921
ADCA,0.14514089,0.3607131,5,16096,1921
MGMA,0.1447289,0.028024804,5,16096,1921
YCLA,0.14466786,0.20307979,5,16096,1921
YISG,0.14298558,0.0060818363,5,16096,1921
VQMG,0.14111257,0.059121013,5,16096,1921
VELG,0.14050221,0.13261557,5,16096,1921
LQYG,0.13710332,0.084105976,5,16096,1921
MRAC,0.13528752,0.20594686,5,16096,1921
IVMA,0.13217854,0.088859186,5,16096,1921
LICE,0.12942815,0.000784977,5,16096,1921
NWLG,0.1277535,0.051133312,5,16096,1921
WAKC,0.12722135,0.0010433446,5,16096,1921
YRSG,0.12601018,0.0022990978,5,16096,1921
FLLA,0.12294507,0.085758455,5,16096,1921
FYTA,0.12120366,0.0010368237,5,16096,1921
VWYA,0.11934972,0.06268472,5,16096,1921
ASWA,0.11659169,0.00055297266,5,16096,1921
VHAA,0.11553311,0.51554304,5,16096,1921
YLLC,0.11512685,0.15302365,5,16096,1921
WHKA,0.11453557,0.014561931,5,16096,1921
VCLA,0.11419988,0.12928398,5,16096,1921
LYMC,0.11325765,0.08100302,5,16096,1921
QWAG,0.11171651,0.0043266946,5,16096,1921
GSGS,0.10328603,0.00050168886,5,16096,1921
ASQA,0.09387517,0.0,5,16096,1921
RSCG,0.09032369,0.0740497,5,16096,1921
KCLA,0.08881688,0.009745602,5,16096,1921
WEEA,0.08770108,0.0002703422,5,16096,1921
FSFC,0.08711171,0.07340345,5,16096,1921
LDYG,0.07741094,0.07945184,5,16096,1921
LCWC,0.077073336,0.0008507271,5,16096,1921
LHMD,0.07660222,0.008906887,5,16096,1921
ISAP,0.076016665,0.0013772569,5,16096,1921
HVMA,0.07054448,0.07121038,5,16096,1921
MACV,0.0655396,0.056044526,5,16096,1921
ICNG,0.05249715,0.011350491,5,16096,1921
LTYG,0.052073717,0.07815075,5,16096,1921
WEFF,0.047499895,0.0010620473,5,16096,1921
VSRC,0.046839952,0.0011208905,5,16096,1921
YRIG,0.045005083,0.012765842,5,16096,1921
IPTG,0.04115987,0.00029103828,5,16096,1921
TPMI,0.039412737,0.0,5,16096,1921
IRMP,0.038062334,0.000885301,5,16096,1921
ICHT,0.0370934,0.003770268,5,16096,1921
HIIG,0.03624654,0.0020172822,5,16096,1921
MDMT,0.033559084,0.023884265,5,16096,1921
DKGV,0.032349825,0.002065043,5,16096,1921
HVWP,0.03102994,0.0011834045,5,16096,1921
CVTW,0.030818224,0.0014774078,5,16096,1921
DAAA,0.028455019,0.0007540536,5,16096,1921
ETLP,0.02827382,0.00058074755,5,16096,1921
GKWE,0.02790761,0.00017953658,5,16096,1921
QGQM,0.027348757,5.654121e-05,5,16096,1921
PEAS,0.026414156,0.00017443928,5,16096,1921
LDGV,0.024625063,0.17049818,5,16096,1921
VCSE,0.0240376,0.0010782197,5,16096,1921
IMHP,0.02334714,0.00024649594,5,16096,1921
KFDM,0.021844149,0.0,5,16096,1921
WAGM,0.018912554,0.111485,5,16096,1921
WVVM,0.018838167,0.0005507081,5,16096,1921
CHWH,0.017815828,0.001097168,5,16096,1921
WEIV,0.017306566,0.00031364072,5,16096,1921
IMHQ,0.01721692,9.534012e-05,5,16096,1921
YQVH,0.01663518,0.00022881628,5,16096,1921
QEKN,0.01640439,0.0,5,16096,1921
MIPV,0.016091585,0.00015275492,5,16096,1921
SEWN,0.015652895,0.0001933471,5,16096,1921
VYTS,0.012982607,0.0005451843,5,16096,1921
GAKM,0.012532473,0.00026332025,5,16096,1921
KRVM,0.01241231,0.0003644517,5,16096,1921
RFWW,0.011657,0.0009372418,5,16096,1921
AMFI,0.0116455555,0.0010634089,5,16096,1921
MKSW,0.011580706,0.00029987667,5,16096,1921
QKNF,0.01146245,0.00058207643,5,16096,1921
QNGI,0.010928392,0.013897655,5,16096,1921
SPAA,0.010371447,0.0013025339,5,16096,1921
MDKD,0.008107424,0.0022208816,5,16096,1921
ISMP,0.007758379,0.0004775523,5,16096,1921
GHKP,0.007643938,0.0,5,16096,1921
HCTW,0.0075905323,0.0011891886,5,16096,1921
NHQT,0.0073730946,0.00036864838,5,16096,1921
KAKD,0.006932497,0.002420975,5,16096,1921
HKSW,0.0064537525,0.00010394218,5,16096,1921
DPET,0.0061867237,0.0,5,16096,1921
CCTF,0.0047810078,0.0004065975,5,16096,1921
AVMQ,0.0047199726,0.0,5,16096,1921
VYKK,0.00456357,0.0,5,16096,1921
FWQP,0.003688097,0.0,5,16096,1921
MFFM,0.003260851,0.00092905347,5,16096,1921
MDYF,0.0030167103,0.000942567,5,16096,1921
DMPT,0.0026733875,0.0005120117,5,16096,1921
CFRM,0.0016758442,0.0008442331,5,16096,1921
KVNN,0.0011665821,0.00029913514,5,16096,1921
ICQN,0.0011379719,0.0019749023,5,16096,1921
QGQF,0.0010426044,0.00028602034,5,16096,1921
IKKT,0.00076794624,0.00010593348,5,16096,1921
CMIF,-0.0016963482,0.0011010517,5,16096,1921
WLCL,-0.001793623,0.005724291,5,16096,1921
WDWS,-0.0020549297,0.00042405876,5,16096,1921
TYED,-0.0020930767,0.020134144,5,16096,1921
CIMK,-0.002575636,0.0010115353,5,16096,1921
VDAY,-0.002642393,0.0010240235,5,16096,1921
SLNW,-0.0027110577,0.00015981871,5,16096,1921
KGGQ,-0.002991438,0.00040796882,5,16096,1921
EIVV,-0.0033881664,0.0005570237,5,16096,1921
NLAH,-0.003468275,0.00010202451,5,16096,1921
MDQN,-0.0040080547,0.0,5,16096,1921
LVPI,-0.0045001507,0.00020851151,5,16096,1921
VQMQ,-0.00488925,0.0,5,16096,1921
INVS,-0.0053641796,0.0004668625,5,16096,1921
AMVL,-0.0055835247,0.00019068024,5,16096,1921
LLNY,-0.0057742596,0.00028012795,5,16096,1921
QHAY,-0.0068023205,0.00027741102,5,16096,1921
VNPD,-0.0073554516,0.007549908,5,16096,1921
SWQS,-0.007515669,0.0009278064,5,16096,1921
LMRN,-0.007813215,0.00030020231,5,16096,1921
QNWD,-0.010571241,0.0016629007,5,16096,1921
LNKN,-0.011568785,0.0,5,16096,1921
APCQ,-0.013981581,0.0055297264,5,16096,1921
NEGT,-0.014076948,0.00090439455,5,16096,1921
NCEN,-0.014660597,0.0,5,16096,1921
DEFN,-0.015251875,0.0,5,16096,1921
RQCW,-0.015303373,0.00080979255,5,16096,1921
NEYT,-0.015696287,0.00015890023,5,16096,1921
FELR,-0.01603198,0.0,5,16096,1921
NEPV,-0.016278028,0.0001417879,5,16096,1921
YGHP,-0.016310453,0.000524974,5,16096,1921
FDEE,-0.017069578,0.0,5,16096,1921
GLNC,-0.017248869,0.00015981871,5,16096,1921
WQIS,-0.017756224,0.0002764863,5,16096,1921
DDPE,-0.01859355,0.0,5,16096,1921
QCII,-0.018635511,0.00033717847,5,16096,1921
LTLS,-0.019526243,0.0059374813,5,16096,1921
SNGQ,-0.01973033,0.0037370909,5,16096,1921
TSSY,-0.020081282,0.00011617076,5,16096,1921
GRDR,-0.020725965,0.00018506443,5,16096,1921
GAIV,-0.0208385,0.0,5,16096,1921
NRQY,-0.021523237,0.00096169155,5,16096,1921
NYIP,-0.021630049,0.00018556125,5,16096,1921
WASV,-0.022116423,0.00059642654,5,16096,1921
HNWE,-0.022541761,0.0,5,16096,1921
QQFQ,-0.023306608,0.00067766255,5,16096,1921
YLSR,-0.024277449,0.00032262114,5,16096,1921
DNNH,-0.0246284,0.0,5,16096,1921
NAHY,-0.026188612,0.0002211891,5,16096,1921
LNNK,-0.027537107,0.00013292608,5,16096,1921
SRDS,-0.02759242,0.0003260452,5,16096,1921
FGST,-0.02770114,0.0004959396,5,16096,1921
TYYF,-0.027741194,0.0,5,16096,1921
MLSG,-0.028776884,0.0016148759,5,16096,1921
VIKL,-0.028950453,0.0004065975,5,16096,1921
IWRV,-0.03110385,0.00050783204,5,16096,1921
EPEF,-0.03177905,0.00062837807,5,16096,1921
YNSY,-0.03265643,0.000307207,5,16096,1921
FSRN,-0.034767866,0.0003857949,5,16096,1921
HNYN,-0.03553462,0.00029103828,5,16096,1921
WTCD,-0.035536528,0.0015360351,5,16096,1921
WSHE,-0.03580737,0.00014848894,5,16096,1921
PSIW,-0.038019896,0.00035907316,5,16096,1921
RVEW,-0.038033247,0.00020379825,5,16096,1921
NSAD,-0.042885542,0.00038607907,5,16096,1921
YSKI,-0.043026686,0.0,5,16096,1921
DRHI,-0.044399977,0.0,5,16096,1921
ARTS,-0.04477763,0.0004007048,5,16096,1921
QPIN,-0.045090437,0.00023431043,5,16096,1921
KAQK,-0.04532504,0.00038400877,5,16096,1921
HGFL,-0.047085524,0.0001536035,5,16096,1921
PVIW,-0.04843974,0.00029103828,5,16096,1921
FEDI,-0.049374342,0.0,5,16096,1921
HHNA,-0.050024748,0.00072284,5,16096,1921
AAPD,-0.052387953,0.0045136814,5,16096,1921
AQPK,-0.05339694,0.0015635202,5,16096,1921
QNTK,-0.053602934,0.00032720278,5,16096,1921
FKIL,-0.05508113,0.0013620016,5,16096,1921
CNAD,-0.05702281,0.0,5,16096,1921
NGTQ,-0.05740428,0.0,5,16096,1921
YNRR,-0.05769801,0.00023332184,5,16096,1921
NGQK,-0.058132887,0.0,5,16096,1921
IWTQ,-0.060127974,0.00034851217,5,16096,1921
FWTE,-0.07183719,0.0,5,16096,1921
WLSN,-0.07428622,0.00032323046,5,16096,1921
INRQ,-0.09392238,6.326918e-05,5,16096,1921
NWAL,-0.09647632,0.00034998267,5,16096,1921
KLGG,-0.10542369,0.0009912171,5,16096,1921
PWII,-0.13552928,0.0005027024,5,16096,1921
WWTF,-0.15830493,0.00058670837,5,16096,1921
