{"run_id": "16:22:35-05/18/2022", "exp_name": "BO_EVO_proposal-function=UCB", "encoder_name": "georgiev", "model_name": "GPyTorch", "landscape_name": "GB1_combo", "rounds": 5, "expmt_queries_per_round": 384, "model_queries_per_round": 3072}
sequence,model_score,true_score,round,model_cost,measurement_cost
NHGL,,0.0994094,0,0,1
RYIS,-0.41252655,0.00016756746,1,3078,385
QEVL,-0.41252655,0.00023431043,1,3078,385
NRVK,-0.41252655,0.00045161103,1,3078,385
LRVK,-0.41252655,0.00022280947,1,3078,385
DRVK,-0.41252655,0.00016168796,1,3078,385
GRVK,-0.41252655,0.0,1,3078,385
CGVK,-0.41252655,0.0013405398,1,3078,385
VWVK,-0.41252655,0.0004036297,1,3078,385
VQVK,-0.41252655,0.0,1,3078,385
VQDK,-0.41252655,0.0020480468,1,3078,385
VPDN,-0.41252655,0.00028800662,1,3078,385
VPDG,-0.41252655,0.0,1,3078,385
FPTG,-0.41252655,0.00012343137,1,3078,385
FPNG,-0.41252655,0.0002737488,1,3078,385
FPQG,-0.41252655,0.0,1,3078,385
FPDG,-0.41252655,0.00026974277,1,3078,385
FPMG,-0.41252655,0.00023431043,1,3078,385
FPTA,-0.41252655,0.00013292608,1,3078,385
FPQP,-0.41252655,0.00053170446,1,3078,385
FPYP,-0.41252655,0.00040216197,1,3078,385
FPWP,-0.41252655,0.00024042286,1,3078,385
FEPP,-0.41252655,0.0,1,3078,385
WEFP,-0.41252655,0.008872948,1,3078,385
NCVK,-0.41252655,0.00066623214,1,3078,385
NLVM,-0.41252655,0.00036803505,1,3078,385
NLPD,-0.41252655,0.0015603551,1,3078,385
NINK,-0.41252655,0.0,1,3078,385
NIMP,-0.41252655,0.00022662817,1,3078,385
NIMR,-0.41252655,0.0005379112,1,3078,385
NQMR,-0.41252655,0.0011715522,1,3078,385
NEDR,-0.41252655,0.00035752542,1,3078,385
NPPF,-0.41252655,0.00022478565,1,3078,385
NPNF,-0.41252655,0.0014551912,1,3078,385
NPNA,-0.41252655,0.0002003524,1,3078,385
NPGK,-0.41252655,0.00022850114,1,3078,385
NEGK,-0.41252655,0.0,1,3078,385
NICK,-0.41252655,0.0015576695,1,3078,385
NLLW,-0.41252655,0.0004400313,1,3078,385
GYCN,-0.41252655,0.0,1,3078,385
GQCY,-0.41252655,0.00044594568,1,3078,385
GQNY,-0.41252655,0.0,1,3078,385
IQNY,-0.41252655,0.00037874837,1,3078,385
IFNY,-0.41252655,0.0006220942,1,3078,385
IANY,-0.41252655,0.0,1,3078,385
IACY,-0.41252655,0.00027927916,1,3078,385
IALW,-0.41252655,0.00052916043,1,3078,385
QLLW,-0.41252655,0.00045094604,1,3078,385
QEQV,-0.41252655,0.00022992623,1,3078,385
NEQV,-0.41252655,0.00019749023,1,3078,385
NEFV,-0.41252655,0.00011917517,1,3078,385
DIPY,-0.41252655,0.0,1,3078,385
NCKD,-0.41252655,0.02881867,1,3078,385
NQKY,-0.41252655,0.0,1,3078,385
DQKY,-0.41252655,0.00032033215,1,3078,385
DQKS,-0.41252655,0.0,1,3078,385
DQKV,-0.41252655,0.0,1,3078,385
PIKE,-0.41252655,0.0,1,3078,385
TIKQ,-0.41252655,0.0,1,3078,385
TINQ,-0.41252655,0.00061441405,1,3078,385
TKPE,-0.41252655,0.0007899609,1,3078,385
DDPS,-0.41252655,0.0010634089,1,3078,385
NEKD,-0.41252655,0.03653941,1,3078,385
DRPS,-0.41252655,0.00028212892,1,3078,385
DAPD,-0.41252655,0.0007797705,1,3078,385
DAPE,-0.41252655,0.0,1,3078,385
DVPE,-0.41252655,0.0,1,3078,385
DVVE,-0.41252655,0.0,1,3078,385
DVQE,-0.41252655,0.0014551912,1,3078,385
DVSI,-0.41252655,0.00025365717,1,3078,385
CVSR,-0.41252655,0.0008534979,1,3078,385
EPSR,-0.41252655,0.00017389082,1,3078,385
DEKD,-0.41252655,0.055634934,1,3078,385
NKKD,-0.41252655,0.017556703,1,3078,385
IEMV,-0.41252655,0.001299722,1,3078,385
NVSK,-0.41252655,0.000308349,1,3078,385
IEMI,-0.41252655,0.00027106507,1,3078,385
IECT,-0.41252655,0.00647468,1,3078,385
AECT,-0.41252655,0.0045225564,1,3078,385
LECT,-0.41252655,0.01984196,1,3078,385
VECT,-0.41252655,0.0055297264,1,3078,385
VICK,-0.41252655,0.0005120117,1,3078,385
VVCK,-0.41252655,0.0008847563,1,3078,385
VVNK,-0.41252655,0.0,1,3078,385
VVSK,-0.41252655,0.00017554691,1,3078,385
CVSK,-0.41252655,0.0012956682,1,3078,385
IKKD,-0.41252655,0.006751282,1,3078,385
WVSK,-0.41252655,0.0003061017,1,3078,385
WVSQ,-0.41252655,0.00026083618,1,3078,385
WQSQ,-0.41252655,0.00026159547,1,3078,385
WHSQ,-0.41252655,0.00036379782,1,3078,385
WISQ,-0.41252655,0.00035622623,1,3078,385
AISQ,-0.41252655,0.00041266615,1,3078,385
IISQ,-0.41252655,0.00028180936,1,3078,385
IIKQ,-0.41252655,0.0,1,3078,385
IIKS,-0.41252655,0.00028800662,1,3078,385
NIDP,-0.41252655,0.00042667642,1,3078,385
NPMP,-0.41252655,0.00039687037,1,3078,385
NPDP,-0.41252655,0.00016858923,1,3078,385
IRVL,-0.41252655,0.0003705147,1,3078,385
WLWG,-0.41252655,0.0054136403,1,3078,385
WYWG,-0.41252655,0.015291702,1,3078,385
LYWG,-0.41252655,0.0013324642,1,3078,385
IFVG,-0.41252655,0.052319415,1,3078,385
NFVG,-0.41252655,0.0004623517,1,3078,385
NFVP,-0.41252655,0.0002583984,1,3078,385
NGVL,-0.41252655,0.0002583984,1,3078,385
PMVL,-0.41252655,0.00028098206,1,3078,385
ETVL,-0.41252655,0.00024639134,1,3078,385
EVLQ,-0.41252655,0.00031780035,1,3078,385
WLYM,-0.41252655,0.00049862283,1,3078,385
EVKW,-0.41252655,0.0,1,3078,385
EVDW,-0.41252655,0.00028651435,1,3078,385
ERDW,-0.41252655,0.0,1,3078,385
ERDP,-0.41252655,0.00051096035,1,3078,385
ELDP,-0.41252655,0.0,1,3078,385
IWDP,-0.41252655,0.0001863953,1,3078,385
IIDP,-0.41252655,0.0002277951,1,3078,385
IYDP,-0.41252655,0.00021041576,1,3078,385
IAIP,-0.41252655,0.00023332184,1,3078,385
WLYG,-0.41252655,0.041760102,1,3078,385
ALYM,-0.41252655,0.0036063434,1,3078,385
LQKP,-0.41252655,0.00016756746,1,3078,385
RICP,-0.41252655,0.0015601729,1,3078,385
QHKA,-0.41252655,0.00057842326,1,3078,385
QKKN,-0.41252655,0.0,1,3078,385
QFGK,-0.41252655,0.0006893011,1,3078,385
QLLK,-0.41252655,0.00042011216,1,3078,385
QILK,-0.41252655,0.0001872368,1,3078,385
RIDK,-0.41252655,0.00047761554,1,3078,385
RIQK,-0.41252655,0.00018556125,1,3078,385
RIQP,-0.41252655,0.0002936538,1,3078,385
RINP,-0.41252655,0.00024503958,1,3078,385
RICS,-0.41252655,0.010765603,1,3078,385
DLYM,-0.41252655,0.0,1,3078,385
RIVS,-0.41252655,0.00030475648,1,3078,385
RIFS,-0.41252655,0.0026078324,1,3078,385
PIFS,-0.41252655,0.0003115339,1,3078,385
PILD,-0.41252655,0.0,1,3078,385
PILG,-0.41252655,0.0008108103,1,3078,385
CILG,-0.41252655,0.2824376,1,3078,385
CQLG,-0.41252655,0.14967872,1,3078,385
CLYG,-0.41252655,0.033149153,1,3078,385
DLYG,-0.41252655,0.0013963956,1,3078,385
AAIP,-0.41252655,0.0,1,3078,385
LLKP,-0.41252655,0.00039592313,1,3078,385
NPNP,-0.41252655,0.0,1,3078,385
GVID,-0.41252655,0.0044405996,1,3078,385
LNWP,-0.41252655,0.00023234142,1,3078,385
LNNP,-0.41252655,0.00039592313,1,3078,385
LANP,-0.41252655,0.00021213782,1,3078,385
LACP,-0.41252655,0.0011351345,1,3078,385
LAAC,-0.41252655,0.20891513,1,3078,385
LEAC,-0.41252655,0.08734285,1,3078,385
LEIH,-0.41252655,0.00023104707,1,3078,385
LEIS,-0.41252655,0.00029980444,1,3078,385
LVIS,-0.41252655,0.00023296797,1,3078,385
GVDM,-0.41252655,0.0,1,3078,385
KEDP,-0.41252655,0.00036260506,1,3078,385
GVCM,-0.41252655,0.0,1,3078,385
GVNM,-0.41252655,0.00032149578,1,3078,385
GYNM,-0.41252655,0.0,1,3078,385
GYNS,-0.41252655,0.0,1,3078,385
GHNQ,-0.41252655,0.0,1,3078,385
IDNQ,-0.41252655,0.0,1,3078,385
HDNQ,-0.41252655,0.0,1,3078,385
HGNM,-0.41252655,0.0,1,3078,385
HGNG,-0.41252655,0.0,1,3078,385
LEDP,-0.41252655,0.00031007815,1,3078,385
KEDV,-0.41252655,0.00014437933,1,3078,385
ALKP,-0.41252655,0.0010842601,1,3078,385
CGIK,-0.41252655,0.0013405398,1,3078,385
GLTP,-0.41252655,0.00011536284,1,3078,385
LLTP,-0.41252655,0.00022895983,1,3078,385
VLLE,-0.41252655,0.00025752326,1,3078,385
FLLE,-0.41252655,0.000509317,1,3078,385
CLII,-0.41252655,0.0012907224,1,3078,385
CSII,-0.41252655,0.0010634089,1,3078,385
CYII,-0.41252655,0.0011171164,1,3078,385
CAII,-0.41252655,0.00036379782,1,3078,385
TAIK,-0.41252655,0.002513512,1,3078,385
WGIK,-0.41252655,0.00037205892,1,3078,385
LEDG,-0.41252655,0.00075491145,1,3078,385
WLIK,-0.41252655,0.0003894174,1,3078,385
WLDK,-0.41252655,0.00044033866,1,3078,385
MLDQ,-0.41252655,0.00018937419,1,3078,385
MRDQ,-0.41252655,8.918916e-05,1,3078,385
MIDQ,-0.41252655,0.00012980576,1,3078,385
MISR,-0.41252655,0.00021414609,1,3078,385
MEDR,-0.41252655,0.00044594568,1,3078,385
VEDR,-0.41252655,0.00038669413,1,3078,385
LEDR,-0.41252655,0.00029350995,1,3078,385
EISR,-0.41252655,0.0002567985,1,3078,385
EQSR,-0.41252655,0.00039125426,1,3078,385
EHSQ,-0.41252655,0.0,1,3078,385
HGNC,-0.41252655,0.0005368667,1,3078,385
CRDS,-0.41252655,0.0005937615,1,3078,385
MRSS,-0.41252655,0.01455358,1,3078,385
QRQS,-0.41252655,0.0004076555,1,3078,385
QNWS,-0.41252655,0.00053961086,1,3078,385
QNWP,-0.41252655,0.0008481175,1,3078,385
LLWP,-0.41252655,0.00020448583,1,3078,385
HLEP,-0.41252655,0.00037435285,1,3078,385
HLES,-0.41252655,0.0002488377,1,3078,385
HGEC,-0.41252655,0.0015532939,1,3078,385
HQNC,-0.41252655,0.00052167237,1,3078,385
CIDM,-0.41252655,0.00068906246,1,3078,385
HAND,-0.41252655,0.0047609424,1,3078,385
HEAD,-0.41252655,0.0066483733,1,3078,385
SMAD,-0.41252655,0.0,1,3078,385
SMMD,-0.41252655,0.0,1,3078,385
VVMT,-0.41252655,0.026329413,1,3078,385
VVYT,-0.41252655,0.040310156,1,3078,385
DVVT,-0.41252655,7.5336866e-05,1,3078,385
DIVT,-0.41252655,0.0,1,3078,385
DIVS,-0.41252655,0.0003029987,1,3078,385
YTDM,-0.41252655,0.00028503741,1,3078,385
CADM,-0.41252655,0.0004959396,1,3078,385
STVR,-0.41252655,0.00021324959,1,3078,385
CINP,-0.41252655,0.0011834045,1,3078,385
TGYI,-0.41252655,0.0,1,3078,385
GFII,-0.41252655,0.0004036297,1,3078,385
GFNI,-0.41252655,0.00022478565,1,3078,385
GENI,-0.41252655,0.0,1,3078,385
GECI,-0.41252655,0.0,1,3078,385
QECK,-0.41252655,0.0004981735,1,3078,385
DGCK,-0.41252655,0.0,1,3078,385
DGCP,-0.41252655,0.00076801755,1,3078,385
CICP,-0.41252655,0.0010258327,1,3078,385
CHNP,-0.41252655,0.0013569881,1,3078,385
HADM,-0.41252655,0.0007540536,1,3078,385
LHNP,-0.41252655,0.00016506642,1,3078,385
NHNP,-0.41252655,0.0,1,3078,385
AHNP,-0.41252655,0.0,1,3078,385
HHNP,-0.41252655,0.0001553294,1,3078,385
HHVP,-0.41252655,0.00019862519,1,3078,385
HEVP,-0.41252655,0.00038832347,1,3078,385
LEVP,-0.41252655,0.00028471128,1,3078,385
LEDS,-0.41252655,0.0001763868,1,3078,385
LVDS,-0.41252655,0.00036727727,1,3078,385
DIVR,-0.41252655,0.00017499138,1,3078,385
STDR,-0.41252655,0.00014325717,1,3078,385
WQYI,-0.41252655,0.00039725046,1,3078,385
LYYV,-0.41252655,0.008286386,1,3078,385
WGVQ,-0.41252655,0.0001757639,1,3078,385
SGVQ,-0.41252655,0.00011148645,1,3078,385
SYVQ,-0.41252655,0.000138474,1,3078,385
TACQ,-0.41252655,0.00076801755,1,3078,385
TACV,-0.41252655,0.00314189,1,3078,385
TAKV,-0.41252655,0.0,1,3078,385
AKDT,-0.41252655,0.0,1,3078,385
MYYT,-0.41252655,0.0046260357,1,3078,385
MYYV,-0.41252655,0.004082348,1,3078,385
WHMV,-0.41252655,0.1394936,1,3078,385
DGDQ,-0.41252655,0.0,1,3078,385
WHMS,-0.41252655,0.07088222,1,3078,385
WHDS,-0.41252655,0.00024594777,1,3078,385
WRDS,-0.41252655,0.00025101844,1,3078,385
WEDS,-0.41252655,0.00038114138,1,3078,385
WSDI,-0.41252655,0.00014425373,1,3078,385
EFAK,-0.41252655,0.0012288281,1,3078,385
ELGM,-0.41252655,0.029246109,1,3078,385
GHKF,-0.41252655,0.0,1,3078,385
KFLE,-0.41252655,0.0,1,3078,385
KGTQ,-0.41252655,0.00024324306,1,3078,385
LVDQ,-0.41252655,0.00011866362,1,3078,385
STDV,-0.41252655,0.00022030783,1,3078,385
AIRV,-0.41252655,0.0,1,3078,385
DTDV,-0.41252655,0.0,1,3078,385
DTDI,-0.41252655,0.0,1,3078,385
LCDI,-0.41252655,0.0013882158,1,3078,385
LCDR,-0.41252655,0.0009889868,1,3078,385
LCPD,-0.41252655,0.013953741,1,3078,385
LCPH,-0.41252655,0.00077338837,1,3078,385
LCPR,-0.41252655,0.0011474729,1,3078,385
LIRR,-0.41252655,0.0003302425,1,3078,385
IIRV,-0.41252655,0.0005982703,1,3078,385
DIRV,-0.41252655,0.0,1,3078,385
LVMQ,-0.41252655,0.00035409137,1,3078,385
LIRV,-0.41252655,0.00084793183,1,3078,385
GYRD,-0.41252655,0.009863327,1,3078,385
GYRL,-0.41252655,0.0,1,3078,385
GYRI,-0.41252655,0.0,1,3078,385
GIRI,-0.41252655,0.0001417879,1,3078,385
SISI,-0.41252655,0.00013653646,1,3078,385
NIQI,-0.41252655,0.00046081058,1,3078,385
NVQI,-0.41252655,0.00020633308,1,3078,385
CVMQ,-0.41252655,0.00052916043,1,3078,385
WTYI,-0.41252655,0.00071001024,1,3078,385
WQYP,-0.41252655,0.0004216567,1,3078,385
EPSW,-0.41252655,0.0,1,3078,385
APRW,-0.41252655,0.0,1,3078,385
CKGP,-0.41252655,0.0008994907,1,3078,385
CLGS,-0.41252655,0.004054795,1,3078,385
CLWL,-0.41252655,0.00037820303,1,3078,385
CVQL,-0.41252655,0.0006368926,1,3078,385
CQRL,-0.41252655,0.00082757813,1,3078,385
IQRL,-0.41252655,0.0003089233,1,3078,385
IRRL,-0.41252655,0.00048122622,1,3078,385
FPRL,-0.41252655,0.00019385543,1,3078,385
FPRW,-0.41252655,0.00012454343,1,3078,385
AGRY,-0.41252655,0.0,1,3078,385
LKGS,-0.41252655,0.045135483,1,3078,385
WGRY,-0.41252655,0.00022838554,1,3078,385
WWYY,-0.41252655,0.0007059225,1,3078,385
WWDY,-0.41252655,0.00023040529,1,3078,385
NWDY,-0.41252655,0.0,1,3078,385
NLDY,-0.41252655,0.00045512154,1,3078,385
NLDP,-0.41252655,0.00016731395,1,3078,385
NIDF,-0.41252655,0.0005585582,1,3078,385
NIPF,-0.41252655,0.00028503741,1,3078,385
NIPA,-0.41252655,9.372417e-05,1,3078,385
CKGS,-0.41252655,0.021108491,1,3078,385
LKSS,-0.41252655,0.0076009654,1,3078,385
NQNA,-0.41252655,0.0,1,3078,385
LRVF,-0.41252655,0.00028744515,1,3078,385
LQSW,-0.41252655,0.00028406133,1,3078,385
TQSW,-0.41252655,0.00089189137,1,3078,385
WQSW,-0.41252655,0.00018494065,1,3078,385
PLRW,-0.41252655,0.0004371325,1,3078,385
PRRW,-0.41252655,9.534012e-05,1,3078,385
PHRW,-0.41252655,0.0007275955,1,3078,385
LHRW,-0.41252655,0.0,1,3078,385
LHVW,-0.41252655,0.00044594568,1,3078,385
LRVW,-0.41252655,0.00032551744,1,3078,385
LRMF,-0.41252655,0.0023420018,1,3078,385
LKYS,-0.41252655,0.002889262,1,3078,385
ARMF,-0.41252655,0.0017280395,1,3078,385
FNMF,-0.41252655,0.0016263901,1,3078,385
FNCF,-0.41252655,0.0014551912,1,3078,385
INRF,-0.41252655,0.00025059184,1,3078,385
IIRF,-0.41252655,0.00049727754,1,3078,385
IERF,-0.41252655,0.0,1,3078,385
LERF,-0.41252655,0.0,1,3078,385
LERN,-0.41252655,0.0002349742,1,3078,385
LKCS,-0.41252655,0.13576062,1,3078,385
NQPA,-0.41252655,0.00056425773,1,3078,385
TQKA,-0.41252655,0.0,1,3078,385
WQEP,-0.41252655,0.00036142007,1,3078,385
NEDI,-0.41252655,0.00029413437,1,3078,385
RVIV,-0.41252655,0.00036944723,1,3078,385
DVIV,-0.41252655,0.0,1,3078,385
DVSV,-0.41252655,0.00027511074,1,3078,385
DVKV,-0.41252655,0.0,1,3078,385
DQKK,-0.41252655,0.0056626084,1,3078,385
DWDK,-0.41252655,0.0,1,3078,385
DADV,-0.41252655,0.00070893933,1,3078,385
NDDV,-0.41252655,0.00047670057,1,3078,385
NDDI,-0.41252655,0.0,1,3078,385
AEDI,-0.41252655,0.0008918663,1,3078,385
RDIC,-0.41252655,0.00022992623,1,3078,385
SADI,-0.41252655,0.00015191552,1,3078,385
SADM,-0.41252655,0.00081319513,1,3078,385
SYGM,-0.41252655,0.36650896,1,3078,385
LYEM,-0.41252655,0.00016168796,1,3078,385
LYEG,-0.41252655,0.0002719538,1,3078,385
YYEC,-0.41252655,0.0006010572,1,3078,385
YYES,-0.41252655,0.0005049978,1,3078,385
YRES,-0.41252655,0.00022237509,1,3078,385
YQEP,-0.41252655,0.00027040232,1,3078,385
RVIC,-0.41252655,0.0006476256,1,3078,385
HQKC,-0.41252655,0.0,1,3078,385
TQKP,-0.41252655,0.0,1,3078,385
DNNV,-0.41252655,0.0006505561,1,3078,385
TLKP,-0.41252655,0.00034560793,1,3078,385
TLFL,-0.41252655,0.00041548494,1,3078,385
TLNL,-0.41252655,0.00024540204,1,3078,385
TVNL,-0.41252655,0.00014945211,1,3078,385
NVVL,-0.41252655,0.00021698636,1,3078,385
VVVL,-0.41252655,0.00031225354,1,3078,385
VNVT,-0.41252655,0.012468682,1,3078,385
VNVV,-0.41252655,0.0011495055,1,3078,385
DNVV,-0.41252655,0.00020404892,1,3078,385
DNNL,-0.41252655,0.0005493105,1,3078,385
TQHC,-0.41252655,0.0026073435,1,3078,385
ANNL,-0.41252655,0.0,1,3078,385
ANPL,-0.41252655,0.00092162105,1,3078,385
AEPL,-0.41252655,0.0,1,3078,385
AEKL,-0.41252655,0.0013848318,1,3078,385
WEKL,-0.41252655,0.00021456815,1,3078,385
TYKP,-0.41252655,0.0007275955,1,3078,385
TYFP,-0.41252655,0.0009787127,1,3078,385
TDHP,-0.41252655,0.0,1,3078,385
TDHC,-0.41252655,0.0014036151,1,3078,385
NHKP,-0.41252655,0.0,1,3078,385
YPLY,-0.489315,0.00017742443,2,6176,769
WPIP,-0.489315,0.00018025684,2,6176,769
EQKE,-0.489315,0.0,2,6176,769
EQWE,-0.489315,0.0,2,6176,769
EQIA,-0.489315,0.0004065975,2,6176,769
YMIS,-0.489315,0.0002874078,2,6176,769
YIIS,-0.489315,0.00034134116,2,6176,769
YIIQ,-0.489315,0.0001280029,2,6176,769
YIIP,-0.489315,0.000107165295,2,6176,769
WIIP,-0.489315,0.00048616424,2,6176,769
WIIV,-0.489315,0.0008886154,2,6176,769
QIIP,-0.489315,0.00039554556,2,6176,769
NIIP,-0.489315,0.00039925822,2,6176,769
NPFP,-0.489315,0.00049519935,2,6176,769
NIFP,-0.489315,7.353359e-05,2,6176,769
DDFC,-0.489315,0.0,2,6176,769
DIFC,-0.489315,0.00074726035,2,6176,769
FIKC,-0.489315,0.001256756,2,6176,769
FIKF,-0.489315,0.0,2,6176,769
FNTF,-0.489315,0.0006213176,2,6176,769
FYIF,-0.489315,0.0015360351,2,6176,769
FYII,-0.489315,0.0,2,6176,769
FYKI,-0.489315,0.0,2,6176,769
GQKG,-0.489315,0.0,2,6176,769
GQKF,-0.489315,0.0,2,6176,769
GPKF,-0.489315,0.0,2,6176,769
TKYF,-0.489315,0.0,2,6176,769
ERSR,-0.489315,0.00028248926,2,6176,769
EESR,-0.489315,0.00021600493,2,6176,769
EAAR,-0.489315,0.00022904194,2,6176,769
EGRQ,-0.489315,0.00032866135,2,6176,769
EIRQ,-0.489315,0.00032274664,2,6176,769
EGRT,-0.489315,0.00024656928,2,6176,769
GKAE,-0.489315,6.646304e-05,2,6176,769
GKVE,-0.489315,0.00015163781,2,6176,769
TKVF,-0.489315,0.0006912158,2,6176,769
TTYF,-0.489315,0.0,2,6176,769
LPKY,-0.489315,0.00039782203,2,6176,769
TVYF,-0.489315,0.0,2,6176,769
GEYF,-0.489315,0.0,2,6176,769
GEYW,-0.489315,0.0,2,6176,769
AEYW,-0.489315,0.00031706173,2,6176,769
AEDW,-0.489315,0.0020375496,2,6176,769
AEDR,-0.489315,0.0014327267,2,6176,769
AEDV,-0.489315,0.0020088793,2,6176,769
AKDC,-0.489315,0.0021612537,2,6176,769
APKY,-0.489315,0.00019703335,2,6176,769
FRFI,-0.489315,0.003924322,2,6176,769
FRCI,-0.489315,0.027199062,2,6176,769
FRMI,-0.489315,0.009065125,2,6176,769
HQEE,-0.489315,0.0,2,6176,769
RIME,-0.489315,0.00040199954,2,6176,769
RIDE,-0.489315,0.00029206296,2,6176,769
ISDS,-0.489315,0.00020561695,2,6176,769
IQKS,-0.489315,0.00046468293,2,6176,769
FQKA,-0.489315,0.00092162105,2,6176,769
FQYA,-0.489315,0.0029491875,2,6176,769
IQKA,-0.489315,0.00035907316,2,6176,769
IQMA,-0.489315,0.05557796,2,6176,769
IQEA,-0.489315,0.0004157689,2,6176,769
AQEE,-0.489315,0.0049917623,2,6176,769
CIMR,-0.489315,0.00088540016,2,6176,769
AGCE,-0.489315,0.0011280578,2,6176,769
IGCE,-0.489315,0.00076801755,2,6176,769
CGCE,-0.489315,0.00090864056,2,6176,769
CGNE,-0.489315,0.0020108095,2,6176,769
CGNP,-0.489315,0.00066026585,2,6176,769
SGDR,-0.489315,0.00032871563,2,6176,769
SLWD,-0.489315,0.0,2,6176,769
SLWG,-0.489315,0.00044824608,2,6176,769
SCWP,-0.489315,0.0013053003,2,6176,769
NIMS,-0.489315,0.00022756077,2,6176,769
DICR,-0.489315,0.0006912158,2,6176,769
IRMI,-0.489315,0.0026756742,2,6176,769
IVPP,-0.489315,0.00027106507,2,6176,769
ARMI,-0.489315,0.0013166015,2,6176,769
ARDI,-0.489315,0.0,2,6176,769
ARKI,-0.489315,0.0006543427,2,6176,769
ARSI,-0.489315,0.0,2,6176,769
ADSI,-0.489315,0.0007119403,2,6176,769
AHSI,-0.489315,0.0028741914,2,6176,769
PHPI,-0.489315,0.0015360351,2,6176,769
PHPP,-0.489315,0.0002032988,2,6176,769
PVPP,-0.489315,0.00020726114,2,6176,769
IRPP,-0.489315,0.00031396604,2,6176,769
DICK,-0.489315,0.0,2,6176,769
IRMP,-0.489315,0.000885301,2,6176,769
IRMV,-0.489315,0.0023459445,2,6176,769
NQMV,-0.489315,0.0,2,6176,769
NQCV,-0.489315,0.000942567,2,6176,769
NQSR,-0.489315,0.0002583984,2,6176,769
NLCT,-0.489315,0.000820291,2,6176,769
DLCT,-0.489315,0.00067671476,2,6176,769
DLMK,-0.489315,0.0006583008,2,6176,769
DLCK,-0.489315,0.0011765376,2,6176,769
ARGR,-0.489315,0.00024908676,2,6176,769
ARWR,-0.489315,0.0,2,6176,769
ERWR,-0.489315,0.00028212892,2,6176,769
KRGF,-0.489315,0.065319896,2,6176,769
AVSQ,-0.489315,0.0,2,6176,769
NVSQ,-0.489315,3.736303e-05,2,6176,769
GVSQ,-0.489315,6.192298e-05,2,6176,769
GRSQ,-0.489315,0.00024360027,2,6176,769
GRDQ,-0.489315,0.00022756077,2,6176,769
WRDQ,-0.489315,0.00020752432,2,6176,769
WREH,-0.489315,0.00015981871,2,6176,769
FRGH,-0.489315,0.0051283753,2,6176,769
FRGF,-0.489315,0.071827926,2,6176,769
ARGF,-0.489315,0.15120345,2,6176,769
MESQ,-0.489315,0.0003185326,2,6176,769
WRGE,-0.489315,0.00042048833,2,6176,769
YRGM,-0.489315,0.18730466,2,6176,769
SRGN,-0.489315,0.005924707,2,6176,769
SVGR,-0.489315,0.00021192104,2,6176,769
SVGI,-0.489315,0.009001439,2,6176,769
SEGI,-0.489315,0.0025070005,2,6176,769
MTCH,-0.489315,0.00044775117,2,6176,769
YTCC,-0.489315,0.03265814,2,6176,769
YTMC,-0.489315,0.016171841,2,6176,769
AESQ,-0.489315,0.0,2,6176,769
MCSQ,-0.489315,0.0012518081,2,6176,769
NVNF,-0.489315,0.00019749023,2,6176,769
EIDM,-0.489315,0.0,2,6176,769
SRNL,-0.489315,0.00022551902,2,6176,769
SRWL,-0.489315,0.00029413437,2,6176,769
DRWL,-0.489315,0.0004007048,2,6176,769
DEWL,-0.489315,0.0,2,6176,769
DEDL,-0.489315,0.0,2,6176,769
DEDS,-0.489315,0.0,2,6176,769
LKDC,-0.489315,0.00030162145,2,6176,769
ENDC,-0.489315,0.0012663496,2,6176,769
EIDQ,-0.489315,0.0,2,6176,769
EEDM,-0.489315,0.00026585226,2,6176,769
NVMR,-0.489315,0.00019035199,2,6176,769
EEDP,-0.489315,0.00018189891,2,6176,769
NEDP,-0.489315,0.0005464157,2,6176,769
NENP,-0.489315,0.00016457515,2,6176,769
HGWC,-0.489315,0.00033311607,2,6176,769
HGWR,-0.489315,0.00012770733,2,6176,769
HGYR,-0.489315,0.0,2,6176,769
NGYR,-0.489315,0.0002684333,2,6176,769
NGFR,-0.489315,0.00011448713,2,6176,769
NQFR,-0.489315,0.00014400325,2,6176,769
NVMC,-0.489315,0.00026974277,2,6176,769
WVNF,-0.489315,0.00028827958,2,6176,769
ERWV,-0.489315,0.00083362707,2,6176,769
MEAG,-0.489315,0.029833216,2,6176,769
WMYS,-0.489315,0.0005786923,2,6176,769
GMYS,-0.489315,0.000307207,2,6176,769
GYYS,-0.489315,0.00044594568,2,6176,769
KYYK,-0.489315,0.0,2,6176,769
DYTH,-0.489315,0.0006912158,2,6176,769
DWNH,-0.489315,0.0,2,6176,769
MWAH,-0.489315,0.00041498884,2,6176,769
MTAD,-0.489315,0.0011123021,2,6176,769
MEAD,-0.489315,0.002047107,2,6176,769
MRAG,-0.489315,0.13140838,2,6176,769
NMHT,-0.489315,0.00014400325,2,6176,769
MGWC,-0.489315,0.00029729717,2,6176,769
AGEC,-0.489315,0.0033015225,2,6176,769
AVEC,-0.489315,0.0023040527,2,6176,769
AREC,-0.489315,0.002513512,2,6176,769
LITV,-0.489315,0.0003773386,2,6176,769
LQLV,-0.489315,0.031627215,2,6176,769
LQKV,-0.489315,0.00026083618,2,6176,769
VQKV,-0.489315,0.0,2,6176,769
VRKV,-0.489315,0.0008694539,2,6176,769
WMHS,-0.489315,0.00045856263,2,6176,769
WMHT,-0.489315,0.00043930297,2,6176,769
WVSF,-0.489315,0.00029736978,2,6176,769
NKFS,-0.489315,0.00023040529,2,6176,769
NVSF,-0.489315,9.66735e-05,2,6176,769
NVDF,-0.489315,0.00011239282,2,6176,769
NMDF,-0.489315,0.0,2,6176,769
WMDR,-0.489315,0.00020304995,2,6176,769
WMKV,-0.489315,0.0002277482,2,6176,769
WVKV,-0.489315,0.0024029391,2,6176,769
WVFV,-0.489315,0.49963847,2,6176,769
WVFS,-0.489315,0.08498662,2,6176,769
NVFS,-0.489315,0.00054314436,2,6176,769
NKVS,-0.489315,0.00033127397,2,6176,769
WAHA,-0.489315,0.004930618,2,6176,769
NKVR,-0.489315,0.00017573283,2,6176,769
NKGR,-0.489315,0.00031780035,2,6176,769
NIGR,-0.489315,0.0002811725,2,6176,769
NINR,-0.489315,0.00047945604,2,6176,769
NIHG,-0.489315,0.00034998267,2,6176,769
DIHG,-0.489315,0.00089189137,2,6176,769
DIHR,-0.489315,0.0,2,6176,769
FAHR,-0.489315,0.0,2,6176,769
FAHA,-0.489315,0.0003291504,2,6176,769
SCKP,-0.489315,0.0009404296,2,6176,769
SCYP,-0.489315,0.0009600219,2,6176,769
SYYE,-0.489315,0.00064299145,2,6176,769
NYKI,-0.489315,0.0,2,6176,769
AFSE,-0.489315,0.0012859829,2,6176,769
AADE,-0.489315,0.0027779974,2,6176,769
VADE,-0.489315,0.0,2,6176,769
AADV,-0.489315,0.0,2,6176,769
AAFV,-0.489315,0.027648631,2,6176,769
YRFV,-0.489315,0.30607802,2,6176,769
YRFM,-0.489315,0.003395446,2,6176,769
NQFM,-0.489315,0.00053170446,2,6176,769
NYFI,-0.489315,0.0011059452,2,6176,769
NIWG,-0.489315,0.0,2,6176,769
WYSE,-0.489315,0.00040540515,2,6176,769
PIWI,-0.489315,0.00091400434,2,6176,769
PILT,-0.489315,0.0006624515,2,6176,769
LILT,-0.489315,0.4063485,2,6176,769
YIMT,-0.489315,0.13079055,2,6176,769
SIMT,-0.489315,0.0009921758,2,6176,769
SFRT,-0.489315,0.0003154358,2,6176,769
EFRG,-0.489315,0.0011520264,2,6176,769
EFRP,-0.489315,0.00015799214,2,6176,769
SMRI,-0.489315,0.0003198428,2,6176,769
HFSE,-0.489315,0.0002874078,2,6176,769
NESC,-0.489315,0.00039877836,2,6176,769
SMEI,-0.489315,0.00020866888,2,6176,769
DYDN,-0.489315,0.0,2,6176,769
HVNY,-0.489315,0.0,2,6176,769
HEYY,-0.489315,0.00041266615,2,6176,769
CESW,-0.489315,0.00051439315,2,6176,769
WYSW,-0.489315,0.00017208693,2,6176,769
WYDW,-0.489315,9.501247e-05,2,6176,769
LYDW,-0.489315,0.0005120117,2,6176,769
DYDW,-0.489315,0.0,2,6176,769
DPDE,-0.489315,0.0,2,6176,769
DEDE,-0.489315,0.0,2,6176,769
DRDN,-0.489315,0.0,2,6176,769
MESC,-0.489315,0.006871736,2,6176,769
DRDR,-0.489315,0.0,2,6176,769
PVDR,-0.489315,0.0003233758,2,6176,769
PVVR,-0.489315,0.00020827596,2,6176,769
PVGH,-0.489315,0.00038282722,2,6176,769
PVPH,-0.489315,0.00051776465,2,6176,769
PVYH,-0.489315,9.945549e-05,2,6176,769
PVYV,-0.489315,0.00029944372,2,6176,769
MVYC,-0.489315,0.008573966,2,6176,769
MVSC,-0.489315,0.031213524,2,6176,769
LMRI,-0.489315,0.00043673412,2,6176,769
SMDI,-0.489315,0.00033800284,2,6176,769
IENY,-0.489315,0.0002684333,2,6176,769
LNKI,-0.489315,0.0003711226,2,6176,769
EIYE,-0.489315,0.00074726035,2,6176,769
GCAA,-0.489315,0.0019968457,2,6176,769
HDEG,-0.489315,0.0002764863,2,6176,769
HNAE,-0.489315,0.000347054,2,6176,769
IPIH,-0.489315,0.00015026427,2,6176,769
IWRG,-0.489315,0.00034734464,2,6176,769
KFRL,-0.489315,0.00029257816,2,6176,769
LLHH,-0.489315,0.00029729717,2,6176,769
LNFM,-0.489315,0.0017631012,2,6176,769
MHFF,-0.489315,0.0011362452,2,6176,769
CYHQ,-0.489315,0.0020329875,2,6176,769
MVGE,-0.489315,0.0008315378,2,6176,769
PFFL,-0.489315,0.00027511074,2,6176,769
PLHW,-0.489315,0.0,2,6176,769
QSTV,-0.489315,0.00021288653,2,6176,769
RHRT,-0.489315,0.0001146567,2,6176,769
RYCI,-0.489315,0.002108794,2,6176,769
THDM,-0.489315,0.0,2,6176,769
TRHS,-0.489315,0.00074726035,2,6176,769
TVWR,-0.489315,0.0,2,6176,769
DHGM,-0.489315,0.32563946,2,6176,769
ATHY,-0.489315,0.0,2,6176,769
RAVI,-0.489315,0.00031296967,2,6176,769
AWGY,-0.489315,0.005293653,2,6176,769
DAVI,-0.489315,0.0,2,6176,769
DAVS,-0.489315,0.0003434613,2,6176,769
IAFS,-0.489315,0.018405862,2,6176,769
AAFS,-0.489315,0.0048791706,2,6176,769
IAFV,-0.489315,0.021039935,2,6176,769
WAFV,-0.489315,0.49237737,2,6176,769
WAWV,-0.489315,0.026997395,2,6176,769
WAMV,-0.489315,0.09444265,2,6176,769
EWGY,-0.489315,0.0038136044,2,6176,769
AWYY,-0.489315,0.0012266644,2,6176,769
AKTG,-0.489315,0.003770268,2,6176,769
CWFY,-0.489315,0.00092162105,2,6176,769
CWNY,-0.489315,0.0,2,6176,769
PAAY,-0.489315,0.0004937255,2,6176,769
IAAV,-0.489315,0.036434177,2,6176,769
IRAV,-0.489315,0.04114222,2,6176,769
ARAV,-0.489315,0.0022724902,2,6176,769
MRAQ,-0.489315,0.00044379823,2,6176,769
WRAQ,-0.489315,0.00018286127,2,6176,769
NRAQ,-0.489315,0.00033820953,2,6176,769
HINY,-0.489315,0.0004712835,2,6176,769
ILNY,-0.489315,8.918916e-05,2,6176,769
SDYE,-0.489315,0.0002229728,2,6176,769
VILC,-0.489315,0.049600814,2,6176,769
FCWS,-0.489315,0.004827539,2,6176,769
FSLS,-0.489315,0.007066035,2,6176,769
FLLS,-0.489315,0.0068572373,2,6176,769
FGLD,-0.489315,0.003506767,2,6176,769
FGLF,-0.489315,0.0,2,6176,769
FTLF,-0.489315,0.00069556304,2,6176,769
FILF,-0.489315,0.000946871,2,6176,769
AILF,-0.489315,0.0,2,6176,769
VILG,-0.489315,0.31231272,2,6176,769
AILC,-0.489315,0.013824316,2,6176,769
FCNI,-0.489315,0.0,2,6176,769
AILP,-0.489315,0.015847387,2,6176,769
AIDP,-0.489315,0.0,2,6176,769
HIAP,-0.489315,0.00031780035,2,6176,769
HIDP,-0.489315,0.00034998267,2,6176,769
HLDP,-0.489315,0.00038561554,2,6176,769
HLDG,-0.489315,0.00010109191,2,6176,769
CLMG,-0.489315,0.05478047,2,6176,769
CLRT,-0.489315,0.0011630399,2,6176,769
FYRG,-0.489315,0.0018681508,2,6176,769
FCWQ,-0.489315,0.0063804537,2,6176,769
FCKI,-0.489315,0.0,2,6176,769
CYDG,-0.489315,0.0010054049,2,6176,769
AVNR,-0.489315,0.0,2,6176,769
WENE,-0.489315,0.00033554164,2,6176,769
NDWH,-0.489315,0.00022478565,2,6176,769
HDNH,-0.489315,0.0,2,6176,769
HDNR,-0.489315,0.00065440557,2,6176,769
HVNR,-0.489315,0.00026974277,2,6176,769
HVDR,-0.489315,0.00024012456,2,6176,769
TVKR,-0.489315,0.00039498045,2,6176,769
TVSR,-0.489315,6.255346e-05,2,6176,769
TVNR,-0.489315,0.00021943364,2,6176,769
ASNK,-0.489315,0.0,2,6176,769
FCKF,-0.489315,0.0016435273,2,6176,769
FSNK,-0.489315,0.0,2,6176,769
FSNG,-0.489315,0.00058826874,2,6176,769
FSND,-0.489315,0.0047749123,2,6176,769
FTNM,-0.489315,0.0004189187,2,6176,769
FDNM,-0.489315,0.001256756,2,6176,769
FDNR,-0.489315,0.0,2,6176,769
FDND,-0.489315,0.00765929,2,6176,769
FDNF,-0.489315,0.0,2,6176,769
FLNF,-0.489315,0.0,2,6176,769
CYRG,-0.489315,0.0025920593,2,6176,769
GYMD,-0.489315,0.0019288679,2,6176,769
LLNC,-0.489315,0.0011729723,2,6176,769
EFYM,-0.489315,0.0,2,6176,769
NANH,-0.489315,0.00020788446,2,6176,769
LANH,-0.489315,0.00035629683,2,6176,769
NANV,-0.489315,0.00031598436,2,6176,769
NAKV,-0.489315,0.0002211891,2,6176,769
NIKV,-0.489315,0.0,2,6176,769
RIKV,-0.489315,0.0002575959,2,6176,769
AFKV,-0.489315,0.0,2,6176,769
EFIW,-0.489315,0.0,2,6176,769
EFIM,-0.489315,0.0,2,6176,769
EFNM,-0.489315,0.0,2,6176,769
NAVH,-0.489315,0.00020132495,2,6176,769
SFPM,-0.489315,0.00019516682,2,6176,769
SGPM,-0.489315,0.00027040232,2,6176,769
SGPI,-0.489315,0.00030996223,2,6176,769
SEDI,-0.489315,0.00017723478,2,6176,769
SRDK,-0.489315,0.0002770404,2,6176,769
SRDQ,-0.489315,0.00012605758,2,6176,769
MLDP,-0.489315,8.507268e-05,2,6176,769
MLDC,-0.489315,0.0007503804,2,6176,769
MLNC,-0.489315,0.0015072508,2,6176,769
NAKH,-0.489315,0.00029103828,2,6176,769
NAWH,-0.489315,0.00011148645,2,6176,769
NCMD,-0.489315,0.0006411319,2,6176,769
KTKV,-0.489315,0.00028875854,2,6176,769
NCDD,-0.489315,0.013073176,2,6176,769
DCDD,-0.489315,0.006041665,2,6176,769
DCDR,-0.489315,0.0,2,6176,769
WCDR,-0.489315,0.00082638947,2,6176,769
WCRR,-0.489315,0.00161532,2,6176,769
NSDR,-0.489315,5.845373e-05,2,6176,769
DLMY,-0.489315,0.00024908676,2,6176,769
DLKY,-0.489315,0.0,2,6176,769
DRKY,-0.489315,0.0,2,6176,769
ATKV,-0.489315,0.0010569115,2,6176,769
DAWH,-0.489315,0.0,2,6176,769
ATRN,-0.489315,0.0,2,6176,769
ATMN,-0.489315,0.0,2,6176,769
ATCN,-0.489315,0.0,2,6176,769
LTCN,-0.489315,0.001000057,2,6176,769
CTCT,-0.489315,0.0028426624,2,6176,769
CTYT,-0.489315,0.008167761,2,6176,769
CRYT,-0.489315,0.019841013,2,6176,769
VPWT,-0.489315,0.0,2,6176,769
WAWH,-0.489315,0.00036581626,2,6176,769
SANL,-0.489315,0.00029867352,2,6176,769
LPKY,-0.7155758,0.00039782203,3,9302,1153
YQEM,-1.4315363,0.00025365717,3,9302,1153
DQDC,-1.4315363,0.0033031146,3,9302,1153
NPAQ,-1.4315363,0.00020633308,3,9302,1153
NPNQ,-1.4315363,0.0,3,9302,1153
NVKQ,-1.4315363,0.0,3,9302,1153
NRDQ,-1.4315363,0.0,3,9302,1153
VRDQ,-1.4315363,0.00029002063,3,9302,1153
DRDQ,-1.4315363,0.0006912158,3,9302,1153
DHDR,-1.4315363,0.0011059452,3,9302,1153
DHDP,-1.4315363,0.0,3,9302,1153
DHCP,-1.4315363,0.0,3,9302,1153
DVCP,-1.4315363,0.0007975567,3,9302,1153
DICP,-1.4315363,0.0009534011,3,9302,1153
PICM,-1.4315363,0.0011520264,3,9302,1153
GICE,-1.4315363,0.0,3,9302,1153
KHCE,-1.4315363,0.00028212892,3,9302,1153
DHCE,-1.4315363,0.0025401716,3,9302,1153
AHCE,-1.4315363,0.003631416,3,9302,1153
AHYE,-1.4315363,0.0043308926,3,9302,1153
KHQC,-1.4315363,0.0003106588,3,9302,1153
LHQC,-1.4315363,0.0009534011,3,9302,1153
LSKC,-1.4315363,0.00023972802,3,9302,1153
NPLM,-1.4315363,0.0,3,9302,1153
GPNP,-1.4315363,0.00031598436,3,9302,1153
NRMP,-1.4315363,0.0005079801,3,9302,1153
ARIW,-1.4315363,0.002513512,3,9302,1153
VWVW,-1.4315363,0.0002393821,3,9302,1153
VWDW,-1.4315363,0.00086401973,3,9302,1153
VRDW,-1.4315363,0.0006392747,3,9302,1153
PRPW,-1.4315363,0.0,3,9302,1153
PRCW,-1.4315363,0.0008507271,3,9302,1153
PRNW,-1.4315363,0.00047262618,3,9302,1153
SMNW,-1.4315363,0.00022060078,3,9302,1153
AMNW,-1.4315363,0.0013824316,3,9302,1153
AYIW,-1.4315363,0.0020228897,3,9302,1153
NRIW,-1.4315363,0.00058826874,3,9302,1153
NRMK,-1.4315363,0.0,3,9302,1153
GRIC,-1.4315363,0.0004065975,3,9302,1153
NRIC,-1.4315363,0.0015995076,3,9302,1153
NRMC,-1.4315363,0.00017389082,3,9302,1153
NIMC,-1.4315363,0.00033311607,3,9302,1153
NCMP,-1.4315363,0.0025920593,3,9302,1153
NVMP,-1.4315363,0.00033564353,3,9302,1153
NSMF,-1.4315363,0.0,3,9302,1153
MIMK,-1.4315363,0.00017389082,3,9302,1153
MRMK,-1.4315363,0.00070442376,3,9302,1153
LQKC,-1.4315363,0.0008378374,3,9302,1153
DQSC,-1.4315363,0.0,3,9302,1153
AQRF,-1.4315363,0.001008977,3,9302,1153
CGWS,-1.4315363,0.0009040425,3,9302,1153
GRSG,-1.4315363,0.00011866362,3,9302,1153
GVSG,-1.4315363,0.00017704563,3,9302,1153
GESY,-1.4315363,7.899607e-05,3,9302,1153
AEWY,-1.4315363,0.0014547432,3,9302,1153
NEWY,-1.4315363,0.00024908676,3,9302,1153
NSKY,-1.4315363,0.0005945942,3,9302,1153
ASKY,-1.4315363,0.0,3,9302,1153
CGKY,-1.4315363,0.0004808458,3,9302,1153
CGWQ,-1.4315363,0.0006516513,3,9302,1153
LGWS,-1.4315363,0.00023903721,3,9302,1153
YAMG,-1.4315363,0.16918933,3,9302,1153
LGDS,-1.4315363,0.00033472918,3,9302,1153
LIDS,-1.4315363,0.00031090836,3,9302,1153
LIII,-1.4315363,0.000153178,3,9302,1153
LINI,-1.4315363,0.00045624803,3,9302,1153
WINI,-1.4315363,0.00065351307,3,9302,1153
WIDI,-1.4315363,0.0003233758,3,9302,1153
WIKI,-1.4315363,0.0009655078,3,9302,1153
AIKI,-1.4315363,0.0007944172,3,9302,1153
AISS,-1.4315363,0.0004253636,3,9302,1153
GASG,-1.4315363,0.00012435671,3,9302,1153
YANG,-1.4315363,0.0002353075,3,9302,1153
WQSC,-1.4315363,0.002779339,3,9302,1153
WIYR,-1.4315363,0.00034809424,3,9302,1153
WRSC,-1.4315363,0.0072386153,3,9302,1153
WSSQ,-1.4315363,0.0001814368,3,9302,1153
WNST,-1.4315363,0.0008670989,3,9302,1153
WNVT,-1.4315363,0.0038746912,3,9302,1153
WRVT,-1.4315363,0.0049998392,3,9302,1153
WRER,-1.4315363,0.00034738024,3,9302,1153
WRYR,-1.4315363,0.00021821485,3,9302,1153
WVYR,-1.4315363,0.00031611812,3,9302,1153
WEYR,-1.4315363,0.00022756077,3,9302,1153
AIYR,-1.4315363,0.0,3,9302,1153
PANH,-1.4315363,0.00026332025,3,9302,1153
DIYH,-1.4315363,0.0,3,9302,1153
DTGH,-1.4315363,0.0,3,9302,1153
DTDH,-1.4315363,0.00046862086,3,9302,1153
NTDH,-1.4315363,0.00079909345,3,9302,1153
LTDH,-1.4315363,0.00021268176,3,9302,1153
ATDH,-1.4315363,0.0,3,9302,1153
ARDH,-1.4315363,0.0,3,9302,1153
AADH,-1.4315363,0.0,3,9302,1153
PAIH,-1.4315363,0.00014864853,3,9302,1153
VGMW,-1.4315363,0.0010634089,3,9302,1153
AQRR,-1.4315363,0.0,3,9302,1153
FEAQ,-1.4315363,0.0,3,9302,1153
NPMK,-1.4315363,0.0,3,9302,1153
DDNM,-1.4315363,0.0014281636,3,9302,1153
NVNQ,-1.4315363,0.00017610597,3,9302,1153
GVNQ,-1.4315363,0.00047945604,3,9302,1153
NKYQ,-1.4315363,0.0,3,9302,1153
NKYP,-1.4315363,0.00053860975,3,9302,1153
DKDH,-1.4315363,0.0,3,9302,1153
AKDH,-1.4315363,0.0,3,9302,1153
AKDP,-1.4315363,0.0,3,9302,1153
NPHK,-1.4315363,0.0,3,9302,1153
GPMK,-1.4315363,0.0,3,9302,1153
ADRS,-1.4315363,0.00070893933,3,9302,1153
GPKK,-1.4315363,0.0,3,9302,1153
FPKA,-1.4315363,0.0003233758,3,9302,1153
NPKA,-1.4315363,0.0,3,9302,1153
NVKA,-1.4315363,0.00016655798,3,9302,1153
NINF,-1.4315363,0.0,3,9302,1153
NINP,-1.4315363,0.00025719655,3,9302,1153
NRNP,-1.4315363,0.00016910482,3,9302,1153
LPDP,-1.4315363,0.0002764863,3,9302,1153
LRDW,-1.4315363,0.00022539646,3,9302,1153
FDRA,-1.4315363,0.0013672401,3,9302,1153
ADRW,-1.4315363,0.0010148138,3,9302,1153
LRDP,-1.4315363,0.00024132227,3,9302,1153
DRYG,-1.4315363,0.0016263901,3,9302,1153
AADI,-1.4315363,0.0009557305,3,9302,1153
SAMI,-1.4315363,0.00023234142,3,9302,1153
SAIA,-1.4315363,0.00022913233,3,9302,1153
SRIA,-1.4315363,0.00032595472,3,9302,1153
DRIA,-1.4315363,0.000470615,3,9302,1153
DEIA,-1.4315363,0.0,3,9302,1153
DEYA,-1.4315363,0.0,3,9302,1153
DEYG,-1.4315363,0.0,3,9302,1153
DQYG,-1.4315363,0.0020986935,3,9302,1153
DRHF,-1.4315363,0.0,3,9302,1153
ADHS,-1.4315363,0.0012540786,3,9302,1153
DVHF,-1.4315363,0.0,3,9302,1153
RVWF,-1.4315363,0.00018417973,3,9302,1153
RVIG,-1.4315363,0.00045058885,3,9302,1153
RVMG,-1.4315363,0.023864714,3,9302,1153
NVMG,-1.4315363,0.006392747,3,9302,1153
NQKG,-1.4315363,0.0,3,9302,1153
NQFS,-1.4315363,0.00049080414,3,9302,1153
NQNS,-1.4315363,0.0008014096,3,9302,1153
AQNS,-1.4315363,0.0,3,9302,1153
LRDR,-1.4315363,0.00015239409,3,9302,1153
LRYP,-1.4315363,0.0021283624,3,9302,1153
AARF,-1.4315363,0.0,3,9302,1153
MIMP,-1.4315363,0.0037805273,3,9302,1153
SAVH,-1.4315363,3.19637e-05,3,9302,1153
SIVH,-1.4315363,0.000106443214,3,9302,1153
SIVP,-1.4315363,0.00029217484,3,9302,1153
SIDP,-1.4315363,0.00036593783,3,9302,1153
SINP,-1.4315363,0.00018249924,3,9302,1153
SDNA,-1.4315363,0.00936367,3,9302,1153
SDNP,-1.4315363,0.00021377808,3,9302,1153
WDKP,-1.4315363,0.00021451528,3,9302,1153
WDMP,-1.4315363,0.0013144432,3,9302,1153
MQMP,-1.4315363,0.00043886717,3,9302,1153
AMDV,-1.4315363,0.0,3,9302,1153
NQMP,-1.4315363,0.00023234142,3,9302,1153
DCMD,-1.4315363,0.00020521032,3,9302,1153
NKPD,-1.4315363,0.002033527,3,9302,1153
NKMD,-1.4315363,0.00035797653,3,9302,1153
NKMF,-1.4315363,0.00041266615,3,9302,1153
NGMF,-1.4315363,0.00022850114,3,9302,1153
NVRK,-1.4315363,0.00041421168,3,9302,1153
NIRK,-1.4315363,0.00056425773,3,9302,1153
NIRP,-1.4315363,0.0002588016,3,9302,1153
VADT,-1.4315363,0.00024253188,3,9302,1153
FMDV,-1.4315363,0.0,3,9302,1153
DRYP,-1.4315363,0.0009787127,3,9302,1153
AQKF,-1.4315363,0.003695581,3,9302,1153
QRCF,-1.4315363,0.001015664,3,9302,1153
QQCF,-1.4315363,0.000524974,3,9302,1153
QELF,-1.4315363,0.00043673412,3,9302,1153
NELF,-1.4315363,0.00047262618,3,9302,1153
NYLF,-1.4315363,0.0,3,9302,1153
NYMF,-1.4315363,0.0,3,9302,1153
LYMF,-1.4315363,0.0013378371,3,9302,1153
FSMF,-1.4315363,0.0006010572,3,9302,1153
NQKF,-1.4315363,0.0,3,9302,1153
GQKC,-1.4315363,0.0,3,9302,1153
FMKV,-1.4315363,0.00047670057,3,9302,1153
GQMC,-1.4315363,0.00092162105,3,9302,1153
GQDC,-1.4315363,0.0027648632,3,9302,1153
GQHC,-1.4315363,0.0,3,9302,1153
DQHC,-1.4315363,0.004953138,3,9302,1153
DQNC,-1.4315363,0.0037141156,3,9302,1153
DQKC,-1.4315363,0.008102228,3,9302,1153
DQKP,-1.4315363,0.0,3,9302,1153
AQKP,-1.4315363,0.0024037024,3,9302,1153
FFKF,-1.4315363,0.0,3,9302,1153
FIHS,-1.4315363,0.0030006268,3,9302,1153
FDAI,-1.4315363,0.0032256737,3,9302,1153
YLFG,-1.4315363,0.27380884,3,9302,1153
NIWI,-1.4315363,0.00087773433,3,9302,1153
NIYM,-1.4315363,0.0015650169,3,9302,1153
NICT,-1.4315363,0.00410172,3,9302,1153
NGCD,-1.4315363,0.00214363,3,9302,1153
NGPH,-1.4315363,0.00019267335,3,9302,1153
NDGH,-1.4315363,0.0006912158,3,9302,1153
NRWH,-1.4315363,0.0001368744,3,9302,1153
ARWH,-1.4315363,0.0,3,9302,1153
APWI,-1.4315363,0.00055633805,3,9302,1153
NPWI,-1.4315363,0.0,3,9302,1153
NEKI,-1.4315363,0.0,3,9302,1153
NLMM,-1.4315363,0.00056812254,3,9302,1153
NEPH,-1.4315363,0.00042866098,3,9302,1153
DEPH,-1.4315363,0.0,3,9302,1153
DRPH,-1.4315363,0.0,3,9302,1153
DQPH,-1.4315363,0.0,3,9302,1153
DIPP,-1.4315363,0.00028800662,3,9302,1153
VNPP,-1.4315363,6.4449036e-05,3,9302,1153
ADGK,-1.4315363,0.0012270159,3,9302,1153
AFDP,-1.4315363,0.0,3,9302,1153
ALKT,-1.4315363,0.0,3,9302,1153
NLYM,-1.4315363,0.0,3,9302,1153
LLMM,-1.4315363,0.001967989,3,9302,1153
AYNW,-1.4315363,0.0010812074,3,9302,1153
WEMG,-1.4315363,0.09799981,3,9302,1153
MRMF,-1.4315363,0.00078714965,3,9302,1153
MRYS,-1.4315363,0.003143722,3,9302,1153
MQYS,-1.4315363,0.0013062346,3,9302,1153
MRYR,-1.4315363,0.0002949902,3,9302,1153
MRDR,-1.4315363,0.00013893783,3,9302,1153
ARDN,-1.4315363,0.0,3,9302,1153
FRDG,-1.4315363,0.00021943364,3,9302,1153
WRVG,-1.4315363,0.037814237,3,9302,1153
WEVG,-1.4315363,0.0051459186,3,9302,1153
IEMK,-1.4315363,0.0,3,9302,1153
LLYM,-1.4315363,0.0003207498,3,9302,1153
NEMK,-1.4315363,0.00033717847,3,9302,1153
HEMV,-1.4315363,0.00017953658,3,9302,1153
HMEV,-1.4315363,0.00019962911,3,9302,1153
HARV,-1.4315363,0.00025365717,3,9302,1153
HKKD,-1.4315363,0.0067368695,3,9302,1153
NKKQ,-1.4315363,0.0,3,9302,1153
PKKM,-1.4315363,0.0,3,9302,1153
DKDM,-1.4315363,0.0011285156,3,9302,1153
DLIM,-1.4315363,0.0006912158,3,9302,1153
ANGW,-1.4315363,0.030901413,3,9302,1153
CEFD,-1.4315363,0.0073870965,3,9302,1153
LRIA,-1.4315363,0.0007891698,3,9302,1153
STLS,-1.4315363,0.0003798907,3,9302,1153
PEYE,-1.4315363,0.0,3,9302,1153
PPTV,-1.4315363,0.00048506376,3,9302,1153
PQEE,-1.4315363,0.0,3,9302,1153
QHEE,-1.4315363,0.00023431043,3,9302,1153
RMEA,-1.4315363,0.00030070063,3,9302,1153
RMRW,-1.4315363,0.00017588191,3,9302,1153
RPRT,-1.4315363,0.00019439956,3,9302,1153
SGYQ,-1.4315363,0.0,3,9302,1153
SKED,-1.4315363,0.0031486277,3,9302,1153
SWED,-1.4315363,0.0038769084,3,9302,1153
NYKS,-1.4315363,0.0,3,9302,1153
SYRV,-1.4315363,0.00033786515,3,9302,1153
TVAP,-1.4315363,0.0004176531,3,9302,1153
TVMN,-1.4315363,0.0005027024,3,9302,1153
TWVF,-1.4315363,0.0,3,9302,1153
VDII,-1.4315363,0.0004937255,3,9302,1153
VTVK,-1.4315363,0.00026332025,3,9302,1153
VYWT,-1.4315363,0.0006098963,3,9302,1153
WPKY,-1.4315363,6.227171e-05,3,9302,1153
WYIC,-1.4315363,0.0025001422,3,9302,1153
PCQG,-1.4315363,0.0,3,9302,1153
NNVY,-1.4315363,0.00015844488,3,9302,1153
CGII,-1.4315363,0.0009155176,3,9302,1153
GWTV,-1.4315363,0.0,3,9302,1153
CQQE,-1.4315363,0.0021268178,3,9302,1153
DVAH,-1.4315363,0.0,3,9302,1153
DYGG,-1.4315363,0.002542403,3,9302,1153
ECNQ,-1.4315363,0.0,3,9302,1153
EGEA,-1.4315363,9.650484e-05,3,9302,1153
EQNL,-1.4315363,0.00070893933,3,9302,1153
EYDD,-1.4315363,0.011885779,3,9302,1153
GGNC,-1.4315363,0.0,3,9302,1153
GQYS,-1.4315363,0.0015360351,3,9302,1153
HHYA,-1.4315363,0.004320099,3,9302,1153
NLNG,-1.4315363,0.00016168796,3,9302,1153
HIAF,-1.4315363,0.00044451174,3,9302,1153
IHLD,-1.4315363,0.009642767,3,9302,1153
ITKL,-1.4315363,0.00019516682,3,9302,1153
KEHQ,-1.4315363,0.00021770572,3,9302,1153
LHFG,-1.4315363,0.29218587,3,9302,1153
LINE,-1.4315363,0.00013041809,3,9302,1153
MPSL,-1.4315363,0.0008212465,3,9302,1153
MSQT,-1.4315363,0.0005907828,3,9302,1153
NGKI,-1.4315363,0.00033717847,3,9302,1153
MRIF,-1.4315363,0.00025600588,3,9302,1153
LIIA,-1.4315363,0.00076009985,3,9302,1153
FDGG,-1.4315363,0.0867595,3,9302,1153
NGVP,-1.4315363,0.00032866135,3,9302,1153
WVCR,-1.4315363,0.0022704687,3,9302,1153
WICR,-1.4315363,0.0018718829,3,9302,1153
GKCR,-1.4315363,0.00014785361,3,9302,1153
GKVC,-1.4315363,0.00022060078,3,9302,1153
NKVC,-1.4315363,0.00020633308,3,9302,1153
NRVC,-1.4315363,0.00074726035,3,9302,1153
NVVC,-1.4315363,0.00059550896,3,9302,1153
DVVY,-1.4315363,0.00020480469,3,9302,1153
NVVY,-1.4315363,0.00040431073,3,9302,1153
NGDP,-1.4315363,0.00017536129,3,9302,1153
GVME,-1.4315363,0.00020633308,3,9302,1153
NMDH,-1.4315363,0.00026974277,3,9302,1153
NVKH,-1.4315363,0.00014106442,3,9302,1153
SVIH,-1.4315363,0.00053427304,3,9302,1153
SKIL,-1.4315363,0.00024623467,3,9302,1153
SIIL,-1.4315363,0.0002353075,3,9302,1153
SIVL,-1.4315363,0.00023744053,3,9302,1153
AIVL,-1.4315363,0.00038400877,3,9302,1153
DIVL,-1.4315363,0.00025659986,3,9302,1153
DINL,-1.4315363,0.0002229728,3,9302,1153
GVMF,-1.4315363,0.00012343137,3,9302,1153
GVPE,-1.4315363,9.309309e-05,3,9302,1153
QLEC,-1.4315363,0.001256756,3,9302,1153
IELP,-1.4315363,0.0015334536,3,9302,1153
ADGG,-1.4315363,0.0023040527,3,9302,1153
AIGG,-1.4315363,0.0034029086,3,9302,1153
AIGI,-1.4315363,0.004838511,3,9302,1153
AIDI,-1.4315363,0.0,3,9302,1153
AIMI,-1.4315363,0.0,3,9302,1153
LIMI,-1.4315363,0.03885754,3,9302,1153
LRMI,-1.4315363,0.026394356,3,9302,1153
IRCI,-1.4315363,0.013824316,3,9302,1153
IELI,-1.4315363,0.00016962353,3,9302,1153
IENP,-1.4315363,0.00019267335,3,9302,1153
NVPI,-1.4315363,0.00032149578,3,9302,1153
WENS,-1.4315363,0.000300996,3,9302,1153
DEAS,-1.4315363,0.00087773433,3,9302,1153
DCTS,-1.4315363,0.0,3,9302,1153
ACTS,-1.4315363,0.0,3,9302,1153
ACPI,-1.4315363,0.0029246719,3,9302,1153
SMPI,-1.4315363,8.777346e-05,3,9302,1153
LMPI,-1.4315363,0.0001876604,3,9302,1153
LRPI,-1.4315363,0.0003149047,3,9302,1153
LVPI,-1.4315363,0.00020851151,3,9302,1153
DLEL,-1.4315363,0.00017389082,3,9302,1153
QGPC,-1.4315363,0.0010397118,3,9302,1153
LIDK,-1.4315363,0.0002684333,3,9302,1153
FMAS,-1.4315363,0.027216623,3,9302,1153
DQYQ,-1.4315363,0.0,3,9302,1153
DQDQ,-1.4315363,0.0019749023,3,9302,1153
DQMQ,-1.4315363,0.0013593658,3,9302,1153
TQQQ,-1.4315363,0.0041190274,3,9302,1153
CQLQ,-1.4315363,0.00062695314,3,9302,1153
CRLQ,-1.4315363,0.00084604137,3,9302,1153
CRQQ,-1.4315363,0.00046862086,3,9302,1153
CRDQ,-1.4315363,0.0009278064,3,9302,1153
RRMS,-1.4315363,0.0007933479,3,9302,1153
DRAS,-1.4315363,0.00019891108,3,9302,1153
LQNQ,-1.4315363,0.0,3,9302,1153
NRAS,-1.4315363,0.0003886354,3,9302,1153
NRAC,-1.4315363,0.0011103868,3,9302,1153
NQAQ,-1.4315363,0.0,3,9302,1153
NDAQ,-1.4315363,0.00071351306,3,9302,1153
NDDQ,-1.4315363,0.0,3,9302,1153
NRDS,-1.4315363,0.00026895554,3,9302,1153
QYDS,-1.4315363,0.00031538366,3,9302,1153
LYDS,-1.4315363,0.00037408978,3,9302,1153
LADK,-1.4315363,0.00013893783,3,9302,1153
IQRQ,-1.4315363,0.0003089233,3,9302,1153
AQNQ,-1.4315363,0.0025525102,3,9302,1153
QRPC,-1.4315363,0.00074726035,3,9302,1153
WVWS,-1.4315363,0.0010491861,3,9302,1153
ERWC,-1.4315363,0.0,3,9302,1153
ERDC,-1.4315363,0.00038669413,3,9302,1153
EQDC,-1.4315363,0.0,3,9302,1153
EVDR,-1.4315363,0.00024253188,3,9302,1153
INDN,-1.4315363,0.00013893783,3,9302,1153
MSDN,-1.4315363,0.0005167969,3,9302,1153
DSDN,-1.4315363,0.0,3,9302,1153
DIDN,-1.4315363,0.0,3,9302,1153
WVDN,-1.4315363,0.00019891108,3,9302,1153
DVWS,-1.4315363,0.00015890023,3,9302,1153
WQYQ,-1.4315363,0.0002260106,3,9302,1153
DVNS,-1.4315363,0.00058207643,3,9302,1153
DDNS,-1.4315363,0.0009534011,3,9302,1153
DQNS,-1.4315363,0.0,3,9302,1153
DEDV,-1.4315363,0.0,3,9302,1153
DEEE,-1.4315363,0.0,3,9302,1153
DEHE,-1.4315363,0.005282178,3,9302,1153
WEDE,-1.4315363,0.00031266623,3,9302,1153
WRDE,-1.4315363,0.00029529174,3,9302,1153
WQDQ,-1.4315363,0.0003237545,3,9302,1153
FYDI,-1.4315363,0.0006912158,3,9302,1153
CHNP,-0.87529945,0.0013569881,4,12437,1537
YWPY,-1.7544405,0.00069702434,4,12437,1537
EEKG,-1.7544405,0.00028212892,4,12437,1537
MWMV,-1.7544405,0.007032022,4,12437,1537
AWMV,-1.7544405,0.0,4,12437,1537
AAMV,-1.7544405,0.0,4,12437,1537
EAGV,-1.7544405,0.052220013,4,12437,1537
AAGV,-1.7544405,0.027648631,4,12437,1537
ACGG,-1.7544405,0.0018432421,4,12437,1537
EHGG,-1.7544405,0.007833779,4,12437,1537
ERGG,-1.7544405,0.00442915,4,12437,1537
EEGG,-1.7544405,0.0013250143,4,12437,1537
CERY,-1.7544405,0.00076801755,4,12437,1537
HEDI,-1.7544405,0.0006743568,4,12437,1537
NGRY,-1.7544405,0.00019608955,4,12437,1537
HERY,-1.7544405,0.00047670057,4,12437,1537
HIRY,-1.7544405,0.00013356826,4,12437,1537
HMRA,-1.7544405,0.00028212892,4,12437,1537
HIRA,-1.7544405,0.0009025669,4,12437,1537
WICA,-1.7544405,0.39945072,4,12437,1537
AICA,-1.7544405,0.45329204,4,12437,1537
AIFA,-1.7544405,0.07936182,4,12437,1537
AKFM,-1.7544405,0.0024156554,4,12437,1537
HRMR,-1.7544405,0.00013520116,4,12437,1537
HIMR,-1.7544405,0.00010109191,4,12437,1537
LIME,-1.7544405,0.000713002,4,12437,1537
ARKK,-1.7544405,0.004123458,4,12437,1537
AGDI,-1.7544405,0.0009918142,4,12437,1537
AGDM,-1.7544405,0.0013207591,4,12437,1537
AGDF,-1.7544405,0.0058859293,4,12437,1537
AGYF,-1.7544405,0.0040678093,4,12437,1537
AQYF,-1.7544405,0.006449732,4,12437,1537
AQVE,-1.7544405,0.0,4,12437,1537
AQKE,-1.7544405,0.007165985,4,12437,1537
EEKE,-1.7544405,0.0004937255,4,12437,1537
ERKE,-1.7544405,0.00081319513,4,12437,1537
TRKF,-1.7544405,0.0011520264,4,12437,1537
AIME,-1.7544405,0.0,4,12437,1537
PRKM,-1.7544405,0.00033717847,4,12437,1537
PEKM,-1.7544405,0.0,4,12437,1537
PEMM,-1.7544405,0.0,4,12437,1537
KEWM,-1.7544405,0.0,4,12437,1537
DEWM,-1.7544405,0.0,4,12437,1537
DRWM,-1.7544405,0.0,4,12437,1537
DRSS,-1.7544405,0.00026001845,4,12437,1537
ARRE,-1.7544405,0.0,4,12437,1537
ARME,-1.7544405,0.0014230905,4,12437,1537
NKFM,-1.7544405,0.0,4,12437,1537
CKCS,-1.7544405,0.005288304,4,12437,1537
CKMS,-1.7544405,0.013310064,4,12437,1537
YVMY,-1.7544405,0.00045177506,4,12437,1537
WRYP,-1.7544405,0.0012831319,4,12437,1537
WEIP,-1.7544405,0.0003021708,4,12437,1537
NEIP,-1.7544405,0.00027106507,4,12437,1537
NEIS,-1.7544405,0.0005096522,4,12437,1537
LWQS,-1.7544405,0.0009534011,4,12437,1537
LWQP,-1.7544405,0.00071351306,4,12437,1537
LWCP,-1.7544405,0.0034812533,4,12437,1537
LWCG,-1.7544405,0.5564039,4,12437,1537
YWMA,-1.7544405,0.31773263,4,12437,1537
YVYY,-1.7544405,0.00015388847,4,12437,1537
WRDT,-1.7544405,0.00025857965,4,12437,1537
YRYY,-1.7544405,0.00015446165,4,12437,1537
YQYY,-1.7544405,0.00024042286,4,12437,1537
QYYY,-1.7544405,0.0,4,12437,1537
QYMY,-1.7544405,0.0,4,12437,1537
QTIY,-1.7544405,0.00014785361,4,12437,1537
QTDY,-1.7544405,0.0002579164,4,12437,1537
QIDY,-1.7544405,9.0060734e-05,4,12437,1537
QEDY,-1.7544405,0.0004253636,4,12437,1537
IRDY,-1.7544405,0.0004168136,4,12437,1537
WRQP,-1.7544405,0.00022603864,4,12437,1537
WRMT,-1.7544405,0.23128287,4,12437,1537
CRMS,-1.7544405,0.021738738,4,12437,1537
RPMP,-1.7544405,0.0002050809,4,12437,1537
GRMA,-1.7544405,0.0013378371,4,12437,1537
GRKA,-1.7544405,0.00012343137,4,12437,1537
ARKA,-1.7544405,0.0017280395,4,12437,1537
ARYA,-1.7544405,0.0041891867,4,12437,1537
AWQY,-1.7544405,0.0008008041,4,12437,1537
ARQY,-1.7544405,0.0,4,12437,1537
NRQY,-1.7544405,0.00096169155,4,12437,1537
NSQR,-1.7544405,0.00013356826,4,12437,1537
NSQP,-1.7544405,0.00021600493,4,12437,1537
RIMP,-1.7544405,0.00025953032,4,12437,1537
WEMT,-1.7544405,0.04065632,4,12437,1537
REMP,-1.7544405,0.00033686243,4,12437,1537
FEMI,-1.7544405,0.0,4,12437,1537
FNMN,-1.7544405,0.0,4,12437,1537
PVMF,-1.7544405,0.0006843721,4,12437,1537
WVMF,-1.7544405,0.0016059037,4,12437,1537
CRMT,-1.7544405,0.028121836,4,12437,1537
CEMT,-1.7544405,0.0028655445,4,12437,1537
CECT,-1.7544405,0.0016039262,4,12437,1537
WECT,-1.7544405,0.0263589,4,12437,1537
DEDI,-1.7544405,0.0021028914,4,12437,1537
AEDS,-1.7544405,0.0,4,12437,1537
IQNL,-1.7544405,9.309309e-05,4,12437,1537
DEWF,-1.7544405,0.0,4,12437,1537
IVYQ,-1.7544405,0.00064299145,4,12437,1537
IRYQ,-1.7544405,0.00034909887,4,12437,1537
ITYA,-1.7544405,0.0065500177,4,12437,1537
IEYA,-1.7544405,0.008731147,4,12437,1537
IEMP,-1.7544405,0.00024253188,4,12437,1537
SEMN,-1.7544405,0.0,4,12437,1537
FEKL,-1.7544405,0.0,4,12437,1537
FECL,-1.7544405,0.00019068024,4,12437,1537
DECL,-1.7544405,0.0006743568,4,12437,1537
DEML,-1.7544405,0.0,4,12437,1537
FGYQ,-1.7544405,0.0,4,12437,1537
DIML,-1.7544405,0.00029103828,4,12437,1537
NEML,-1.7544405,0.0002764863,4,12437,1537
NEDL,-1.7544405,0.00018618608,4,12437,1537
TEQA,-1.7544405,0.0,4,12437,1537
TEMA,-1.7544405,0.0008378374,4,12437,1537
SEIA,-1.7544405,0.00042427564,4,12437,1537
FWIA,-1.7544405,0.0005266406,4,12437,1537
FWMA,-1.7544405,0.37918124,4,12437,1537
FWDA,-1.7544405,0.0017837827,4,12437,1537
FEYQ,-1.7544405,0.0,4,12437,1537
AGLM,-1.7544405,0.0,4,12437,1537
YTEA,-1.7544405,0.00039782203,4,12437,1537
AMEF,-1.7544405,0.008375755,4,12437,1537
INDC,-1.7544405,0.0008092282,4,12437,1537
INYC,-1.7544405,0.0065576886,4,12437,1537
INKC,-1.7544405,0.0,4,12437,1537
INNC,-1.7544405,0.0005027024,4,12437,1537
IKYI,-1.7544405,0.00074726035,4,12437,1537
IAYS,-1.7544405,0.0057108006,4,12437,1537
IAYF,-1.7544405,0.00023431043,4,12437,1537
WAYF,-1.7544405,0.00040960938,4,12437,1537
WMEF,-1.7544405,0.00026649283,4,12437,1537
AIEF,-1.7544405,0.0,4,12437,1537
ATLM,-1.7544405,0.00081319513,4,12437,1537
AIQF,-1.7544405,0.005443018,4,12437,1537
QYLF,-1.7544405,0.0012817247,4,12437,1537
QYMF,-1.7544405,0.0,4,12437,1537
QEMF,-1.7544405,0.00032400741,4,12437,1537
QEDF,-1.7544405,0.00011617076,4,12437,1537
QKDI,-1.7544405,0.00028951452,4,12437,1537
AKDI,-1.7544405,0.0,4,12437,1537
VTDM,-1.7544405,0.0,4,12437,1537
TTLM,-1.7544405,0.0004065975,4,12437,1537
AWDA,-1.7544405,0.0005924411,4,12437,1537
QTFA,-1.7544405,0.025473516,4,12437,1537
GEDS,-1.7544405,0.0,4,12437,1537
GWSR,-1.7544405,0.00024796985,4,12437,1537
KIKF,-1.7544405,0.0,4,12437,1537
KWVF,-1.7544405,0.00014475721,4,12437,1537
LWVF,-1.7544405,0.0006583008,4,12437,1537
SGVS,-1.7544405,0.0002655331,4,12437,1537
SQVS,-1.7544405,0.00014675497,4,12437,1537
SQLD,-1.7544405,0.00182693,4,12437,1537
SQMD,-1.7544405,0.00014909572,4,12437,1537
NQDR,-1.7544405,0.00021770572,4,12437,1537
NQKR,-1.7544405,0.0,4,12437,1537
GWNR,-1.7544405,0.0,4,12437,1537
KHKM,-1.7544405,0.0,4,12437,1537
VMNR,-1.7544405,0.00025135124,4,12437,1537
VMMR,-1.7544405,9.534012e-05,4,12437,1537
AMMR,-1.7544405,0.0011059452,4,12437,1537
AVMR,-1.7544405,0.0,4,12437,1537
ARMR,-1.7544405,0.0,4,12437,1537
DRMR,-1.7544405,0.00049967406,4,12437,1537
GRTS,-1.7544405,0.000120560915,4,12437,1537
GRKS,-1.7544405,0.00039498045,4,12437,1537
GRDS,-1.7544405,0.00015026427,4,12437,1537
KRKF,-1.7544405,0.00018310349,4,12437,1537
GAKM,-1.7544405,0.00026332025,4,12437,1537
QTFS,-1.7544405,0.0030515213,4,12437,1537
TQLP,-1.7544405,0.0,4,12437,1537
QTKS,-1.7544405,0.00018980754,4,12437,1537
QEKS,-1.7544405,0.00046941647,4,12437,1537
GRKE,-1.7544405,0.0002229728,4,12437,1537
ARKE,-1.7544405,0.0029651215,4,12437,1537
APHI,-1.7544405,0.0006004587,4,12437,1537
APHP,-1.7544405,0.0,4,12437,1537
AQHP,-1.7544405,0.002833271,4,12437,1537
LQHP,-1.7544405,0.00015890023,4,12437,1537
LQYP,-1.7544405,0.0013487138,4,12437,1537
CQYG,-1.7544405,0.05376123,4,12437,1537
GAMM,-1.7544405,0.00017953658,4,12437,1537
GQYN,-1.7544405,0.0,4,12437,1537
GIYN,-1.7544405,0.0,4,12437,1537
GIYP,-1.7544405,0.0017603998,4,12437,1537
GSYW,-1.7544405,0.0002211891,4,12437,1537
LSYW,-1.7544405,9.436393e-05,4,12437,1537
LYPW,-1.7544405,0.0,4,12437,1537
LTIW,-1.7544405,0.0,4,12437,1537
LKIM,-1.7544405,0.00024112183,4,12437,1537
LKDM,-1.7544405,0.00025443523,4,12437,1537
IQRY,-1.7544405,0.0,4,12437,1537
IINP,-1.7544405,0.00049080414,4,12437,1537
YVRV,-1.7544405,0.00052512856,4,12437,1537
ACKH,-1.7544405,0.0039651166,4,12437,1537
AMDA,-1.7544405,0.0,4,12437,1537
NMDA,-1.7544405,0.00020633308,4,12437,1537
RPDA,-1.7544405,0.00035591057,4,12437,1537
RRDA,-1.7544405,0.0014412585,4,12437,1537
LRDA,-1.7544405,0.00045700217,4,12437,1537
LYVI,-1.7544405,0.004894555,4,12437,1537
LEVI,-1.7544405,0.00020749446,4,12437,1537
LIVI,-1.7544405,0.0016734041,4,12437,1537
AAIY,-1.7544405,0.0013192457,4,12437,1537
AFEW,-1.7544405,0.0,4,12437,1537
LRMP,-1.7544405,0.011198061,4,12437,1537
AHCI,-1.7544405,0.017533243,4,12437,1537
AQTV,-1.7544405,0.0,4,12437,1537
CMAY,-1.7544405,0.00072216574,4,12437,1537
CPKI,-1.7544405,0.0007788347,4,12437,1537
CREN,-1.7544405,0.0006628097,4,12437,1537
CWGM,-1.7544405,0.4029685,4,12437,1537
DAKF,-1.7544405,0.0012979291,4,12437,1537
DHVV,-1.7544405,0.0003106588,4,12437,1537
DTKQ,-1.7544405,0.0,4,12437,1537
LMMA,-1.7544405,0.1744672,4,12437,1537
LRSF,-1.7544405,0.0003346279,4,12437,1537
DTWV,-1.7544405,0.0015360351,4,12437,1537
DKSD,-1.7544405,0.00021484435,4,12437,1537
NLIP,-1.7544405,0.00051642564,4,12437,1537
WRIP,-1.7544405,0.0003886354,4,12437,1537
WDDP,-1.7544405,0.00027327135,4,12437,1537
ADDP,-1.7544405,0.0,4,12437,1537
AVDR,-1.7544405,0.0,4,12437,1537
ELDR,-1.7544405,0.00036220913,4,12437,1537
ELNR,-1.7544405,0.0006826823,4,12437,1537
ELNP,-1.7544405,0.00011969105,4,12437,1537
EKNE,-1.7544405,0.0,4,12437,1537
LKDD,-1.7544405,0.00394772,4,12437,1537
PRSK,-1.7544405,0.00037507838,4,12437,1537
NKVD,-1.7544405,0.0,4,12437,1537
VKHD,-1.7544405,0.010330926,4,12437,1537
DKHL,-1.7544405,0.0,4,12437,1537
DIHL,-1.7544405,0.0,4,12437,1537
MCHP,-1.7544405,0.0006912158,4,12437,1537
GCHA,-1.7544405,0.0,4,12437,1537
LCHA,-1.7544405,0.0042104516,4,12437,1537
ICHK,-1.7544405,0.0,4,12437,1537
IRHK,-1.7544405,0.00038136047,4,12437,1537
DTKT,-1.7544405,0.0,4,12437,1537
EGYI,-1.7544405,0.00072126865,4,12437,1537
NMHP,-1.7544405,0.0,4,12437,1537
RTYK,-1.7544405,0.00031300337,4,12437,1537
LRAY,-1.7544405,0.0005477146,4,12437,1537
METQ,-1.7544405,0.00026974277,4,12437,1537
MGGF,-1.7544405,0.031356305,4,12437,1537
NCEG,-1.7544405,0.0014551912,4,12437,1537
NFQW,-1.7544405,0.0,4,12437,1537
QGAM,-1.7544405,0.00022976704,4,12437,1537
QKND,-1.7544405,0.0031352276,4,12437,1537
RKDI,-1.7544405,0.00035221182,4,12437,1537
RPVC,-1.7544405,0.00062341907,4,12437,1537
SAEN,-1.7544405,0.00010842605,4,12437,1537
LMWN,-1.7544405,0.00045177506,4,12437,1537
SQQA,-1.7544405,0.00026585226,4,12437,1537
SRAI,-1.7544405,0.00039946422,4,12437,1537
TGQG,-1.7544405,0.0,4,12437,1537
VHFR,-1.7544405,0.0004106233,4,12437,1537
VPRS,-1.7544405,0.00021770572,4,12437,1537
WAMS,-1.7544405,0.053908598,4,12437,1537
WCTD,-1.7544405,0.0015629401,4,12437,1537
YFFR,-1.7544405,0.00019436647,4,12437,1537
YNGL,-1.7544405,0.052264836,4,12437,1537
LQLF,-1.7544405,0.00084102305,4,12437,1537
LDDC,-1.7544405,0.0006213176,4,12437,1537
ENMF,-1.7544405,0.0005945942,4,12437,1537
HEMW,-1.7544405,0.0,4,12437,1537
FCHV,-1.7544405,0.0013824316,4,12437,1537
FTVH,-1.7544405,0.00047945604,4,12437,1537
GEDH,-1.7544405,0.00086401973,4,12437,1537
GHMK,-1.7544405,0.0,4,12437,1537
GIVA,-1.7544405,0.0002305333,4,12437,1537
GLMM,-1.7544405,0.0,4,12437,1537
GWAD,-1.7544405,0.0008035265,4,12437,1537
GWYN,-1.7544405,0.0,4,12437,1537
HALG,-1.7544405,0.23750424,4,12437,1537
HFLN,-1.7544405,0.00066623214,4,12437,1537
KYSH,-1.7544405,0.0,4,12437,1537
IHGR,-1.7544405,0.0010793761,4,12437,1537
IQPA,-1.7544405,0.0004816835,4,12437,1537
ITRV,-1.7544405,0.00041794442,4,12437,1537
ITYK,-1.7544405,0.00011917517,4,12437,1537
IVTD,-1.7544405,0.0,4,12437,1537
KDDF,-1.7544405,0.00010842605,4,12437,1537
KDFP,-1.7544405,0.00044518983,4,12437,1537
KSHW,-1.7544405,0.0,4,12437,1537
KVDT,-1.7544405,0.0001940936,4,12437,1537
NMDP,-1.7544405,0.0001280029,4,12437,1537
NMHF,-1.7544405,0.0,4,12437,1537
IEHQ,-1.7544405,0.00087773433,4,12437,1537
AHDP,-1.7544405,0.0,4,12437,1537
AVGS,-1.7544405,0.008976828,4,12437,1537
SMGS,-1.7544405,0.008922803,4,12437,1537
SVGS,-1.7544405,0.05224638,4,12437,1537
SRGS,-1.7544405,0.049599275,4,12437,1537
SRDS,-1.7544405,0.0003260452,4,12437,1537
SRDP,-1.7544405,0.00042378984,4,12437,1537
WRDN,-1.7544405,0.0001990412,4,12437,1537
WHDQ,-1.7544405,0.00029476153,4,12437,1537
AHDQ,-1.7544405,0.0027759229,4,12437,1537
AHDV,-1.7544405,0.002967317,4,12437,1537
AVMS,-1.7544405,0.019301875,4,12437,1537
AIDV,-1.7544405,0.0,4,12437,1537
ARDV,-1.7544405,0.0,4,12437,1537
DRDV,-1.7544405,0.0,4,12437,1537
DGIV,-1.7544405,0.00052167237,4,12437,1537
DGPV,-1.7544405,0.0,4,12437,1537
DGDV,-1.7544405,0.0,4,12437,1537
FADY,-1.7544405,0.0,4,12437,1537
RSDM,-1.7544405,0.00027627384,4,12437,1537
ASDM,-1.7544405,0.0,4,12437,1537
AVGI,-1.7544405,0.0040960936,4,12437,1537
AVVS,-1.7544405,0.0006583008,4,12437,1537
EAML,-1.7544405,0.00045232938,4,12437,1537
AKMI,-1.7544405,0.0,4,12437,1537
NEHQ,-1.7544405,0.00076801755,4,12437,1537
NDHQ,-1.7544405,0.0,4,12437,1537
PDHI,-1.7544405,0.0,4,12437,1537
PEHI,-1.7544405,0.0,4,12437,1537
DGHI,-1.7544405,0.0023040527,4,12437,1537
DYHN,-1.7544405,0.002672854,4,12437,1537
DEHN,-1.7544405,0.0033572738,4,12437,1537
AEHN,-1.7544405,0.004388255,4,12437,1537
AKHI,-1.7544405,0.0008418649,4,12437,1537
AKMS,-1.7544405,0.007212687,4,12437,1537
ACVK,-1.7544405,0.0019259431,4,12437,1537
ARMS,-1.7544405,0.02099248,4,12437,1537
WRMF,-1.7544405,0.002095011,4,12437,1537
NRMF,-1.7544405,0.0,4,12437,1537
NRMG,-1.7544405,0.002580539,4,12437,1537
NGMG,-1.7544405,0.000113780385,4,12437,1537
NGMP,-1.7544405,6.341434e-05,4,12437,1537
NRMV,-1.7544405,0.0,4,12437,1537
NCVF,-1.7544405,0.0008378374,4,12437,1537
NCVP,-1.7544405,0.0013121385,4,12437,1537
EADL,-1.7544405,0.00041971361,4,12437,1537
EIML,-1.7544405,0.0006036819,4,12437,1537
LMHF,-1.7544405,0.0,4,12437,1537
QAYQ,-1.7544405,0.0005194941,4,12437,1537
IRDP,-1.7544405,0.00016059223,4,12437,1537
IRCP,-1.7544405,0.0013247944,4,12437,1537
ILTP,-1.7544405,0.00024720238,4,12437,1537
DLTP,-1.7544405,8.721964e-05,4,12437,1537
DITP,-1.7544405,0.0,4,12437,1537
NITP,-1.7544405,0.0003291504,4,12437,1537
NWTQ,-1.7544405,0.0,4,12437,1537
WWYQ,-1.7544405,0.0007825085,4,12437,1537
NWYQ,-1.7544405,0.00092162105,4,12437,1537
CACQ,-1.7544405,0.00056425773,4,12437,1537
TADS,-1.7544405,0.0,4,12437,1537
CANQ,-1.7544405,0.00061169546,4,12437,1537
CKVR,-1.7544405,0.00058207643,4,12437,1537
CKMR,-1.7544405,0.0005027024,4,12437,1537
CWFR,-1.7544405,0.0017357887,4,12437,1537
CWFF,-1.7544405,0.0024852704,4,12437,1537
CEFF,-1.7544405,0.001308811,4,12437,1537
CEFP,-1.7544405,0.0018861796,4,12437,1537
RMHP,-1.7544405,0.00013473995,4,12437,1537
LMHP,-1.7544405,0.00027767633,4,12437,1537
TIDS,-1.7544405,0.00014034839,4,12437,1537
TAMS,-1.7544405,0.0020589407,4,12437,1537
NIML,-1.7544405,0.00031658742,4,12437,1537
HICG,-1.7544405,0.23922078,4,12437,1537
RIPL,-1.7544405,0.00017862527,4,12437,1537
RPYT,-1.7544405,0.00037363017,4,12437,1537
NPYT,-1.7544405,0.0,4,12437,1537
NPMT,-1.7544405,0.00014106442,4,12437,1537
NRYT,-1.7544405,0.00037874837,4,12437,1537
NRYF,-1.7544405,0.00033311607,4,12437,1537
NIYF,-1.7544405,0.0,4,12437,1537
HILF,-1.7544405,0.00051776465,4,12437,1537
HIRG,-1.7544405,0.00075095054,4,12437,1537
HLEG,-1.7544405,0.0004253636,4,12437,1537
GVMG,-1.7544405,0.00829459,4,12437,1537
HIEG,-1.7544405,0.0,4,12437,1537
NIEG,-1.7544405,0.00053170446,4,12437,1537
NQEG,-1.7544405,0.0,4,12437,1537
NLEH,-1.7544405,0.00039125426,4,12437,1537
GFGH,-1.7544405,0.00026930487,4,12437,1537
GIGH,-1.7544405,0.00023169248,4,12437,1537
GIGG,-1.7544405,0.0002442459,4,12437,1537
GING,-1.7544405,0.0006583008,4,12437,1537
GVNG,-1.7544405,0.000107582215,4,12437,1537
KNIC,-1.7544405,0.0,4,12437,1537
LWLG,0.38654363,0.6498953,5,15627,1921
YWCG,0.38145143,0.43907085,5,15627,1921
WWCG,0.36722052,0.4619385,5,15627,1921
CWCG,0.35734737,0.07129522,5,15627,1921
LILG,0.35213673,0.47030628,5,15627,1921
VWCG,0.34916556,0.52290606,5,15627,1921
HWCG,0.34619522,0.25379264,5,15627,1921
WAFG,0.33768278,0.49196577,5,15627,1921
LWCA,0.33675253,0.72920364,5,15627,1921
LICA,0.3337916,0.5028127,5,15627,1921
WWCA,0.33105493,0.73461795,5,15627,1921
KWCG,0.3294288,0.11023073,5,15627,1921
YICA,0.32581615,0.5125793,5,15627,1921
MWCG,0.31955886,0.4540798,5,15627,1921
LHCG,0.31891048,0.32710773,5,15627,1921
LACG,0.31755972,0.352867,5,15627,1921
QWCG,0.31745088,0.27521998,5,15627,1921
SWGM,0.31488347,0.44376054,5,15627,1921
AWCA,0.31366634,0.642299,5,15627,1921
TWCG,0.31283104,0.23347734,5,15627,1921
YWCA,0.31155908,0.6027101,5,15627,1921
AWCG,0.31037492,0.38984573,5,15627,1921
WWFG,0.30998003,0.63991135,5,15627,1921
LMCG,0.30879688,0.16176245,5,15627,1921
EWCG,0.30679977,0.34007818,5,15627,1921
LDCG,0.30439138,0.21153015,5,15627,1921
RWCG,0.30157828,0.08463293,5,15627,1921
LFCG,0.30138814,0.27741662,5,15627,1921
FWCA,0.30093575,0.7620898,5,15627,1921
LCCG,0.29867226,0.1567085,5,15627,1921
IWCG,0.29645813,0.48441428,5,15627,1921
LWAG,0.29499555,0.3353433,5,15627,1921
DWCG,0.29385936,0.004320099,5,15627,1921
WWMA,0.2911477,0.62011933,5,15627,1921
FICA,0.29069126,0.39106625,5,15627,1921
LWGM,0.29032755,0.41064903,5,15627,1921
LNCG,0.28997463,0.37963107,5,15627,1921
VICA,0.28913605,0.4011386,5,15627,1921
YWMG,0.28897512,0.38434637,5,15627,1921
KICA,0.28848863,0.36695534,5,15627,1921
LSCG,0.28843677,0.3205808,5,15627,1921
EICA,0.28820717,0.39429355,5,15627,1921
MICA,0.28775156,0.36518094,5,15627,1921
WVFG,0.28689933,0.518634,5,15627,1921
LQCG,0.2855891,0.21670845,5,15627,1921
CICA,0.2846104,0.108258024,5,15627,1921
GWCG,0.28432536,0.00888706,5,15627,1921
IICA,0.2837869,0.32890704,5,15627,1921
CWLG,0.28239816,0.41885254,5,15627,1921
LHLG,0.28165364,0.3889241,5,15627,1921
SICA,0.28151548,0.28645393,5,15627,1921
YVFV,0.27887368,0.34216648,5,15627,1921
NWCG,0.27753484,0.07636289,5,15627,1921
LPCG,0.2772563,0.05764037,5,15627,1921
LWGG,0.27551222,0.06549393,5,15627,1921
LAFG,0.2753886,0.32301265,5,15627,1921
CWCA,0.27502465,0.18251897,5,15627,1921
YICG,0.2709704,0.35348517,5,15627,1921
DICA,0.27086008,0.03548241,5,15627,1921
AKCA,0.269454,0.33652335,5,15627,1921
PWCG,0.26820672,0.0023394998,5,15627,1921
KWCA,0.26779282,0.15466604,5,15627,1921
RICA,0.26748276,0.26710594,5,15627,1921
WIFG,0.26690638,0.5167892,5,15627,1921
VICG,0.26615036,0.24326336,5,15627,1921
VWGM,0.26556563,0.504667,5,15627,1921
HWCA,0.26394093,0.27983946,5,15627,1921
WRFG,0.26205146,0.55333173,5,15627,1921
SWCA,0.2606722,0.15964505,5,15627,1921
WMCA,0.25975907,0.23291783,5,15627,1921
WYCA,0.2568817,0.6097229,5,15627,1921
VWCA,0.25685668,0.5406935,5,15627,1921
AVCA,0.25574946,0.3931133,5,15627,1921
AYCA,0.25553977,0.6552726,5,15627,1921
LDLG,0.2552185,0.321783,5,15627,1921
AFCA,0.25463963,0.4055133,5,15627,1921
DWCA,0.25426424,0.0049054027,5,15627,1921
AMCA,0.25408405,0.17766806,5,15627,1921
WCFG,0.2530005,0.47368187,5,15627,1921
ALCA,0.25193256,0.20144004,5,15627,1921
LKCA,0.25137997,0.478155,5,15627,1921
IWCA,0.2511257,0.6060298,5,15627,1921
WCCA,0.25021684,0.29627952,5,15627,1921
WSCA,0.24999844,0.4865565,5,15627,1921
ASCA,0.2496575,0.5193606,5,15627,1921
WMFG,0.24929772,0.24620052,5,15627,1921
WFCA,0.24871121,0.49450403,5,15627,1921
WPCA,0.24748765,0.09288449,5,15627,1921
WAFT,0.24633883,0.40730554,5,15627,1921
ANCA,0.24574707,0.7623123,5,15627,1921
WGCA,0.24568187,0.29672393,5,15627,1921
LVFG,0.24474888,0.39763668,5,15627,1921
YHGM,0.24406193,0.22397652,5,15627,1921
LECG,0.24376981,0.12922409,5,15627,1921
APCA,0.24310909,0.16478585,5,15627,1921
VALG,0.24293177,0.421197,5,15627,1921
WFFG,0.24036382,0.29846275,5,15627,1921
PWCA,0.24031757,0.0047114263,5,15627,1921
WNCA,0.23988472,0.46698457,5,15627,1921
WACA,0.23872517,0.46219492,5,15627,1921
AGCA,0.23791777,0.12223606,5,15627,1921
CWGG,0.23770796,0.02344123,5,15627,1921
YLCA,0.23746632,0.26523176,5,15627,1921
NICA,0.23738275,0.23289742,5,15627,1921
YAFG,0.2370889,0.32503894,5,15627,1921
GICA,0.23657666,0.026985066,5,15627,1921
AHCA,0.23516701,1.0,5,15627,1921
KWMA,0.23433743,0.004778776,5,15627,1921
ARCA,0.2334144,0.44495007,5,15627,1921
LWHG,0.23102604,0.0012760907,5,15627,1921
LVFV,0.22994982,0.19234137,5,15627,1921
YYFV,0.2295206,0.13108237,5,15627,1921
ATCA,0.22901611,0.28602034,5,15627,1921
AECA,0.22795294,0.15206748,5,15627,1921
LMFG,0.22743808,0.16296315,5,15627,1921
NWCA,0.22723816,0.04972627,5,15627,1921
QWMA,0.2267041,0.031800646,5,15627,1921
YDCG,0.22592418,0.10958912,5,15627,1921
YQFV,0.22509979,0.15250099,5,15627,1921
YCCG,0.22450225,0.09657821,5,15627,1921
AACA,0.22368811,0.37746394,5,15627,1921
GWCA,0.22357725,0.009943807,5,15627,1921
HACG,0.22329752,0.13320376,5,15627,1921
YMFV,0.22240411,0.10911775,5,15627,1921
KICG,0.22122334,0.14363563,5,15627,1921
YMCG,0.22080551,0.1303023,5,15627,1921
YACG,0.22056751,0.20419729,5,15627,1921
LFCA,0.21775995,0.44891864,5,15627,1921
LDFG,0.21706949,0.17495027,5,15627,1921
LGCA,0.21337114,0.4184761,5,15627,1921
CVFV,0.21266995,0.09944508,5,15627,1921
LDCA,0.21260987,0.42000845,5,15627,1921
YFCG,0.21246217,0.22759652,5,15627,1921
LACA,0.21068309,0.54882914,5,15627,1921
LPCA,0.21054576,0.35674572,5,15627,1921
YVFG,0.20965181,0.45346868,5,15627,1921
KWLG,0.20952426,0.21296383,5,15627,1921
YNFV,0.20872347,0.20530367,5,15627,1921
WRFT,0.20808874,0.48417148,5,15627,1921
TICG,0.20694648,0.15928017,5,15627,1921
LYLG,0.20691691,0.3776175,5,15627,1921
HKCG,0.2068715,0.16736421,5,15627,1921
MWMA,0.20670103,0.3115788,5,15627,1921
YGCG,0.2064266,0.035560396,5,15627,1921
VDCG,0.20621084,0.19354042,5,15627,1921
VMCG,0.20319776,0.09829053,5,15627,1921
FKCA,0.20245562,0.3253723,5,15627,1921
YCFG,0.20227431,0.33918005,5,15627,1921
VFCG,0.20164685,0.3582301,5,15627,1921
VRCG,0.20164584,0.2744025,5,15627,1921
YFCA,0.20109306,0.39227122,5,15627,1921
YPCA,0.20071445,0.061962232,5,15627,1921
HMCG,0.199463,0.07548182,5,15627,1921
SVFV,0.19901656,0.0030660585,5,15627,1921
HCCG,0.19853918,0.039346132,5,15627,1921
YWMT,0.19819127,0.078506894,5,15627,1921
YYCG,0.19761704,0.3494215,5,15627,1921
YQFG,0.19535623,0.27812558,5,15627,1921
VLCG,0.1932544,0.15595011,5,15627,1921
VNCG,0.19316767,0.42334363,5,15627,1921
CMCG,0.19300322,0.005857761,5,15627,1921
LAFV,0.19259404,0.10841695,5,15627,1921
LTCA,0.19219385,0.27447864,5,15627,1921
VKCA,0.1904758,0.40321496,5,15627,1921
CFCG,0.18975691,0.012171409,5,15627,1921
KKCG,0.18919085,0.08618746,5,15627,1921
HQCG,0.18845968,0.10922916,5,15627,1921
MKCA,0.18799137,0.39733562,5,15627,1921
GWMA,0.18748508,0.0056371,5,15627,1921
YACA,0.18713139,0.44731057,5,15627,1921
FVCA,0.18691383,0.3574214,5,15627,1921
EMCA,0.18689261,0.2043787,5,15627,1921
ARCG,0.18573998,0.32853082,5,15627,1921
CMCA,0.18549858,0.02877815,5,15627,1921
VSLG,0.1847087,0.40778187,5,15627,1921
MMCA,0.18411373,0.20506835,5,15627,1921
CKCG,0.18343584,0.019687548,5,15627,1921
CNCG,0.18069653,0.016985508,5,15627,1921
GWLG,0.18062495,0.016296213,5,15627,1921
HGCG,0.17998277,0.008141928,5,15627,1921
TILG,0.17962979,0.095669165,5,15627,1921
DICG,0.17927955,0.010634089,5,15627,1921
KMCG,0.17842458,0.02486638,5,15627,1921
VWAG,0.17836617,0.48868126,5,15627,1921
WLFT,0.17834531,0.19829296,5,15627,1921
SVCA,0.17811547,0.2568827,5,15627,1921
YCGM,0.1771274,0.1397893,5,15627,1921
KHCG,0.17631237,0.1309244,5,15627,1921
MVCA,0.17570971,0.3305343,5,15627,1921
SCCA,0.17547904,0.0966277,5,15627,1921
VLLG,0.17536007,0.18072034,5,15627,1921
NWLG,0.17505167,0.051133312,5,15627,1921
CFLG,0.17393146,0.15740725,5,15627,1921
IYCA,0.17376874,0.51177466,5,15627,1921
CVFG,0.17264621,0.40819383,5,15627,1921
SGCA,0.17204867,0.0342878,5,15627,1921
WEFG,0.1719576,0.24759132,5,15627,1921
ILCA,0.17191337,0.23297028,5,15627,1921
TWFG,0.17123352,0.17324515,5,15627,1921
VQLG,0.17098211,0.18182491,5,15627,1921
GICG,0.17057846,0.012288281,5,15627,1921
FACA,0.16907941,0.40715694,5,15627,1921
WSFT,0.16824459,0.3863292,5,15627,1921
LAMG,0.16809581,0.25129655,5,15627,1921
WWAG,0.16760169,0.14581428,5,15627,1921
VYLG,0.16760169,0.22893068,5,15627,1921
VQCA,0.16739534,0.338886,5,15627,1921
IDCA,0.16733204,0.4166363,5,15627,1921
LHMG,0.166921,0.21397637,5,15627,1921
WDFT,0.16683815,0.17283219,5,15627,1921
WWFT,0.16657458,0.46375686,5,15627,1921
CPCA,0.16368304,0.046867803,5,15627,1921
MPCA,0.16351031,0.3738386,5,15627,1921
YEFV,0.1624025,0.09199454,5,15627,1921
KGCG,0.16226266,0.005266406,5,15627,1921
CWHG,0.16151367,0.0027648632,5,15627,1921
TCCG,0.16125701,0.030966468,5,15627,1921
GKCA,0.16078268,0.0057441755,5,15627,1921
WNFT,0.15515421,0.32350582,5,15627,1921
AYCG,0.15510999,0.16614018,5,15627,1921
CAFV,0.15460585,0.07917346,5,15627,1921
RPCA,0.1544367,0.016937146,5,15627,1921
WLFK,0.15280722,0.0006417477,5,15627,1921
YFLG,0.1493138,0.3317526,5,15627,1921
KECG,0.14808802,0.028306933,5,15627,1921
WYGV,0.14779471,0.038509663,5,15627,1921
VWHG,0.14594446,0.00086401973,5,15627,1921
DCCG,0.14508162,0.0021268178,5,15627,1921
GVCA,0.14303933,0.011008251,5,15627,1921
DAFV,0.14294599,0.0007275955,5,15627,1921
GDCG,0.14201091,0.0015360351,5,15627,1921
WLFY,0.13991438,0.00058004126,5,15627,1921
WLFC,0.1398618,0.13050672,5,15627,1921
HFLG,0.13742541,0.180383,5,15627,1921
LEFG,0.1366909,0.15121794,5,15627,1921
NMCG,0.13636373,0.010178342,5,15627,1921
GGCA,0.13594626,0.000993364,5,15627,1921
DLFV,0.13162433,0.0008595429,5,15627,1921
GVCG,0.13158415,0.0052715293,5,15627,1921
DHGA,0.13046335,0.0030720702,5,15627,1921
YLFD,0.12864326,0.0055297264,5,15627,1921
YWMF,0.12693034,0.0012760907,5,15627,1921
SGFV,0.12648426,0.00012324797,5,15627,1921
NACA,0.12588249,0.11066365,5,15627,1921
KDLG,0.12493257,0.07872795,5,15627,1921
WWEG,0.12433313,0.0002477476,5,15627,1921
YWCD,0.1242082,0.012154792,5,15627,1921
WWCC,0.121867284,0.2684888,5,15627,1921
TIFG,0.119060144,0.1092674,5,15627,1921
YICV,0.11870991,0.16131547,5,15627,1921
DHGD,0.114953145,0.0019982294,5,15627,1921
KFLG,0.11430822,0.03605165,5,15627,1921
WWCD,0.11391626,0.006556055,5,15627,1921
WRFS,0.1136006,0.06857956,5,15627,1921
SNFV,0.1112269,0.00077956676,5,15627,1921
NHLG,0.11022894,0.028850747,5,15627,1921
YRFD,0.10020362,0.005924707,5,15627,1921
NDLG,0.09458254,0.011949833,5,15627,1921
LVFL,0.08724956,0.0018652332,5,15627,1921
DLMA,0.08459006,0.000115684634,5,15627,1921
EICD,0.07970129,0.006524516,5,15627,1921
YRFS,0.07902084,0.026721863,5,15627,1921
YHQV,0.073974594,0.0002032988,5,15627,1921
YRMS,0.073768005,0.045933742,5,15627,1921
VIRA,0.06576644,0.00054301735,5,15627,1921
NWYM,0.065665945,0.0,5,15627,1921
VIVA,0.06380533,0.0023712583,5,15627,1921
WAYT,0.061140522,0.03351408,5,15627,1921
YPQV,0.060924515,0.0,5,15627,1921
YGQG,0.0581467,0.0,5,15627,1921
YFFD,0.05678056,0.0052793818,5,15627,1921
MHYG,0.05608563,0.14210111,5,15627,1921
CELE,0.05601971,0.00051922316,5,15627,1921
PWGV,0.051622495,0.0066405013,5,15627,1921
CIKT,0.047648534,0.0030720702,5,15627,1921
YYMR,0.047476456,0.00046081058,5,15627,1921
YHKV,0.046930477,0.00027106507,5,15627,1921
CIMM,0.043833777,0.0034012208,5,15627,1921
LFFN,0.03911464,0.0051683616,5,15627,1921
LKSA,0.03870724,0.14628276,5,15627,1921
ANVA,0.037210032,0.0016028193,5,15627,1921
WQTT,0.037162945,0.00027927916,5,15627,1921
IIAM,0.03397785,0.2114841,5,15627,1921
RQFE,0.033189163,0.00043200987,5,15627,1921
VQCS,0.031825766,0.020267854,5,15627,1921
VWCR,0.03163992,0.000818545,5,15627,1921
DVGN,0.030474648,0.00070893933,5,15627,1921
IIAN,0.029370472,0.0023189175,5,15627,1921
WLTT,0.028783843,0.00025683822,5,15627,1921
KCLD,0.028190777,0.0028963687,5,15627,1921
VKTT,0.025786206,0.0008092282,5,15627,1921
FIFH,0.025756046,0.0011627929,5,15627,1921
SDLD,0.025457785,0.0010668522,5,15627,1921
GNGL,0.022935376,0.0044538225,5,15627,1921
QPCQ,0.022328839,0.00089477777,5,15627,1921
DPVM,0.02208887,0.0007372969,5,15627,1921
YKQL,0.019083604,0.00021105824,5,15627,1921
DCFE,0.01772724,0.0,5,15627,1921
RTQA,0.016970322,0.00013815684,5,15627,1921
AILK,0.015809283,0.0,5,15627,1921
EFHG,0.01545243,0.0,5,15627,1921
FYWS,0.01480864,0.00064299145,5,15627,1921
VEKM,0.014415726,0.0018432421,5,15627,1921
NCQK,0.014076039,0.00256115,5,15627,1921
VAQN,0.01333271,0.0,5,15627,1921
IDCE,0.012939736,0.00089189137,5,15627,1921
WWHI,0.011801824,0.000524974,5,15627,1921
EEIG,0.011651501,0.0012379985,5,15627,1921
DYHD,0.011441514,0.0505745,5,15627,1921
FMQQ,0.010994419,0.0,5,15627,1921
HSKD,0.01077722,0.0,5,15627,1921
HQIP,0.009600207,0.00029623532,5,15627,1921
IEYA,0.008359894,0.008731147,5,15627,1921
DCEA,0.00795953,0.0,5,15627,1921
LIPF,0.0077549666,0.00020255413,5,15627,1921
WTHM,0.007561967,0.00020906341,5,15627,1921
HFML,0.0065829605,0.0010550136,5,15627,1921
HWYQ,0.0065591186,0.000829459,5,15627,1921
VPDG,0.0055308193,0.0,5,15627,1921
FKHQ,0.004651472,0.0,5,15627,1921
PYDI,0.0044839233,0.0005027024,5,15627,1921
PMHD,0.003909096,0.05330108,5,15627,1921
HNVL,0.003079936,0.00037997312,5,15627,1921
TAQK,0.0030584186,0.0020778154,5,15627,1921
DIQH,0.0023218244,0.0,5,15627,1921
IVDE,0.0020168275,0.00032432415,5,15627,1921
YLNY,0.0018188208,0.00036620707,5,15627,1921
GVRD,0.00137721,0.0,5,15627,1921
GRSG,0.00092218816,0.00011866362,5,15627,1921
AKMI,0.00041411817,0.0,5,15627,1921
RYRL,0.000371024,0.00020181481,5,15627,1921
VIEQ,0.0003452748,8.6672786e-05,5,15627,1921
HDWR,8.98093e-05,0.0003822392,5,15627,1921
RAPH,-2.2247434e-05,0.00024686282,5,15627,1921
MCKE,-0.00019331276,0.0008731147,5,15627,1921
TDDI,-0.000275746,0.0,5,15627,1921
ITRD,-0.0005208403,0.001262467,5,15627,1921
QDTP,-0.0008393675,0.00021770572,5,15627,1921
QKHQ,-0.0011836439,0.0,5,15627,1921
LGPF,-0.0013778955,0.00036742364,5,15627,1921
WVEF,-0.0014546067,0.00029350995,5,15627,1921
TFLE,-0.0016229898,0.00041266615,5,15627,1921
NCIH,-0.0017618686,0.0,5,15627,1921
KLNH,-0.0021284968,0.00016263903,5,15627,1921
CHTY,-0.0023529083,0.0,5,15627,1921
KSRL,-0.0024784356,0.00018405152,5,15627,1921
QLYY,-0.0025785714,0.00025482613,5,15627,1921
MYQF,-0.002578929,0.0,5,15627,1921
QLKY,-0.0030455142,0.0001035529,5,15627,1921
GYMC,-0.003105536,0.0,5,15627,1921
MNFY,-0.0033915192,0.0007362062,5,15627,1921
MPSS,-0.0035063773,0.0007132424,5,15627,1921
KDNC,-0.0035874993,0.00024042286,5,15627,1921
TMET,-0.004037097,0.0,5,15627,1921
GPLC,-0.004295185,0.00013041809,5,15627,1921
NGRN,-0.0059027225,0.0005376123,5,15627,1921
SQYH,-0.0061286837,0.0,5,15627,1921
NISW,-0.0063571483,0.00031963733,5,15627,1921
QKKV,-0.006533757,0.00017067052,5,15627,1921
IIQI,-0.0067001134,0.00055297266,5,15627,1921
SPPH,-0.0080409795,0.000470615,5,15627,1921
VLMM,-0.008052602,0.00060456194,5,15627,1921
QDYK,-0.008084372,0.0001536035,5,15627,1921
QMTK,-0.008196607,0.00033046168,5,15627,1921
QMLF,-0.008662358,0.00036379782,5,15627,1921
EIGP,-0.008703008,0.00042385873,5,15627,1921
RSQC,-0.00957419,0.00044120156,5,15627,1921
RQEL,-0.010084346,0.00036433045,5,15627,1921
TNTL,-0.010235444,0.0002835757,5,15627,1921
MRER,-0.010345951,0.00021770572,5,15627,1921
PQCF,-0.0106155425,0.0020736475,5,15627,1921
IEPV,-0.011394754,0.0,5,15627,1921
RYIE,-0.011485472,0.00065440557,5,15627,1921
ESRC,-0.012118533,0.00086401973,5,15627,1921
SSYR,-0.012696102,0.00036810304,5,15627,1921
VNWE,-0.015005603,0.0,5,15627,1921
DIIS,-0.015541151,0.00020633308,5,15627,1921
GRSY,-0.015861169,0.00015417456,5,15627,1921
AKIN,-0.016280964,0.0018432421,5,15627,1921
SGHE,-0.017426208,0.00019608955,5,15627,1921
EHQF,-0.019052401,0.0,5,15627,1921
PFVY,-0.023839846,0.00026296254,5,15627,1921
WNVF,-0.024124995,0.00035642806,5,15627,1921
PCCP,-0.028496757,0.0005368667,5,15627,1921
