{"run_id": "14:41:11-05/19/2022", "exp_name": "Adalead_mu=1_threshold=0.05", "encoder_name": "ESM_esm-1v", "model_name": "GPyTorch", "landscape_name": "GB1_combo", "rounds": 5, "expmt_queries_per_round": 384, "model_queries_per_round": 3072}
sequence,model_score,true_score,round,model_cost,measurement_cost
YCGT,,0.13043745,0,0,1
QCGT,,0.01841811,1,0,76
ECGT,,0.007933956,1,0,76
ICGT,,0.11420615,1,0,76
KCGT,,0.008327901,1,0,76
TCGT,,0.050088104,1,0,76
LCGT,,0.10949035,1,0,76
ACGT,,0.022711376,1,0,76
PCGT,,0.0015243542,1,0,76
GCGT,,0.002393821,1,0,76
HCGT,,0.07824672,1,0,76
VCGT,,0.070381805,1,0,76
FCGT,,0.21260844,1,0,76
SCGT,,0.029516235,1,0,76
RCGT,,0.008986848,1,0,76
DCGT,,0.0023576354,1,0,76
WCGT,,0.12033607,1,0,76
MCGT,,0.06961017,1,0,76
NCGT,,0.007918783,1,0,76
CCGT,,0.010437956,1,0,76
YQGT,,0.0816491,1,0,76
YEGT,,0.042958207,1,0,76
YYGT,,0.09735229,1,0,76
YIGT,,0.20352662,1,0,76
YKGT,,0.118199944,1,0,76
YTGT,,0.05971703,1,0,76
YLGT,,0.048363727,1,0,76
YAGT,,0.17148824,1,0,76
YPGT,,0.0021420415,1,0,76
YGGT,,0.004457674,1,0,76
YHGT,,0.17532764,1,0,76
YVGT,,0.2029052,1,0,76
YFGT,,0.06075309,1,0,76
YSGT,,0.14142326,1,0,76
YRGT,,0.1585129,1,0,76
YDGT,,0.041143797,1,0,76
YWGT,,0.0496584,1,0,76
YMGT,,0.05775539,1,0,76
YNGT,,0.12255017,1,0,76
YCQT,,0.0029275022,1,0,76
YCET,,0.00031780035,1,0,76
YCYT,,0.017280396,1,0,76
YCIT,,0.0017742438,1,0,76
YCKT,,0.0011331408,1,0,76
YCTT,,0.0011600825,1,0,76
YCLT,,0.21323875,1,0,76
YCAT,,0.09677021,1,0,76
YCPT,,0.002349742,1,0,76
YCHT,,0.0023576354,1,0,76
YCVT,,0.0033540963,1,0,76
YCFT,,0.15177155,1,0,76
YCST,,0.0024498787,1,0,76
YCRT,,0.0025853268,1,0,76
YCDT,,0.00042866098,1,0,76
YCWT,,0.013423611,1,0,76
YCMT,,0.034141872,1,0,76
YCNT,,0.0016962352,1,0,76
YCCT,,0.0139993075,1,0,76
YCGQ,,0.012316792,1,0,76
YCGE,,0.0013761763,1,0,76
YCGY,,0.020923289,1,0,76
YCGI,,0.029275022,1,0,76
YCGK,,0.0020259775,1,0,76
YCGL,,0.079325624,1,0,76
YCGA,,0.25844443,1,0,76
YCGP,,0.016189538,1,0,76
YCGG,,0.029864376,1,0,76
YCGH,,0.006719081,1,0,76
YCGV,,0.06927283,1,0,76
YCGF,,0.05648067,1,0,76
YCGS,,0.22927918,1,0,76
YCGR,,0.0020575726,1,0,76
YCGD,,0.0074535627,1,0,76
YCGW,,0.024156174,1,0,76
YCGM,,0.1397893,1,0,76
YCGN,,0.028816884,1,0,76
YCGC,,0.14817752,1,0,76
FIGA,0.35131484,0.32057732,2,3073,461
FVGA,0.35020062,0.2972862,2,3073,461
FCLA,0.3282731,0.19508305,2,3073,461
FAGA,0.32270044,0.45811656,2,3073,461
YILA,0.32184294,0.3476099,2,3073,461
FCGA,0.31520137,0.26031095,2,3073,461
YIGA,0.30731025,0.33922967,2,3073,461
YVGA,0.30664012,0.3115615,2,3073,461
FSGA,0.29773316,0.3547478,2,3073,461
YCLA,0.29335636,0.20307979,2,3073,461
YALA,0.2916537,0.23756984,2,3073,461
FCGS,0.28803056,0.26210904,2,3073,461
FCFA,0.2812701,0.15702337,2,3073,461
FNGA,0.27901673,0.3290134,2,3073,461
YHGA,0.27579603,0.3914665,2,3073,461
WVGA,0.27348307,0.14202873,2,3073,461
YAGA,0.2732698,0.35103017,2,3073,461
WCLA,0.27204695,0.34581652,2,3073,461
FYGA,0.26888818,0.54883146,2,3073,461
IVGA,0.26591495,0.19297394,2,3073,461
WALA,0.26567444,0.4432742,2,3073,461
IIGA,0.26482356,0.21085355,2,3073,461
YRGA,0.2631195,0.32267785,2,3073,461
FCAA,0.26170605,0.28021422,2,3073,461
ICLA,0.25187016,0.11141515,2,3073,461
YHFA,0.2517366,0.16971919,2,3073,461
YKLA,0.24889559,0.23853093,2,3073,461
YRFA,0.24713236,0.13901168,2,3073,461
FQGA,0.24511331,0.17800748,2,3073,461
IAGA,0.24420926,0.21258293,2,3073,461
YSGA,0.24292603,0.30956858,2,3073,461
YCFA,0.24276894,0.18514867,2,3073,461
HCLA,0.24055794,0.030433677,2,3073,461
LAGA,0.23996943,0.22384723,2,3073,461
FMGA,0.23562124,0.19973302,2,3073,461
HIGA,0.23542318,0.07371679,2,3073,461
WCGA,0.23490173,0.13183162,2,3073,461
LHGA,0.23488435,0.3339849,2,3073,461
IRGA,0.23460266,0.2550021,2,3073,461
MVGA,0.23222253,0.10809752,2,3073,461
FFGA,0.23180011,0.44614506,2,3073,461
YHAA,0.22896287,0.5488027,2,3073,461
FTGA,0.22807616,0.20716439,2,3073,461
YWLA,0.22723663,0.33744496,2,3073,461
FAGC,0.22667879,0.25688094,2,3073,461
VIGA,0.2261759,0.19467252,2,3073,461
YNGA,0.2253901,0.26745778,2,3073,461
ICGA,0.22478372,0.16526492,2,3073,461
YQLA,0.22467831,0.15671729,2,3073,461
INLA,0.22377446,0.10444058,2,3073,461
YKGA,0.22351977,0.25406408,2,3073,461
YAAA,0.2229856,0.39737582,2,3073,461
WSGA,0.22238612,0.16023555,2,3073,461
FLGA,0.22235769,0.15609229,2,3073,461
YSFA,0.2223512,0.20726296,2,3073,461
LCGA,0.22058976,0.15411678,2,3073,461
YLLA,0.21899483,0.10332289,2,3073,461
ISGA,0.21825087,0.20170619,2,3073,461
YSGS,0.21706852,0.24581917,2,3073,461
LSGA,0.21683353,0.21443644,2,3073,461
YNFA,0.21605542,0.07591479,2,3073,461
YYGA,0.21593267,0.32055324,2,3073,461
ICFA,0.21539992,0.18806456,2,3073,461
CVGA,0.21532708,0.058415294,2,3073,461
YYFA,0.2127741,0.07043568,2,3073,461
VAGA,0.21253252,0.1766889,2,3073,461
CCLA,0.2121475,0.017275102,2,3073,461
WNGA,0.21129456,0.09855191,2,3073,461
FEGA,0.20968029,0.10131105,2,3073,461
FDGA,0.2092807,0.17481071,2,3073,461
YCLC,0.20900902,0.107034616,2,3073,461
YCAA,0.20825967,0.33869573,2,3073,461
QHLA,0.20769447,0.04898687,2,3073,461
TCLA,0.20706835,0.0049817357,2,3073,461
HSGA,0.2070198,0.03204123,2,3073,461
WYGA,0.20431593,0.23046272,2,3073,461
FHRA,0.20409411,0.011259624,2,3073,461
FCFC,0.20305237,0.040551327,2,3073,461
YVGC,0.20209664,0.1904708,2,3073,461
HCFA,0.20171821,0.029198444,2,3073,461
GALA,0.20079252,0.0006224562,2,3073,461
YDLA,0.20010284,0.15738453,2,3073,461
YSAA,0.1993461,0.42666456,2,3073,461
WCAA,0.19925585,0.21913119,2,3073,461
TIGA,0.19881424,0.030185204,2,3073,461
ACLA,0.1982702,0.08545941,2,3073,461
ICGS,0.19791779,0.10700889,2,3073,461
YELA,0.19593725,0.08115405,2,3073,461
YCLM,0.19526985,0.0040345644,2,3073,461
YIMA,0.19501102,0.33682078,2,3073,461
YKGS,0.1949366,0.1863299,2,3073,461
CAGA,0.19456753,0.057168223,2,3073,461
SCLA,0.19448534,0.006053452,2,3073,461
LCGS,0.19287318,0.06415104,2,3073,461
AVGA,0.1927264,0.03554824,2,3073,461
AIGA,0.19272414,0.023196734,2,3073,461
YFFA,0.19256726,0.05053348,2,3073,461
YQGA,0.19220641,0.19497994,2,3073,461
SIGA,0.18938392,0.008622924,2,3073,461
HNGA,0.18921864,0.03380012,2,3073,461
AKLA,0.18906629,0.055297263,2,3073,461
FAVA,0.18790719,0.0014945206,2,3073,461
YNAA,0.1870372,0.39628544,2,3073,461
GCLA,0.18649864,0.0013766953,2,3073,461
LYGA,0.18560147,0.35147816,2,3073,461
FCYA,0.18543565,0.02220269,2,3073,461
ICAA,0.18509802,0.38316688,2,3073,461
HCGA,0.18413639,0.03582368,2,3073,461
FCTA,0.18406385,0.003584082,2,3073,461
YIWA,0.18339306,0.0027203483,2,3073,461
VCGA,0.18338656,0.14652069,2,3073,461
MCGA,0.18324342,0.08618254,2,3073,461
FCNA,0.1825597,0.0032354782,2,3073,461
TCFA,0.18246683,0.030966468,2,3073,461
YFGA,0.18246308,0.24566941,2,3073,461
YMGA,0.18171886,0.1512054,2,3073,461
FCHA,0.18158722,0.0025600586,2,3073,461
WQGA,0.17951009,0.089851595,2,3073,461
THGA,0.17768142,0.11185128,2,3073,461
TAGA,0.17738363,0.03613725,2,3073,461
YIYA,0.17725974,0.011881439,2,3073,461
YHGC,0.17721072,0.26365492,2,3073,461
FCDA,0.17665607,0.0011520264,2,3073,461
MNGA,0.17641878,0.15703689,2,3073,461
YISA,0.17557424,0.14822482,2,3073,461
YMFA,0.17555207,0.04900248,2,3073,461
FCVA,0.17469245,0.0065111113,2,3073,461
YCAS,0.17445692,0.057996035,2,3073,461
YLGA,0.17313835,0.15023611,2,3073,461
FCPA,0.17309469,0.0055297264,2,3073,461
YIPA,0.17290908,0.0006752237,2,3073,461
YIHA,0.17289045,0.0006877769,2,3073,461
CSGA,0.17278215,0.054188877,2,3073,461
YVNA,0.17275831,0.0041045393,2,3073,461
RIGA,0.17263076,0.0063373586,2,3073,461
YHSA,0.17252013,0.1409492,2,3073,461
KAFA,0.17231888,0.023589054,2,3073,461
FCWA,0.17220551,0.0028117255,2,3073,461
YGLA,0.17217556,0.016717516,2,3073,461
LCLC,0.17174122,0.08786364,2,3073,461
NCLA,0.17127398,0.0027218862,2,3073,461
YVQA,0.17093763,0.0006725343,2,3073,461
YTGA,0.17064929,0.16081937,2,3073,461
ECLA,0.17045984,0.21773298,2,3073,461
FCKA,0.17039865,0.0025920593,2,3073,461
YAMA,0.16968322,0.21022835,2,3073,461
YVRA,0.16964498,0.027640238,2,3073,461
AHGA,0.16894332,0.12441885,2,3073,461
YWGA,0.1687296,0.19758,2,3073,461
RVGA,0.16859278,0.009193326,2,3073,461
FPGA,0.1685833,0.16412415,2,3073,461
GIGA,0.16849414,0.00074542884,2,3073,461
YINA,0.16806582,0.0058290563,2,3073,461
IQGA,0.16780758,0.12812889,2,3073,461
YVHA,0.16727042,0.00078564417,2,3073,461
NIGA,0.16690794,0.0019897511,2,3073,461
YIVA,0.16674191,0.0015907758,2,3073,461
AAGA,0.16665065,0.0212302,2,3073,461
YVYA,0.16607225,0.011959366,2,3073,461
SVGS,0.16601849,0.05224638,2,3073,461
FCAT,0.16546842,0.023534253,2,3073,461
LQGA,0.16511366,0.10344231,2,3073,461
EIGA,0.16479725,0.014832517,2,3073,461
ACFA,0.16456068,0.110594526,2,3073,461
YAGM,0.16455147,0.18132359,2,3073,461
SAGA,0.16403767,0.012343494,2,3073,461
YRTA,0.16367683,0.0025014374,2,3073,461
YRFC,0.16347817,0.06807284,2,3073,461
KIGA,0.16344315,0.0064014713,2,3073,461
WMGA,0.16333336,0.063127756,2,3073,461
SHGA,0.16302931,0.048365414,2,3073,461
YVDA,0.1624448,0.0003398156,2,3073,461
YRCA,0.16242549,0.48062128,2,3073,461
DCLA,0.1617774,0.0026083614,2,3073,461
YQGS,0.16159573,0.14461097,2,3073,461
YVKA,0.1608977,0.0026104427,2,3073,461
YHNA,0.16041604,0.0030720702,2,3073,461
NVGA,0.16008794,0.0025841163,2,3073,461
YIKA,0.15998039,0.0033640922,2,3073,461
VCGS,0.1597805,0.07628766,2,3073,461
YHQA,0.15972719,0.00074726035,2,3073,461
YIDA,0.15960708,0.00022442068,2,3073,461
YASA,0.15943688,0.034449685,2,3073,461
YCFC,0.15901655,0.058193788,2,3073,461
YIEA,0.15892327,0.0003679476,2,3073,461
IMGA,0.15886733,0.09801676,2,3073,461
YVTA,0.1583764,0.0049909665,2,3073,461
MCAA,0.1578376,0.21449828,2,3073,461
VYGA,0.15775937,0.24270917,2,3073,461
EVGA,0.1576541,0.024101542,2,3073,461
MCGS,0.15759394,0.057087123,2,3073,461
YRQA,0.15752643,0.0005112228,2,3073,461
YHYA,0.15741166,0.017503368,2,3073,461
MYGA,0.15736848,0.13940352,2,3073,461
YRNA,0.15651932,0.002960864,2,3073,461
YHEA,0.15617004,0.00040540515,2,3073,461
KVGA,0.15608072,0.0094553,2,3073,461
WLGA,0.15573624,0.030575847,2,3073,461
YVVA,0.15561545,0.0014260928,2,3073,461
YEGA,0.15544191,0.11002361,2,3073,461
ITGA,0.15499547,0.067537405,2,3073,461
LFGA,0.15441212,0.24953867,2,3073,461
LTGA,0.15405086,0.082398504,2,3073,461
YRWA,0.15337154,0.0020945934,2,3073,461
YREA,0.1532203,0.00012874797,2,3073,461
WTGA,0.15320519,0.060719796,2,3073,461
LWGA,0.15294349,0.27711523,2,3073,461
QHGA,0.15265107,0.059544735,2,3073,461
YHKA,0.15218112,0.0010752246,2,3073,461
HWFA,0.15197939,0.045620244,2,3073,461
LMGA,0.15193838,0.09997197,2,3073,461
GCFA,0.15186587,0.02231053,2,3073,461
RAGA,0.1518563,0.0072166654,2,3073,461
TCGA,0.15176213,0.0350216,2,3073,461
SSGA,0.1516963,0.013890424,2,3073,461
YAFM,0.15164533,0.0026658461,2,3073,461
YARA,0.15163785,0.004876119,2,3073,461
VCAA,0.1511712,0.41170102,2,3073,461
RCFA,0.15114132,0.023828395,2,3073,461
YANA,0.15100536,0.00067766255,2,3073,461
YAQA,0.15094498,0.00030383116,2,3073,461
YFGS,0.15090805,0.23983146,2,3073,461
QSGA,0.15028942,0.03522961,2,3073,461
YDGA,0.14980623,0.11010661,2,3073,461
YFAA,0.14977166,0.5650018,2,3073,461
YAYA,0.14935687,0.016286181,2,3073,461
QRGA,0.14919063,0.04694785,2,3073,461
RHGA,0.14894205,0.026427325,2,3073,461
NCFA,0.14834651,0.0034308522,2,3073,461
YMAA,0.14808229,0.21906428,2,3073,461
MIWA,0.14762574,0.0037399116,2,3073,461
RSGA,0.14726731,0.011332576,2,3073,461
YCMA,0.14651063,0.20764688,2,3073,461
YRHA,0.14627472,0.0003089233,2,3073,461
YAHA,0.14580402,0.0005517465,2,3073,461
VNAA,0.14578372,0.54470915,2,3073,461
KIGS,0.14563039,0.0028244413,2,3073,461
ILGA,0.14544553,0.07245673,2,3073,461
FCGV,0.14488727,0.11602551,2,3073,461
PCLA,0.14464897,0.0022861918,2,3073,461
KAGA,0.14425677,0.007466892,2,3073,461
NRGA,0.14423406,0.0022172334,2,3073,461
YCFM,0.14306882,0.004536104,2,3073,461
YTGS,0.14294288,0.13738205,2,3073,461
YAKA,0.14242429,9.945549e-05,2,3073,461
YAVA,0.14236033,0.0010140473,2,3073,461
HTGA,0.14217395,0.014999582,2,3073,461
YIGL,0.14216602,0.071242586,2,3073,461
WDGA,0.14212224,0.032344107,2,3073,461
KSGA,0.1416448,0.011707497,2,3073,461
TNGA,0.1413801,0.06646479,2,3073,461
DCFA,0.14090887,0.0035943224,2,3073,461
AFLA,0.14048338,0.03194953,2,3073,461
YCLL,0.14011732,0.004865063,2,3073,461
YSQA,0.1398803,0.00018401752,2,3073,461
YLGS,0.13973889,0.1089335,2,3073,461
WCYA,0.13951477,0.051982004,2,3073,461
KRGA,0.13932681,0.020618197,2,3073,461
YAEA,0.13864657,0.0003886354,2,3073,461
EAGA,0.13859224,0.02205343,2,3073,461
FVGK,0.13853416,0.0007843584,2,3073,461
SKGA,0.13803482,0.01127988,2,3073,461
YADA,0.13741761,0.00019233834,2,3073,461
CYGA,0.13655642,0.06962581,2,3073,461
YLAA,0.13653353,0.2789058,2,3073,461
YRVA,0.13653049,0.0014499283,2,3073,461
YAIA,0.13622206,0.00031538366,2,3073,461
FMCA,0.13567805,0.17610191,2,3073,461
YKSA,0.13556871,0.06861723,2,3073,461
YNSA,0.13536152,0.08864775,2,3073,461
YVGV,0.13470611,0.07429394,2,3073,461
IFGS,0.13444006,0.0824419,2,3073,461
IDGA,0.13441545,0.15249005,2,3073,461
SLLA,0.1343731,0.0004161353,2,3073,461
YCLV,0.13400576,0.06787775,2,3073,461
YCCA,0.1338197,0.25935325,2,3073,461
LDGA,0.13363573,0.12268341,2,3073,461
RWLA,0.1335023,0.0033529883,2,3073,461
MTGA,0.13338417,0.03728218,2,3073,461
EHGA,0.13331196,0.04673353,2,3073,461
YSKA,0.13311642,0.00089731877,2,3073,461
IEGA,0.13310012,0.06183376,2,3073,461
YCYA,0.13305005,0.018908096,2,3073,461
SCGA,0.13196057,0.012357805,2,3073,461
ACGA,0.13192832,0.043447852,2,3073,461
YRIA,0.1317533,0.0009271397,2,3073,461
YIFL,0.13106126,0.0017300055,2,3073,461
YSPA,0.13091663,0.0005575872,2,3073,461
WCGM,0.13040724,0.11176509,2,3073,461
WCCA,0.13023224,0.29627952,2,3073,461
YCWA,0.13007715,0.005335701,2,3073,461
NKGA,0.12986547,0.0023687733,2,3073,461
YKCA,0.12974676,0.37918124,2,3073,461
DAGA,0.12961829,0.0030413496,2,3073,461
YSHA,0.12947845,0.00027465526,2,3073,461
NSGS,0.12941363,0.0029560192,2,3073,461
QNGA,0.12909147,0.030827794,2,3073,461
CCGA,0.12901473,0.01771319,2,3073,461
YSDA,0.12854436,0.00038472126,2,3073,461
ICGC,0.12844902,0.17890291,2,3073,461
VWGA,0.12802213,0.20311752,2,3073,461
YNQA,0.12744719,0.00021600493,2,3073,461
YVLK,0.12730041,0.0007768708,2,3073,461
HMGA,0.12723029,0.0146702295,2,3073,461
YKGC,0.12681589,0.13150823,2,3073,461
HEGA,0.12655056,0.008197845,2,3073,461
CQGA,0.126198,0.02540685,2,3073,461
YKQA,0.1261819,0.00024395848,2,3073,461
HWGA,0.12613708,0.025709637,2,3073,461
LCGC,0.12600535,0.11478372,2,3073,461
WCSA,0.1257573,0.02469296,2,3073,461
VFGA,0.12522781,0.172305,2,3073,461
MWGA,0.12519604,0.10714094,2,3073,461
YGGA,0.12511852,0.0336221,2,3073,461
PCFA,0.12482241,0.0034560792,2,3073,461
VMGA,0.12450588,0.09482084,2,3073,461
YKFT,0.12440702,0.12884857,2,3073,461
YSYA,0.12434262,0.012117968,2,3073,461
YCLF,0.124035746,0.0017793673,2,3073,461
YDAA,0.12400475,0.1996325,2,3073,461
NNGA,0.12398708,0.0021294178,2,3073,461
QCGA,0.12361851,0.03194953,2,3073,461
WCQA,0.123618156,0.003488139,2,3073,461
ICGM,0.12316477,0.1669133,2,3073,461
YCSA,0.12309262,0.05296844,2,3073,461
PRGA,0.12302002,0.000764893,2,3073,461
WGGA,0.12226871,0.01788666,2,3073,461
YDGS,0.121792525,0.08433158,2,3073,461
YCVA,0.12178752,0.0050024423,2,3073,461
ICCA,0.12162936,0.2891831,2,3073,461
YEGS,0.121120125,0.07925388,2,3073,461
LCCA,0.12073919,0.28679046,2,3073,461
LCGM,0.12072599,0.16731575,2,3073,461
GNGA,0.12068117,0.00088354945,2,3073,461
ICYA,0.120660454,0.05219455,2,3073,461
WCNA,0.120604366,0.012522982,2,3073,461
MMGA,0.120479524,0.051192567,2,3073,461
HLGA,0.1199598,0.01247006,2,3073,461
ICWA,0.11964783,0.003271403,2,3073,461
YKGM,0.11959675,0.14144267,2,3073,461
YNHA,0.119164675,0.00046546524,2,3073,461
KKGA,0.118970215,0.016161283,2,3073,461
YNDA,0.11896077,0.0,2,3073,461
YCNA,0.11893162,0.0039187036,2,3073,461
YKFM,0.11852524,0.0023365042,2,3073,461
YCTA,0.11835459,0.0025751176,2,3073,461
WCPA,0.11795792,0.0072904355,2,3073,461
AYGA,0.117687255,0.026299918,2,3073,461
YCPA,0.11765376,0.0027822524,2,3073,461
YKKA,0.117495954,0.0014278636,2,3073,461
YCHA,0.11741197,0.0015951134,2,3073,461
YVGF,0.117236465,0.07005345,2,3073,461
THCA,0.11716601,0.5279572,2,3073,461
YCQA,0.11696839,0.0017127472,2,3073,461
YKPA,0.116669685,0.0004136953,2,3073,461
IGGA,0.11637437,0.016938886,2,3073,461
WCEA,0.11633104,0.0012034226,2,3073,461
YSVA,0.116309464,0.0009016624,2,3073,461
YCIA,0.11627525,0.0027977782,2,3073,461
MEGA,0.116064996,0.023552539,2,3073,461
YCMS,0.115376145,0.015104345,2,3073,461
YYGC,0.11522451,0.39647865,2,3073,461
KCGA,0.115044,0.010691918,2,3073,461
WCDA,0.11482075,0.0010539982,2,3073,461
YCDA,0.11454943,0.00076801755,2,3073,461
SYGA,0.11430332,0.01470672,2,3073,461
RCGA,0.114290506,0.011076109,2,3073,461
SCGS,0.11428684,0.030321945,2,3073,461
YCRA,0.114182055,0.008058024,2,3073,461
YPGA,0.114066005,0.06778256,2,3073,461
YKDA,0.11372623,6.4750864e-05,2,3073,461
YCAC,0.11370042,0.017714992,2,3073,461
LAIA,0.11352521,0.0005511355,2,3073,461
YCLN,0.11348608,0.004684272,2,3073,461
CCAA,0.113293916,0.07434568,2,3073,461
YPFA,0.11310479,0.0053503504,2,3073,461
YAGL,0.11282924,0.071146905,2,3073,461
ACGS,0.11269888,0.0175108,2,3073,461
YCEA,0.1126644,0.0010394224,2,3073,461
YCKA,0.11255807,0.002353075,2,3073,461
NCGA,0.1121656,0.0056139356,2,3073,461
ICSA,0.11155829,0.15530354,2,3073,461
YIMC,0.11051312,0.11398998,2,3073,461
YNVA,0.10968983,0.0010765204,2,3073,461
VHAA,0.6344123,0.51554304,3,6513,845
FFAA,0.5927527,0.6989,3,6513,845
IHAA,0.57870173,0.47544438,3,6513,845
LHAA,0.5577296,0.41312164,3,6513,845
VFAA,0.5564518,0.43311968,3,6513,845
FYAA,0.5502523,0.8115687,3,6513,845
LFAA,0.5501741,0.39387694,3,6513,845
FYGC,0.5487133,0.44035503,3,6513,845
IFAA,0.54148805,0.37927574,3,6513,845
VYAA,0.540849,0.5202131,3,6513,845
VWAA,0.51476383,0.61774945,3,6513,845
VRCA,0.5116228,0.48396897,3,6513,845
FHAA,0.5008625,0.57152176,3,6513,845
IWAA,0.49615693,0.60950506,3,6513,845
VRAA,0.4919387,0.5382238,3,6513,845
YHCA,0.4901744,0.46900564,3,6513,845
VSAA,0.48464525,0.54937875,3,6513,845
YYAA,0.4720199,0.70425415,3,6513,845
VNCA,0.46937037,0.54779893,3,6513,845
FHCA,0.4622029,0.3341878,3,6513,845
FYGM,0.46125507,0.2655634,3,6513,845
YIAA,0.4609921,0.4476192,3,6513,845
FYCA,0.45955002,0.56679696,3,6513,845
FYGS,0.45752525,0.5344631,3,6513,845
INAA,0.4519832,0.50351787,3,6513,845
IRAA,0.450768,0.554466,3,6513,845
VIAA,0.4427184,0.47236663,3,6513,845
YWAA,0.44091165,0.57216406,3,6513,845
VKAA,0.43966132,0.46569434,3,6513,845
MHAA,0.43832862,0.3197234,3,6513,845
VVAA,0.43760574,0.4542208,3,6513,845
FHGA,0.43245435,0.41840854,3,6513,845
WFAA,0.4319595,0.2207073,3,6513,845
WHAA,0.43165642,0.26855397,3,6513,845
AHCA,0.42995822,1.0,3,6513,845
YRAA,0.42740464,0.41951135,3,6513,845
LNAA,0.4227683,0.44525883,3,6513,845
YVAA,0.41858697,0.39461967,3,6513,845
THAA,0.40549123,0.219141,3,6513,845
VAAA,0.40478992,0.6255503,3,6513,845
MFAA,0.4013195,0.26132417,3,6513,845
VFCA,0.39804733,0.40762973,3,6513,845
AHAA,0.3931049,0.24730165,3,6513,845
FAAA,0.388839,0.40680578,3,6513,845
VQAA,0.38660133,0.35871273,3,6513,845
LNCA,0.38171124,0.57884896,3,6513,845
FIAA,0.38103175,0.4641554,3,6513,845
YVCA,0.3807161,0.41432545,3,6513,845
FSAA,0.38067508,0.4315467,3,6513,845
EHAA,0.37791336,0.13031293,3,6513,845
FNAA,0.37745702,0.39565933,3,6513,845
YKAA,0.37107873,0.32659346,3,6513,845
FWGA,0.3682561,0.49956912,3,6513,845
YYCA,0.36582792,0.46443248,3,6513,845
YNCA,0.36404133,0.4419662,3,6513,845
VTAA,0.3627224,0.27226463,3,6513,845
FYGV,0.35699642,0.41488224,3,6513,845
VDAA,0.35675788,0.41944376,3,6513,845
FYGL,0.35430753,0.25572252,3,6513,845
VHAC,0.35103774,0.33113557,3,6513,845
FYGF,0.3503673,0.28448987,3,6513,845
YFCA,0.3502767,0.39227122,3,6513,845
MNAA,0.35026002,0.34277028,3,6513,845
LKAA,0.35008067,0.39849457,3,6513,845
CHAA,0.34778225,0.38999736,3,6513,845
HHAA,0.3466041,0.33523968,3,6513,845
WYLA,0.3456602,0.34627616,3,6513,845
IVCA,0.3456012,0.36801228,3,6513,845
FRGA,0.3424871,0.36608645,3,6513,845
MNCA,0.33666724,0.5531759,3,6513,845
LCAA,0.33609903,0.29019013,3,6513,845
FYGT,0.33249545,0.44964066,3,6513,845
VHMA,0.33222342,0.20677826,3,6513,845
LFAM,0.33210742,0.019929072,3,6513,845
VLAA,0.3286252,0.27221254,3,6513,845
ENAA,0.32845187,0.1301329,3,6513,845
FYGI,0.32770276,0.10067709,3,6513,845
VFAM,0.3273952,0.09314082,3,6513,845
FYMA,0.32403922,0.21804717,3,6513,845
FYGG,0.32207394,0.1972708,3,6513,845
FYLA,0.3210951,0.15800682,3,6513,845
EFAA,0.320441,0.0014887725,3,6513,845
TNAA,0.32024598,0.2194753,3,6513,845
HFAA,0.31886148,0.07279321,3,6513,845
LHAM,0.3179195,0.022524102,3,6513,845
SHAA,0.3177302,0.100605346,3,6513,845
VMAA,0.3166728,0.29240346,3,6513,845
KHAA,0.31632984,0.04055792,3,6513,845
FYGW,0.31429434,0.23365805,3,6513,845
FYGY,0.31412196,0.04024801,3,6513,845
QHAA,0.31378782,0.124069355,3,6513,845
FFAM,0.3122629,0.03028782,3,6513,845
ESAA,0.3111602,0.15703005,3,6513,845
YFAC,0.31091714,0.028699603,3,6513,845
WYGC,0.31081963,0.226268,3,6513,845
MYCA,0.30950463,0.45494568,3,6513,845
CFAA,0.30884087,0.13336399,3,6513,845
IDAA,0.3064561,0.39657015,3,6513,845
ANAA,0.30376863,0.21417955,3,6513,845
FFMA,0.30313325,0.13382284,3,6513,845
YQAA,0.30122638,0.24502935,3,6513,845
FKAA,0.2986654,0.36509183,3,6513,845
EYCA,0.2982539,0.31187657,3,6513,845
VFAV,0.29816186,0.0339314,3,6513,845
VHAI,0.29737163,0.043235783,3,6513,845
ILAA,0.2963419,0.25153887,3,6513,845
TYCA,0.29551482,0.23872234,3,6513,845
VNAM,0.295393,0.23294252,3,6513,845
WDCA,0.29283816,0.33768412,3,6513,845
VEAA,0.29197073,0.20426314,3,6513,845
IHAT,0.2911253,0.053940564,3,6513,845
ITAA,0.29110909,0.23857263,3,6513,845
FYGP,0.28989458,0.0822477,3,6513,845
TSAA,0.28943348,0.20506069,3,6513,845
VNAT,0.28924263,0.04935725,3,6513,845
LFAV,0.2890048,0.043451697,3,6513,845
FAGT,0.28881872,0.34113532,3,6513,845
SNCA,0.288455,0.34473827,3,6513,845
AFAA,0.28755307,0.014665796,3,6513,845
YFAS,0.28744137,0.32760382,3,6513,845
WNLA,0.28652173,0.42393413,3,6513,845
IYGA,0.2860546,0.24565688,3,6513,845
FYGH,0.28602052,0.052061785,3,6513,845
FYGN,0.2844243,0.55430514,3,6513,845
NHAA,0.2839259,0.027880002,3,6513,845
YTAA,0.28081286,0.28315595,3,6513,845
WVAA,0.2797898,0.2713078,3,6513,845
FYGQ,0.27878976,0.03970814,3,6513,845
TFAA,0.27709115,0.010336723,3,6513,845
EYAA,0.27625644,0.0060105724,3,6513,845
VNAV,0.2762103,0.027106503,3,6513,845
YHLA,0.27425766,0.23299733,3,6513,845
VNAC,0.2741518,0.30014718,3,6513,845
YHMA,0.2738675,0.2602852,3,6513,845
RHAA,0.27332747,0.031350452,3,6513,845
VGAA,0.27184737,0.338183,3,6513,845
ASAA,0.27166086,0.16269037,3,6513,845
FYSA,0.27128875,0.13328294,3,6513,845
ARAA,0.27057672,0.20627743,3,6513,845
GHAA,0.26989245,0.016502324,3,6513,845
FYGR,0.26924682,0.0017499134,3,6513,845
SFAA,0.2689396,0.0022829147,3,6513,845
VRMA,0.2688923,0.16534394,3,6513,845
TFCA,0.26731682,0.12178564,3,6513,845
FKGA,0.26619673,0.2838864,3,6513,845
VNMA,0.2660541,0.20282109,3,6513,845
LYLA,0.26492584,0.21798688,3,6513,845
IMAA,0.2645849,0.27615374,3,6513,845
KNAA,0.26371002,0.033514418,3,6513,845
LDAA,0.26337874,0.31170952,3,6513,845
QFAA,0.2632208,0.0017926036,3,6513,845
WNAA,0.26233226,0.26053026,3,6513,845
PHAA,0.26227796,0.0012309322,3,6513,845
YFAV,0.26176214,0.008459072,3,6513,845
VYAL,0.26152337,0.14869304,3,6513,845
FHGT,0.26021183,0.3704039,3,6513,845
IHAI,0.26018298,0.0684932,3,6513,845
QNAA,0.25971854,0.13432261,3,6513,845
AYAA,0.25962436,0.07372969,3,6513,845
EWAA,0.25885832,0.004659882,3,6513,845
LFAT,0.25859857,0.017559813,3,6513,845
VFAI,0.2580397,0.032145698,3,6513,845
SNAA,0.25779998,0.07312092,3,6513,845
VPAA,0.25740695,0.22622813,3,6513,845
LYAI,0.25578856,0.059084747,3,6513,845
YHAV,0.2543218,0.009750147,3,6513,845
YFAM,0.25362742,0.026979715,3,6513,845
IHAF,0.2535355,0.019192982,3,6513,845
YSLA,0.25175762,0.234412,3,6513,845
DHAA,0.25167334,0.0017723483,3,6513,845
YHAC,0.2504524,0.08997262,3,6513,845
FYGD,0.2502662,0.03951247,3,6513,845
FYGE,0.24883677,0.001920044,3,6513,845
VNAS,0.2486675,0.17847957,3,6513,845
YHAT,0.24652614,0.29039842,3,6513,845
FYAL,0.24423935,0.03405647,3,6513,845
FWAC,0.24276818,0.31642324,3,6513,845
VFAG,0.24133314,0.33054772,3,6513,845
KFAA,0.24112262,0.0005692365,3,6513,845
FYGK,0.24100818,0.0010240235,3,6513,845
YFAT,0.24029197,0.32217538,3,6513,845
VSAM,0.24020423,0.22908866,3,6513,845
YFMA,0.23944356,0.12376595,3,6513,845
FFGV,0.2394215,0.36321434,3,6513,845
HNAA,0.2393867,0.22995953,3,6513,845
YRMA,0.23935284,0.27547088,3,6513,845
YHAS,0.23903705,0.22285885,3,6513,845
LHAI,0.23867966,0.034366082,3,6513,845
CNAA,0.23704328,0.35455114,3,6513,845
AKAA,0.2369615,0.19160017,3,6513,845
EIAA,0.23417963,0.17368859,3,6513,845
VHAW,0.23322822,0.0017499134,3,6513,845
RNAA,0.2330593,0.02495472,3,6513,845
WFAC,0.23282005,0.028067948,3,6513,845
NNAA,0.23279263,0.020822661,3,6513,845
SSAA,0.23247887,0.062032778,3,6513,845
GNCA,0.23174645,0.033153336,3,6513,845
YHAM,0.23040272,0.027776046,3,6513,845
YFLA,0.22977854,0.11751549,3,6513,845
HYCA,0.22946788,0.25001422,3,6513,845
KSAA,0.22942545,0.03729582,3,6513,845
VYAS,0.22871186,0.17271157,3,6513,845
FIGC,0.22843148,0.17767109,3,6513,845
YYMA,0.22823705,0.15923564,3,6513,845
VNAL,0.22777797,0.12312541,3,6513,845
ETAA,0.22756542,0.06635672,3,6513,845
YWAC,0.22751261,0.026022242,3,6513,845
VNAI,0.2273425,0.041140404,3,6513,845
NFAA,0.22684659,0.00071154564,3,6513,845
VNGA,0.22672047,0.27217352,3,6513,845
INAT,0.22510518,0.055273954,3,6513,845
PNAA,0.22439374,0.0013896193,3,6513,845
GFAA,0.22325064,0.0006029297,3,6513,845
KKAA,0.22243692,0.042078394,3,6513,845
VNLA,0.22240515,0.1453346,3,6513,845
PFAA,0.22208811,0.00031719267,3,6513,845
SYAA,0.22147073,0.005221006,3,6513,845
YFAG,0.22128154,0.23140354,3,6513,845
IHSA,0.22127475,0.24253106,3,6513,845
VNAF,0.22125937,0.03237939,3,6513,845
VWAS,0.22112693,0.18212801,3,6513,845
SKAA,0.22023202,0.051055714,3,6513,845
VNAG,0.21934433,0.3888049,3,6513,845
IWGA,0.21830083,0.23664995,3,6513,845
FNGC,0.21810354,0.14494586,3,6513,845
DFAA,0.21630038,0.000524974,3,6513,845
IEAA,0.21572317,0.2201405,3,6513,845
RFAA,0.21538629,0.0008402916,3,6513,845
VKAM,0.2139342,0.16016197,3,6513,845
KRAA,0.21345259,0.056940533,3,6513,845
QYAA,0.21333803,0.0061885025,3,6513,845
LVLA,0.2126924,0.31214324,3,6513,845
FNGT,0.21252276,0.27406293,3,6513,845
VFAY,0.21223415,0.0013495578,3,6513,845
DNAA,0.21162082,0.002101943,3,6513,845
TAAA,0.21070208,0.12946582,3,6513,845
FHGL,0.2082385,0.12450804,3,6513,845
TWAA,0.20781757,0.022398893,3,6513,845
YFAL,0.20647563,0.015140918,3,6513,845
FHAC,0.2062713,0.1844366,3,6513,845
GNAA,0.20625092,0.0041662324,3,6513,845
VNSA,0.20601965,0.2288316,3,6513,845
VCLA,0.205786,0.12928398,3,6513,845
RSAA,0.20461251,0.023379222,3,6513,845
TVAA,0.20326532,0.18495056,3,6513,845
TQAA,0.20270194,0.106908046,3,6513,845
LFAY,0.20257248,0.00059888733,3,6513,845
IHAW,0.20075072,0.0010240235,3,6513,845
FAGV,0.19999947,0.19354042,3,6513,845
FYCI,0.19996203,0.08168914,3,6513,845
LEAA,0.1992205,0.17273317,3,6513,845
YFAI,0.19890393,0.007586515,3,6513,845
YYAM,0.19837548,0.040216193,3,6513,845
VYAY,0.19811846,0.0013335353,3,6513,845
EDAA,0.19737948,0.06877733,3,6513,845
AAAA,0.19548072,0.16257396,3,6513,845
VFAW,0.19499685,0.0010346682,3,6513,845
VNAP,0.19454278,0.0015550412,3,6513,845
VNFA,0.1935754,0.17615204,3,6513,845
YFAF,0.19253935,0.002108794,3,6513,845
YPCA,0.19245674,0.061962232,3,6513,845
FFAN,0.19181634,0.000852601,3,6513,845
WHAV,0.19141008,0.010644498,3,6513,845
YHAG,0.1913277,0.27455285,3,6513,845
VNAN,0.19111528,0.0024534622,3,6513,845
IFGA,0.19066764,0.14844468,3,6513,845
VNAQ,0.19031538,0.00043886717,3,6513,845
YHAL,0.18972637,0.015322094,3,6513,845
NRAA,0.188249,0.02210392,3,6513,845
FDAA,0.18760301,0.24970852,3,6513,845
YEAA,0.18725742,0.117676936,3,6513,845
YHAI,0.1867087,0.01291139,3,6513,845
FMGS,0.18632998,0.17627956,3,6513,845
IHAK,0.18593945,0.00075749675,3,6513,845
LFAP,0.18538989,0.00086310547,3,6513,845
VNAY,0.1834035,0.0017733816,3,6513,845
GSAA,0.18331148,0.0013687442,3,6513,845
TTAA,0.18312241,0.07090921,3,6513,845
WFAT,0.18265177,0.018194802,3,6513,845
QAAA,0.18202521,0.08155443,3,6513,845
VDLA,0.18133993,0.08801481,3,6513,845
IHAR,0.18103792,0.00024642271,3,6513,845
VNAE,0.18009235,0.0014040321,3,6513,845
YHAF,0.17857398,0.0025920593,3,6513,845
YPAA,0.1784103,0.09491271,3,6513,845
VFAR,0.17825367,0.00031390358,3,6513,845
FFAE,0.17792954,0.0008200865,3,6513,845
LHAP,0.17682017,0.0006206202,3,6513,845
VNAK,0.17648591,0.00031300337,3,6513,845
IYGS,0.17610945,0.1398215,3,6513,845
VNAW,0.17578496,0.0030985537,3,6513,845
LFAH,0.17495884,0.0006074911,3,6513,845
YNAT,0.17493774,0.14021541,3,6513,845
KAAA,0.17434694,0.022446338,3,6513,845
YSAS,0.17433406,0.04236932,3,6513,845
GIAA,0.17428114,0.0023295118,3,6513,845
FWGW,0.17412175,0.18827403,3,6513,845
FAGL,0.1738161,0.07577345,3,6513,845
VNAH,0.1737857,0.00038400877,3,6513,845
FHSA,0.17355944,0.1529546,3,6513,845
FWGI,0.17299415,0.10389183,3,6513,845
LHAQ,0.1727369,0.00077230815,3,6513,845
VNAR,0.17230465,0.0003518384,3,6513,845
VNAD,0.17188539,0.0085983,3,6513,845
PWAA,0.17163791,0.0009078655,3,6513,845
FYTA,0.1715237,0.0010368237,3,6513,845
FYFA,0.1700721,0.07543268,3,6513,845
CAAA,0.1684859,0.33893123,3,6513,845
VYSA,0.16805889,0.03377284,3,6513,845
GKAA,0.16770114,0.0015659856,3,6513,845
WWGA,0.16757871,0.26311043,3,6513,845
YGAA,0.16664197,0.19749866,3,6513,845
FFGE,0.16653086,0.0019111958,3,6513,845
EMAA,0.16621412,0.034453347,3,6513,845
VQAM,0.16618563,0.134344,3,6513,845
FKMA,0.16609116,0.21038881,3,6513,845
KIAA,0.16587664,0.07980977,3,6513,845
EHAV,0.16492774,0.00064299145,3,6513,845
YFAP,0.16482987,0.011124893,3,6513,845
PVAA,0.16426827,0.0010058992,3,6513,845
YVAS,0.16371931,0.1465957,3,6513,845
VNCY,0.16327144,0.00027927916,3,6513,845
YFAN,0.16319276,0.0019270258,3,6513,845
FFTA,0.16258456,0.0004712835,3,6513,845
YRAS,0.1623453,0.07734645,3,6513,845
VCAV,0.16129364,0.027999725,3,6513,845
YFAQ,0.16108371,0.00047773012,3,6513,845
YNAS,0.16107918,0.0744591,3,6513,845
FYDA,0.1605189,0.00059247063,3,6513,845
AHAV,0.15979363,0.0,3,6513,845
FYNA,0.15966357,0.0005027024,3,6513,845
YFAY,0.15930046,0.001081609,3,6513,845
VNCQ,0.15926136,0.0005861901,3,6513,845
FKGT,0.15915634,0.20185634,3,6513,845
LHAK,0.15910937,0.0006646306,3,6513,845
YFAW,0.15892889,0.00092504715,3,6513,845
YYAI,0.15881051,0.015925612,3,6513,845
VYAK,0.15853848,0.0006743568,3,6513,845
VIAG,0.15784992,0.3092402,3,6513,845
YFLC,0.15758325,0.1353631,3,6513,845
FYRC,0.15739097,0.0025920593,3,6513,845
AFAC,0.1569729,0.0012859829,3,6513,845
YSAV,0.15664889,0.0038513492,3,6513,845
NIAA,0.1565497,0.022441734,3,6513,845
PIAA,0.15599526,0.0009071073,3,6513,845
KQAA,0.15590335,0.025027508,3,6513,845
FWGP,0.15506674,0.050611056,3,6513,845
TEAA,0.1542585,0.05427324,3,6513,845
VMMA,0.15312423,0.044731103,3,6513,845
YFCS,0.15306057,0.031906754,3,6513,845
YYAT,0.15231694,0.43498373,3,6513,845
QQAA,0.15105952,0.0660293,3,6513,845
FYKA,0.1503159,0.0014178787,3,6513,845
FYQA,0.14933826,0.0,3,6513,845
VTAT,0.14793958,0.014847596,3,6513,845
FHGH,0.14775135,0.0143772885,3,6513,845
FAGH,0.14730038,0.001658918,3,6513,845
YFAH,0.14724292,0.00079810485,3,6513,845
FGGA,0.14703263,0.09537583,3,6513,845
HHAM,0.1466675,0.0057125273,3,6513,845
FYEA,0.14658584,0.00044594568,3,6513,845
RWAA,0.14651169,0.0014874265,3,6513,845
FMGM,0.14639331,0.07263624,3,6513,845
VTAM,0.14634909,0.07710147,3,6513,845
YFAE,0.14565612,0.00016706125,3,6513,845
WHAL,0.14484908,0.011718461,3,6513,845
VQLA,0.1443838,0.051763892,3,6513,845
WDAA,0.14344074,0.14824457,3,6513,845
YFAD,0.14331569,0.003169458,3,6513,845
LNSA,0.14290716,0.17592198,3,6513,845
YAAT,0.14279725,0.08893067,3,6513,845
FSGG,0.14233162,0.14865206,3,6513,845
FFDA,0.14222516,0.00038136047,3,6513,845
YHAN,0.14170457,0.0010685462,3,6513,845
YNAV,0.14111473,0.0033546286,3,6513,845
YHAY,0.14065792,0.00036540045,3,6513,845
FSGL,0.14025165,0.055609677,3,6513,845
YHGF,0.14000262,0.12365554,3,6513,845
YHAQ,0.13960649,0.00029518118,3,6513,845
VHTA,0.13875319,0.009507633,3,6513,845
VCSA,0.1378894,0.12245881,3,6513,845
YFAK,0.13748313,0.00038294503,3,6513,845
FWIA,0.13744451,0.0005266406,3,6513,845
VAAV,0.13727643,0.026182417,3,6513,845
ARCA,0.71232,0.44495007,4,9965,1229
ANCA,0.71136445,0.7623123,4,9965,1229
AHCC,0.683253,0.061591066,4,9965,1229
AHCG,0.6759326,0.36422828,4,9965,1229
AHCV,0.63919705,0.01053903,4,9965,1229
AKCA,0.6351487,0.33652335,4,9965,1229
AACA,0.62366265,0.37746394,4,9965,1229
ASCA,0.6204669,0.5193606,4,9965,1229
AHCM,0.61926526,0.0309153,4,9965,1229
AYCA,0.6125867,0.6552726,4,9965,1229
AQCA,0.6105487,0.2777411,4,9965,1229
ADCA,0.61044854,0.3607131,4,9965,1229
AHCT,0.6033847,0.010634089,4,9965,1229
AVCA,0.59154576,0.3931133,4,9965,1229
AHCL,0.5894467,0.0054932414,4,9965,1229
AHCI,0.587238,0.017533243,4,9965,1229
EHCA,0.5872142,0.33422318,4,9965,1229
AHCS,0.5795409,0.011735116,4,9965,1229
VHCA,0.5763909,0.5107968,4,9965,1229
LYCA,0.5699832,0.5306798,4,9965,1229
AWCA,0.5697114,0.642299,4,9965,1229
AHCF,0.5486552,0.012019589,4,9965,1229
VWCA,0.54328316,0.5406935,4,9965,1229
LWCA,0.54315823,0.72920364,4,9965,1229
LHCA,0.5426013,0.48656934,4,9965,1229
AHCN,0.5375268,0.003117235,4,9965,1229
SHCA,0.52472085,0.3427477,4,9965,1229
AICA,0.52279156,0.45329204,4,9965,1229
MHCA,0.5192782,0.37637815,4,9965,1229
QHCA,0.5100543,0.43088466,4,9965,1229
AHCQ,0.50336426,0.0054578832,4,9965,1229
ATCA,0.5024058,0.28602034,4,9965,1229
AHCK,0.50192994,0.0046070274,4,9965,1229
AHCR,0.5015599,0.0021885657,4,9965,1229
IWCA,0.49916524,0.6060298,4,9965,1229
WWCA,0.4964816,0.73461795,4,9965,1229
MRCA,0.49367112,0.46905893,4,9965,1229
INCA,0.49328297,0.54149586,4,9965,1229
AFCA,0.49186105,0.4055133,4,9965,1229
AHCP,0.49147767,0.0029722645,4,9965,1229
AHCE,0.49090165,0.003631416,4,9965,1229
VACA,0.48757237,0.5776955,4,9965,1229
WYCA,0.48249882,0.6097229,4,9965,1229
VSCA,0.48217028,0.5445462,4,9965,1229
AECA,0.4813258,0.15206748,4,9965,1229
IRCA,0.47990674,0.44589147,4,9965,1229
CHCA,0.47783536,0.070736386,4,9965,1229
AHCH,0.47681445,0.0030007286,4,9965,1229
AHCW,0.4683649,0.0032095488,4,9965,1229
ACCA,0.4681384,0.16036206,4,9965,1229
IHCA,0.46574086,0.48184136,4,9965,1229
AHCD,0.46559066,0.011029533,4,9965,1229
AMCA,0.45965832,0.17766806,4,9965,1229
HHCA,0.45916528,0.43883774,4,9965,1229
LSCA,0.4552514,0.53052664,4,9965,1229
AYCC,0.4531905,0.03297857,4,9965,1229
PHCA,0.45187062,0.07161449,4,9965,1229
AHCY,0.4507758,0.002861876,4,9965,1229
IYCA,0.44835347,0.51177466,4,9965,1229
KHCA,0.44823235,0.36615756,4,9965,1229
FFCA,0.44754475,0.43930605,4,9965,1229
LVCA,0.44677132,0.4520526,4,9965,1229
MKCA,0.44532365,0.39733562,4,9965,1229
AGCA,0.44519013,0.12223606,4,9965,1229
ERCA,0.44478577,0.45165378,4,9965,1229
ANCG,0.443443,0.21515435,4,9965,1229
MSCA,0.44138974,0.46844998,4,9965,1229
WNCA,0.44122,0.46698457,4,9965,1229
VICA,0.43578595,0.4011386,4,9965,1229
DHCA,0.42734736,0.07188644,4,9965,1229
VKCA,0.42724866,0.40321496,4,9965,1229
LACA,0.4232871,0.54882914,4,9965,1229
YSCA,0.41837376,0.43158638,4,9965,1229
LICA,0.4182822,0.5028127,4,9965,1229
NHCA,0.41496152,0.16872755,4,9965,1229
EHCC,0.41386145,0.054233856,4,9965,1229
WSCA,0.41156167,0.4865565,4,9965,1229
ALCA,0.40843266,0.20144004,4,9965,1229
MVCA,0.4065568,0.3305343,4,9965,1229
ESCA,0.40398282,0.45933056,4,9965,1229
ADCC,0.40088433,0.024370428,4,9965,1229
ANCV,0.40041226,0.0074818386,4,9965,1229
MDCA,0.40005463,0.3323028,4,9965,1229
TNCA,0.39958256,0.47261882,4,9965,1229
WVCA,0.39933842,0.4065967,4,9965,1229
CNCA,0.39238042,0.061811093,4,9965,1229
AQCC,0.3909728,0.024564171,4,9965,1229
MICA,0.38972348,0.36518094,4,9965,1229
EHCV,0.38624352,0.003840088,4,9965,1229
AVCC,0.38489217,0.057601318,4,9965,1229
TRCA,0.38138932,0.27614498,4,9965,1229
QNCA,0.37821072,0.4353052,4,9965,1229
EHCG,0.37645787,0.17326476,4,9965,1229
IDCA,0.37637585,0.4166363,4,9965,1229
RHCA,0.37499493,0.24932966,4,9965,1229
WICA,0.37451428,0.39945072,4,9965,1229
QRCA,0.3738324,0.38811317,4,9965,1229
ARCI,0.3713662,0.009121427,4,9965,1229
AICC,0.37071198,0.063429214,4,9965,1229
ADCG,0.36959475,0.11858208,4,9965,1229
SRCA,0.36923283,0.22097403,4,9965,1229
MQCA,0.36921185,0.3252702,4,9965,1229
EVCA,0.3682267,0.39954442,4,9965,1229
WHCA,0.3657071,0.46946943,4,9965,1229
ANCL,0.36348122,0.00064299145,4,9965,1229
FICA,0.36083955,0.39106625,4,9965,1229
HRCA,0.36028355,0.42247644,4,9965,1229
VHCG,0.35974568,0.34500685,4,9965,1229
APCA,0.35974568,0.16478585,4,9965,1229
ASCM,0.35935658,0.021143071,4,9965,1229
ASCG,0.35726708,0.2096688,4,9965,1229
ANCI,0.35562295,0.011209304,4,9965,1229
VHCC,0.35062474,0.22079964,4,9965,1229
MFCA,0.35022515,0.2852997,4,9965,1229
TKCA,0.34872407,0.21740556,4,9965,1229
AACG,0.34857243,0.19744805,4,9965,1229
ASCV,0.3477351,0.004483562,4,9965,1229
EHCL,0.34529513,0.0013166015,4,9965,1229
EHCM,0.34419936,0.037888866,4,9965,1229
FSCA,0.34043473,0.38775223,4,9965,1229
TSCA,0.34027928,0.32653034,4,9965,1229
AACM,0.3384711,0.01762539,4,9965,1229
AVCM,0.33672112,0.028965235,4,9965,1229
AYCL,0.33486432,0.0023040527,4,9965,1229
EICA,0.33426732,0.39429355,4,9965,1229
CACA,0.33171815,0.05561547,4,9965,1229
FACA,0.331639,0.40715694,4,9965,1229
AWCV,0.33137482,0.0046081054,4,9965,1229
KRCA,0.3294198,0.34915632,4,9965,1229
FVCA,0.32870263,0.3574214,4,9965,1229
AVCT,0.3286044,0.046081055,4,9965,1229
AYCT,0.32746953,0.022118906,4,9965,1229
ETCA,0.32635564,0.26611808,4,9965,1229
AQCT,0.3246972,0.00649573,4,9965,1229
PRCA,0.32438153,0.011384731,4,9965,1229
ADCT,0.32134503,0.0015360351,4,9965,1229
AHMA,0.32117528,0.13631836,4,9965,1229
AYCG,0.31885976,0.16614018,4,9965,1229
VCCA,0.31876725,0.2437723,4,9965,1229
ARCS,0.31845254,0.020275664,4,9965,1229
MTCA,0.31831807,0.25264946,4,9965,1229
TDCA,0.3177449,0.2488377,4,9965,1229
CSCA,0.3160426,0.03225315,4,9965,1229
SHCG,0.31535357,0.18137503,4,9965,1229
CYCA,0.31455582,0.0542656,4,9965,1229
LTCA,0.3138606,0.27447864,4,9965,1229
IQCA,0.31232423,0.28573135,4,9965,1229
CVCA,0.31108636,0.08665486,4,9965,1229
QHCC,0.31090707,0.0625626,4,9965,1229
AQCI,0.30771703,0.0064568417,4,9965,1229
HKCA,0.30726022,0.3565644,4,9965,1229
AYCM,0.30692738,0.025871098,4,9965,1229
AQCL,0.30504578,0.0042536356,4,9965,1229
QQCA,0.3050334,0.2625235,4,9965,1229
QDCA,0.3042094,0.26662108,4,9965,1229
ASCI,0.3039977,0.012288281,4,9965,1229
AKCI,0.30340737,0.0077650244,4,9965,1229
ECCA,0.3031432,0.19877125,4,9965,1229
SHCV,0.3029515,0.0028492864,4,9965,1229
TQCA,0.299792,0.17300144,4,9965,1229
AICV,0.29955357,0.011641529,4,9965,1229
AECC,0.29889745,0.016036056,4,9965,1229
AHFA,0.29878205,0.046882465,4,9965,1229
EHCF,0.29873437,0.0,4,9965,1229
AFCV,0.29781407,0.0042536356,4,9965,1229
AYCI,0.2963435,0.014191959,4,9965,1229
DHCC,0.2959954,0.017014543,4,9965,1229
ASCT,0.29501694,0.007303412,4,9965,1229
AVCI,0.29330128,0.010532812,4,9965,1229
ALCC,0.2929122,0.020974824,4,9965,1229
AVCL,0.29281682,0.0064513474,4,9965,1229
AICM,0.29240865,0.024457354,4,9965,1229
PHCC,0.29172772,0.0030720702,4,9965,1229
VLCA,0.2913739,0.24795853,4,9965,1229
ATCC,0.29121083,0.018535784,4,9965,1229
ATCG,0.29083222,0.07833779,4,9965,1229
AACT,0.29064053,0.014745938,4,9965,1229
WHLA,0.2903902,0.3672762,4,9965,1229
VMCA,0.2902848,0.21529546,4,9965,1229
EHCS,0.29022473,0.011355688,4,9965,1229
CWCA,0.29004353,0.18251897,4,9965,1229
ACCV,0.28753632,0.0053899125,4,9965,1229
MHCC,0.28720635,0.1658918,4,9965,1229
SDCA,0.28645676,0.2251811,4,9965,1229
HACA,0.28569764,0.33834723,4,9965,1229
AWCT,0.28494233,0.015360352,4,9965,1229
EMCA,0.28471726,0.2043787,4,9965,1229
AWCM,0.28362435,0.02804343,4,9965,1229
MHCG,0.28278416,0.26948202,4,9965,1229
LECA,0.2826497,0.25490868,4,9965,1229
AHMC,0.28223294,0.010795581,4,9965,1229
AHLC,0.2819106,0.011970886,4,9965,1229
AGCC,0.2815091,0.015234395,4,9965,1229
QVCA,0.2810561,0.36204234,4,9965,1229
NRCA,0.28087205,0.103246234,4,9965,1229
MECA,0.2795264,0.16817632,4,9965,1229
SHCM,0.27905053,0.00350216,4,9965,1229
HVCA,0.27884263,0.39641148,4,9965,1229
EECA,0.27791947,0.17048289,4,9965,1229
AFCG,0.27745312,0.1716122,4,9965,1229
AQCS,0.27713364,0.0027648632,4,9965,1229
AACI,0.27620095,0.008819547,4,9965,1229
PNCA,0.27574128,0.04147295,4,9965,1229
AYCS,0.275294,0.01711582,4,9965,1229
MMCA,0.27246636,0.20506835,4,9965,1229
SYCA,0.27228135,0.2006788,4,9965,1229
KKCA,0.2714755,0.28863558,4,9965,1229
AVCS,0.27051228,0.031680726,4,9965,1229
ARCR,0.2687661,0.004320099,4,9965,1229
QHCV,0.2684266,0.0030985537,4,9965,1229
CICA,0.26841515,0.108258024,4,9965,1229
EWCA,0.2667815,0.39234725,4,9965,1229
ASCF,0.26651925,0.0,4,9965,1229
AKCF,0.26626843,0.0063915504,4,9965,1229
AWCI,0.26484555,0.014102717,4,9965,1229
YLCA,0.2643029,0.26523176,4,9965,1229
THCM,0.26246566,0.0,4,9965,1229
AECG,0.26233643,0.06679276,4,9965,1229
MGCA,0.26225728,0.33872515,4,9965,1229
GHCA,0.26212567,0.11173078,4,9965,1229
THCL,0.2612893,0.0014178787,4,9965,1229
ACCL,0.26090974,0.018432422,4,9965,1229
HWCA,0.25992364,0.27983946,4,9965,1229
HDCA,0.25988168,0.22832419,4,9965,1229
KSCA,0.2597701,0.36163223,4,9965,1229
ATCV,0.259628,0.008414801,4,9965,1229
ARCQ,0.25960416,0.0,4,9965,1229
ATCT,0.25907868,0.0074179256,4,9965,1229
MLCA,0.25882882,0.24386467,4,9965,1229
DHCV,0.25877398,0.0,4,9965,1229
ACCC,0.25859708,0.013434353,4,9965,1229
NNCA,0.25831765,0.20642023,4,9965,1229
ARCW,0.25830525,0.002225896,4,9965,1229
SHCI,0.25766486,0.0024042288,4,9965,1229
RNCA,0.25684232,0.26844174,4,9965,1229
ARCH,0.2565934,0.0,4,9965,1229
ADCN,0.256108,0.0013369274,4,9965,1229
AVCN,0.25594205,0.0014551912,4,9965,1229
ARCP,0.25575608,0.0024395853,4,9965,1229
DHCG,0.25376624,0.007899609,4,9965,1229
AGCG,0.25278872,0.011059453,4,9965,1229
SWCA,0.25210828,0.15964505,4,9965,1229
AACS,0.25204533,0.0065055606,4,9965,1229
VHCM,0.25118512,0.03271106,4,9965,1229
SHCS,0.2500369,0.004726262,4,9965,1229
AQCN,0.24975365,0.0013475558,4,9965,1229
AMCV,0.24965543,0.003317836,4,9965,1229
AWCF,0.24941319,0.008669247,4,9965,1229
KHCG,0.24926251,0.1309244,4,9965,1229
KDCA,0.24766988,0.2404317,4,9965,1229
AGCV,0.24766225,0.0026211268,4,9965,1229
CHCG,0.24726361,0.015968194,4,9965,1229
ANCR,0.24718827,0.0,4,9965,1229
QHCL,0.24619025,0.002041174,4,9965,1229
HHCG,0.24616069,0.1831722,4,9965,1229
NKCA,0.2461583,0.09955783,4,9965,1229
AECM,0.24607629,0.008486233,4,9965,1229
QICA,0.24602383,0.37148196,4,9965,1229
AFCM,0.24579209,0.053322364,4,9965,1229
AHLA,0.2456004,0.09145317,4,9965,1229
KACA,0.24501961,0.30952668,4,9965,1229
PACA,0.24472874,0.009294647,4,9965,1229
AKCN,0.24467725,0.0,4,9965,1229
ANCE,0.24410743,0.0022379782,4,9965,1229
DQCA,0.24357289,0.008092282,4,9965,1229
PHCM,0.2435171,0.0006743568,4,9965,1229
HICA,0.24273556,0.42178208,4,9965,1229
DACA,0.24258488,0.020498125,4,9965,1229
IHCC,0.24161595,0.19661249,4,9965,1229
AMCM,0.24129647,0.0032527803,4,9965,1229
ARCY,0.24084061,0.0,4,9965,1229
CHCC,0.2404949,0.13004391,4,9965,1229
AMCG,0.23959321,0.09048643,4,9965,1229
QTCA,0.23874348,0.21559842,4,9965,1229
EHCK,0.23814744,0.0,4,9965,1229
AICF,0.2378518,0.0093125105,4,9965,1229
TTCA,0.23780888,0.14924893,4,9965,1229
IHCG,0.23697919,0.31426367,4,9965,1229
WLCA,0.23693055,0.30736062,4,9965,1229
STCA,0.23577183,0.10714879,4,9965,1229
HHCC,0.23489207,0.11644328,4,9965,1229
AHYA,0.23439187,0.011882158,4,9965,1229
YMCA,0.23319215,0.24446535,4,9965,1229
LHMA,0.23308057,0.3644818,4,9965,1229
THCS,0.23295277,0.008507271,4,9965,1229
SICA,0.23288125,0.28645393,4,9965,1229
ATCL,0.23149651,0.0012859829,4,9965,1229
AGCT,0.23081607,0.0042536356,4,9965,1229
QWCA,0.23074692,0.37029734,4,9965,1229
ITCA,0.23060101,0.2337591,4,9965,1229
QHCI,0.2302472,0.005027024,4,9965,1229
EHCP,0.2290079,0.0009874512,4,9965,1229
EHCW,0.2287404,0.0,4,9965,1229
AACN,0.2286393,0.0019749023,4,9965,1229
NHCG,0.22719258,0.057509154,4,9965,1229
CTCA,0.22692174,0.016216451,4,9965,1229
ANCD,0.22570151,0.0052908217,4,9965,1229
MHCT,0.22452801,0.058224767,4,9965,1229
NACA,0.22358769,0.11066365,4,9965,1229
MHCV,0.22308367,0.047629997,4,9965,1229
AECT,0.22288531,0.0045225564,4,9965,1229
AFCF,0.2226159,0.0034560792,4,9965,1229
AHGC,0.22225732,0.1589367,4,9965,1229
PYCA,0.22207135,0.003770268,4,9965,1229
KYCA,0.2213828,0.12580128,4,9965,1229
AICS,0.22073811,0.048594564,4,9965,1229
PVCA,0.22047395,0.008930554,4,9965,1229
APCC,0.21946019,0.007294337,4,9965,1229
ALCV,0.21927708,0.003770268,4,9965,1229
VECA,0.21854371,0.17119427,4,9965,1229
AHHC,0.21720093,0.006987294,4,9965,1229
FLCA,0.21716756,0.20146519,4,9965,1229
ANCY,0.21708125,0.0023040527,4,9965,1229
NDCA,0.21666306,0.11250133,4,9965,1229
ACCT,0.21652287,0.0048791706,4,9965,1229
AMCL,0.21605557,0.0012760907,4,9965,1229
AVCR,0.21601838,0.0,4,9965,1229
EHCY,0.21581906,0.0013824316,4,9965,1229
ACCF,0.21467942,0.0061471057,4,9965,1229
DHCT,0.21465892,0.0010634089,4,9965,1229
FCCA,0.21355885,0.17754759,4,9965,1229
QECA,0.21354836,0.15608276,4,9965,1229
AVCH,0.21309155,0.0,4,9965,1229
SHCN,0.21292323,0.0010986212,4,9965,1229
HTCA,0.21278638,0.21622095,4,9965,1229
LHCT,0.21209449,0.07908266,4,9965,1229
RACA,0.21110314,0.20421505,4,9965,1229
ALCM,0.21092385,0.004046141,4,9965,1229
KICA,0.2107169,0.36695534,4,9965,1229
AQCK,0.21049088,0.0025251599,4,9965,1229
PTCA,0.21019143,0.0027648632,4,9965,1229
LHCL,0.20922059,0.0120962765,4,9965,1229
ADCQ,0.2091791,0.0025001536,4,9965,1229
YGCA,0.20913476,0.18415433,4,9965,1229
CECA,0.20898122,0.01836994,4,9965,1229
ADCP,0.20824641,0.0011825318,4,9965,1229
AFCT,0.20824403,0.009458743,4,9965,1229
QHCS,0.20773095,0.018057778,4,9965,1229
PWCA,0.20767564,0.0047114263,4,9965,1229
KWCA,0.2073695,0.15466604,4,9965,1229
LHCM,0.20586127,0.049636915,4,9965,1229
AHHA,0.20562428,0.006503772,4,9965,1229
TICA,0.2054879,0.26720566,4,9965,1229
AWCN,0.20520085,0.0026352184,4,9965,1229
VHSA,0.20519608,0.23489471,4,9965,1229
AQCW,0.20516986,0.001287088,4,9965,1229
RVCA,0.20439023,0.23894598,4,9965,1229
WHMA,0.204086,0.35030332,4,9965,1229
YHCT,0.20362824,0.075995125,4,9965,1229
YECA,0.2033307,0.14997427,4,9965,1229
DYCA,0.20289105,0.0015081072,4,9965,1229
FTCA,0.20241421,0.16315848,4,9965,1229
RHCC,0.20236653,0.04518916,4,9965,1229
ATCF,0.2023012,0.0038418327,4,9965,1229
AVCQ,0.202254,0.0,4,9965,1229
WHCG,0.20216864,0.309058,4,9965,1229
CHMA,0.20146435,0.14255962,4,9965,1229
DTCA,0.2011401,0.004861298,4,9965,1229
ASCR,0.20082253,0.0009534011,4,9965,1229
WHCT,0.20074242,0.092585094,4,9965,1229
AKCK,0.20001668,0.0028609645,4,9965,1229
AACR,0.19950455,0.0012021145,4,9965,1229
AKCE,0.19936818,0.0017429292,4,9965,1229
AFCS,0.19883603,0.014145812,4,9965,1229
KHCM,0.19844311,0.0013292611,4,9965,1229
AKCW,0.19829816,0.0017067133,4,9965,1229
THCN,0.19717616,0.0031132721,4,9965,1229
AHAC,0.19681805,0.008622706,4,9965,1229
AVCW,0.19592923,0.0,4,9965,1229
AACK,0.19591302,0.0028245521,4,9965,1229
MHCM,0.19535846,0.041109152,4,9965,1229
AVCE,0.19471234,0.0,4,9965,1229
DHCS,0.19267815,0.0019068022,4,9965,1229
VHCS,0.19252175,0.070871495,4,9965,1229
MHCI,0.19228333,0.08346757,4,9965,1229
TWCA,0.19183606,0.1293956,4,9965,1229
ASCK,0.1914708,0.0014551912,4,9965,1229
ASCH,0.19024819,0.0,4,9965,1229
FHMA,0.19001359,0.29234362,4,9965,1229
LHFA,0.19000071,0.17626533,4,9965,1229
MNCL,0.18983811,0.05614538,4,9965,1229
EHFA,0.18878764,0.012403125,4,9965,1229
CHGA,0.1885516,0.112533614,4,9965,1229
PFCA,0.18852586,0.0014278636,4,9965,1229
MWCA,0.52888775,0.58575636,5,13417,1613
LRCA,0.5200615,0.5942575,5,13417,1613
WACA,0.5089302,0.46219492,5,13417,1613
WRCA,0.4981012,0.5367764,5,13417,1613
IACA,0.48420712,0.5219607,5,13417,1613
ISCA,0.48034617,0.49896404,5,13417,1613
YICA,0.4555969,0.5125793,5,13417,1613
MACA,0.44801328,0.47140917,5,13417,1613
YACA,0.4259543,0.44731057,5,13417,1613
WKCA,0.42247483,0.42201206,5,13417,1613
KNCA,0.39271352,0.34441322,5,13417,1613
FRCA,0.39158294,0.38946012,5,13417,1613
VDCA,0.38522622,0.37194687,5,13417,1613
QSCA,0.38483664,0.43005723,5,13417,1613
HNCA,0.37863776,0.4250547,5,13417,1613
WFCA,0.3532519,0.49450403,5,13417,1613
IFCA,0.35086438,0.36282918,5,13417,1613
HSCA,0.3437266,0.36938995,5,13417,1613
EACA,0.3254852,0.38119158,5,13417,1613
LQCA,0.32527062,0.4366505,5,13417,1613
LLCA,0.32488915,0.3198636,5,13417,1613
WTCA,0.31708762,0.25488037,5,13417,1613
KVCA,0.30886456,0.32141808,5,13417,1613
EKCA,0.30879208,0.3812376,5,13417,1613
WGCA,0.3073115,0.29672393,5,13417,1613
WMCA,0.30584714,0.23291783,5,13417,1613
VQCA,0.30418488,0.338886,5,13417,1613
VGCA,0.302556,0.322613,5,13417,1613
QKCA,0.29743,0.35046852,5,13417,1613
LMCA,0.29432198,0.32558882,5,13417,1613
IHGA,0.29201838,0.24506576,5,13417,1613
FKCA,0.28569457,0.3253723,5,13417,1613
EQCA,0.27982804,0.31111693,5,13417,1613
VHGA,0.27281186,0.2813326,5,13417,1613
YQCA,0.2687616,0.29670137,5,13417,1613
EDCA,0.26676318,0.30209446,5,13417,1613
YTCA,0.26210067,0.24620871,5,13417,1613
RICA,0.26007292,0.26710594,5,13417,1613
FRMA,0.25696084,0.27833986,5,13417,1613
YDCA,0.2547998,0.3312591,5,13417,1613
ILCA,0.253777,0.23297028,5,13417,1613
SSCA,0.24771163,0.29446977,5,13417,1613
YRLA,0.24744555,0.31751725,5,13417,1613
IHMA,0.24672076,0.13655286,5,13417,1613
EFCA,0.24606559,0.18873197,5,13417,1613
ELCA,0.24495217,0.21810475,5,13417,1613
AWLA,0.24219844,0.14115354,5,13417,1613
VTCA,0.24147317,0.262662,5,13417,1613
IMCA,0.23997065,0.1834235,5,13417,1613
RRCA,0.23717543,0.22819325,5,13417,1613
IHAC,0.22989509,0.303374,5,13417,1613
FDCA,0.22604367,0.22877014,5,13417,1613
HLCA,0.22524068,0.21297091,5,13417,1613
SVCA,0.22242114,0.2568827,5,13417,1613
LHLA,0.2212486,0.27792636,5,13417,1613
WVFA,0.21726438,0.5294897,5,13417,1613
VPCA,0.21328446,0.33221027,5,13417,1613
QLCA,0.21282908,0.19698137,5,13417,1613
LVCC,0.2119169,0.2337414,5,13417,1613
WHFA,0.20111272,0.40625268,5,13417,1613
YHCG,0.2006912,0.23951793,5,13417,1613
ARCG,0.19952485,0.32853082,5,13417,1613
IECA,0.19889733,0.1846601,5,13417,1613
IPCA,0.19812533,0.3366811,5,13417,1613
RKCA,0.19771096,0.18736126,5,13417,1613
VHSG,0.1938667,0.026044024,5,13417,1613
QHCG,0.19243428,0.1967368,5,13417,1613
AWAA,0.19131848,0.040871892,5,13417,1613
WPCA,0.19130227,0.09288449,5,13417,1613
AICG,0.19117734,0.2459273,5,13417,1613
LHSA,0.18878552,0.14788115,5,13417,1613
MCCA,0.18847653,0.1783944,5,13417,1613
VRSA,0.18664119,0.2525365,5,13417,1613
HQAA,0.18577144,0.110800095,5,13417,1613
NICA,0.18487927,0.23289742,5,13417,1613
MPCA,0.18074128,0.3738386,5,13417,1613
SACA,0.17996117,0.25999862,5,13417,1613
LHAC,0.17931554,0.23424819,5,13417,1613
HFCA,0.17830369,0.10985648,5,13417,1613
AVCG,0.17714927,0.16257396,5,13417,1613
AILA,0.1760287,0.08959557,5,13417,1613
MHMA,0.17587945,0.2534458,5,13417,1613
KLCA,0.17156789,0.139378,5,13417,1613
EPCA,0.17096421,0.2273332,5,13417,1613
LLMA,0.16806218,0.1680663,5,13417,1613
FQCA,0.16415212,0.22885403,5,13417,1613
HMCA,0.15944287,0.21311682,5,13417,1613
FHCG,0.15877864,0.2705229,5,13417,1613
LKCK,0.15835187,0.0014251872,5,13417,1613
EACT,0.15692088,0.014034838,5,13417,1613
YVCG,0.15596578,0.2927912,5,13417,1613
LRCR,0.15518424,0.0012896806,5,13417,1613
KFCA,0.1543574,0.046422396,5,13417,1613
HHMA,0.15408513,0.07389426,5,13417,1613
MMAA,0.15259406,0.21251403,5,13417,1613
AQCG,0.1504049,0.11642277,5,13417,1613
QPCA,0.14969441,0.116095304,5,13417,1613
RRCG,0.14903685,0.09924531,5,13417,1613
RDCA,0.14643475,0.16211592,5,13417,1613
ECMA,0.14476773,0.07188644,5,13417,1613
QMCA,0.14455315,0.186566,5,13417,1613
SDCG,0.14377496,0.05818366,5,13417,1613
NVCA,0.14350173,0.19368203,5,13417,1613
QRCL,0.14085719,0.0024057021,5,13417,1613
AFGC,0.13711545,0.17322715,5,13417,1613
RQCA,0.1354303,0.13541353,5,13417,1613
DICA,0.1345844,0.03548241,5,13417,1613
EGCA,0.13110015,0.17164607,5,13417,1613
EDCT,0.12996003,0.0068399054,5,13417,1613
EAAA,0.12877843,0.11126643,5,13417,1613
WACP,0.12873837,0.0015612731,5,13417,1613
KECA,0.12845466,0.11356446,5,13417,1613
QVMA,0.12819907,0.05240288,5,13417,1613
SFCA,0.12541386,0.08729015,5,13417,1613
DNCA,0.12505338,0.04559599,5,13417,1613
IACV,0.124721505,0.019813351,5,13417,1613
HPCA,0.12442396,0.04489789,5,13417,1613
AWMA,0.12429426,0.04700991,5,13417,1613
WHCI,0.120546795,0.12167917,5,13417,1613
EICD,0.12052915,0.006524516,5,13417,1613
VSCE,0.11956308,0.0011721365,5,13417,1613
HGCA,0.11823461,0.0841241,5,13417,1613
GWCA,0.11680267,0.009943807,5,13417,1613
LYCS,0.11492393,0.12745745,5,13417,1613
IVCT,0.11432741,0.04648808,5,13417,1613
KPCA,0.1128001,0.047604702,5,13417,1613
LELA,0.11215136,0.1230644,5,13417,1613
THCC,0.11138771,0.110594526,5,13417,1613
IHFA,0.11134956,0.24308994,5,13417,1613
RTCA,0.10753725,0.10183953,5,13417,1613
KQCF,0.106601216,0.0015446163,5,13417,1613
AIAA,0.106322505,0.21593581,5,13417,1613
TECA,0.105668046,0.0855791,5,13417,1613
CRCA,0.10365293,0.08579367,5,13417,1613
EGCI,0.10320566,0.0006743568,5,13417,1613
WECS,0.10310934,0.0192971,5,13417,1613
SLCA,0.10245941,0.08965409,5,13417,1613
RFCA,0.10181997,0.028799161,5,13417,1613
FPCA,0.100788094,0.03339104,5,13417,1613
WNCV,0.10071085,0.13729428,5,13417,1613
THMA,0.10058973,0.030610986,5,13417,1613
LVCQ,0.099562146,0.0005425555,5,13417,1613
WSCQ,0.09914968,0.000677516,5,13417,1613
AHSA,0.09901569,0.036496196,5,13417,1613
NVCC,0.09868,0.027097497,5,13417,1613
EDCW,0.09851692,0.00033717847,5,13417,1613
IVCS,0.09825132,0.05871367,5,13417,1613
RLCA,0.097763516,0.080549195,5,13417,1613
WHIA,0.09549854,0.00054213003,5,13417,1613
WHCF,0.093911864,0.0022283972,5,13417,1613
WHCM,0.09315393,0.10871207,5,13417,1613
RHCG,0.09201334,0.119179495,5,13417,1613
HVCY,0.09022758,0.001162405,5,13417,1613
WHCL,0.08986995,0.015056186,5,13417,1613
DVCA,0.089643456,0.033603724,5,13417,1613
HHLA,0.08808706,0.03691548,5,13417,1613
QRCD,0.08757875,0.0042536356,5,13417,1613
MHLA,0.08664081,0.15536305,5,13417,1613
QQCP,0.0859041,0.0005585582,5,13417,1613
WNCF,0.08470676,0.0023234144,5,13417,1613
IHCI,0.08357332,0.013623964,5,13417,1613
ANFA,0.08197258,0.048162133,5,13417,1613
LHCI,0.07963083,0.06763281,5,13417,1613
IWHA,0.078601815,0.00035446967,5,13417,1613
AHAG,0.07711504,0.02084859,5,13417,1613
NRCG,0.076598145,0.055044767,5,13417,1613
LSRA,0.07597301,0.018871289,5,13417,1613
ACGL,0.075592496,0.055297263,5,13417,1613
QTCI,0.075580575,0.002770887,5,13417,1613
ANCT,0.07501838,0.020736475,5,13417,1613
SHCC,0.07484148,0.044905834,5,13417,1613
KVCE,0.07483099,0.0011483458,5,13417,1613
LHWA,0.074303605,0.0018587315,5,13417,1613
AWVA,0.07427261,0.0,5,13417,1613
ANCC,0.07353876,0.043094955,5,13417,1613
EFCT,0.07223985,0.001885134,5,13417,1613
SECA,0.07161901,0.07068111,5,13417,1613
LHYA,0.07145069,0.044786997,5,13417,1613
CKCA,0.07063911,0.07307481,5,13417,1613
SICR,0.0704026,0.0006370652,5,13417,1613
FECA,0.070278145,0.10164353,5,13417,1613
CHLA,0.06987379,0.065759756,5,13417,1613
WAPA,0.06860588,0.0019277388,5,13417,1613
AICT,0.06816671,0.07372969,5,13417,1613
WNHA,0.068122126,0.0028204783,5,13417,1613
KRCE,0.067152955,0.00049109466,5,13417,1613
IHNA,0.066973664,0.056028064,5,13417,1613
VTCL,0.066406704,0.0021405392,5,13417,1613
HLCV,0.06545208,0.0019817515,5,13417,1613
NFCA,0.06380222,0.004652414,5,13417,1613
QSCY,0.06176517,0.00069736905,5,13417,1613
NYCA,0.06129978,0.023098858,5,13417,1613
VTCT,0.06068609,0.013338804,5,13417,1613
WVWA,0.06063292,0.009718548,5,13417,1613
HHSA,0.060540654,0.028372148,5,13417,1613
WHCW,0.060121037,0.0007049226,5,13417,1613
WHCY,0.058892228,0.001321847,5,13417,1613
PSCA,0.058825947,0.017068423,5,13417,1613
IGCK,0.05880306,0.0009874512,5,13417,1613
KHCC,0.057956673,0.047397655,5,13417,1613
AHVA,0.05769203,0.0024395853,5,13417,1613
ASLA,0.05743692,0.08706743,5,13417,1613
AWCC,0.057368256,0.04204045,5,13417,1613
LKFP,0.05698488,0.004060741,5,13417,1613
LHPA,0.05689142,0.0019122973,5,13417,1613
IHDA,0.056753136,0.00016756746,5,13417,1613
PICA,0.056529023,0.011918709,5,13417,1613
WSTA,0.05637572,0.0010924471,5,13417,1613
IICF,0.05560539,0.0010008555,5,13417,1613
APCG,0.055432297,0.020736475,5,13417,1613
EPCP,0.05458448,0.0010054049,5,13417,1613
VWCF,0.054482438,0.0025544933,5,13417,1613
GVCA,0.054481007,0.011008251,5,13417,1613
AACC,0.05406759,0.039807446,5,13417,1613
AYCN,0.05383966,0.002558659,5,13417,1613
ARCC,0.0535836,0.025015429,5,13417,1613
DVAA,0.052968957,0.00093497796,5,13417,1613
MVCP,0.052558877,0.0017948698,5,13417,1613
LHNA,0.052360512,0.054049235,5,13417,1613
MTCR,0.05221031,0.00072466175,5,13417,1613
RECA,0.051634766,0.063331015,5,13417,1613
THLA,0.050074555,0.007181463,5,13417,1613
FQCC,0.050062157,0.044033006,5,13417,1613
ACCG,0.049968697,0.117771514,5,13417,1613
LHGQ,0.049601533,0.028071826,5,13417,1613
YHGI,0.0493078,0.030832885,5,13417,1613
VHQG,0.049015023,0.0034560792,5,13417,1613
LHCF,0.04851196,0.002513512,5,13417,1613
TQCT,0.048490025,0.0021268178,5,13417,1613
LHRA,0.047683693,0.020103583,5,13417,1613
EYCF,0.047085024,0.0018001337,5,13417,1613
FHVA,0.047018982,0.00454699,5,13417,1613
GRCA,0.046705224,0.006488965,5,13417,1613
LMCW,0.046459176,0.00088576856,5,13417,1613
FHPA,0.046209313,0.0011765376,5,13417,1613
FHCC,0.045869328,0.081409864,5,13417,1613
WGCH,0.04548595,0.0006630737,5,13417,1613
MTCK,0.044594266,0.00077664695,5,13417,1613
IHCM,0.044479348,0.018267846,5,13417,1613
NTCA,0.04445312,0.051819984,5,13417,1613
ADAA,0.043725945,0.19566724,5,13417,1613
QSCE,0.043580987,0.0007815868,5,13417,1613
LHTA,0.04343889,0.009705877,5,13417,1613
MECL,0.043327786,0.011561044,5,13417,1613
WHCN,0.043253876,0.0023144784,5,13417,1613
TECT,0.04283092,0.00048506376,5,13417,1613
RVCN,0.042633034,0.0010253638,5,13417,1613
YHGY,0.04257772,0.04925906,5,13417,1613
FECT,0.042144276,0.0056371,5,13417,1613
NQCA,0.04123924,0.08027022,5,13417,1613
HHCT,0.04118059,0.01569636,5,13417,1613
IHHA,0.040635087,0.007212687,5,13417,1613
RNCG,0.03987644,0.100804545,5,13417,1613
LHCN,0.039001442,0.0014662154,5,13417,1613
ANSA,0.038890816,0.021807373,5,13417,1613
AHSC,0.038748242,0.0038492894,5,13417,1613
FHCT,0.038662888,0.037363015,5,13417,1613
MHCS,0.038556553,0.122443944,5,13417,1613
DRCW,0.038115002,0.002513512,5,13417,1613
KSLA,0.03766916,0.006478248,5,13417,1613
IHPA,0.037520863,0.0006356007,5,13417,1613
NICI,0.037458397,0.0017554687,5,13417,1613
MICP,0.037132718,0.0017436075,5,13417,1613
YHCS,0.036891915,0.033774376,5,13417,1613
ANCN,0.03676317,0.0019453344,5,13417,1613
IHCT,0.036748864,0.045110926,5,13417,1613
LHKA,0.03643129,0.0017682265,5,13417,1613
YCCG,0.036365487,0.09657821,5,13417,1613
VHEA,0.03613708,0.0011617073,5,13417,1613
RVCP,0.035877205,0.0011987583,5,13417,1613
FHDA,0.035582043,0.00018189891,5,13417,1613
THFA,0.03554914,0.05409515,5,13417,1613
FSPA,0.035519578,0.00076009985,5,13417,1613
ARCM,0.034821965,0.017594585,5,13417,1613
IHQA,0.0343313,0.0030052862,5,13417,1613
LHCW,0.034098603,0.0013999307,5,13417,1613
VHHA,0.03391216,0.0036260502,5,13417,1613
THCV,0.03383539,0.0024042288,5,13417,1613
ECIA,0.033780552,0.0019289743,5,13417,1613
EFCR,0.033765294,0.0019402549,5,13417,1613
ASFA,0.033653714,0.12688747,5,13417,1613
IHRA,0.032991387,0.003972057,5,13417,1613
THCI,0.032575585,0.0,5,13417,1613
VHVA,0.032045342,0.004279974,5,13417,1613
AWCL,0.031366326,0.005269863,5,13417,1613
FNKA,0.031217553,0.0005700749,5,13417,1613
FSHA,0.030888535,0.00013041809,5,13417,1613
FHNA,0.03046415,0.0033311606,5,13417,1613
MVCE,0.029579617,0.00068631355,5,13417,1613
EHMA,0.029564358,0.06028938,5,13417,1613
ANYA,0.02939222,0.0055297264,5,13417,1613
WHQA,0.029235817,0.0032527803,5,13417,1613
ARSC,0.029140927,0.0011520264,5,13417,1613
NLCA,0.027929045,0.038204502,5,13417,1613
RHAC,0.02782438,0.00095121446,5,13417,1613
ASGA,0.027726151,0.026277626,5,13417,1613
LHCP,0.027526833,0.0011589247,5,13417,1613
LTCE,0.027306534,0.00052865455,5,13417,1613
VECF,0.026839234,0.0009534011,5,13417,1613
LHCV,0.026252247,0.06831699,5,13417,1613
ANCQ,0.025755383,0.0033459358,5,13417,1613
YACL,0.02561114,0.0024962765,5,13417,1613
HSCL,0.025584675,0.0012096277,5,13417,1613
TMCA,0.025414445,0.12829761,5,13417,1613
WHCR,0.025248028,0.0011972721,5,13417,1613
HHCI,0.025047757,0.012760907,5,13417,1613
IICR,0.024616696,0.0009283482,5,13417,1613
VHCT,0.024236657,0.04623726,5,13417,1613
FHKA,0.023785569,0.0,5,13417,1613
YHTA,0.023716904,0.0035633082,5,13417,1613
FHEA,0.02367971,0.0011285156,5,13417,1613
TRCS,0.02283714,0.005044007,5,13417,1613
SHCT,0.02266214,0.00575147,5,13417,1613
VHKA,0.02190397,0.00037874837,5,13417,1613
VHCI,0.02158115,0.012870915,5,13417,1613
IHVA,0.021435238,0.0047341296,5,13417,1613
ANCK,0.021274067,0.0029594128,5,13417,1613
QHCT,0.021201111,0.04581143,5,13417,1613
IHYA,0.021098591,0.06477309,5,13417,1613
RGCA,0.020858265,0.021544725,5,13417,1613
KHGA,0.020775773,0.027191378,5,13417,1613
FHQA,0.020531155,0.00043886717,5,13417,1613
WHCP,0.020386197,0.0025304626,5,13417,1613
RHGS,0.020196415,0.01051578,5,13417,1613
EHCT,0.019995667,0.024576562,5,13417,1613
AHWA,0.01987312,0.0,5,13417,1613
ACAA,0.019763924,0.13231845,5,13417,1613
ASMA,0.01947496,0.09677021,5,13417,1613
LHCH,0.01869724,0.0016672541,5,13417,1613
VHRA,0.018675305,0.0017890291,5,13417,1613
GACA,0.01838348,0.0029103823,5,13417,1613
AICI,0.017943837,0.011428556,5,13417,1613
ILCF,0.017820336,0.0010413121,5,13417,1613
ANCW,0.017621018,0.0022785137,5,13417,1613
WHTA,0.017565228,0.0054890667,5,13417,1613
CHSA,0.017126061,0.09794675,5,13417,1613
IHCN,0.017018773,0.0020329875,5,13417,1613
AYCF,0.016989686,0.00730065,5,13417,1613
AQCM,0.016724564,0.012919085,5,13417,1613
ARCF,0.016675927,0.0055297264,5,13417,1613
ANCH,0.0150728,0.0019110559,5,13417,1613
AFCL,0.014889695,0.0027648632,5,13417,1613
DFCA,0.014786698,0.001855613,5,13417,1613
ARLA,0.0143165365,0.06505561,5,13417,1613
QNCF,0.014249302,0.0009993482,5,13417,1613
MHCW,0.013853051,0.002241781,5,13417,1613
AYFA,0.013716675,0.038708087,5,13417,1613
RMCA,0.013360478,0.07740796,5,13417,1613
ETFA,0.013055779,0.0077158976,5,13417,1613
AWCS,0.012945153,0.027648631,5,13417,1613
QAGA,0.012799241,0.029153408,5,13417,1613
IHCV,0.012550332,0.026688611,5,13417,1613
ASCN,0.011690594,0.0,5,13417,1613
PHCG,0.011130787,0.0061441404,5,13417,1613
IRWA,0.010975815,0.001358565,5,13417,1613
AICH,0.010843731,0.0,5,13417,1613
AKGA,0.0106386915,0.036063433,5,13417,1613
AMCC,0.010380723,0.027648631,5,13417,1613
LHCR,0.010288216,0.0005493105,5,13417,1613
ARCL,0.010277726,0.006725343,5,13417,1613
FHCS,0.010223366,0.037479255,5,13417,1613
AVCV,0.010018326,0.010186338,5,13417,1613
ASCS,0.009949185,0.008611869,5,13417,1613
ATCI,0.009894349,0.004565921,5,13417,1613
AICP,0.0092096105,0.0014945206,5,13417,1613
AVFA,0.009112336,0.09061086,5,13417,1613
YHCI,0.00904844,0.048661593,5,13417,1613
YHRA,0.008982636,0.010785426,5,13417,1613
AVCF,0.008818604,0.0,5,13417,1613
THCF,0.008071877,0.00410949,5,13417,1613
AKCT,0.00800512,0.017695125,5,13417,1613
AHRA,0.0078010336,0.0021268178,5,13417,1613
VHCN,0.0075464025,0.0008378374,5,13417,1613
FHNT,0.007317044,0.0013324642,5,13417,1613
AICK,0.0073146597,0.0,5,13417,1613
HHAL,0.0066861883,0.00392144,5,13417,1613
VHCF,0.006387688,0.002580539,5,13417,1613
ANRA,0.006165482,0.0019749023,5,13417,1613
ATCM,0.0060596243,0.0055297264,5,13417,1613
LCCN,0.0058474317,0.0022802996,5,13417,1613
FIPA,0.0058398023,0.0005794624,5,13417,1613
AICQ,0.005796887,0.0017280395,5,13417,1613
FHWA,0.00579641,0.0018790333,5,13417,1613
QHFA,0.005770184,0.050794072,5,13417,1613
