{"run_id": "17:07:20-05/18/2022", "exp_name": "BO_EVO_proposal-function=UCB", "encoder_name": "TAPE_unirep", "model_name": "GPyTorch", "landscape_name": "GB1_combo", "rounds": 5, "expmt_queries_per_round": 384, "model_queries_per_round": 3072}
sequence,model_score,true_score,round,model_cost,measurement_cost
LACC,,0.16533242,0,0,1
THTN,2.4899585,0.0,1,3076,385
RTIP,2.4899585,0.00021943364,1,3076,385
DRYS,2.4899585,0.00056425773,1,3076,385
DRMS,2.4899585,0.00075132155,1,3076,385
YNMS,2.4899585,0.019423164,1,3076,385
DNMS,2.4899585,0.000307207,1,3076,385
ANMS,2.4899585,0.013450686,1,3076,385
ANDS,2.4899585,0.0,1,3076,385
AMDI,2.4899585,0.0,1,3076,385
GTDI,2.4899585,0.00013292608,1,3076,385
ETAR,2.4899585,0.00029570734,1,3076,385
ETQR,2.4899585,0.0,1,3076,385
EHQQ,2.4899585,0.0,1,3076,385
EHKF,2.4899585,0.0,1,3076,385
EQKF,2.4899585,0.0,1,3076,385
EQDF,2.4899585,0.0,1,3076,385
SQDC,2.4899585,0.0010335938,1,3076,385
NQDC,2.4899585,0.00058826874,1,3076,385
NQCC,2.4899585,0.009911774,1,3076,385
TECS,2.4899585,0.00074726035,1,3076,385
AEKS,2.4899585,0.0012365613,1,3076,385
DEKS,2.4899585,0.0,1,3076,385
DEKP,2.4899585,0.0,1,3076,385
DTYS,2.4899585,0.0006213176,1,3076,385
DTSS,2.4899585,0.00014142525,1,3076,385
DRVS,2.4899585,0.0003032757,1,3076,385
DASE,2.4899585,0.0,1,3076,385
SPMM,2.4899585,0.0003027222,1,3076,385
LPCM,2.4899585,0.0013581784,1,3076,385
IVCM,2.4899585,0.013008024,1,3076,385
AVCM,2.4899585,0.028965235,1,3076,385
AVYM,2.4899585,0.004124454,1,3076,385
DVYM,2.4899585,0.0009874512,1,3076,385
DLYK,2.4899585,0.00035446967,1,3076,385
DAVK,2.4899585,0.0,1,3076,385
SASE,2.4899585,0.00012605758,1,3076,385
DGIE,2.4899585,0.0,1,3076,385
DRVF,2.4899585,0.00037617187,1,3076,385
NGQE,2.4899585,0.0,1,3076,385
NGEE,2.4899585,0.0006689185,1,3076,385
RLEE,2.4899585,0.0005288793,1,3076,385
RIEE,2.4899585,0.0002875075,1,3076,385
DIEE,2.4899585,0.0,1,3076,385
DQVE,2.4899585,0.0,1,3076,385
LQVE,2.4899585,0.0005709157,1,3076,385
AQVE,2.4899585,0.0,1,3076,385
DRVE,2.4899585,0.0001280029,1,3076,385
WEKP,2.4899585,0.00023234142,1,3076,385
WEYP,2.4899585,0.00030285225,1,3076,385
WERE,2.4899585,0.00030124042,1,3076,385
MYLT,2.4899585,0.10602649,1,3076,385
DIWQ,2.4899585,0.0,1,3076,385
LFWQ,2.4899585,0.0005545571,1,3076,385
LFMQ,2.4899585,0.0003257571,1,3076,385
LCMM,2.4899585,0.009860701,1,3076,385
LLMM,2.4899585,0.001967989,1,3076,385
LAQM,2.4899585,0.0,1,3076,385
LAKV,2.4899585,0.00046081058,1,3076,385
LALA,2.4899585,0.38195053,1,3076,385
LALR,2.4899585,0.00047670057,1,3076,385
GYLT,2.4899585,0.00034560793,1,3076,385
DERI,2.4899585,0.0,1,3076,385
RYLG,2.4899585,0.04425442,1,3076,385
RIFG,2.4899585,0.10733759,1,3076,385
HIFV,2.4899585,0.06985302,1,3076,385
HIVV,2.4899585,0.0009795516,1,3076,385
HEVV,2.4899585,0.00023088627,1,3076,385
HEVS,2.4899585,0.00028701004,1,3076,385
HEVA,2.4899585,0.0004858386,1,3076,385
AEVA,2.4899585,0.003317836,1,3076,385
AEPG,2.4899585,0.000824621,1,3076,385
DEWQ,2.4899585,0.0,1,3076,385
PERI,2.4899585,0.0002684333,1,3076,385
WVNE,2.4899585,0.00034998267,1,3076,385
IWDC,2.4899585,0.00061899924,1,3076,385
WAKG,2.4899585,0.00036439713,1,3076,385
WAKP,2.4899585,0.00020935363,1,3076,385
WACP,2.4899585,0.0015612731,1,3076,385
WTCN,2.4899585,0.0013796722,1,3076,385
WTDN,2.4899585,0.0003231658,1,3076,385
LTDN,2.4899585,0.00014825007,1,3076,385
DTDN,2.4899585,0.0,1,3076,385
DNDE,2.4899585,0.0,1,3076,385
DWDC,2.4899585,0.0,1,3076,385
IWDS,2.4899585,0.00048720054,1,3076,385
PEDI,2.4899585,0.0,1,3076,385
IWDH,2.4899585,0.0,1,3076,385
HEDH,2.4899585,0.0002737488,1,3076,385
HEFH,2.4899585,0.0,1,3076,385
HMHH,2.4899585,0.00081921875,1,3076,385
HIHH,2.4899585,0.00056425773,1,3076,385
CEHH,2.4899585,0.00025135124,1,3076,385
LEKK,2.4899585,0.0,1,3076,385
HEKY,2.4899585,0.0005760131,1,3076,385
PEKI,2.4899585,0.0,1,3076,385
APMM,2.4899585,0.00046038427,1,3076,385
AGMS,2.4899585,0.0011059452,1,3076,385
AGYS,2.4899585,0.0,1,3076,385
VIGI,2.4899585,0.05519887,1,3076,385
NKLL,2.4899585,0.00027887666,1,3076,385
NKDL,2.4899585,0.00042211649,1,3076,385
NKCL,2.4899585,0.00021770572,1,3076,385
WKRL,2.4899585,0.00057970744,1,3076,385
WARL,2.4899585,0.0006434591,1,3076,385
DRLL,2.4899585,8.327899e-05,1,3076,385
DRGL,2.4899585,0.02726031,1,3076,385
VRGT,2.4899585,0.094883084,1,3076,385
VIGT,2.4899585,0.087890886,1,3076,385
VISI,2.4899585,0.002913949,1,3076,385
NQKD,2.4899585,0.057565816,1,3076,385
VVAI,2.4899585,0.043042194,1,3076,385
FVTI,2.4899585,0.00047262618,1,3076,385
DVTI,2.4899585,0.0,1,3076,385
IVTI,2.4899585,0.0005808536,1,3076,385
IYTA,2.4899585,0.0011035592,1,3076,385
IYVA,2.4899585,0.0027938706,1,3076,385
IYVC,2.4899585,0.0029729712,1,3076,385
IYWC,2.4899585,0.002154439,1,3076,385
GYWN,2.4899585,0.0,1,3076,385
NKEG,2.4899585,0.00022662817,1,3076,385
NQKF,2.4899585,0.0,1,3076,385
DYWF,2.4899585,0.00085545523,1,3076,385
MRKK,2.4899585,0.0,1,3076,385
LRDF,2.4899585,0.00022709351,1,3076,385
LRLF,2.4899585,0.0026306466,1,3076,385
LELF,2.4899585,0.0009534011,1,3076,385
DELF,2.4899585,0.0,1,3076,385
DEKF,2.4899585,0.003215391,1,3076,385
DYKF,2.4899585,0.0,1,3076,385
FYEF,2.4899585,0.0,1,3076,385
FREF,2.4899585,0.00038400877,1,3076,385
FRKF,2.4899585,0.0,1,3076,385
MQNK,2.4899585,0.0,1,3076,385
NQKP,2.4899585,0.0,1,3076,385
MQFK,2.4899585,0.00014325717,1,3076,385
AQFK,2.4899585,0.0019922988,1,3076,385
CQFT,2.4899585,0.119012006,1,3076,385
CQGM,2.4899585,0.08349703,1,3076,385
CQDM,2.4899585,0.00058826874,1,3076,385
RQDM,2.4899585,9.735432e-05,1,3076,385
NQDM,2.4899585,0.0,1,3076,385
NQDS,2.4899585,0.00023835024,1,3076,385
NQMP,2.4899585,0.00023234142,1,3076,385
CYWF,2.4899585,0.00054213003,1,3076,385
DYNF,2.4899585,0.0,1,3076,385
DVYS,2.4899585,0.00029103828,1,3076,385
DECY,2.4899585,0.0,1,3076,385
WMDA,2.4899585,0.0004050658,1,3076,385
WMVA,2.4899585,0.00072276505,1,3076,385
WMKY,2.4899585,0.00024613025,1,3076,385
WFFY,2.4899585,0.00053513487,1,3076,385
FFSY,2.4899585,0.00018070998,1,3076,385
FFIY,2.4899585,0.00018432419,1,3076,385
LFCY,2.4899585,0.0008746492,1,3076,385
NFCY,2.4899585,0.00030052866,1,3076,385
NECY,2.4899585,0.00020480469,1,3076,385
AECY,2.4899585,0.00079904473,1,3076,385
CMLA,2.4899585,0.016600749,1,3076,385
AECS,2.4899585,0.0021268178,1,3076,385
RNWS,2.4899585,0.00037997312,1,3076,385
RNYS,2.4899585,0.00065886107,1,3076,385
RVYS,2.4899585,0.0020031151,1,3076,385
RVDS,2.4899585,0.00028696275,1,3076,385
RVMS,2.4899585,0.00083145866,1,3076,385
NVMS,2.4899585,0.00052379,1,3076,385
NVYS,2.4899585,0.00061169546,1,3076,385
GVYS,2.4899585,0.0006368926,1,3076,385
WMLA,2.4899585,0.21581814,1,3076,385
CQLG,2.4899585,0.14967872,1,3076,385
QVDF,2.4899585,7.7447105e-05,1,3076,385
PRCN,2.4899585,0.0010240235,1,3076,385
QVDD,2.4899585,0.0,1,3076,385
QVDV,2.4899585,0.00012288279,1,3076,385
NVDV,2.4899585,0.00026542688,1,3076,385
NFDQ,2.4899585,0.00092162105,1,3076,385
NFDV,2.4899585,0.000107582215,1,3076,385
PFDD,2.4899585,0.051429115,1,3076,385
PFDP,2.4899585,0.00027609186,1,3076,385
PFCP,2.4899585,0.0011362452,1,3076,385
PRCP,2.4899585,0.0011824572,1,3076,385
PRVC,2.4899585,0.0009993482,1,3076,385
CELG,2.4899585,0.077811696,1,3076,385
PRVS,2.4899585,0.0003057124,1,3076,385
PRNS,2.4899585,0.00035840817,1,3076,385
VRNS,2.4899585,0.0010047748,1,3076,385
VRQP,2.4899585,0.00051519193,1,3076,385
VVQP,2.4899585,0.0,1,3076,385
VEQP,2.4899585,0.0,1,3076,385
CEYP,2.4899585,0.0012406438,1,3076,385
TEYR,2.4899585,0.0,1,3076,385
LELG,2.4899585,0.19909178,1,3076,385
ADPG,2.4899585,0.0009248304,1,3076,385
ADSG,2.4899585,0.000691653,1,3076,385
FIYG,2.4899585,0.12934475,1,3076,385
FEWQ,2.4899585,0.0,1,3076,385
LKHQ,2.4899585,0.0,1,3076,385
SKHL,2.4899585,5.496743e-05,1,3076,385
GAHN,2.4899585,0.00024253188,1,3076,385
RNHN,2.4899585,0.00039639615,1,3076,385
RNHR,2.4899585,0.00020788446,1,3076,385
RNQQ,2.4899585,0.0,1,3076,385
AQQQ,2.4899585,0.0046700947,1,3076,385
FQWQ,2.4899585,0.0,1,3076,385
FYWQ,2.4899585,0.0,1,3076,385
EEWG,2.4899585,0.00054569676,1,3076,385
NRCI,2.4899585,0.0012496556,1,3076,385
NEWG,2.4899585,0.0006010572,1,3076,385
NECG,2.4899585,0.010234577,1,3076,385
NQMG,2.4899585,0.0009534011,1,3076,385
NEMF,2.4899585,0.00033311607,1,3076,385
NEMP,2.4899585,0.00058412604,1,3076,385
HEMR,2.4899585,0.0,1,3076,385
HVMR,2.4899585,0.00020736475,1,3076,385
HVMS,2.4899585,0.0072931433,1,3076,385
SVMI,2.4899585,0.0002726689,1,3076,385
NKHQ,2.4899585,0.0,1,3076,385
NRDI,2.4899585,0.00017280396,1,3076,385
WVMI,2.4899585,0.11674053,1,3076,385
HQDP,2.4899585,0.00013292608,1,3076,385
RVWR,2.4899585,0.00023447072,1,3076,385
AVWR,2.4899585,0.0,1,3076,385
LVWR,2.4899585,0.00015731798,1,3076,385
VEWM,2.4899585,0.0,1,3076,385
LEWM,2.4899585,0.00018937419,1,3076,385
LEWP,2.4899585,0.00043787423,1,3076,385
LEYP,2.4899585,0.0005591858,1,3076,385
HQYP,2.4899585,0.0005027024,1,3076,385
HQVP,2.4899585,0.0006958549,1,3076,385
KIDP,2.4899585,0.00025135124,1,3076,385
NRMI,2.4899585,0.00020788446,1,3076,385
FCDG,2.4899585,0.0,1,3076,385
WIDA,2.4899585,0.0006103451,1,3076,385
AWKA,2.4899585,0.00146906,1,3076,385
AWMP,2.4899585,0.0,1,3076,385
AKMC,2.4899585,0.0027648632,1,3076,385
AKMR,2.4899585,0.0,1,3076,385
AEMR,2.4899585,0.0006097272,1,3076,385
NQMR,2.4899585,0.0011715522,1,3076,385
NPMI,2.4899585,0.0,1,3076,385
NVMI,2.4899585,0.000121800185,1,3076,385
NVDI,2.4899585,0.00021770572,1,3076,385
AVCR,2.4899585,0.0,1,3076,385
QAYP,2.4899585,0.0036257573,1,3076,385
EEYR,2.4899585,0.00025961152,1,3076,385
EEKR,2.4899585,0.0005720407,1,3076,385
WEQR,2.4899585,0.00030450037,1,3076,385
WEYR,2.4899585,0.00022756077,1,3076,385
PEYR,2.4899585,0.0,1,3076,385
PEYP,2.4899585,0.0015799218,1,3076,385
ENYP,2.4899585,0.0005730287,1,3076,385
LNYP,2.4899585,0.0009589121,1,3076,385
LRYP,2.4899585,0.0021283624,1,3076,385
AAYP,2.4899585,0.0,1,3076,385
VRKR,2.4899585,0.00036024273,1,3076,385
DAWI,2.4899585,0.0,1,3076,385
GAWI,2.4899585,0.00027465526,1,3076,385
GACI,2.4899585,0.00021943364,1,3076,385
LACI,2.4899585,0.044682927,1,3076,385
HADI,2.4899585,0.0,1,3076,385
AANI,2.4899585,0.0007359088,1,3076,385
WANY,2.4899585,0.00027902293,1,3076,385
GLST,2.4899585,0.00024134104,1,3076,385
KDNP,2.4899585,0.0002590903,1,3076,385
EPYR,2.4899585,0.0007275955,1,3076,385
VGKR,2.4899585,0.0,1,3076,385
NVVI,2.4899585,0.00039051744,1,3076,385
DIWV,2.4899585,0.0,1,3076,385
NVRH,2.4899585,0.00021105824,1,3076,385
DERH,2.4899585,0.0,1,3076,385
VEHH,2.4899585,0.0,1,3076,385
DEHS,2.4899585,0.0,1,3076,385
DWHF,2.4899585,0.0017139935,1,3076,385
DWAM,2.4899585,0.0,1,3076,385
DIAM,2.4899585,0.0,1,3076,385
VIAM,2.4899585,0.24257581,1,3076,385
VINM,2.4899585,0.00039782203,1,3076,385
DIDV,2.4899585,0.0,1,3076,385
TGKR,2.4899585,0.0009874512,1,3076,385
IADV,2.4899585,0.0007314453,1,3076,385
IAYQ,2.4899585,0.00034560793,1,3076,385
WAYQ,2.4899585,0.00025600588,1,3076,385
NAYQ,2.4899585,0.0002764863,1,3076,385
AAYQ,2.4899585,0.0021372342,1,3076,385
AWYC,2.4899585,0.0032378717,1,3076,385
AWNC,2.4899585,0.0020760777,1,3076,385
CGNC,2.4899585,0.0015360351,1,3076,385
TGKC,2.4899585,0.0036864844,1,3076,385
AVDR,2.4899585,0.0,1,3076,385
AVAR,2.4899585,0.0,1,3076,385
CIYG,2.4899585,0.12739538,1,3076,385
HYHL,2.4899585,0.0003233758,1,3076,385
EDNT,2.4899585,0.00020181481,1,3076,385
NDNT,2.4899585,0.0,1,3076,385
FAVT,2.4899585,0.0011568465,1,3076,385
FRVT,2.4899585,0.0015543015,1,3076,385
FRDS,2.4899585,0.0006010572,1,3076,385
MRPQ,2.4899585,0.00031780035,1,3076,385
MQPQ,2.4899585,0.0,1,3076,385
HQPQ,2.4899585,0.0,1,3076,385
HLHL,2.4899585,0.0004136953,1,3076,385
HYCL,2.4899585,0.0033744394,1,3076,385
SDQA,2.4899585,0.00031182665,1,3076,385
KLVF,2.4899585,0.00025622157,1,3076,385
KLDF,2.4899585,0.00024253188,1,3076,385
KADY,2.4899585,0.00038048576,1,3076,385
NADY,2.4899585,0.0,1,3076,385
NAGY,2.4899585,0.00040540515,1,3076,385
KLGY,2.4899585,0.0002644396,1,3076,385
KQGY,2.4899585,0.0001629585,1,3076,385
KKGM,2.4899585,0.16760883,1,3076,385
TCGM,2.4899585,0.12064858,1,3076,385
SDNV,2.4899585,0.00054213003,1,3076,385
ETTA,2.4899585,0.00086157204,1,3076,385
LQGM,2.4899585,0.13514239,1,3076,385
YTDY,2.4899585,8.302892e-05,1,3076,385
DIYS,2.4899585,0.0,1,3076,385
DFMS,2.4899585,0.00035146566,1,3076,385
YTMS,2.4899585,0.0041509042,1,3076,385
YRMS,2.4899585,0.045933742,1,3076,385
YRYS,2.4899585,0.0009183413,1,3076,385
YIYS,2.4899585,0.0016028193,1,3076,385
YIKS,2.4899585,0.0,1,3076,385
YINY,2.4899585,0.00034778152,1,3076,385
YTEY,2.4899585,8.947777e-05,1,3076,385
YTVY,2.4899585,0.00034627382,1,3076,385
LTTE,2.4899585,0.00015829365,1,3076,385
NTFY,2.4899585,0.0,1,3076,385
HQFY,2.4899585,0.00023631314,1,3076,385
HSFN,2.4899585,0.00046862086,1,3076,385
IVFN,2.4899585,0.0016769777,1,3076,385
DVDN,2.4899585,0.0,1,3076,385
DRDN,2.4899585,0.0,1,3076,385
DRLD,2.4899585,0.0005910719,1,3076,385
DRKD,2.4899585,0.0085748695,1,3076,385
LRTG,2.4899585,0.0013724244,1,3076,385
QQGM,2.4899585,0.12637448,1,3076,385
GQGN,2.4899585,0.00024467814,1,3076,385
IVAR,2.4899585,0.0005374805,1,3076,385
AGAI,2.4899585,0.0006179577,1,3076,385
DIQG,2.4899585,0.0,1,3076,385
DIQL,2.4899585,0.0,1,3076,385
LIQR,2.4899585,0.0,1,3076,385
TILR,2.4899585,0.0004065975,1,3076,385
TILP,2.4899585,0.0012879798,1,3076,385
GTLP,2.4899585,0.00016518969,1,3076,385
GRLP,2.4899585,0.00031418898,1,3076,385
DRLP,2.4899585,0.0005027024,1,3076,385
AESI,2.4899585,0.00075051654,1,3076,385
NMAN,2.4899585,0.00053948554,1,3076,385
DTGG,2.4899585,0.00041266615,1,3076,385
GMAW,2.4899585,0.0002032988,1,3076,385
HMAP,2.4899585,0.0003398156,1,3076,385
HIAP,2.4899585,0.00031780035,1,3076,385
HQAP,2.4899585,0.00014745939,1,3076,385
FQAA,2.4899585,0.2570431,1,3076,385
FQAR,2.4899585,0.00018310349,1,3076,385
AQAR,2.4899585,0.0,1,3076,385
AYAR,2.4899585,0.0,1,3076,385
IRAR,2.4899585,0.00038324838,1,3076,385
DIGG,2.4899585,0.00096169155,1,3076,385
DTAG,2.4899585,0.00090158585,1,3076,385
GFGV,2.4899585,0.0068661794,1,3076,385
VLES,2.4899585,0.00018379903,1,3076,385
AFGP,2.4899585,0.00019891108,1,3076,385
AVGP,2.4899585,0.00016556072,1,3076,385
GVGP,2.4899585,5.2003674e-05,1,3076,385
GVKP,2.4899585,0.00011425057,1,3076,385
GVKS,2.4899585,0.0002663645,1,3076,385
TVKR,2.4899585,0.00039498045,1,3076,385
TVCS,2.4899585,0.005496415,1,3076,385
TILS,2.4899585,0.00062837807,1,3076,385
VILS,2.4899585,0.0022856202,1,3076,385
VLVE,2.4899585,0.00013329227,1,3076,385
DEKA,2.4899585,0.0,1,3076,385
VVVE,2.4899585,0.00053170446,1,3076,385
VPVM,2.4899585,0.00027106507,1,3076,385
VCVK,2.4899585,0.001232251,1,3076,385
VCVV,2.4899585,0.0040839235,1,3076,385
VVAV,2.4899585,0.035498403,1,3076,385
VVYV,2.4899585,0.0054185763,1,3076,385
VEYV,2.4899585,0.0028602034,1,3076,385
DEYV,2.4899585,0.0,1,3076,385
DEPA,2.4899585,0.0,1,3076,385
LADQ,2.4899585,9.945549e-05,1,3076,385
LALG,0.11992623,0.43234852,2,6237,769
FALG,0.112883136,0.38863012,2,6237,769
LQLG,0.10975382,0.308472,2,6237,769
LVGG,0.108476564,0.039018825,2,6237,769
LAFG,0.10655607,0.32301265,2,6237,769
MALG,0.10648161,0.31543428,2,6237,769
LVGA,0.10632883,0.18413797,2,6237,769
FQLG,0.1045945,0.24917904,2,6237,769
FVGG,0.10440543,0.14298293,2,6237,769
LVAG,0.10340801,0.19303884,2,6237,769
LQAG,0.10309516,0.10716228,2,6237,769
LIGG,0.10309012,0.039722186,2,6237,769
LAGA,0.10281879,0.22384723,2,6237,769
VALG,0.10280329,0.421197,2,6237,769
CALG,0.10269545,0.27643567,2,6237,769
FMLG,0.102504924,0.22944023,2,6237,769
IALG,0.10244329,0.34751585,2,6237,769
LAIG,0.10224801,0.0078066727,2,6237,769
LAAG,0.10222553,0.13054794,2,6237,769
WALG,0.101831585,0.44910976,2,6237,769
LKLG,0.10171455,0.41123253,2,6237,769
FALA,0.100633174,0.21905285,2,6237,769
LIAG,0.1005021,0.20789695,2,6237,769
FQGA,0.10028258,0.17800748,2,6237,769
WVLG,0.10025476,0.41241017,2,6237,769
FAGA,0.10014531,0.45811656,2,6237,769
WILG,0.09991573,0.45257968,2,6237,769
FILG,0.09991567,0.4302261,2,6237,769
LAVG,0.099862516,0.040095937,2,6237,769
LAGG,0.09965989,0.030405143,2,6237,769
MQLG,0.09952231,0.20865382,2,6237,769
FIGA,0.09918693,0.32057732,2,6237,769
IVGG,0.09894808,0.052907877,2,6237,769
LDLG,0.09893425,0.321783,2,6237,769
CMLG,0.09861468,0.097126715,2,6237,769
FAGG,0.0983928,0.20213392,2,6237,769
LEAG,0.0983215,0.052728556,2,6237,769
LSLG,0.0980207,0.43842,2,6237,769
FQGG,0.097938284,0.06111803,2,6237,769
LHLG,0.09759183,0.3889241,2,6237,769
LQAA,0.09716655,0.28755412,2,6237,769
CVLG,0.09683378,0.25138903,2,6237,769
VVGG,0.096676394,0.060105722,2,6237,769
FLLG,0.09638442,0.2629824,2,6237,769
LQLA,0.09634538,0.21333072,2,6237,769
LEGA,0.09623748,0.05085597,2,6237,769
LEGA,0.09623666,0.05085597,2,6237,769
FEGG,0.09613122,0.023394996,2,6237,769
CILG,0.096110046,0.2824376,2,6237,769
VQLG,0.09601927,0.18182491,2,6237,769
WLLG,0.09587401,0.28503048,2,6237,769
FSLG,0.09584913,0.36451435,2,6237,769
LTLG,0.09577373,0.21235585,2,6237,769
LRLG,0.09575713,0.5085378,2,6237,769
FEGA,0.09564282,0.10131105,2,6237,769
MALA,0.09558965,0.20517069,2,6237,769
FKLG,0.09554137,0.3920826,2,6237,769
FTGA,0.09539124,0.20716439,2,6237,769
FELG,0.09463878,0.15360351,2,6237,769
WQLG,0.09412345,0.3177629,2,6237,769
MMLG,0.09393147,0.16735005,2,6237,769
MQGA,0.09391987,0.06259023,2,6237,769
FTGG,0.09384519,0.047375467,2,6237,769
MVGG,0.09353782,0.019705715,2,6237,769
FSGA,0.093504116,0.3547478,2,6237,769
LACA,0.093288764,0.54882914,2,6237,769
FAIG,0.093246534,0.0012153245,2,6237,769
MVGA,0.09320368,0.10809752,2,6237,769
YMLG,0.093170404,0.23199575,2,6237,769
FRLG,0.09314199,0.44675708,2,6237,769
LMGA,0.09308833,0.09997197,2,6237,769
CLLG,0.093002304,0.11939023,2,6237,769
FHLG,0.09293212,0.40171048,2,6237,769
FQFG,0.09288855,0.24781367,2,6237,769
MELG,0.09285344,0.11985273,2,6237,769
LTGG,0.09273946,0.010983704,2,6237,769
FKGA,0.0925646,0.2838864,2,6237,769
FNGA,0.09250598,0.3290134,2,6237,769
FMGA,0.09238517,0.19973302,2,6237,769
CKLG,0.09234461,0.22162792,2,6237,769
CHLG,0.09191567,0.25383323,2,6237,769
YQLG,0.09183438,0.27632052,2,6237,769
CQFG,0.091796055,0.18432422,2,6237,769
FQLA,0.09169555,0.13692263,2,6237,769
MILG,0.091416344,0.33188304,2,6237,769
CTLG,0.09141068,0.10010789,2,6237,769
LMGG,0.091193065,0.013300775,2,6237,769
FKGG,0.09082134,0.09660757,2,6237,769
YILG,0.09079741,0.4469118,2,6237,769
FHGA,0.09071942,0.41840854,2,6237,769
FAVG,0.09035511,0.019470869,2,6237,769
CNLG,0.09027432,0.27283597,2,6237,769
FIAA,0.09004551,0.4641554,2,6237,769
IIAG,0.08999023,0.27727833,2,6237,769
VKLG,0.08979347,0.2509059,2,6237,769
LEAA,0.08977036,0.17273317,2,6237,769
LEFG,0.089657456,0.15121794,2,6237,769
FVAA,0.08963916,0.40700093,2,6237,769
VALA,0.089557424,0.17104663,2,6237,769
IALA,0.089451134,0.13730438,2,6237,769
FTAG,0.089065164,0.13201599,2,6237,769
VELG,0.088826284,0.13261557,2,6237,769
CMAG,0.08877765,0.020670224,2,6237,769
LELA,0.08874631,0.1230644,2,6237,769
FMMG,0.08868067,0.09297968,2,6237,769
CSLG,0.0886174,0.27544183,2,6237,769
LQVG,0.0883577,0.011516127,2,6237,769
CQMG,0.08830418,0.09115408,2,6237,769
CALA,0.088196725,0.08432411,2,6237,769
MEGA,0.08810945,0.023552539,2,6237,769
LIMG,0.087924436,0.33140743,2,6237,769
FEAA,0.08744411,0.13580358,2,6237,769
YLLG,0.087352335,0.27305958,2,6237,769
LMCG,0.087311864,0.16176245,2,6237,769
FVLA,0.08726907,0.27791792,2,6237,769
WIMG,0.08693452,0.2511668,2,6237,769
LDLA,0.086814776,0.2758881,2,6237,769
CAMG,0.08668581,0.14816613,2,6237,769
LVGC,0.08668481,0.18538557,2,6237,769
CKAG,0.08665122,0.0641544,2,6237,769
IEGA,0.08662276,0.06183376,2,6237,769
FNAA,0.08637196,0.39565933,2,6237,769
WELG,0.08636603,0.2091725,2,6237,769
WKLG,0.08619338,0.41230226,2,6237,769
LFLG,0.08579084,0.32660505,2,6237,769
CVMG,0.08578582,0.14003366,2,6237,769
FFLG,0.085655496,0.3782583,2,6237,769
FILA,0.085627496,0.33646098,2,6237,769
LQMA,0.085393935,0.23351245,2,6237,769
MQMG,0.085345075,0.08741847,2,6237,769
WHLG,0.08521269,0.41291383,2,6237,769
LAGC,0.08521007,0.2151671,2,6237,769
IVLG,0.085186645,0.2611672,2,6237,769
MEGG,0.085133746,0.0030319649,2,6237,769
FDGA,0.08507629,0.17481071,2,6237,769
VKGG,0.08507404,0.05996815,2,6237,769
FLGA,0.08487558,0.15609229,2,6237,769
IQAA,0.08484489,0.35198614,2,6237,769
FACA,0.08476576,0.40715694,2,6237,769
LSIG,0.08469018,0.008973123,2,6237,769
MDLG,0.0845432,0.23110291,2,6237,769
LNLA,0.08447714,0.3568892,2,6237,769
CLAG,0.08445434,0.021078661,2,6237,769
LDIG,0.084218994,0.006573801,2,6237,769
VDLG,0.08417809,0.3172849,2,6237,769
LKCG,0.084157705,0.29199228,2,6237,769
WRLG,0.08398628,0.53512865,2,6237,769
LLGG,0.08397332,0.008796848,2,6237,769
WYLG,0.08377509,0.42908934,2,6237,769
LLAA,0.083645254,0.23398384,2,6237,769
LAGV,0.08344732,0.22800541,2,6237,769
CQAA,0.08337581,0.19211733,2,6237,769
CFLG,0.08336888,0.15740725,2,6237,769
CQLA,0.083356574,0.027993523,2,6237,769
FDLA,0.08330484,0.12830813,2,6237,769
LHLA,0.08323948,0.27792636,2,6237,769
FDGG,0.083193436,0.0867595,2,6237,769
LVGV,0.08285397,0.17780726,2,6237,769
WSLG,0.08285178,0.46747953,2,6237,769
FLLA,0.082803726,0.085758455,2,6237,769
LCGG,0.082770035,0.024483064,2,6237,769
CEGG,0.08266741,0.0019402549,2,6237,769
FKLA,0.08261265,0.21164536,2,6237,769
FECG,0.08254744,0.037309,2,6237,769
ISGA,0.082490414,0.20170619,2,6237,769
WCLG,0.082474396,0.3738386,2,6237,769
MTGG,0.08245231,0.0061938046,2,6237,769
CKGG,0.08240995,0.0062375315,2,6237,769
FNLA,0.082399935,0.17895591,2,6237,769
LQCA,0.08239159,0.4366505,2,6237,769
LEIG,0.08234614,0.0029520674,2,6237,769
LSVG,0.08232802,0.037709076,2,6237,769
FTAA,0.082208574,0.2516812,2,6237,769
LNCG,0.08218099,0.37963107,2,6237,769
FQMA,0.08206971,0.16886935,2,6237,769
VMGG,0.08203684,0.021609074,2,6237,769
MMLA,0.081935406,0.07179238,2,6237,769
FCGA,0.08186914,0.26031095,2,6237,769
CIAA,0.08111517,0.3086134,2,6237,769
FCGG,0.08111386,0.08870603,2,6237,769
CLMG,0.08089596,0.05478047,2,6237,769
FAGV,0.08089036,0.19354042,2,6237,769
CQVG,0.080828786,0.0071216174,2,6237,769
WIAG,0.08063771,0.113330595,2,6237,769
MACA,0.080486804,0.47140917,2,6237,769
FIGC,0.08024517,0.17767109,2,6237,769
LVIG,0.0801381,0.017209863,2,6237,769
FHFG,0.07995506,0.3010936,2,6237,769
YCLG,0.07987867,0.34801912,2,6237,769
FVGV,0.07980561,0.16012214,2,6237,769
MEAA,0.07973485,0.15169701,2,6237,769
FGLA,0.07971969,0.011336372,2,6237,769
FRLA,0.07969205,0.30669045,2,6237,769
FQFA,0.07944997,0.082390144,2,6237,769
LEMA,0.079276055,0.13984308,2,6237,769
CIIG,0.079240054,0.0056827227,2,6237,769
FQCA,0.07906145,0.22885403,2,6237,769
LVCA,0.07903133,0.4520526,2,6237,769
FSIG,0.07900724,0.0021268178,2,6237,769
CMAA,0.078986034,0.12474128,2,6237,769
LAGL,0.07895669,0.08663238,2,6237,769
LRAA,0.078874886,0.46885478,2,6237,769
IMAA,0.07878438,0.27615374,2,6237,769
FIIG,0.0787379,0.015254417,2,6237,769
FQGL,0.07862371,0.029876247,2,6237,769
CNGA,0.0784411,0.060230594,2,6237,769
LVMA,0.07832281,0.31027505,2,6237,769
MILA,0.07793747,0.2144079,2,6237,769
ICLG,0.07785012,0.2721814,2,6237,769
FVYG,0.0774211,0.09440647,2,6237,769
FDIG,0.077221975,0.0013378371,2,6237,769
LAGS,0.07701251,0.06452902,2,6237,769
FAVA,0.07688491,0.0014945206,2,6237,769
FQYG,0.07682325,0.06023452,2,6237,769
IDGA,0.07679565,0.15249005,2,6237,769
CKIG,0.07677694,0.0024686279,2,6237,769
FSGC,0.07658955,0.2069735,2,6237,769
LMGC,0.07647796,0.09489369,2,6237,769
LICA,0.0763817,0.5028127,2,6237,769
FMMA,0.076362595,0.11149611,2,6237,769
FIMA,0.07628058,0.37216514,2,6237,769
WQAA,0.07616548,0.16403365,2,6237,769
CVYG,0.07578756,0.15841483,2,6237,769
WVGG,0.07570052,0.06344527,2,6237,769
CQFA,0.075617835,0.07148896,2,6237,769
WWLG,0.07551569,0.69382507,2,6237,769
YGLG,0.07550979,0.13803034,2,6237,769
MEIG,0.07537486,0.0019402549,2,6237,769
CLAA,0.075199544,0.12785053,2,6237,769
LTGT,0.07496113,0.073204525,2,6237,769
MAVA,0.074884415,0.0027949628,2,6237,769
CNGG,0.07472807,0.007776178,2,6237,769
FMYG,0.07459951,0.018100902,2,6237,769
IEFG,0.07454077,0.12018167,2,6237,769
FICA,0.07439378,0.39106625,2,6237,769
FYLA,0.074062385,0.15800682,2,6237,769
FFFG,0.07398235,0.22602756,2,6237,769
MDGA,0.073737875,0.06339437,2,6237,769
MVGV,0.07306082,0.12997402,2,6237,769
VNLA,0.07303873,0.1453346,2,6237,769
FMGL,0.072971925,0.033838626,2,6237,769
MEVG,0.07280506,0.0041726427,2,6237,769
FRGC,0.07238749,0.20630133,2,6237,769
LNMA,0.07238607,0.35175005,2,6237,769
LHGT,0.07119761,0.20647801,2,6237,769
VDLA,0.07101865,0.08801481,2,6237,769
LLCA,0.07099401,0.3198636,2,6237,769
CHCG,0.07090731,0.015968194,2,6237,769
LEAC,0.07020593,0.08734285,2,6237,769
FEGL,0.070045955,0.0129266335,2,6237,769
LCGV,0.06998649,0.14468522,2,6237,769
FTMA,0.069964096,0.06888727,2,6237,769
MYGG,0.0695537,0.03840946,2,6237,769
FLCA,0.0695315,0.20146519,2,6237,769
MVCA,0.069298096,0.3305343,2,6237,769
FEFA,0.06916289,0.050498743,2,6237,769
MEGV,0.068757534,0.029385978,2,6237,769
MMGM,0.06872657,0.08300209,2,6237,769
FNYG,0.068625614,0.029294385,2,6237,769
CKGM,0.0686028,0.11576165,2,6237,769
FGGG,0.06839328,0.021214673,2,6237,769
IEIG,0.06811905,0.00065311725,2,6237,769
IVVG,0.06749745,0.07054258,2,6237,769
WNMG,0.067043275,0.24066065,2,6237,769
FCGM,0.06683834,0.12680236,2,6237,769
FNAC,0.06635925,0.11390291,2,6237,769
LDGT,0.065306276,0.07239064,2,6237,769
LQAV,0.0651619,0.013353701,2,6237,769
LEVA,0.06515409,0.00073289947,2,6237,769
CQIA,0.0649887,0.00054213003,2,6237,769
LCCA,0.06422609,0.28679046,2,6237,769
MMGL,0.06365368,0.044387713,2,6237,769
LAGW,0.06351893,0.030293284,2,6237,769
MMLC,0.063200384,0.068187915,2,6237,769
VKGL,0.06282671,0.07087599,2,6237,769
LHAC,0.062536225,0.23424819,2,6237,769
LQLV,0.060956407,0.031627215,2,6237,769
FTVA,0.06053017,0.00096308737,2,6237,769
FWAA,0.060276393,0.8838785,2,6237,769
FFCA,0.060264405,0.43930605,2,6237,769
RQLG,0.05963665,0.03158374,2,6237,769
LEAT,0.059402198,0.0064962404,2,6237,769
MYGM,0.059272453,0.25923732,2,6237,769
FGYG,0.05746631,0.0024883768,2,6237,769
FGGV,0.056728747,0.038485784,2,6237,769
LKAV,0.0556777,0.02347197,2,6237,769
AKGM,0.055647478,0.10137832,2,6237,769
MDLC,0.05417305,0.05769348,2,6237,769
LYAC,0.054081514,0.23703645,2,6237,769
FSAM,0.054017823,0.013824316,2,6237,769
LTLV,0.052987102,0.016675893,2,6237,769
YDIA,0.052621115,0.00016168796,2,6237,769
FGYA,0.05031667,0.0022118906,2,6237,769
AKGL,0.049936175,0.017134363,2,6237,769
MEWA,0.046994366,0.0015591334,2,6237,769
LEAI,0.046882328,0.005990537,2,6237,769
RIIG,0.04558133,0.0005027024,2,6237,769
FLCV,0.04421268,0.013860792,2,6237,769
MPGV,0.0440343,0.015609228,2,6237,769
MTWA,0.039377984,0.0011433645,2,6237,769
ASCA,0.03928795,0.5193606,2,6237,769
WPLM,0.0352623,0.0003822392,2,6237,769
IMAN,0.032124255,0.0007215989,2,6237,769
RSLV,0.028534677,0.00062085927,2,6237,769
HELS,0.02756844,0.00062647957,2,6237,769
FMCW,0.026961122,0.0005120117,2,6237,769
CWFN,0.022656579,0.00581022,2,6237,769
GHGS,0.021898221,0.0014114917,2,6237,769
VELF,0.021638174,0.0009534011,2,6237,769
CGVD,0.02150857,0.0,2,6237,769
FNNC,0.02104861,0.0018432421,2,6237,769
QLLS,0.020776909,0.0013567547,2,6237,769
KGFL,0.020616475,0.00025163713,2,6237,769
QGAI,0.01957437,0.00017437815,2,6237,769
RELQ,0.018332731,0.00023705952,2,6237,769
LHRC,0.018036421,0.00074726035,2,6237,769
RKLR,0.015133228,0.00021175106,2,6237,769
AMVT,0.015081603,0.0021105825,2,6237,769
KNCM,0.014838632,0.002947316,2,6237,769
CQKN,0.014748868,0.0034560792,2,6237,769
LPYM,0.013587367,0.0,2,6237,769
QSDM,0.012922537,0.00066405017,2,6237,769
VSMH,0.012064155,0.0005631086,2,6237,769
RLFR,0.011725407,0.00034081517,2,6237,769
ITWT,0.011544351,0.0007543965,2,6237,769
KEAH,0.011516716,0.00022426472,2,6237,769
RSLK,0.011210386,0.0003506552,2,6237,769
PIET,0.011183392,0.00016311879,2,6237,769
VNHS,0.010951128,0.0043059345,2,6237,769
PLLY,0.010363195,0.0003051725,2,6237,769
NIAE,0.010130566,0.00048791707,2,6237,769
TKLY,0.0097031705,0.0,2,6237,769
LVRQ,0.0076641254,0.00022578685,2,6237,769
KMKV,0.0076269694,0.00041113212,2,6237,769
QYFK,0.006730024,0.0,2,6237,769
PSDL,0.006135389,0.00025059184,2,6237,769
QSSN,0.006132927,0.00022379322,2,6237,769
YECY,0.0060894676,0.0007308008,2,6237,769
AQNT,0.0060825236,0.0010111678,2,6237,769
TNKV,0.006021641,0.0,2,6237,769
WLQW,0.005242761,0.00015219435,2,6237,769
WWQI,0.004830871,0.00020866888,2,6237,769
YDKL,0.0041176938,0.0,2,6237,769
SWWV,0.0037799478,0.001222039,2,6237,769
EMAK,0.0035653524,0.0008507271,2,6237,769
PYVQ,0.0032655932,8.749564e-05,2,6237,769
EHHI,0.0032445565,0.0,2,6237,769
TASN,0.0031056665,0.0,2,6237,769
DYCL,0.0028676875,0.0005027024,2,6237,769
NVVL,0.0023522787,0.00021698636,2,6237,769
NKHK,0.0023051612,0.0006583008,2,6237,769
MADK,0.0022834502,0.0,2,6237,769
TGRI,0.001960013,0.00061441405,2,6237,769
YFVN,0.0018294267,0.00015890023,2,6237,769
HVQT,0.000754904,0.00046301534,2,6237,769
CTPQ,0.000681404,0.00060692115,2,6237,769
STQT,-0.0002792515,0.00036063432,2,6237,769
PNTC,-0.00035090372,0.00036379782,2,6237,769
RYCR,-0.00048819557,0.0005833045,2,6237,769
DTKH,-0.0012007728,0.0,2,6237,769
PARY,-0.001238998,0.00029729717,2,6237,769
SYEM,-0.0013005473,0.0,2,6237,769
EQPR,-0.0013028346,0.0,2,6237,769
WHVK,-0.0019201599,0.00035985204,2,6237,769
PERP,-0.0028561167,0.00031871622,2,6237,769
GSQT,-0.002858404,0.00011472459,2,6237,769
NPAP,-0.0033698715,0.00033809475,2,6237,769
ERNP,-0.0038267635,0.0001092831,2,6237,769
ETCK,-0.0057319812,0.0013999307,2,6237,769
ADFK,-0.0063688867,0.0017136901,2,6237,769
EWHR,-0.006439984,0.0,2,6237,769
VCRW,-0.006574724,0.00040960938,2,6237,769
NDDS,-0.006678678,0.00064299145,2,6237,769
HNVN,-0.006769445,0.00068739697,2,6237,769
EITQ,-0.007353436,0.0006743568,2,6237,769
SVVW,-0.00746743,0.00019068024,2,6237,769
NDPN,-0.008206021,0.0007029313,2,6237,769
VPNN,-0.008217689,0.0,2,6237,769
DLQW,-0.008558173,0.0,2,6237,769
QFVR,-0.008650314,0.00022163235,2,6237,769
VRYK,-0.00927585,0.0001382432,2,6237,769
DHWY,-0.012441434,0.0013532289,2,6237,769
DWEP,-0.013345111,0.0,2,6237,769
ATPH,-0.018554095,0.0,2,6237,769
FWCA,0.5951826,0.7620898,3,9397,1153
FWLG,0.59336716,0.7376769,3,9397,1153
YWAA,0.5765144,0.57216406,3,9397,1153
FWAT,0.5673242,0.08216706,3,9397,1153
FWAS,0.5590366,0.31253454,3,9397,1153
LWAA,0.5505405,0.60803336,3,9397,1153
YWLG,0.54785925,0.568064,3,9397,1153
FWAC,0.5184965,0.31642324,3,9397,1153
WWMG,0.5156333,0.49594036,3,9397,1153
LSCA,0.50927156,0.53052664,3,9397,1153
MWAA,0.5023045,0.4531611,3,9397,1153
LNCA,0.5014104,0.57884896,3,9397,1153
WWLA,0.49936318,0.6346239,3,9397,1153
FWAE,0.49921238,0.0,3,9397,1153
LWCA,0.4894635,0.72920364,3,9397,1153
FWLA,0.488123,0.36941645,3,9397,1153
WWAA,0.48749775,0.41982874,3,9397,1153
FWAQ,0.4863841,0.0010240235,3,9397,1153
FWCG,0.48533076,0.43904123,3,9397,1153
IWAA,0.48291218,0.60950506,3,9397,1153
VWAA,0.47916758,0.61774945,3,9397,1153
LRCA,0.47339088,0.5942575,3,9397,1153
FWAK,0.46930355,0.0,3,9397,1153
YWCA,0.4681828,0.6027101,3,9397,1153
LWLG,0.4582339,0.6498953,3,9397,1153
WWMA,0.45706755,0.62011933,3,9397,1153
WWFG,0.45697922,0.63991135,3,9397,1153
LHCA,0.4473254,0.48656934,3,9397,1153
YWMG,0.4446389,0.38434637,3,9397,1153
WFLG,0.44393224,0.37651998,3,9397,1153
WWCA,0.4408809,0.73461795,3,9397,1153
LTCA,0.43140864,0.27447864,3,9397,1153
FWAI,0.43103164,0.097833626,3,9397,1153
WWVA,0.4294113,0.010895215,3,9397,1153
LKCA,0.42719024,0.478155,3,9397,1153
FWAF,0.42446464,0.005266406,3,9397,1153
LHAA,0.41812718,0.41312164,3,9397,1153
FWAD,0.41615307,0.007127988,3,9397,1153
FWYA,0.41328257,0.023103653,3,9397,1153
WWLS,0.4109233,0.15735573,3,9397,1153
WWAG,0.4094479,0.14581428,3,9397,1153
LYCA,0.40866673,0.5306798,3,9397,1153
VSCA,0.40858775,0.5445462,3,9397,1153
FWCT,0.40797728,0.035780583,3,9397,1153
LYAA,0.40640765,0.49366334,3,9397,1153
LIAA,0.4046495,0.40001738,3,9397,1153
YWAS,0.39580673,0.29989386,3,9397,1153
YWCG,0.3889327,0.43907085,3,9397,1153
WRFG,0.38848752,0.55333173,3,9397,1153
FYGA,0.38744086,0.54883146,3,9397,1153
VWCA,0.38641113,0.5406935,3,9397,1153
WWFA,0.38184804,0.5892799,3,9397,1153
YWVA,0.37731498,0.00317097,3,9397,1153
FWGV,0.37430072,0.3208799,3,9397,1153
LDCA,0.37347347,0.42000845,3,9397,1153
LWAG,0.3728838,0.3353433,3,9397,1153
VWLG,0.37247902,0.44132176,3,9397,1153
YFAA,0.37228024,0.5650018,3,9397,1153
LWCG,0.37007993,0.5564039,3,9397,1153
IWAG,0.36466324,0.4808951,3,9397,1153
WWLE,0.36434317,0.00080018886,3,9397,1153
YWFA,0.36167794,0.20950252,3,9397,1153
INAA,0.36145788,0.50351787,3,9397,1153
VWAG,0.35947883,0.48868126,3,9397,1153
YIAA,0.35872132,0.4476192,3,9397,1153
IRAA,0.35865206,0.554466,3,9397,1153
IIAA,0.3571726,0.42178872,3,9397,1153
FVCA,0.35583287,0.3574214,3,9397,1153
LMCA,0.35464472,0.32558882,3,9397,1153
YWAQ,0.3535334,0.00017499138,3,9397,1153
MYCA,0.35223776,0.45494568,3,9397,1153
LWAM,0.35157233,0.07758467,3,9397,1153
VIAA,0.35127914,0.47236663,3,9397,1153
WWAS,0.35061103,0.01808401,3,9397,1153
FWMT,0.3505904,0.07116123,3,9397,1153
WWMS,0.34613144,0.10791107,3,9397,1153
MWAC,0.3421179,0.17502105,3,9397,1153
FWLT,0.34206396,0.3602313,3,9397,1153
YWAL,0.34152454,0.025051799,3,9397,1153
FWCV,0.3414566,0.055297263,3,9397,1153
YWAK,0.34087074,0.0,3,9397,1153
MWAV,0.3388585,0.015175565,3,9397,1153
FWGS,0.33562917,0.5427464,3,9397,1153
LYLG,0.33504623,0.3776175,3,9397,1153
LGCA,0.33269447,0.4184761,3,9397,1153
MWLA,0.33150756,0.3213555,3,9397,1153
FWCK,0.33141035,0.0025920593,3,9397,1153
VYAA,0.3310026,0.5202131,3,9397,1153
YVAA,0.33063966,0.39461967,3,9397,1153
WWVS,0.3304634,0.001020221,3,9397,1153
WWAE,0.32951164,0.00039954673,3,9397,1153
LWFA,0.32600212,0.26192555,3,9397,1153
WWLK,0.32571584,0.0007960846,3,9397,1153
FWGI,0.32568336,0.10389183,3,9397,1153
WFCA,0.32530874,0.49450403,3,9397,1153
LWVA,0.32490957,0.008702991,3,9397,1153
WSCA,0.32269102,0.4865565,3,9397,1153
FHCA,0.32218844,0.3341878,3,9397,1153
LKAA,0.32193846,0.39849457,3,9397,1153
LRMA,0.32112688,0.39905873,3,9397,1153
FWEA,0.3196622,0.0,3,9397,1153
LILA,0.3183003,0.34792945,3,9397,1153
YWAI,0.318169,0.013708145,3,9397,1153
YWAF,0.3162213,0.0024042288,3,9397,1153
YSCA,0.31566185,0.43158638,3,9397,1153
FWGK,0.31541044,0.0,3,9397,1153
FFGA,0.31413352,0.44614506,3,9397,1153
VAAA,0.3139645,0.6255503,3,9397,1153
YHAA,0.31387275,0.5488027,3,9397,1153
WWCS,0.31308216,0.13073537,3,9397,1153
MWMG,0.31270558,0.3011888,3,9397,1153
VICA,0.3119673,0.4011386,3,9397,1153
LWCT,0.3103199,0.0832163,3,9397,1153
YWCS,0.3096158,0.05905387,3,9397,1153
WWMC,0.30911434,0.32365164,3,9397,1153
LWAE,0.30862814,0.0009008326,3,9397,1153
FWVS,0.3076244,0.00081319513,3,9397,1153
YRFG,0.30564338,0.43045753,3,9397,1153
FWMM,0.30559003,0.03637978,3,9397,1153
LSLA,0.30468446,0.3991555,3,9397,1153
WWAK,0.30467647,0.0007869629,3,9397,1153
VWMG,0.3045786,0.25464517,3,9397,1153
YWCT,0.30382633,0.051798306,3,9397,1153
FWMV,0.30265135,0.017934248,3,9397,1153
FWGR,0.30196148,0.0012760907,3,9397,1153
IWMG,0.3015991,0.245812,3,9397,1153
IWAS,0.3011322,0.30416536,3,9397,1153
WDLG,0.30080122,0.31145856,3,9397,1153
VWAS,0.3007152,0.18212801,3,9397,1153
LKLA,0.29966486,0.31645605,3,9397,1153
MWVA,0.29752797,0.003740514,3,9397,1153
YWAW,0.2952221,0.0014251872,3,9397,1153
YAAA,0.29347748,0.39737582,3,9397,1153
WRAA,0.29323012,0.3093595,3,9397,1153
LWGA,0.29212338,0.27711523,3,9397,1153
LVLA,0.29173976,0.31214324,3,9397,1153
MRFG,0.2910089,0.23322631,3,9397,1153
YVCA,0.2901036,0.41432545,3,9397,1153
LECA,0.28991216,0.25490868,3,9397,1153
WWCE,0.28867716,0.0015695731,3,9397,1153
MWAQ,0.2885958,0.0005808536,3,9397,1153
MWVG,0.28811353,0.0746243,3,9397,1153
WWFS,0.28667146,0.04026385,3,9397,1153
VQAA,0.28648198,0.35871273,3,9397,1153
IKAA,0.2861399,0.44354498,3,9397,1153
YWCE,0.2859879,0.0013824316,3,9397,1153
YAGA,0.28506523,0.35103017,3,9397,1153
FWVE,0.28430182,0.0009372418,3,9397,1153
INCG,0.2831599,0.34291986,3,9397,1153
LWAI,0.28062785,0.05701734,3,9397,1153
LWYA,0.28030533,0.09237644,3,9397,1153
IWAV,0.28009862,0.04267605,3,9397,1153
LHMA,0.27956206,0.3644818,3,9397,1153
FWLV,0.27929825,0.104562104,3,9397,1153
WWLL,0.27926248,0.005685018,3,9397,1153
YWYA,0.2785852,0.023950407,3,9397,1153
YCAA,0.27848035,0.33869573,3,9397,1153
WSMG,0.27547127,0.2674788,3,9397,1153
WWGA,0.2748676,0.26311043,3,9397,1153
YWMC,0.27482027,0.09656388,3,9397,1153
WWMM,0.27453512,0.13598035,3,9397,1153
LWCE,0.2732203,0.0010634089,3,9397,1153
VWGA,0.27318174,0.20311752,3,9397,1153
ASLG,0.27272242,0.27889055,3,9397,1153
FWGN,0.2714882,0.47631052,3,9397,1153
VDCA,0.267264,0.37194687,3,9397,1153
WWCQ,0.26657724,0.0022724902,3,9397,1153
YVLA,0.26638955,0.3071306,3,9397,1153
VWAE,0.2662093,0.0016091797,3,9397,1153
LWWA,0.26535827,0.0032750089,3,9397,1153
FWGW,0.26452583,0.18827403,3,9397,1153
FWML,0.2642631,0.004290305,3,9397,1153
LVYA,0.26157677,0.04414228,3,9397,1153
FHGT,0.2614361,0.3704039,3,9397,1153
LFCG,0.2600413,0.27741662,3,9397,1153
FWNA,0.2594605,0.0,3,9397,1153
WWLP,0.25913137,0.13918719,3,9397,1153
LWCV,0.25771368,0.10103812,3,9397,1153
LNYA,0.25619525,0.027440121,3,9397,1153
LVWA,0.25525814,0.0014745938,3,9397,1153
WWCK,0.25428617,0.008278515,3,9397,1153
FFMA,0.24984245,0.13382284,3,9397,1153
MWAR,0.2494962,0.00024291925,3,9397,1153
VWLA,0.24921076,0.13470641,3,9397,1153
VWAQ,0.2490627,0.0005027024,3,9397,1153
VIAG,0.24877195,0.3092402,3,9397,1153
MWCC,0.24759601,0.26228634,3,9397,1153
IIMG,0.24627952,0.079045616,3,9397,1153
VWAL,0.24624379,0.23272805,3,9397,1153
MKAA,0.24579434,0.30486315,3,9397,1153
YAFG,0.24534898,0.32503894,3,9397,1153
LRGA,0.24415018,0.24146251,3,9397,1153
WKLA,0.2441173,0.367785,3,9397,1153
YSGA,0.24260156,0.30956858,3,9397,1153
YFAG,0.24240856,0.23140354,3,9397,1153
VICG,0.24174528,0.24326336,3,9397,1153
IRAG,0.23954098,0.34573475,3,9397,1153
WYGA,0.2374628,0.23046272,3,9397,1153
VDAA,0.2373914,0.41944376,3,9397,1153
YKAA,0.23695783,0.32659346,3,9397,1153
MWYA,0.23666371,0.06619408,3,9397,1153
MWAD,0.23545443,0.0030861427,3,9397,1153
YWMQ,0.23536162,0.0010949954,3,9397,1153
CNAA,0.23208724,0.35455114,3,9397,1153
MWAW,0.2283964,0.0010054049,3,9397,1153
VRAG,0.22790532,0.37129498,3,9397,1153
WWGG,0.2275426,0.12914127,3,9397,1153
WRGA,0.22721027,0.16542454,3,9397,1153
MAFG,0.22689693,0.24259612,3,9397,1153
WWMW,0.22522874,0.0009051635,3,9397,1153
MYGA,0.22446506,0.13940352,3,9397,1153
IVMG,0.22207443,0.08973981,3,9397,1153
YWFC,0.22192739,0.10200103,3,9397,1153
MYAC,0.2210661,0.149817,3,9397,1153
AILG,0.22036998,0.323489,3,9397,1153
VWAI,0.22007446,0.043844484,3,9397,1153
VRGA,0.21792571,0.22082065,3,9397,1153
IWAK,0.21390258,0.00024147278,3,9397,1153
MWAP,0.21287452,0.0009791253,3,9397,1153
INMG,0.21143131,0.10242983,3,9397,1153
VWVA,0.21122949,0.0017512989,3,9397,1153
FWVY,0.2107554,0.00041266615,3,9397,1153
FWRK,0.20916365,0.0,3,9397,1153
CYAA,0.20912026,0.2544538,3,9397,1153
FWVW,0.20898043,0.00054213003,3,9397,1153
LRAG,0.20782904,0.19710395,3,9397,1153
YTAA,0.20770733,0.28315595,3,9397,1153
VSMG,0.20527343,0.19270648,3,9397,1153
IWWA,0.2032551,0.0030521217,3,9397,1153
IDMG,0.2029367,0.055060953,3,9397,1153
VWWA,0.20177417,0.0011181433,3,9397,1153
MRMA,0.20156597,0.28433254,3,9397,1153
WVLS,0.19961075,0.10386305,3,9397,1153
WWGS,0.1995724,0.12702225,3,9397,1153
YWGW,0.19808213,0.1572516,3,9397,1153
YWFV,0.19506316,0.3409998,3,9397,1153
VAYG,0.18997733,0.23913641,3,9397,1153
CKAA,0.18938605,0.2871039,3,9397,1153
FWTN,0.18905573,0.0,3,9397,1153
MHAC,0.18813841,0.15501072,3,9397,1153
MVFG,0.18810515,0.29536954,3,9397,1153
MWVS,0.18644343,0.00076372095,3,9397,1153
MHGC,0.18619554,0.19643255,3,9397,1153
VWYG,0.1859651,0.21745734,3,9397,1153
FHGD,0.18412761,0.037554126,3,9397,1153
WHGM,0.18162797,0.18642898,3,9397,1153
MNMA,0.17934279,0.21169977,3,9397,1153
YFVG,0.17921273,0.05358166,3,9397,1153
WFCS,0.17593698,0.04537641,3,9397,1153
FWIK,0.17555086,0.0010240235,3,9397,1153
LKTA,0.17395322,0.007403062,3,9397,1153
WKLS,0.17330079,0.084479555,3,9397,1153
FWNV,0.17243855,0.0,3,9397,1153
WHGV,0.1720696,0.01252845,3,9397,1153
IHAS,0.1689574,0.21176338,3,9397,1153
WHGC,0.16779558,0.1339767,3,9397,1153
MHAS,0.16715793,0.09491638,3,9397,1153
LFCE,0.16280381,0.0012071128,3,9397,1153
IIAE,0.1625096,0.0009534011,3,9397,1153
FHGP,0.16167079,0.04153439,3,9397,1153
LLMA,0.1609314,0.1680663,3,9397,1153
ANLA,0.15751009,0.05466889,3,9397,1153
HFLG,0.1566215,0.180383,3,9397,1153
WAGM,0.15340196,0.111485,3,9397,1153
YFCE,0.15154962,0.0011059452,3,9397,1153
WHGS,0.15131657,0.13354544,3,9397,1153
YFVA,0.15089826,0.0010856483,3,9397,1153
YFAF,0.14755778,0.002108794,3,9397,1153
AILA,0.1473351,0.08959557,3,9397,1153
MAFA,0.14527898,0.16354294,3,9397,1153
VVWA,0.14418821,0.0010127705,3,9397,1153
WHGR,0.14351498,0.00075793854,3,9397,1153
TSLA,0.13915215,0.004802131,3,9397,1153
AVMG,0.1375181,0.18278818,3,9397,1153
WHGI,0.1373341,0.0010739377,3,9397,1153
MNYA,0.13596873,0.015272578,3,9397,1153
MRHA,0.13115634,0.000868957,3,9397,1153
IPAA,0.12636115,0.22785568,3,9397,1153
LWLY,0.11840854,0.0013421666,3,9397,1153
WWRS,0.116663024,0.00064299145,3,9397,1153
WRGS,0.115402505,0.18919764,3,9397,1153
ASLE,0.1134703,0.0,3,9397,1153
WYGF,0.11137746,0.24460372,3,9397,1153
WWKS,0.105028674,0.00038873294,3,9397,1153
MFAD,0.103418216,0.0055297264,3,9397,1153
QAGM,0.10331847,0.17593043,3,9397,1153
HFFG,0.10308747,0.055069704,3,9397,1153
WWQS,0.10129337,0.0005760131,3,9397,1153
VSLE,0.099302456,0.00061441405,3,9397,1153
SWLA,0.096875414,0.0062439465,3,9397,1153
MFAP,0.09436856,0.00073628133,3,9397,1153
QHGI,0.09251179,0.04982162,3,9397,1153
WYGY,0.09025411,0.13267405,3,9397,1153
SRLA,0.0846775,0.0017284367,3,9397,1153
AFGA,0.08403364,0.01692287,3,9397,1153
QAGI,0.07768047,0.019965028,3,9397,1153
HFAM,0.07518125,0.00432453,3,9397,1153
INEE,0.06604613,0.0,3,9397,1153
AHFE,0.064253524,0.004460985,3,9397,1153
VPFD,0.055741385,0.0058287466,3,9397,1153
HYGF,0.05421976,0.24309352,3,9397,1153
YYLK,0.053611636,0.000678494,3,9397,1153
WNMR,0.048652932,0.000257436,3,9397,1153
IMAL,0.04696682,0.038254827,3,9397,1153
WNMV,0.046843633,0.1316186,3,9397,1153
PKGD,0.04557415,0.00524304,3,9397,1153
SNWA,0.03815514,0.00056073663,3,9397,1153
ANFW,0.035226613,0.0037638142,3,9397,1153
PFKD,0.033269376,0.121926054,3,9397,1153
YNMQ,0.031178638,0.00035221182,3,9397,1153
HHED,0.02341634,0.0059976326,3,9397,1153
FVTD,0.02082856,0.0060051,3,9397,1153
PEMG,0.019813418,0.0005027024,3,9397,1153
TFLL,0.018735372,0.00037489668,3,9397,1153
NWMV,0.016971346,0.0009372418,3,9397,1153
RRFN,0.015614346,0.00047222257,3,9397,1153
GTGA,0.013364777,0.00051519193,3,9397,1153
MAFN,0.013056174,0.0025465847,3,9397,1153
GYGC,0.012895428,0.03585682,3,9397,1153
KNDN,0.011942118,0.0005502216,3,9397,1153
MSDH,0.011040196,0.00039925822,3,9397,1153
DHWD,0.009626046,0.0015868965,3,9397,1153
FHHY,0.008682698,0.0,3,9397,1153
FCIC,0.007541731,0.0,3,9397,1153
LVYF,0.007033676,0.00042829206,3,9397,1153
PAQT,0.0069327056,0.0,3,9397,1153
DGNL,0.0044946596,0.0,3,9397,1153
VSMH,0.004290536,0.0005631086,3,9397,1153
SVDR,0.0042626113,0.00032149578,3,9397,1153
RWTD,0.0038365722,0.0021426661,3,9397,1153
NSKC,0.0036496595,0.00087773433,3,9397,1153
PDDV,0.0036008283,0.00025135124,3,9397,1153
ICPQ,0.0022085905,0.00013893783,3,9397,1153
DDKT,0.0021344274,0.0,3,9397,1153
IPAW,0.002007708,0.00040461417,3,9397,1153
HRTT,0.00018875301,0.00023835024,3,9397,1153
GKAC,0.00010048598,0.00035675653,3,9397,1153
PAIE,-0.0001270622,0.00028212892,3,9397,1153
HAQC,-0.0011324733,0.00024467814,3,9397,1153
RKCF,-0.0013884157,0.0008102163,3,9397,1153
NVNR,-0.001543045,0.00025135124,3,9397,1153
GTEH,-0.0018143542,0.00018249924,3,9397,1153
TLEN,-0.0022131726,0.00037874837,3,9397,1153
TFHG,-0.002557367,0.0,3,9397,1153
LRRH,-0.0026229173,0.00018026814,3,9397,1153
GHPT,-0.0028674752,0.00037363017,3,9397,1153
SLKW,-0.0034132972,0.00029836656,3,9397,1153
VKHH,-0.0034980923,0.00019749023,3,9397,1153
GDRP,-0.003879577,2.4774721e-05,3,9397,1153
ENER,-0.0041049644,0.0003445313,3,9397,1153
NFYQ,-0.004221361,0.0,3,9397,1153
RWPK,-0.005264245,0.00029570734,3,9397,1153
ATYK,-0.0057295114,0.0005865103,3,9397,1153
CYRT,-0.00634633,0.001232251,3,9397,1153
NYQC,-0.0064697154,0.0008716495,3,9397,1153
QGQS,-0.007840872,0.00019233834,3,9397,1153
EDTE,-0.008378446,0.0002684333,3,9397,1153
FDSY,-0.009056434,0.0,3,9397,1153
DYCP,-0.010068417,0.0020866892,3,9397,1153
EPMS,-0.010555141,0.00039782203,3,9397,1153
GYNE,-0.011065047,0.0,3,9397,1153
IVRK,-0.011547819,0.00027307292,3,9397,1153
HGRR,-0.01322481,0.0002229728,3,9397,1153
TMSH,-0.015149459,0.00020788446,3,9397,1153
IAHF,-0.017210215,0.0,3,9397,1153
GVIM,-0.017255455,0.00027927916,3,9397,1153
IELY,-0.017512843,0.00045826467,3,9397,1153
TLLM,-0.018681556,0.0005266406,3,9397,1153
KYLK,-0.021713182,0.00037874837,3,9397,1153
TAVF,-0.025321633,0.0,3,9397,1153
AGTL,-0.02750516,0.0,3,9397,1153
GTIY,-0.027543634,0.0006010572,3,9397,1153
WTYR,-0.02997195,0.00038857537,3,9397,1153
CLYH,-0.03372641,0.0007983647,3,9397,1153
LQDY,-0.03464131,0.0,3,9397,1153
AKTY,-0.03783855,0.0007745215,3,9397,1153
TQTS,-0.038172856,0.0,3,9397,1153
FMWM,-0.039195135,0.0,3,9397,1153
LCQW,-0.052015178,0.0009534011,3,9397,1153
FMSW,-0.053335875,0.00028503741,3,9397,1153
VEVI,-0.060938552,0.00058826874,3,9397,1153
MMKG,-0.06352939,0.0,3,9397,1153
ILNW,-0.06757265,0.00046862086,3,9397,1153
IMPH,-0.0722238,6.400145e-05,3,9397,1153
FYAA,0.6164031,0.8115687,4,12604,1537
FFAA,0.5565952,0.6989,4,12604,1537
VRAA,0.5538578,0.5382238,4,12604,1537
MWCA,0.5535813,0.58575636,4,12604,1537
YYAA,0.54937756,0.70425415,4,12604,1537
IWCA,0.5405186,0.6060298,4,12604,1537
VACA,0.5305877,0.5776955,4,12604,1537
FWGA,0.52861863,0.49956912,4,12604,1537
WYCA,0.523217,0.6097229,4,12604,1537
VHAA,0.520179,0.51554304,4,12604,1537
VNAA,0.49963778,0.54470915,4,12604,1537
FWAG,0.4930812,0.656655,4,12604,1537
IHAA,0.49121302,0.47544438,4,12604,1537
IYAA,0.4812867,0.44646153,4,12604,1537
FHAA,0.47741735,0.57152176,4,12604,1537
YYCA,0.47663045,0.46443248,4,12604,1537
IRCA,0.47231686,0.44589147,4,12604,1537
ISCA,0.47090134,0.49896404,4,12604,1537
LFCA,0.46260852,0.44891864,4,12604,1537
IWCG,0.45760024,0.48441428,4,12604,1537
WACA,0.45616543,0.46219492,4,12604,1537
MNCA,0.44486576,0.5531759,4,12604,1537
VVAA,0.44460225,0.4542208,4,12604,1537
YRLG,0.44323742,0.476915,4,12604,1537
YACA,0.43350008,0.44731057,4,12604,1537
LWMG,0.42760533,0.48236528,4,12604,1537
LNAA,0.42460966,0.44525883,4,12604,1537
IHCA,0.41900504,0.48184136,4,12604,1537
MSCA,0.41898972,0.46844998,4,12604,1537
FYLG,0.4184799,0.42029762,4,12604,1537
YYGA,0.4182312,0.32055324,4,12604,1537
ISAA,0.41677588,0.5320094,4,12604,1537
LFAA,0.41651946,0.39387694,4,12604,1537
LAAA,0.41641033,0.44254556,4,12604,1537
WRMG,0.4116582,0.33574077,4,12604,1537
IYCA,0.41147077,0.51177466,4,12604,1537
IFAA,0.4103747,0.37927574,4,12604,1537
YICA,0.40902823,0.5125793,4,12604,1537
WYFG,0.40882397,0.3484317,4,12604,1537
IVAA,0.40588152,0.41321227,4,12604,1537
MHCA,0.4028335,0.37637815,4,12604,1537
YHLG,0.40257832,0.40157288,4,12604,1537
YHCA,0.40229914,0.46900564,4,12604,1537
YWFG,0.40217492,0.5056969,4,12604,1537
WHCA,0.395984,0.46946943,4,12604,1537
WVCA,0.39452392,0.4065967,4,12604,1537
FVLG,0.38894874,0.40206322,4,12604,1537
YALG,0.3876965,0.36262736,4,12604,1537
YRCA,0.38373756,0.48062128,4,12604,1537
WRMA,0.37901047,0.42892635,4,12604,1537
YYLG,0.37881342,0.3903197,4,12604,1537
WICA,0.37538052,0.39945072,4,12604,1537
FSCA,0.37524474,0.38775223,4,12604,1537
MYAA,0.37415296,0.34062153,4,12604,1537
VTAA,0.3729789,0.27226463,4,12604,1537
FFGS,0.37297368,0.4357698,4,12604,1537
YNAA,0.37250042,0.39628544,4,12604,1537
YWGS,0.37149096,0.22147557,4,12604,1537
VQCA,0.36833233,0.338886,4,12604,1537
YFGA,0.36753815,0.24566941,4,12604,1537
YWGA,0.3665654,0.19758,4,12604,1537
YKLG,0.36527905,0.36892354,4,12604,1537
VVCA,0.36435747,0.336625,4,12604,1537
WKCA,0.3636443,0.42201206,4,12604,1537
YSAA,0.36317134,0.42666456,4,12604,1537
WTCA,0.36056253,0.25488037,4,12604,1537
IICA,0.35981095,0.32890704,4,12604,1537
VYAG,0.35336107,0.42661706,4,12604,1537
LSAA,0.35314828,0.42917636,4,12604,1537
MQCA,0.3482135,0.3252702,4,12604,1537
YNCA,0.3475059,0.4419662,4,12604,1537
IDCA,0.34749585,0.4166363,4,12604,1537
WYMA,0.3452536,0.35973808,4,12604,1537
IFCA,0.34267098,0.36282918,4,12604,1537
MHAA,0.34061354,0.3197234,4,12604,1537
FKAA,0.33867747,0.36509183,4,12604,1537
MAAA,0.33495623,0.34875733,4,12604,1537
YLAA,0.33321953,0.2789058,4,12604,1537
YRMG,0.3295362,0.28248972,4,12604,1537
WYCG,0.32890755,0.37283993,4,12604,1537
LSMA,0.3257104,0.3792674,4,12604,1537
FRMG,0.32364684,0.23299733,4,12604,1537
ITAA,0.32285705,0.23857263,4,12604,1537
VYCG,0.32261866,0.45027772,4,12604,1537
IYAG,0.32075602,0.3456079,4,12604,1537
LDAA,0.32040212,0.31170952,4,12604,1537
FYGC,0.31686622,0.44035503,4,12604,1537
WYMG,0.3153909,0.30159372,4,12604,1537
WCFG,0.31389397,0.47368187,4,12604,1537
AACA,0.31273386,0.37746394,4,12604,1537
VLAA,0.3111202,0.27221254,4,12604,1537
FLAA,0.3097385,0.29322526,4,12604,1537
ICAA,0.3080828,0.38316688,4,12604,1537
YVFG,0.3053271,0.45346868,4,12604,1537
VSCS,0.3029005,0.028300816,4,12604,1537
LRFA,0.29826504,0.15957427,4,12604,1537
AKCA,0.29541785,0.33652335,4,12604,1537
WTFG,0.2934265,0.34007388,4,12604,1537
YVGA,0.29216504,0.3115615,4,12604,1537
LCAA,0.29177827,0.29019013,4,12604,1537
WCCA,0.29163313,0.29627952,4,12604,1537
YIMG,0.29033998,0.2560097,4,12604,1537
LWMA,0.2878465,0.51193583,4,12604,1537
IRFG,0.28587598,0.2636745,4,12604,1537
YRMA,0.2847551,0.27547088,4,12604,1537
FCCA,0.2841985,0.17754759,4,12604,1537
WACG,0.28281546,0.26026648,4,12604,1537
YNLG,0.28281218,0.38574106,4,12604,1537
YRLA,0.28164652,0.31751725,4,12604,1537
FGCA,0.28156438,0.13789319,4,12604,1537
YGCA,0.2808066,0.18415433,4,12604,1537
VSCT,0.2790295,0.03041553,4,12604,1537
YYFG,0.27632755,0.20565803,4,12604,1537
YDAA,0.27186158,0.1996325,4,12604,1537
FWWG,0.26673278,0.003770268,4,12604,1537
WRWA,0.2663412,0.0046804463,4,12604,1537
IRMA,0.26548856,0.11345967,4,12604,1537
FDAA,0.26547217,0.24970852,4,12604,1537
WYCC,0.264775,0.1706439,4,12604,1537
VVCG,0.26304084,0.21197285,4,12604,1537
IFAG,0.26206732,0.25024354,4,12604,1537
CRAA,0.25924864,0.31916925,4,12604,1537
WRYA,0.2591344,0.013824316,4,12604,1537
YAGT,0.2583812,0.17148824,4,12604,1537
FFGC,0.25810838,0.4404427,4,12604,1537
LHGA,0.25734818,0.3339849,4,12604,1537
YRAG,0.25232536,0.17645971,4,12604,1537
WYWG,0.25171784,0.015291702,4,12604,1537
YYGC,0.25078434,0.39647865,4,12604,1537
LTAA,0.25005627,0.23139256,4,12604,1537
FIAG,0.24986057,0.34017894,4,12604,1537
FVMG,0.2495835,0.18334596,4,12604,1537
FVMG,0.24958204,0.18334596,4,12604,1537
LYMG,0.24650599,0.3046395,4,12604,1537
FMCA,0.24647842,0.17610191,4,12604,1537
IYGA,0.24556239,0.24565688,4,12604,1537
AHAA,0.2452281,0.24730165,4,12604,1537
FSGS,0.2429939,0.33874646,4,12604,1537
CAAA,0.24271077,0.33893123,4,12604,1537
YYMG,0.24163835,0.21602798,4,12604,1537
MDAA,0.2399006,0.24419558,4,12604,1537
WWMV,0.23407023,0.23385392,4,12604,1537
YSGT,0.23265928,0.14142326,4,12604,1537
WFCC,0.22969808,0.12404704,4,12604,1537
FACG,0.22943799,0.15589832,4,12604,1537
YYAC,0.2291276,0.08504579,4,12604,1537
IECA,0.22752531,0.1846601,4,12604,1537
YFFG,0.22652371,0.17950211,4,12604,1537
LYGC,0.22431739,0.43736556,4,12604,1537
YSGS,0.22386156,0.24581917,4,12604,1537
FAWG,0.22362287,0.0035109376,4,12604,1537
VYAC,0.22359206,0.30048534,4,12604,1537
VAMA,0.22255065,0.19538367,4,12604,1537
WRIA,0.2217793,0.0013837973,4,12604,1537
VSCM,0.21755396,0.034075726,4,12604,1537
WSCT,0.21649024,0.03823521,4,12604,1537
FICG,0.21316494,0.26334637,4,12604,1537
ICAG,0.21302342,0.26280072,4,12604,1537
YFLA,0.21194334,0.11751549,4,12604,1537
YFMA,0.2117071,0.12376595,4,12604,1537
LHFA,0.21059574,0.17626533,4,12604,1537
YGAA,0.2105901,0.19749866,4,12604,1537
VSTA,0.20899077,0.00446451,4,12604,1537
FAMA,0.20700367,0.20845205,4,12604,1537
VSMA,0.20614152,0.22224517,4,12604,1537
WYCV,0.20491825,0.17432918,4,12604,1537
YYLA,0.20442623,0.16509378,4,12604,1537
YNAG,0.20207457,0.13427477,4,12604,1537
LVFA,0.20196714,0.24286628,4,12604,1537
MKFG,0.19907011,0.1733869,4,12604,1537
YIMV,0.19743304,0.034061115,4,12604,1537
IPCA,0.1961687,0.3366811,4,12604,1537
WWWC,0.194456,0.014314006,4,12604,1537
MVMG,0.19399683,0.19100921,4,12604,1537
YIAS,0.19385383,0.18318449,4,12604,1537
WGFG,0.19357125,0.19480118,4,12604,1537
IYAS,0.19231881,0.19038808,4,12604,1537
FIAS,0.19129,0.16089353,4,12604,1537
IYFG,0.19087462,0.09071175,4,12604,1537
MHGA,0.19029267,0.1770689,4,12604,1537
YIAC,0.19011766,0.12815636,4,12604,1537
LCCG,0.18759368,0.1567085,4,12604,1537
YFAV,0.18671614,0.008459072,4,12604,1537
WRTA,0.1842664,0.008086039,4,12604,1537
YEAA,0.18270226,0.117676936,4,12604,1537
WWGC,0.18210842,0.23169039,4,12604,1537
VSAM,0.1819551,0.22908866,4,12604,1537
MYAG,0.18121727,0.14126997,4,12604,1537
VYCC,0.17743559,0.18885148,4,12604,1537
WYGC,0.17692046,0.226268,4,12604,1537
AICA,0.17682242,0.45329204,4,12604,1537
WVCC,0.1757991,0.15539232,4,12604,1537
MSMA,0.17508584,0.27145073,4,12604,1537
YIAV,0.16989988,0.010947363,4,12604,1537
MYGF,0.16866799,0.20425816,4,12604,1537
FCCG,0.16839845,0.06510807,4,12604,1537
WIMC,0.16836287,0.17317374,4,12604,1537
YIMC,0.16781567,0.11398998,4,12604,1537
ATCC,0.16632058,0.018535784,4,12604,1537
AVCG,0.16265325,0.16257396,4,12604,1537
YVLS,0.1626233,0.056789197,4,12604,1537
MNAG,0.16184413,0.15220642,4,12604,1537
FWAM,0.16085713,0.065830074,4,12604,1537
IYCC,0.15715696,0.1867026,4,12604,1537
HALG,0.15703012,0.23750424,4,12604,1537
WYWC,0.15575598,0.004201508,4,12604,1537
INFG,0.15541522,0.32512984,4,12604,1537
WFWC,0.15268604,0.0016083692,4,12604,1537
FAWA,0.15013316,0.0021433048,4,12604,1537
YSGV,0.15003592,0.055760052,4,12604,1537
WRTG,0.14901717,0.00060974166,4,12604,1537
WRWC,0.1489769,0.0066279313,4,12604,1537
WHLC,0.14883764,0.40019047,4,12604,1537
YTLA,0.1485231,0.09265502,4,12604,1537
YIMS,0.14827602,0.08545941,4,12604,1537
HYGA,0.14818153,0.07981786,4,12604,1537
ICWG,0.14765917,0.0015360351,4,12604,1537
WYSA,0.14748047,0.01809108,4,12604,1537
MYGC,0.14611284,0.31799787,4,12604,1537
ISAM,0.14447187,0.23346311,4,12604,1537
FRGG,0.14413184,0.12387768,4,12604,1537
VVMG,0.14293961,0.13065538,4,12604,1537
LPAA,0.14132671,0.07908196,4,12604,1537
FDAG,0.13965899,0.10150998,4,12604,1537
VKLA,0.139568,0.06986164,4,12604,1537
CRAT,0.13956209,0.0076553593,4,12604,1537
YSGE,0.13652998,0.0003578339,4,12604,1537
YSGR,0.12930958,0.00040432042,4,12604,1537
WRWM,0.12878862,0.0014922161,4,12604,1537
ATCQ,0.128266,0.0,4,12604,1537
WNLC,0.12659843,0.44136572,4,12604,1537
AYAG,0.12651561,0.0069121583,4,12604,1537
FQCG,0.12637062,0.11000626,4,12604,1537
MNCI,0.12587826,0.082075074,4,12604,1537
VYGG,0.12526865,0.12771034,4,12604,1537
YCFV,0.117683426,0.22952753,4,12604,1537
YAGR,0.11701779,0.000306356,4,12604,1537
IDAE,0.1168457,0.0011331408,4,12604,1537
YFAN,0.11660646,0.0019270258,4,12604,1537
VGMA,0.11650659,0.03486132,4,12604,1537
AYCC,0.11588247,0.03297857,4,12604,1537
WHYC,0.11217061,0.011733243,4,12604,1537
IIVA,0.11138381,0.0035750438,4,12604,1537
FANA,0.11126039,0.0,4,12604,1537
WRMS,0.10916801,0.13431941,4,12604,1537
YIMH,0.10800223,0.00074390945,4,12604,1537
WNMC,0.10745196,0.15586622,4,12604,1537
FVGF,0.10650625,0.06318224,4,12604,1537
WDIA,0.105758764,0.0007366829,4,12604,1537
FIAI,0.10380747,0.025220037,4,12604,1537
ARCT,0.10064561,0.038400877,4,12604,1537
CKYT,0.0968164,0.0101640485,4,12604,1537
ATCW,0.09563405,0.0,4,12604,1537
CRLT,0.09037463,0.14330654,4,12604,1537
QVLG,0.08740822,0.26256672,4,12604,1537
YYRG,0.0840218,0.0006826823,4,12604,1537
YCFC,0.082390234,0.058193788,4,12604,1537
WSWI,0.078867055,0.0018034665,4,12604,1537
YCMC,0.075957134,0.019932736,4,12604,1537
WNSA,0.07437618,0.055133857,4,12604,1537
CQAL,0.07262724,0.023255482,4,12604,1537
FIAP,0.06630175,0.0012736415,4,12604,1537
GSCA,0.065981284,0.012092341,4,12604,1537
MKCI,0.06327304,0.050981075,4,12604,1537
VMGM,0.06076379,0.17768478,4,12604,1537
TACT,0.050430447,0.0017014543,4,12604,1537
HYNW,0.04812768,0.0,4,12604,1537
CWAL,0.046261847,0.09614684,4,12604,1537
ATGV,0.04496894,0.007680176,4,12604,1537
CESM,0.040764406,0.0011232257,4,12604,1537
YLRA,0.038733795,0.0013865338,4,12604,1537
IDWV,0.035221554,0.0016756747,4,12604,1537
CAYE,0.033739477,0.0006869226,4,12604,1537
YHDN,0.030150449,0.00022478565,4,12604,1537
ECSL,0.030081637,0.0023926701,4,12604,1537
KCKQ,0.026371999,0.0,4,12604,1537
PCGP,0.026289348,0.0011222692,4,12604,1537
AGCN,0.02230197,0.00083573745,4,12604,1537
MVME,0.02180971,0.0006912158,4,12604,1537
NCNW,0.021127708,0.0,4,12604,1537
KAKA,0.02071114,0.00025192372,4,12604,1537
HWRW,0.020190952,0.00039782203,4,12604,1537
GRGL,0.017312074,0.0062946947,4,12604,1537
QYHM,0.016839659,0.0,4,12604,1537
DQGE,0.016146421,0.0,4,12604,1537
YHKP,0.015475152,0.00012343137,4,12604,1537
MYLK,0.015166385,0.00029002063,4,12604,1537
CKKR,0.014634242,0.0012086834,4,12604,1537
QILR,0.014494432,0.0003711226,4,12604,1537
RPGP,0.014279572,0.00024541857,4,12604,1537
NRGP,0.014016515,0.00032352138,4,12604,1537
PGEE,0.0139038535,0.00052167237,4,12604,1537
GFWC,0.013687683,0.0,4,12604,1537
NADD,0.01271585,0.009568538,4,12604,1537
IAPY,0.012135653,0.0,4,12604,1537
PSCQ,0.011923624,0.0008175671,4,12604,1537
EHKM,0.011300037,0.0019306015,4,12604,1537
ERKQ,0.00997027,0.0,4,12604,1537
PSKG,0.00988334,0.00018556125,4,12604,1537
ATGR,0.009599915,0.0,4,12604,1537
YNWN,0.009402571,0.0011659062,4,12604,1537
GYWY,0.009298375,0.0,4,12604,1537
QWYY,0.008428926,0.0,4,12604,1537
PITS,0.008143101,0.00021295482,4,12604,1537
VIDC,0.008109262,0.0006999654,4,12604,1537
MCPW,0.00774551,0.00091400434,4,12604,1537
STTM,0.007633457,0.0002744281,4,12604,1537
KDCR,0.007604724,0.00044451174,4,12604,1537
DDEM,0.006989343,0.0013845004,4,12604,1537
INVH,0.006922273,0.00017970323,4,12604,1537
RNAE,0.006841311,0.0002495865,4,12604,1537
GWKA,0.006434215,0.0,4,12604,1537
KKHW,0.006143829,0.00025135124,4,12604,1537
TNRT,0.0061314013,0.00014551914,4,12604,1537
QPER,0.0054402966,0.00020083752,4,12604,1537
PMVE,0.00486592,5.796357e-05,4,12604,1537
WNVR,0.0046710204,0.00028370795,4,12604,1537
PDTP,0.004508691,0.00011666092,4,12604,1537
KRAY,0.0042263437,0.00021268176,4,12604,1537
QQTK,0.0035476256,0.00058826874,4,12604,1537
NKCE,0.0035088006,0.0005474977,4,12604,1537
PNDR,0.0032561347,0.00024834098,4,12604,1537
DIMK,0.0032387096,0.0,4,12604,1537
KLES,0.0026708487,0.0004439566,4,12604,1537
HDIF,0.0016711466,0.0003106588,4,12604,1537
AGKS,0.001653498,0.0,4,12604,1537
QRYT,0.0016398001,0.03296568,4,12604,1537
PVTT,0.0015606005,0.000110153866,4,12604,1537
ENCR,0.0010565612,0.00029103828,4,12604,1537
PANT,0.0010299534,0.0006178465,4,12604,1537
TPSA,-9.778328e-05,0.0024344707,4,12604,1537
RDNQ,-0.000103171915,0.00011866362,4,12604,1537
EVII,-0.00046138838,0.00038136047,4,12604,1537
RQHT,-0.00052405335,0.00034647406,4,12604,1537
GIER,-0.0006597135,0.0005131997,4,12604,1537
DSHL,-0.0009542536,0.0,4,12604,1537
KTER,-0.00110819,0.00022580552,4,12604,1537
GTII,-0.0014633555,0.0,4,12604,1537
YNTD,-0.0015888233,0.0020631675,4,12604,1537
RLEC,-0.0022528376,0.0006213176,4,12604,1537
EMLT,-0.0023484137,0.061032884,4,12604,1537
DYQV,-0.0032907687,0.0,4,12604,1537
NMHY,-0.0036502834,0.0,4,12604,1537
HFVD,-0.0043484587,0.003412721,4,12604,1537
TMNT,-0.004385883,0.00039125426,4,12604,1537
GKIL,-0.0044297148,8.378378e-05,4,12604,1537
IVQP,-0.004508393,8.559946e-05,4,12604,1537
SWMC,-0.004585685,0.0015360351,4,12604,1537
IKQT,-0.0046001244,0.00031902269,4,12604,1537
YTEM,-0.0049237777,0.0004106233,4,12604,1537
RKMI,-0.0073028225,0.0005162608,4,12604,1537
AMGH,-0.0075630564,0.0020736475,4,12604,1537
VGER,-0.008111523,0.00054213003,4,12604,1537
SEFR,-0.0086237695,0.0002637389,4,12604,1537
SHLI,-0.0089717675,0.00043200987,4,12604,1537
MRWP,-0.009283328,0.00022724905,4,12604,1537
TLNP,-0.009523692,0.00039079334,4,12604,1537
HEYH,-0.009736946,0.0,4,12604,1537
TQYR,-0.009792024,0.0,4,12604,1537
GFSR,-0.010089228,0.00021052259,4,12604,1537
TYQE,-0.010454314,0.008721227,4,12604,1537
THFD,-0.010916697,0.010486849,4,12604,1537
HFWS,-0.011118608,0.00034998267,4,12604,1537
NMIE,-0.012371121,0.00019470864,4,12604,1537
TVGR,-0.012430714,0.00028800662,4,12604,1537
QSDA,-0.013071785,0.00028763205,4,12604,1537
LYSW,-0.015707122,0.00031206128,4,12604,1537
AVTQ,-0.024834977,0.0012021145,4,12604,1537
SNLR,-0.025346627,0.0002737488,4,12604,1537
FQVY,-0.025571587,0.0002211891,4,12604,1537
MSII,-0.02581835,0.00038832347,4,12604,1537
CLTH,-0.025980296,0.00052714266,4,12604,1537
TGLK,-0.026281642,0.00047670057,4,12604,1537
LHVR,-0.026507037,0.00033435554,4,12604,1537
FFML,-0.029050069,0.0025781682,4,12604,1537
MWQV,-0.02998625,0.0,4,12604,1537
MRER,-0.03367497,0.00021770572,4,12604,1537
LKSP,-0.03534092,0.00029016557,4,12604,1537
LEKM,-0.043312833,0.0004065975,4,12604,1537
IMVG,-0.043737873,0.010532087,4,12604,1537
LMNL,-0.045015857,0.0003576065,4,12604,1537
YMCN,-0.045801327,0.0012800293,4,12604,1537
MEHF,-0.055322573,0.00041266615,4,12604,1537
MAIR,-0.14185338,0.00011239282,4,12604,1537
IAAA,0.5605496,0.5920644,5,15859,1921
VSAA,0.52818745,0.54937875,5,15859,1921
VYCA,0.5222576,0.5407047,5,15859,1921
VNCA,0.5177249,0.54779893,5,15859,1921
IACA,0.51376677,0.5219607,5,15859,1921
INCA,0.5135696,0.54149586,5,15859,1921
FWMG,0.511774,0.30931908,5,15859,1921
FWFG,0.49823412,0.52186793,5,15859,1921
VHCA,0.48350316,0.5107968,5,15859,1921
VWCG,0.47983792,0.52290606,5,15859,1921
WKFG,0.45722583,0.4492211,5,15859,1921
WWCG,0.44962162,0.4619385,5,15859,1921
WYAA,0.44700363,0.3194099,5,15859,1921
FAAA,0.44648424,0.40680578,5,15859,1921
WVFG,0.42247215,0.518634,5,15859,1921
WAFG,0.42054456,0.49196577,5,15859,1921
FYGT,0.41188383,0.44964066,5,15859,1921
WNLG,0.40485448,0.4271078,5,15859,1921
IDAA,0.4025104,0.39657015,5,15859,1921
WIFG,0.4009297,0.5167892,5,15859,1921
FWGG,0.39836594,0.2718782,5,15859,1921
MKCA,0.39793664,0.39733562,5,15859,1921
WHFG,0.39255908,0.42699882,5,15859,1921
LVAA,0.37927654,0.40077633,5,15859,1921
FWVG,0.37510687,0.14564905,5,15859,1921
ANCA,0.37355307,0.7623123,5,15859,1921
FWGT,0.3678873,0.3681876,5,15859,1921
WHAA,0.36635414,0.26855397,5,15859,1921
WRLC,0.3662509,0.51591796,5,15859,1921
WNFG,0.36543968,0.42561683,5,15859,1921
WKMA,0.36152464,0.29523528,5,15859,1921
VAAG,0.36060724,0.25045052,5,15859,1921
MNAA,0.36054006,0.34277028,5,15859,1921
IKCA,0.3597814,0.35345688,5,15859,1921
LIMA,0.35806763,0.34833845,5,15859,1921
FFGT,0.35291597,0.35909685,5,15859,1921
WWVG,0.35219637,0.16132307,5,15859,1921
FVGA,0.3499961,0.2972862,5,15859,1921
WFFG,0.3485468,0.29846275,5,15859,1921
WHLA,0.34508288,0.3672762,5,15859,1921
VGCA,0.34506157,0.322613,5,15859,1921
FCAA,0.34407094,0.28021422,5,15859,1921
VAFG,0.3438959,0.45303172,5,15859,1921
WILA,0.33903587,0.40551814,5,15859,1921
MVLG,0.33866885,0.29930857,5,15859,1921
MSAA,0.3363402,0.35259682,5,15859,1921
VNFG,0.3274379,0.39093727,5,15859,1921
VMAA,0.32495984,0.29240346,5,15859,1921
LKMA,0.31693697,0.29223198,5,15859,1921
WWLC,0.3164416,0.69176656,5,15859,1921
FYCG,0.31598222,0.35597613,5,15859,1921
YNFG,0.31560513,0.28253445,5,15859,1921
AMCA,0.3146062,0.17766806,5,15859,1921
LHCG,0.31312403,0.32710773,5,15859,1921
IVCA,0.31260744,0.36801228,5,15859,1921
CHAA,0.3115996,0.38999736,5,15859,1921
FWTA,0.31095353,0.0018432421,5,15859,1921
FKFG,0.3099451,0.31378415,5,15859,1921
IAAG,0.3077204,0.36003068,5,15859,1921
WLFG,0.30622515,0.3868158,5,15859,1921
AVLG,0.30609274,0.2987836,5,15859,1921
AQCA,0.30439553,0.2777411,5,15859,1921
YYCG,0.30248317,0.3494215,5,15859,1921
FAGT,0.29938862,0.34113532,5,15859,1921
WMFG,0.2991347,0.24620052,5,15859,1921
FWGD,0.29891682,0.024146939,5,15859,1921
WSCG,0.29661432,0.26721334,5,15859,1921
VSAG,0.29426587,0.34150407,5,15859,1921
FYSA,0.290708,0.13328294,5,15859,1921
WMLG,0.29009363,0.24140851,5,15859,1921
MHLG,0.28661653,0.2935551,5,15859,1921
FHMA,0.28469637,0.29234362,5,15859,1921
VAAC,0.28104612,0.27288,5,15859,1921
WVAA,0.27965403,0.2713078,5,15859,1921
WSAA,0.27887055,0.26397574,5,15859,1921
FWTG,0.27836826,0.0019289743,5,15859,1921
LHFG,0.2774712,0.29218587,5,15859,1921
LKFG,0.27480537,0.2891935,5,15859,1921
FAFG,0.27238432,0.33422318,5,15859,1921
VEAA,0.27173606,0.20426314,5,15859,1921
FNGT,0.2647548,0.27406293,5,15859,1921
FYAT,0.26438943,0.18745509,5,15859,1921
WTLC,0.2636939,0.2210844,5,15859,1921
FYGH,0.26289007,0.052061785,5,15859,1921
VAAM,0.26182464,0.16140823,5,15859,1921
LWMS,0.2594454,0.12954514,5,15859,1921
WDFG,0.2589028,0.27473515,5,15859,1921
FYGF,0.2579958,0.28448987,5,15859,1921
IWFG,0.25480792,0.416977,5,15859,1921
VYGM,0.25057182,0.36402047,5,15859,1921
FNFG,0.24892792,0.25928274,5,15859,1921
FYAC,0.24649009,0.3349052,5,15859,1921
LWVG,0.24186096,0.112953395,5,15859,1921
VNAM,0.23862559,0.23294252,5,15859,1921
ILAA,0.23837534,0.25153887,5,15859,1921
VDAG,0.23351705,0.23886138,5,15859,1921
YQAA,0.23263404,0.24502935,5,15859,1921
MCLG,0.23199052,0.24327618,5,15859,1921
IAAS,0.23187754,0.13752429,5,15859,1921
FDCA,0.2307327,0.22877014,5,15859,1921
FVFA,0.23072028,0.25414586,5,15859,1921
YVAG,0.22807589,0.228368,5,15859,1921
MMCA,0.2280319,0.20506835,5,15859,1921
MHMA,0.22668402,0.2534458,5,15859,1921
IAAT,0.22540054,0.024052542,5,15859,1921
FKMA,0.22463381,0.21038881,5,15859,1921
YKMA,0.21802062,0.19671842,5,15859,1921
VNGA,0.21445103,0.27217352,5,15859,1921
FWGM,0.21121988,0.33869573,5,15859,1921
WRMV,0.21043581,0.18119949,5,15859,1921
WSVG,0.20829526,0.029474758,5,15859,1921
IKFG,0.2063254,0.17661685,5,15859,1921
VDAM,0.20190568,0.15157375,5,15859,1921
YRLC,0.20168197,0.3712286,5,15859,1921
FGAA,0.1998228,0.21715276,5,15859,1921
WLLA,0.19952255,0.19568585,5,15859,1921
LFGV,0.19843042,0.40643904,5,15859,1921
IGLG,0.19405073,0.15547997,5,15859,1921
VLAG,0.18926704,0.14312342,5,15859,1921
FIGT,0.18905576,0.30049014,5,15859,1921
YFGT,0.18691602,0.06075309,5,15859,1921
VYGF,0.18597406,0.33272883,5,15859,1921
WNLM,0.1849214,0.005935691,5,15859,1921
YKLC,0.18386564,0.26413268,5,15859,1921
FYGD,0.18361023,0.03951247,5,15859,1921
LSAG,0.1830686,0.13174681,5,15859,1921
WSVC,0.18275732,0.0028150321,5,15859,1921
WRCV,0.18137139,0.20583192,5,15859,1921
VSYG,0.18015212,0.19452581,5,15859,1921
LNGM,0.1800964,0.16384375,5,15859,1921
FRGM,0.17993677,0.1629643,5,15859,1921
WYIG,0.17932422,0.033768773,5,15859,1921
MTAA,0.175917,0.16768654,5,15859,1921
WAFV,0.17487225,0.49237737,5,15859,1921
VNGM,0.17393535,0.17309752,5,15859,1921
WRFV,0.17327905,0.5642418,5,15859,1921
WRML,0.17253931,0.006351605,5,15859,1921
YVFM,0.17174435,0.0031463592,5,15859,1921
LYGH,0.17115173,0.03640531,5,15859,1921
LRMS,0.17081347,0.13059933,5,15859,1921
WKFV,0.17033796,0.45298123,5,15859,1921
VEAG,0.16842332,0.11478372,5,15859,1921
IGFG,0.16631216,0.13130301,5,15859,1921
THCA,0.16628416,0.5279572,5,15859,1921
FAGH,0.16351108,0.001658918,5,15859,1921
THLG,0.16306667,0.15613346,5,15859,1921
VWGG,0.16146907,0.10529521,5,15859,1921
IWAT,0.15972856,0.041631043,5,15859,1921
FMGT,0.15899524,0.13104379,5,15859,1921
YWFM,0.15804046,0.0049372558,5,15859,1921
ISVA,0.15530589,0.004682043,5,15859,1921
FSLC,0.15151717,0.18028037,5,15859,1921
FIGM,0.15126963,0.12809366,5,15859,1921
WACV,0.15100494,0.11192221,5,15859,1921
FVSA,0.15035996,0.086444855,5,15859,1921
WYAG,0.14969563,0.07129397,5,15859,1921
FYTG,0.14742717,0.0008253323,5,15859,1921
FHMC,0.14716753,0.0942567,5,15859,1921
LICL,0.14462346,0.030478477,5,15859,1921
IVAT,0.14275154,0.062003203,5,15859,1921
YFGV,0.14274667,0.1428401,5,15859,1921
VWGN,0.14002684,0.24455266,5,15859,1921
FYSG,0.13990825,0.01162044,5,15859,1921
IWGM,0.13939914,0.52750933,5,15859,1921
ISWA,0.13860556,0.0011638029,5,15859,1921
WIMV,0.13838682,0.12811,5,15859,1921
WFIG,0.13705891,0.01878502,5,15859,1921
FIGN,0.136471,0.10269492,5,15859,1921
IMGM,0.13579978,0.11517894,5,15859,1921
FVFC,0.13555637,0.092820406,5,15859,1921
INVA,0.13403714,0.004598758,5,15859,1921
WEVC,0.13275653,0.00092470343,5,15859,1921
TDCA,0.1316434,0.2488377,5,15859,1921
WKIG,0.13133758,0.020219985,5,15859,1921
WRMT,0.12878698,0.23128287,5,15859,1921
LHYG,0.1257606,0.14085563,5,15859,1921
VCGM,0.12365577,0.16400892,5,15859,1921
FNSA,0.12303569,0.081493534,5,15859,1921
WNLT,0.11654253,0.41009384,5,15859,1921
VACM,0.116342545,0.027242035,5,15859,1921
VGAM,0.11582649,0.030001707,5,15859,1921
LRME,0.111921936,0.00034254947,5,15859,1921
YVCM,0.11155537,0.14015143,5,15859,1921
IAAI,0.10972124,0.047397655,5,15859,1921
VYGH,0.108428955,0.044676963,5,15859,1921
VYGN,0.105949014,0.394495,5,15859,1921
YYFM,0.10216117,0.004544981,5,15859,1921
WYAC,0.10208544,0.04599431,5,15859,1921
FMGM,0.09974863,0.07263624,5,15859,1921
VWAV,0.098002106,0.025506837,5,15859,1921
VWWG,0.091052115,0.0036735944,5,15859,1921
WVAC,0.09047148,0.062170833,5,15859,1921
IGVG,0.088611074,0.01484169,5,15859,1921
WMFL,0.08313562,0.0014349122,5,15859,1921
IPVG,0.082401514,0.0006573226,5,15859,1921
VIFC,0.08233007,0.020072317,5,15859,1921
YRLR,0.08202371,0.0005950994,5,15859,1921
FSFC,0.07826546,0.07340345,5,15859,1921
WCVC,0.07387528,0.0032821067,5,15859,1921
IDCH,0.071883485,0.0,5,15859,1921
FRFV,0.07179767,0.21880403,5,15859,1921
IPMG,0.06755507,0.0146122305,5,15859,1921
MRLR,0.06702135,0.00033086288,5,15859,1921
ISRA,0.06696725,0.003248958,5,15859,1921
CKCV,0.06530803,0.0035383666,5,15859,1921
WLGS,0.061776236,0.054191686,5,15859,1921
YECC,0.061715953,0.023698827,5,15859,1921
MRMR,0.057245784,0.00041846576,5,15859,1921
LWNG,0.052558035,0.0066811605,5,15859,1921
LFCM,0.052506804,0.05848947,5,15859,1921
FYSL,0.048465073,0.00087006186,5,15859,1921
VEAY,0.04577002,0.00023040529,5,15859,1921
WSRA,0.045375533,0.057674892,5,15859,1921
NLFG,0.044856906,0.0022662813,5,15859,1921
FAFM,0.042998552,0.002827701,5,15859,1921
WSVI,0.040536396,0.0009160506,5,15859,1921
LNTG,0.0343723,0.0010464622,5,15859,1921
AGCC,0.03384848,0.015234395,5,15859,1921
VWYC,0.032696456,0.009433063,5,15859,1921
FEAG,0.032249898,0.07116123,5,15859,1921
VLAY,0.029465856,0.0006369566,5,15859,1921
ISLF,0.028795743,0.0008189761,5,15859,1921
KAAT,0.028297814,0.00046132313,5,15859,1921
AERM,0.025970692,0.0011713506,5,15859,1921
TCSC,0.025587458,0.0012859829,5,15859,1921
LDQA,0.024820749,0.0014648282,5,15859,1921
FDYA,0.023994567,0.0068268226,5,15859,1921
CDVW,0.021411048,0.0007331077,5,15859,1921
QICW,0.020178499,0.0016360137,5,15859,1921
WGLN,0.01880181,0.00045253828,5,15859,1921
IPQG,0.018782783,0.0,5,15859,1921
LWYC,0.018494936,0.016487716,5,15859,1921
SCSN,0.0161558,0.00095066935,5,15859,1921
ASEY,0.013324438,0.0,5,15859,1921
EQAQ,0.012912435,0.0,5,15859,1921
HCIY,0.012641089,0.0006583008,5,15859,1921
TCYW,0.011931563,0.0,5,15859,1921
RKND,0.011661805,0.0017703279,5,15859,1921
ACAK,0.0115329195,0.0023551546,5,15859,1921
WDMN,0.011239225,0.00072284,5,15859,1921
GLLC,0.011068257,0.00028212892,5,15859,1921
QEAF,0.0104506835,0.0002277482,5,15859,1921
ECAL,0.009714523,0.010408897,5,15859,1921
RKES,0.009587677,0.0004359396,5,15859,1921
ETFP,0.008748744,0.00029729717,5,15859,1921
ASIS,0.008686291,0.0002764863,5,15859,1921
TENF,0.008457767,0.0,5,15859,1921
SMDM,0.008087741,0.00049625745,5,15859,1921
DIGT,0.008039886,0.00080725935,5,15859,1921
KTHM,0.008015299,0.00046664357,5,15859,1921
HMLL,0.007943662,0.00040333526,5,15859,1921
CVPS,0.007745767,0.00060038787,5,15859,1921
QPWA,0.0076077357,0.00027435244,5,15859,1921
ICVP,0.007508645,0.0018910151,5,15859,1921
VNTF,0.0071746837,0.00030162145,5,15859,1921
SSKQ,0.00690889,0.0,5,15859,1921
PCPK,0.006899549,0.0004253636,5,15859,1921
PEED,0.0068926634,0.10944218,5,15859,1921
SHWV,0.0062918644,0.00053513487,5,15859,1921
HYMP,0.006151216,0.00020480469,5,15859,1921
EHMP,0.0059693176,0.00029729717,5,15859,1921
SYQK,0.005620012,0.00081319513,5,15859,1921
PLSW,0.0052537173,0.00016335968,5,15859,1921
MFMN,0.0050953347,0.00051066076,5,15859,1921
PGAF,0.0048492067,0.0007422452,5,15859,1921
CHHH,0.0045228805,0.00038400877,5,15859,1921
GRGN,0.0043182727,0.0005296673,5,15859,1921
ACHW,0.004201522,0.0018750869,5,15859,1921
SSEF,0.004066499,0.00021656894,5,15859,1921
CNQP,0.003794793,0.00054569676,5,15859,1921
SGAY,0.0037347618,0.00013755541,5,15859,1921
GYQE,0.0036990847,0.0009785565,5,15859,1921
DMMR,0.0035344865,0.00019891108,5,15859,1921
LPGS,0.0034310576,0.0024595852,5,15859,1921
CLRH,0.0033912081,0.0013991607,5,15859,1921
NKHL,0.0033260286,0.0001553294,5,15859,1921
VQEW,0.0033143368,0.0,5,15859,1921
ADRN,0.0031098267,0.0014551912,5,15859,1921
SVWN,0.0030045155,0.00017137585,5,15859,1921
KPNS,0.0029951818,0.00023835024,5,15859,1921
DPCW,0.0027541807,0.0019749023,5,15859,1921
IFLT,0.0027230699,0.013651904,5,15859,1921
DFPY,0.0024925712,0.0,5,15859,1921
GLNM,0.0024021287,0.0,5,15859,1921
EYKQ,0.0022726245,0.00091540784,5,15859,1921
PDGG,0.002243286,0.001308811,5,15859,1921
NGQE,0.002201627,0.0,5,15859,1921
RFWD,0.0021632928,0.0021922665,5,15859,1921
HMPS,0.0021507908,0.0003770268,5,15859,1921
HNHN,0.0018750187,0.0,5,15859,1921
HNDA,0.0018286426,0.00049246923,5,15859,1921
DTHF,0.0017766925,0.0,5,15859,1921
DDHE,0.0016248375,0.0022526733,5,15859,1921
NHEA,0.0013650153,0.00021433049,5,15859,1921
KKLC,0.0013266373,0.0014425373,5,15859,1921
GDET,0.0012514647,0.00013103615,5,15859,1921
WWAK,0.0012404937,0.0007869629,5,15859,1921
HAPK,0.00078224204,0.0005502216,5,15859,1921
DAVE,0.0006999802,0.0,5,15859,1921
EDLW,0.00054601394,0.0006855033,5,15859,1921
DEWL,0.00044806767,0.0,5,15859,1921
PPIR,0.0004143631,0.0006356007,5,15859,1921
NYKA,0.00036615692,0.0,5,15859,1921
RNPP,0.00022442173,0.00041564394,5,15859,1921
DREI,0.00014708377,0.0,5,15859,1921
SAYR,-6.205402e-05,0.00034935097,5,15859,1921
DSMR,-0.00013997406,0.00016168796,5,15859,1921
GACL,-0.00014643185,0.00017499138,5,15859,1921
DKEP,-0.00020419108,0.0007825085,5,15859,1921
MAGK,-0.00035604648,0.00024253188,5,15859,1921
EMDY,-0.0005690735,0.00054213003,5,15859,1921
SHAG,-0.00057396106,0.008669486,5,15859,1921
CEDW,-0.0006836951,0.0010240235,5,15859,1921
EVDA,-0.0006857682,0.00030383116,5,15859,1921
LKDS,-0.0008012336,0.00050162943,5,15859,1921
GRRL,-0.001031531,4.2999414e-05,5,15859,1921
NECL,-0.001493298,0.00038534682,5,15859,1921
SQNG,-0.0017851628,0.0018031717,5,15859,1921
KHDA,-0.0017924551,0.00015935811,5,15859,1921
DIQK,-0.0019068792,0.0053279903,5,15859,1921
AWPV,-0.0019594189,0.0,5,15859,1921
GHEI,-0.002180392,0.00076801755,5,15859,1921
SWGE,-0.0021988805,0.0030720702,5,15859,1921
MGAE,-0.0023100208,0.00024540204,5,15859,1921
YCIS,-0.0023156088,0.001256756,5,15859,1921
LSPF,-0.0024153758,0.00021516443,5,15859,1921
RGLV,-0.0024421345,0.00018120348,5,15859,1921
KFMV,-0.002539819,0.0,5,15859,1921
KLCN,-0.00341109,0.0008053,5,15859,1921
DTVM,-0.0035656504,0.0,5,15859,1921
ELSI,-0.003625678,0.0,5,15859,1921
KELI,-0.005480839,0.00021186686,5,15859,1921
SWQG,-0.005667193,0.0,5,15859,1921
TKTW,-0.0056682285,0.00064299145,5,15859,1921
LEFT,-0.005962981,0.042143747,5,15859,1921
HMMS,-0.006458981,0.0004928455,5,15859,1921
NSQY,-0.006609855,0.0,5,15859,1921
TATL,-0.0066357907,0.0005760131,5,15859,1921
AHIY,-0.0071168747,0.002049483,5,15859,1921
SAII,-0.008641196,0.00041733784,5,15859,1921
IYEL,-0.008879108,0.0004976754,5,15859,1921
HQSK,-0.008894121,0.00018681504,5,15859,1921
FNVS,-0.009888081,0.00029060125,5,15859,1921
LPVR,-0.009933898,0.0002592059,5,15859,1921
VNVR,-0.010850435,0.00024516034,5,15859,1921
VPTN,-0.011045786,0.0,5,15859,1921
MVNH,-0.011536671,0.00037874837,5,15859,1921
HYKR,-0.011959774,0.0,5,15859,1921
VASK,-0.011987841,0.0002211891,5,15859,1921
WDTP,-0.012156894,0.00032165152,5,15859,1921
HDTE,-0.012271773,0.00036379782,5,15859,1921
VYYF,-0.012861369,0.00043886717,5,15859,1921
KYHG,-0.013721468,0.0,5,15859,1921
ICHR,-0.014768681,0.0015912881,5,15859,1921
MKHC,-0.015954187,0.0009644872,5,15859,1921
WEYH,-0.016028432,0.00024686282,5,15859,1921
IGNM,-0.017511485,0.0010303839,5,15859,1921
TFLI,-0.017716764,0.0,5,15859,1921
YGFF,-0.017767137,0.00024908676,5,15859,1921
VQQD,-0.021228967,0.027954824,5,15859,1921
YVYR,-0.021981342,0.00021651234,5,15859,1921
IIIY,-0.022022782,0.00022570313,5,15859,1921
VTIC,-0.023592075,0.00062600675,5,15859,1921
CTVR,-0.024006417,0.0006021258,5,15859,1921
YSNQ,-0.025513912,8.640193e-05,5,15859,1921
YPNL,-0.025584402,0.000257436,5,15859,1921
MMEL,-0.025643496,0.00020945935,5,15859,1921
CYYK,-0.030634789,0.000942567,5,15859,1921
VRVV,-0.031397462,0.00075680565,5,15859,1921
VMMF,-0.033862263,0.00010512788,5,15859,1921
WKTF,-0.03702289,0.00021642761,5,15859,1921
IFHT,-0.03836906,0.00051776465,5,15859,1921
WYDG,-0.043855846,0.00020181481,5,15859,1921
FAHI,-0.04557684,0.00070893933,5,15859,1921
FGFL,-0.055604264,0.00058471423,5,15859,1921
VECS,-0.057447053,0.007959454,5,15859,1921
LMYK,-0.06822765,0.00031871622,5,15859,1921
MKTE,-0.06837435,0.0002835757,5,15859,1921
MWVQ,-0.06859872,0.0002448949,5,15859,1921
FLCT,-0.06958777,0.0134922005,5,15859,1921
VKSR,-0.074514806,0.00026224984,5,15859,1921
YWNL,-0.077455014,0.00053170446,5,15859,1921
VFYK,-0.0999912,0.0,5,15859,1921
WWIW,-0.10217711,0.00027240027,5,15859,1921
