{"run_id": "10:09:02-02/28/2022", "exp_name": "BO_EVO_proposal-function=UCB", "encoder_name": "ESM_esm-1v", "model_name": "GPyTorch", "landscape_name": "Measurements", "rounds": 6, "expmt_queries_per_round": 384, "model_queries_per_round": 3200}
sequence,model_score,true_score,round,model_cost,measurement_cost
RALS,,1.0,0,0,1
AALS,,1.8117,1,0,76
CALS,,1.641,1,0,76
DALS,,0.5929,1,0,76
EALS,,0.8548,1,0,76
FALS,,0.7588,1,0,76
GALS,,0.3682,1,0,76
HALS,,1.9119,1,0,76
IALS,,1.5532,1,0,76
KALS,,1.4446,1,0,76
LALS,,1.1709,1,0,76
MALS,,1.8477,1,0,76
NALS,,1.551,1,0,76
PALS,,1.3054,1,0,76
QALS,,1.9027,1,0,76
SALS,,0.7953,1,0,76
TALS,,1.5573,1,0,76
VALS,,0.0685,1,0,76
WALS,,0.3543,1,0,76
YALS,,0.5582,1,0,76
RCLS,,0.625,1,0,76
RDLS,,0.0694,1,0,76
RELS,,0.1218,1,0,76
RFLS,,0.8907,1,0,76
RGLS,,0.0941,1,0,76
RHLS,,0.4376,1,0,76
RILS,,0.7463,1,0,76
RKLS,,0.0662,1,0,76
RLLS,,0.2114,1,0,76
RMLS,,2.9456,1,0,76
RNLS,,0.1795,1,0,76
RPLS,,0.8518,1,0,76
RQLS,,0.9078,1,0,76
RRLS,,0.6294,1,0,76
RSLS,,0.3856,1,0,76
RTLS,,0.6277,1,0,76
RVLS,,0.4166,1,0,76
RWLS,,0.4453,1,0,76
RYLS,,0.2811,1,0,76
RAAS,,1.9885,1,0,76
RACS,,2.033,1,0,76
RADS,,2.1002,1,0,76
RAES,,2.1731,1,0,76
RAFS,,0.7321,1,0,76
RAGS,,0.8495,1,0,76
RAHS,,1.396,1,0,76
RAIS,,1.9282,1,0,76
RAKS,,2.4902,1,0,76
RAMS,,0.5563,1,0,76
RANS,,1.7204,1,0,76
RAPS,,0.0331,1,0,76
RAQS,,1.8152,1,0,76
RARS,,2.227,1,0,76
RASS,,0.7593,1,0,76
RATS,,1.5274,1,0,76
RAVS,,2.1316,1,0,76
RAWS,,0.1846,1,0,76
RAYS,,0.619,1,0,76
RALA,,2.2838,1,0,76
RALC,,2.9926,1,0,76
RALD,,0.082,1,0,76
RALE,,0.074,1,0,76
RALF,,0.8279,1,0,76
RALG,,0.2,1,0,76
RALH,,0.5613,1,0,76
RALI,,0.7447,1,0,76
RALK,,2.3395,1,0,76
RALL,,2.5791,1,0,76
RALM,,1.2722,1,0,76
RALN,,0.3235,1,0,76
RALP,,0.074,1,0,76
RALQ,,0.8518,1,0,76
RALR,,2.67,1,0,76
RALT,,1.4118,1,0,76
RALV,,0.9033,1,0,76
RALW,,0.093,1,0,76
RALY,,0.2264,1,0,76
QAKR,1.6184326,1.7226893,2,3320,448
HAKR,1.6151733,1.1556802,2,3320,448
AAKR,1.5962216,1.6313233,2,3320,448
QAKK,1.5938523,2.0225785,2,3320,448
RAKR,1.5928326,1.2598659,2,3320,448
QARR,1.5899887,1.0592221,2,3320,448
QAKC,1.5896575,2.4001937,2,3320,448
QAKL,1.5885789,1.6249003,2,3320,448
KAKR,1.5867267,1.4531641,2,3320,448
HAKC,1.5855196,1.2627211,2,3320,448
HAKL,1.5849764,1.8790314,2,3320,448
QAAR,1.5828717,0.9136055,2,3320,448
TAKR,1.5825574,1.27044,2,3320,448
CAKR,1.5814459,1.2762761,2,3320,448
HAAR,1.5786986,1.2019335,2,3320,448
NAKR,1.5782251,1.732975,2,3320,448
QAKA,1.5750203,2.071129,2,3320,448
QAQR,1.5747566,1.7828823,2,3320,448
AAKK,1.572164,2.399262,2,3320,448
HAQR,1.5714847,0.79632384,2,3320,448
HAKA,1.5711906,1.7217022,2,3320,448
AAKC,1.568886,1.6464194,2,3320,448
QAER,1.5669281,2.285521,2,3320,448
AAKL,1.5666044,1.1569396,2,3320,448
QARK,1.5647309,2.1890178,2,3320,448
QADR,1.5637977,0.8168261,2,3320,448
RAKL,1.5636863,1.4960443,2,3320,448
RAKK,1.5624526,1.0258793,2,3320,448
QARC,1.5620191,1.101549,2,3320,448
AAAR,1.5616293,0.9985615,2,3320,448
PAKR,1.5599654,1.3628109,2,3320,448
KAKK,1.5597463,0.9247022,2,3320,448
RAKC,1.5592439,0.7759063,2,3320,448
KAKL,1.5589889,1.1521182,2,3320,448
TAKK,1.5584247,2.532664,2,3320,448
HARC,1.5574472,1.7739576,2,3320,448
KAKC,1.5571663,1.0417452,2,3320,448
HARL,1.5556985,1.1684963,2,3320,448
TAKC,1.5550394,2.150257,2,3320,448
HAAK,1.5550134,1.6701624,2,3320,448
CAKK,1.5548928,0.6816278,2,3320,448
AAKA,1.5538499,1.8442458,2,3320,448
QAAL,1.5538136,1.3858403,2,3320,448
TAKL,1.5537051,1.4570805,2,3320,448
NAKK,1.5536387,1.4302183,2,3320,448
QAKS,1.5535805,1.4516462,2,3320,448
QANR,1.5526434,1.0717742,2,3320,448
KAAR,1.5521133,1.440287,2,3320,448
CAKL,1.5518663,0.65687156,2,3320,448
SAKR,1.5510755,1.1679177,2,3320,448
CAKC,1.550843,1.7348049,2,3320,448
HAAC,1.5503564,2.791211,2,3320,448
NAKL,1.5502579,3.2017317,2,3320,448
MAKC,1.5501778,0.47728908,2,3320,448
NAKC,1.5500382,1.2807025,2,3320,448
HAAL,1.5493672,1.6324564,2,3320,448
TAAR,1.5486082,2.0129037,2,3320,448
QARA,1.5484792,0.06053189,2,3320,448
RAKA,1.5483215,1.0212325,2,3320,448
HAKS,1.5479109,2.0187683,2,3320,448
HANR,1.5474957,0.4143757,2,3320,448
CAAR,1.5466087,1.3624218,2,3320,448
RAQR,1.5458329,0.055393856,2,3320,448
QAQC,1.5457838,2.8565052,2,3320,448
QAQL,1.545245,1.1875441,2,3320,448
KAKA,1.544586,2.2251496,2,3320,448
NAAR,1.5445453,1.8334877,2,3320,448
HARA,1.5442189,1.1351795,2,3320,448
KAQR,1.5434419,2.5976055,2,3320,448
QAAA,1.5429456,1.5383967,2,3320,448
AADR,1.542464,1.6591127,2,3320,448
HAQL,1.5417764,2.098709,2,3320,448
TAQR,1.5416424,1.4080775,2,3320,448
QAEK,1.5413591,1.662517,2,3320,448
TAKA,1.5412383,3.2476315,2,3320,448
CAQR,1.5389163,2.2992167,2,3320,448
QAEL,1.5386479,1.4463202,2,3320,448
QAEC,1.5376179,1.1478578,2,3320,448
NAKA,1.5372806,1.3784899,2,3320,448
LAKR,1.5370486,1.6322258,2,3320,448
NAQR,1.5368187,2.544616,2,3320,448
AAAC,1.535529,2.003662,2,3320,448
QADL,1.5353148,2.777548,2,3320,448
QADC,1.5348214,0.5635788,2,3320,448
AAKS,1.534585,2.6602812,2,3320,448
QAQA,1.5333769,1.3651495,2,3320,448
TAER,1.5328646,1.1797396,2,3320,448
AANR,1.5323956,1.06981,2,3320,448
HAEC,1.5317181,0.14879808,2,3320,448
PAKC,1.530812,2.6080348,2,3320,448
KARC,1.5308032,0.43263295,2,3320,448
HADL,1.529773,1.3144184,2,3320,448
RAAL,1.5285391,1.5762781,2,3320,448
TARC,1.5284715,1.0378513,2,3320,448
MAER,1.5281354,0.722184,2,3320,448
NAER,1.527153,1.0393573,2,3320,448
PAAR,1.5267696,1.8424249,2,3320,448
TARL,1.5260371,1.4739053,2,3320,448
QAEA,1.5259086,1.4449241,2,3320,448
SAKK,1.5257885,1.2337816,2,3320,448
IAKC,1.5257713,1.0295967,2,3320,448
CADR,1.5256002,1.1077273,2,3320,448
QARS,1.5248351,0.8520386,2,3320,448
QANL,1.524201,1.8834625,2,3320,448
NADR,1.5241456,1.1116991,2,3320,448
KAAC,1.5236001,0.5820208,2,3320,448
QADA,1.5232315,1.477636,2,3320,448
NARC,1.5231903,0.998484,2,3320,448
QANC,1.5229652,1.2773372,2,3320,448
AAAA,1.5226645,1.4073218,2,3320,448
TAAC,1.5223169,1.8800125,2,3320,448
IAAR,1.5215943,0.57135963,2,3320,448
PAKA,1.5191269,1.2806926,2,3320,448
HANL,1.5187705,1.6784695,2,3320,448
PAQR,1.5185293,2.1919122,2,3320,448
SAAR,1.518441,1.1584046,2,3320,448
KANR,1.5180011,1.8981047,2,3320,448
AAEC,1.5178913,1.3070155,2,3320,448
CAAL,1.5178903,0.44171867,2,3320,448
AAEL,1.5177848,1.5291299,2,3320,448
NAAC,1.5175111,1.4858903,2,3320,448
HADA,1.517447,1.8160241,2,3320,448
CAAC,1.5173589,1.1590732,2,3320,448
NAAL,1.5173235,1.3690118,2,3320,448
RAQL,1.5173144,2.2050784,2,3320,448
HANC,1.5168831,1.4420495,2,3320,448
KAQL,1.5160476,1.6924496,2,3320,448
TARA,1.5157437,1.2140294,2,3320,448
AADL,1.5142751,2.0064418,2,3320,448
TAQC,1.5138271,1.6005694,2,3320,448
KAKS,1.512815,0.6178324,2,3320,448
QATR,1.5124059,1.5385026,2,3320,448
SAKA,1.5109198,1.4261929,2,3320,448
MARA,1.5108466,0.56271017,2,3320,448
NAQL,1.5092661,1.1545029,2,3320,448
MAQC,1.5085378,0.9415713,2,3320,448
NAQC,1.5083334,0.90697736,2,3320,448
LAKC,1.5075741,1.6167148,2,3320,448
AARS,1.5067539,1.6349516,2,3320,448
PADR,1.5065713,2.0781243,2,3320,448
PARL,1.5056038,0.96419823,2,3320,448
TAEL,1.5055797,1.9793091,2,3320,448
QAKM,1.5054538,4.347123,2,3320,448
PARC,1.5048501,1.7611572,2,3320,448
TAEC,1.504801,0.58434254,2,3320,448
IAER,1.5041492,1.7690331,2,3320,448
AANL,1.5041163,1.9248419,2,3320,448
AANC,1.5040953,1.7463546,2,3320,448
QACR,1.5038009,1.5531387,2,3320,448
RADL,1.5037909,1.5147887,2,3320,448
KADL,1.5033243,2.0399196,2,3320,448
TADL,1.5023634,1.8172029,2,3320,448
TAQA,1.5021907,1.7864481,2,3320,448
KAEC,1.5014759,1.3444175,2,3320,448
NAEL,1.500788,1.6877604,2,3320,448
HAKM,1.4998324,1.6490891,2,3320,448
IARC,1.4996076,1.1404141,2,3320,448
SAER,1.4995798,1.4920208,2,3320,448
RAEC,1.4992995,0.6635612,2,3320,448
IARL,1.4991679,1.207384,2,3320,448
NAEC,1.4982786,1.2480546,2,3320,448
NAQA,1.4976947,1.4586308,2,3320,448
NADL,1.4975395,1.9640433,2,3320,448
IAAK,1.4963615,0.40104908,2,3320,448
SARL,1.4961574,1.094463,2,3320,448
QAES,1.4956872,0.7868995,2,3320,448
PANR,1.4948082,1.6093848,2,3320,448
QADS,1.4945469,0.42755136,2,3320,448
IAAL,1.4939109,0.8193275,2,3320,448
IAAC,1.4936035,0.81444865,2,3320,448
TANL,1.4911596,1.6697743,2,3320,448
KANK,1.4909606,0.5126178,2,3320,448
NAEA,1.488454,1.3762047,2,3320,448
TAAS,1.4878552,1.0702827,2,3320,448
MAEA,1.4875603,0.79126096,2,3320,448
KANC,1.4872093,0.78925794,2,3320,448
AAKM,1.4865692,1.380406,2,3320,448
DAKR,1.4857553,0.7529042,2,3320,448
NANC,1.4829721,1.0455284,2,3320,448
QATC,1.4826318,1.0170821,2,3320,448
LARC,1.4820002,1.2888004,2,3320,448
QAKV,1.4797151,0.8553034,2,3320,448
QANS,1.4793808,0.35093045,2,3320,448
PAEC,1.4793726,0.9163367,2,3320,448
LAAL,1.477112,0.7194063,2,3320,448
LAAC,1.4760779,1.3876075,2,3320,448
QAHL,1.4758748,1.2615252,2,3320,448
HAKV,1.4741762,1.0432739,2,3320,448
SADL,1.4712782,1.6298786,2,3320,448
EAKL,1.4693782,0.9041057,2,3320,448
LAQL,1.4691783,1.2006341,2,3320,448
PANL,1.4691398,1.7355219,2,3320,448
QACA,1.4666886,1.88385,2,3320,448
AATL,1.4662158,1.7131621,2,3320,448
AAAT,1.4658592,2.5401309,2,3320,448
PANC,1.4647934,3.9077878,2,3320,448
VAKR,1.4643483,0.93838423,2,3320,448
TAES,1.463712,1.7776668,2,3320,448
SAEA,1.4617434,2.3686483,2,3320,448
AACL,1.4598577,2.3627834,2,3320,448
QAIR,1.4597504,1.7587214,2,3320,448
EAKA,1.4586196,1.6621855,2,3320,448
AAHL,1.4578478,2.7720366,2,3320,448
QARV,1.4544346,1.9029473,2,3320,448
LADC,1.4539586,1.6643718,2,3320,448
WAKR,1.4530437,1.0350733,2,3320,448
QARI,1.4519457,1.1532819,2,3320,448
KATL,1.4517288,3.3118725,2,3320,448
MAES,1.4517014,1.3318032,2,3320,448
KADS,1.4509537,0.4611915,2,3320,448
TANS,1.4475765,0.69011563,2,3320,448
KAKV,1.4450495,1.1506325,2,3320,448
TAAM,1.4433687,1.5314764,2,3320,448
GAKK,1.442132,1.7261355,2,3320,448
GAKL,1.4417796,1.6284337,2,3320,448
KAHL,1.4414668,2.1078002,2,3320,448
NACL,1.4391617,2.2442281,2,3320,448
AARV,1.437326,1.1172639,2,3320,448
NAAM,1.4362171,1.3758875,2,3320,448
VAKC,1.4342589,1.2343689,2,3320,448
LAAS,1.4336677,1.4127256,2,3320,448
TAQM,1.4327099,2.1970549,2,3320,448
PART,1.4326532,2.1630614,2,3320,448
TAET,1.43186,3.8437953,2,3320,448
GAKA,1.4310639,1.6713393,2,3320,448
WAKL,1.4260262,0.96085715,2,3320,448
PAKV,1.4237654,1.0147709,2,3320,448
NAET,1.423196,1.5357611,2,3320,448
EAQA,1.4220414,1.8798095,2,3320,448
CAET,1.4217491,1.9299144,2,3320,448
QACS,1.4191436,1.2343699,2,3320,448
RARV,1.4138219,1.5682698,2,3320,448
WAKA,1.4135225,0.95916045,2,3320,448
DADL,1.4122251,1.5731802,2,3320,448
EAEA,1.4121338,1.793891,2,3320,448
CAAQ,1.4117013,1.2489984,2,3320,448
HAKF,1.4116418,0.6298545,2,3320,448
HASC,1.4091241,2.156221,2,3320,448
LAAT,1.4058135,1.7948618,2,3320,448
PAET,1.4053893,1.8765073,2,3320,448
AACS,1.4050202,1.6476368,2,3320,448
EAAS,1.3947015,0.6651335,2,3320,448
QAEH,1.3931768,0.31966522,2,3320,448
GAQA,1.3928628,1.3021615,2,3320,448
VAEL,1.3912475,1.598688,2,3320,448
HAKP,1.3890013,0.05870083,2,3320,448
MAEV,1.3887005,0.5653883,2,3320,448
KASL,1.3848732,1.5441867,2,3320,448
IASR,1.3842566,1.5226238,2,3320,448
AAVS,1.3823419,1.5725107,2,3320,448
QARP,1.374803,0.061003704,2,3320,448
MMQR,1.3697852,0.20055771,2,3320,448
PANV,1.359004,1.8108096,2,3320,448
RAKP,1.3406216,0.059292912,2,3320,448
TAHQ,1.3362594,0.50589657,2,3320,448
MAEG,1.3269222,0.9306129,2,3320,448
QARE,1.3228941,0.060809705,2,3320,448
FAAV,1.3173101,0.85089546,2,3320,448
PAAW,1.2873062,0.083896846,2,3320,448
KAGM,1.2750709,0.91496855,2,3320,448
YAAF,1.2558173,0.320409,2,3320,448
TAMV,1.2324415,1.1804223,2,3320,448
LAHP,1.1954145,0.08508661,2,3320,448
FATF,1.1854038,0.1267474,2,3320,448
ELDR,1.16488,0.25604606,2,3320,448
KLKI,1.1501098,0.13967845,2,3320,448
SGQA,1.1443068,0.19775619,2,3320,448
FMEG,1.1248884,0.33766633,2,3320,448
LWER,1.1091563,0.14599782,2,3320,448
NCSA,1.0817919,1.2452452,2,3320,448
IVKW,1.0790522,0.059130725,2,3320,448
HLCQ,1.0782664,0.10039976,2,3320,448
CINF,1.0734662,0.84859014,2,3320,448
FLAV,1.0718534,0.10066748,2,3320,448
TFIT,1.0659156,0.113635674,2,3320,448
NVSS,1.061078,0.123538435,2,3320,448
VMHN,1.0569571,1.3738453,2,3320,448
CNDA,1.0532422,0.09126691,2,3320,448
NIQE,1.0448798,0.10922447,2,3320,448
IGNV,1.0427591,0.43227062,2,3320,448
VASE,1.0413692,0.09886777,2,3320,448
HMPG,1.037966,0.089143224,2,3320,448
ETQH,1.036635,0.11584354,2,3320,448
AITE,1.0267583,0.08848883,2,3320,448
KHRL,1.0260096,0.11572442,2,3320,448
MCCV,1.0232155,1.0291111,2,3320,448
NKHK,1.0206661,0.0863831,2,3320,448
PQKH,1.018871,0.6723254,2,3320,448
DSKN,1.010014,0.12973553,2,3320,448
IQSA,1.0026839,0.4747462,2,3320,448
GIAY,0.99710226,0.15548646,2,3320,448
KIVG,0.9917798,0.09152484,2,3320,448
LKRQ,0.99109316,0.07204279,2,3320,448
SYKH,0.9862688,0.13338247,2,3320,448
EVEE,0.98537886,0.082734816,2,3320,448
SQKG,0.98502475,0.2911496,2,3320,448
PNHC,0.984275,0.19155985,2,3320,448
FIFR,0.97950464,0.22972956,2,3320,448
LNHK,0.96679735,0.451916,2,3320,448
EYQV,0.96638834,0.11422689,2,3320,448
TTWS,0.9544738,0.081039675,2,3320,448
VWES,0.9543883,0.14279161,2,3320,448
CFYQ,0.9537821,0.08194118,2,3320,448
FHQC,0.94885457,0.15022941,2,3320,448
CLCD,0.94711155,0.08411283,2,3320,448
MDHR,0.94456875,0.08686877,2,3320,448
NIPQ,0.943498,0.097973645,2,3320,448
ISTE,0.94061226,0.075779215,2,3320,448
KPNP,0.936991,0.09589555,2,3320,448
WRCL,0.933355,0.09699625,2,3320,448
DSWK,0.9295763,0.18872643,2,3320,448
ELHW,0.9286097,0.09584063,2,3320,448
RRRG,0.9274076,0.067198694,2,3320,448
LKKW,0.9259691,0.087052785,2,3320,448
MHVK,0.92149925,0.1089868,2,3320,448
QSPQ,0.91774285,0.09098807,2,3320,448
VTGS,0.91651225,0.65480065,2,3320,448
PNHV,0.9131268,0.101374865,2,3320,448
SLVD,0.9124344,0.087439366,2,3320,448
DRQG,0.9065105,0.09849751,2,3320,448
LQPR,0.90294695,0.42255047,2,3320,448
RMLW,0.8986783,0.13159677,2,3320,448
HGPM,0.89813566,0.11982151,2,3320,448
YVVY,0.89388263,0.08760302,2,3320,448
TESQ,0.89362204,0.09801421,2,3320,448
GKNS,0.8850089,0.08439268,2,3320,448
WGQD,0.88313943,0.111647695,2,3320,448
PPVG,0.88290083,0.09221196,2,3320,448
SSSE,0.87619656,0.085616745,2,3320,448
DRYL,0.87581855,0.072496794,2,3320,448
TLYD,0.8754691,0.09172238,2,3320,448
WKAN,0.8733763,0.07083375,2,3320,448
DDQV,0.8733677,0.09481573,2,3320,448
DQSQ,0.8732533,0.14464216,2,3320,448
LNQE,0.8697178,0.07958999,2,3320,448
SWSN,0.86536974,0.5800994,2,3320,448
GGIQ,0.8648078,0.08673812,2,3320,448
YFMF,0.8613475,0.08949285,2,3320,448
RKDW,0.8604324,0.09412845,2,3320,448
IYVG,0.8568002,0.2923281,2,3320,448
WNTV,0.85593015,0.12137667,2,3320,448
HWMG,0.85210747,0.18080387,2,3320,448
HYVE,0.8499702,0.072107874,2,3320,448
RKPR,0.8348387,0.0871002,2,3320,448
EHNG,0.833292,0.08674052,2,3320,448
DKTW,0.830394,0.0973241,2,3320,448
LGYF,0.8284955,0.08580768,2,3320,448
GTGD,0.82292867,0.08712076,2,3320,448
EQWT,0.8100361,0.10165539,2,3320,448
FCPI,0.80963755,0.090225354,2,3320,448
CPLT,0.8062949,0.08053171,2,3320,448
GKTY,0.8050798,0.0798069,2,3320,448
INMS,0.7769614,0.122273244,2,3320,448
RGFF,0.76823443,0.080252595,2,3320,448
VKGH,0.76800513,0.07771216,2,3320,448
KWFP,0.76257455,0.07180294,2,3320,448
QDIY,0.76174045,0.12521647,2,3320,448
YKMM,0.7603855,0.08531929,2,3320,448
IDGS,0.7595396,0.08013337,2,3320,448
GILG,0.75599563,0.10050077,2,3320,448
LWPW,0.751222,0.09333672,2,3320,448
YPIE,0.74731195,0.091257945,2,3320,448
WCPG,0.7463391,0.07843346,2,3320,448
MRWE,0.7261646,0.095566444,2,3320,448
FDLL,0.70301765,0.092959985,2,3320,448
WEYV,0.70140153,0.08835488,2,3320,448
VNPQ,0.6975932,0.076500386,2,3320,448
YHWF,0.6779635,0.094675645,2,3320,448
RDSD,0.65162385,0.08478133,2,3320,448
VNPY,0.64215213,0.081819564,2,3320,448
GNLS,0.59563506,0.08700093,2,3320,448
AAKT,1.9332714,1.690732,3,6670,814
AACT,1.9105332,4.0971184,3,6670,814
AAQL,1.9096023,2.9896543,3,6670,814
PAQT,1.9059908,1.2736871,3,6670,814
TAQT,1.8831732,6.2569084,3,6670,814
TAKT,1.873518,2.5819817,3,6670,814
PAKT,1.8656114,2.6366096,3,6670,814
PACT,1.848551,3.6335921,3,6670,814
PAQL,1.8437363,2.959071,3,6670,814
AAET,1.8373882,1.3256494,3,6670,814
AADT,1.8322155,4.226337,3,6670,814
TACT,1.818192,0.9805883,3,6670,814
PATT,1.8181746,2.5175893,3,6670,814
TAQL,1.8181305,2.6570873,3,6670,814
PACL,1.818074,5.235606,3,6670,814
AANT,1.8172116,1.40693,3,6670,814
AAQM,1.8056026,1.8506948,3,6670,814
AAQA,1.8051034,3.4305315,3,6670,814
PANT,1.8013864,5.5616255,3,6670,814
PAKL,1.798527,2.2662978,3,6670,814
PATL,1.7982635,4.190953,3,6670,814
TATT,1.7903125,0.99982154,3,6670,814
TACL,1.7854564,2.4238927,3,6670,814
AAIL,1.7820971,3.8424208,3,6670,814
TATL,1.7670174,3.125193,3,6670,814
PADL,1.7658609,2.488374,3,6670,814
AACM,1.7626472,5.0463176,3,6670,814
QAQT,1.7617486,4.920615,3,6670,814
PAST,1.758251,1.8508731,3,6670,814
PAQA,1.7557232,3.5172284,3,6670,814
QAKT,1.7524936,2.7871354,3,6670,814
AAQK,1.7411456,3.066423,3,6670,814
AAQC,1.737426,4.6096034,3,6670,814
TANT,1.7356026,2.5558949,3,6670,814
TAST,1.7355599,1.2338728,3,6670,814
PAHT,1.7354146,2.6184185,3,6670,814
AATA,1.7301018,2.2186694,3,6670,814
TAAT,1.7278373,2.603615,3,6670,814
NAQT,1.7179365,0.9605615,3,6670,814
AATM,1.714242,1.9129498,3,6670,814
PASL,1.7123694,2.7714984,3,6670,814
PAHL,1.7121308,2.427047,3,6670,814
TACA,1.7106013,2.0947726,3,6670,814
QACL,1.7096109,3.2938533,3,6670,814
PAIL,1.707883,2.8276122,3,6670,814
AAMT,1.7078679,5.103523,3,6670,814
TAVT,1.7066189,4.96605,3,6670,814
AACK,1.7045361,3.5641568,3,6670,814
TAHT,1.7040174,2.069994,3,6670,814
QACT,1.7008555,1.1777254,3,6670,814
TAIT,1.7003269,2.917228,3,6670,814
AAML,1.69572,2.8947783,3,6670,814
AACC,1.6918793,4.544331,3,6670,814
TASL,1.6861554,3.2266233,3,6670,814
QATL,1.684994,3.7675273,3,6670,814
RAQT,1.6831117,1.9209895,3,6670,814
AANA,1.6827304,2.670656,3,6670,814
AADM,1.6801903,2.779722,3,6670,814
TAHL,1.6780243,2.714007,3,6670,814
TALT,1.6726179,2.8914037,3,6670,814
NATL,1.6722522,4.63892,3,6670,814
NACT,1.6720006,0.9413837,3,6670,814
AAGL,1.6714354,4.3666778,3,6670,814
AANM,1.671233,3.750466,3,6670,814
AAVA,1.6684996,1.4431862,3,6670,814
QATT,1.6668472,0.5321789,3,6670,814
PANA,1.6642869,3.0902388,3,6670,814
AATK,1.6545417,3.524312,3,6670,814
AAEM,1.6529167,3.066474,3,6670,814
KAQT,1.6510487,2.5177746,3,6670,814
SAQT,1.6507831,4.5574927,3,6670,814
TADA,1.6495428,2.3275902,3,6670,814
TALL,1.6457953,2.9607909,3,6670,814
AAFT,1.6447015,1.4073985,3,6670,814
NATT,1.6432735,1.3031272,3,6670,814
AATC,1.6394024,2.3384368,3,6670,814
PACK,1.6378222,1.4114287,3,6670,814
QAET,1.6359577,1.2642565,3,6670,814
PACR,1.6340585,4.3245225,3,6670,814
RAKT,1.632521,3.5852306,3,6670,814
AATR,1.6302927,2.376371,3,6670,814
RACT,1.6285396,1.4866303,3,6670,814
AAWT,1.6234182,0.89919394,3,6670,814
TANA,1.6212448,1.7240357,3,6670,814
AAWL,1.6182224,1.5960306,3,6670,814
AAKI,1.6180005,2.383916,3,6670,814
SAQL,1.6144698,3.5529816,3,6670,814
KACL,1.6127734,4.3148756,3,6670,814
HATL,1.610897,3.8127444,3,6670,814
HATT,1.6054428,0.544876,3,6670,814
TADM,1.6018771,1.8399545,3,6670,814
AAQV,1.6009994,2.943763,3,6670,814
QAIL,1.600882,1.8319114,3,6670,814
QASL,1.6007676,4.711561,3,6670,814
AATS,1.5989313,1.0004642,3,6670,814
TAEM,1.5988877,2.3371146,3,6670,814
NANL,1.5981447,2.5151136,3,6670,814
CAQT,1.5919547,2.5298357,3,6670,814
AAVK,1.5881028,1.8894129,3,6670,814
KACT,1.5874238,0.7301404,3,6670,814
QAIT,1.5873004,1.4711083,3,6670,814
AAMA,1.5872273,2.3557289,3,6670,814
QAVL,1.5871919,2.0887103,3,6670,814
TAQS,1.5859064,1.386036,3,6670,814
NAHL,1.5843925,3.702592,3,6670,814
SATL,1.5839733,1.3297845,3,6670,814
NAQM,1.5835354,1.2928755,3,6670,814
NANT,1.5819466,1.3987948,3,6670,814
NAIL,1.581587,2.4588766,3,6670,814
TACC,1.5796835,1.2451718,3,6670,814
TACR,1.5780785,4.236954,3,6670,814
NAST,1.5778028,1.0085661,3,6670,814
AAIC,1.5763482,1.7467922,3,6670,814
SAKL,1.5739865,4.340913,3,6670,814
TASM,1.5735056,1.4688212,3,6670,814
RAET,1.5729961,0.8575098,3,6670,814
TAGL,1.5729072,1.8046461,3,6670,814
PANK,1.5719514,1.838126,3,6670,814
TATK,1.5718708,5.133883,3,6670,814
QALL,1.5697418,1.5175432,3,6670,814
TART,1.5689466,1.8788433,3,6670,814
PAVM,1.5686065,1.470606,3,6670,814
AAIR,1.5679922,2.3113163,3,6670,814
NACA,1.5654211,1.0795285,3,6670,814
AATI,1.5632327,1.5218458,3,6670,814
HAET,1.5630099,1.3857006,3,6670,814
SAET,1.5595816,3.0407646,3,6670,814
TAQI,1.5574765,1.0743821,3,6670,814
NAHT,1.5573527,0.8502414,3,6670,814
PADK,1.5570526,3.0271413,3,6670,814
LACT,1.5513651,2.0013506,3,6670,814
NALL,1.5467396,1.702361,3,6670,814
RAEL,1.5439665,1.9264393,3,6670,814
NACM,1.5387772,0.539354,3,6670,814
PAWL,1.5373523,1.013532,3,6670,814
AAIS,1.5342288,2.4555426,3,6670,814
GAQL,1.5326484,2.3372064,3,6670,814
TAFL,1.5320747,1.0737878,3,6670,814
AADI,1.529825,1.6502597,3,6670,814
PAVR,1.5197117,1.1369175,3,6670,814
RAHT,1.5195954,1.4785002,3,6670,814
AANI,1.5173008,2.052852,3,6670,814
TAYL,1.5154778,0.57841593,3,6670,814
RAIT,1.5123093,1.2183479,3,6670,814
QAML,1.5087614,1.8157474,3,6670,814
PANS,1.5081209,0.48911592,3,6670,814
GACL,1.5080428,1.0441573,3,6670,814
TADC,1.505243,3.196309,3,6670,814
TASC,1.4976597,0.842272,3,6670,814
GATL,1.4975697,1.1745282,3,6670,814
AAEI,1.4964123,1.9129769,3,6670,814
LAKL,1.4960158,1.3786341,3,6670,814
QACC,1.4898899,1.1004066,3,6670,814
AAII,1.4857597,1.6799227,3,6670,814
QAGL,1.4836297,2.276199,3,6670,814
HACM,1.4817178,0.7356839,3,6670,814
QAVA,1.4743483,0.7296775,3,6670,814
RATM,1.4719682,0.50043124,3,6670,814
PADI,1.4704583,1.2223494,3,6670,814
IACT,1.4696999,1.6782281,3,6670,814
LADL,1.4671919,1.3686138,3,6670,814
RAQC,1.4664593,0.88578403,3,6670,814
DAQL,1.4654866,1.0440147,3,6670,814
HATM,1.4613264,0.57334906,3,6670,814
GADL,1.4608958,1.2220856,3,6670,814
AATN,1.4586082,1.5034243,3,6670,814
AAGR,1.4546758,2.328555,3,6670,814
GADT,1.4506198,0.2825303,3,6670,814
DACT,1.4479175,0.81347185,3,6670,814
PAEI,1.4358803,1.5372242,3,6670,814
SATM,1.4349577,0.94681525,3,6670,814
LACA,1.4336879,1.0222828,3,6670,814
TANI,1.4209857,2.6213045,3,6670,814
QAYT,1.419898,0.3276386,3,6670,814
TAVS,1.4171891,2.4178362,3,6670,814
AARR,1.4145365,2.1392033,3,6670,814
KAML,1.4109187,2.3233118,3,6670,814
AAKG,1.4045973,1.0013064,3,6670,814
AAEN,1.3948114,0.90242046,3,6670,814
EADL,1.3937964,1.6173372,3,6670,814
PARK,1.3911457,4.304535,3,6670,814
KACR,1.384897,2.3030865,3,6670,814
SANM,1.3765734,2.4960377,3,6670,814
TATN,1.375139,0.76437587,3,6670,814
YAKT,1.3724248,2.9251082,3,6670,814
VAIT,1.3632736,1.0417304,3,6670,814
QAPT,1.3623185,0.05145171,3,6670,814
SATR,1.3603958,1.9333082,3,6670,814
KAQI,1.3455666,2.6794422,3,6670,814
RAYT,1.3427538,1.2981358,3,6670,814
YATT,1.3410147,1.5331101,3,6670,814
AAPR,1.335854,0.19282515,3,6670,814
RAEK,1.3322854,4.584532,3,6670,814
MAST,1.3269702,2.0500255,3,6670,814
TAFR,1.3266351,3.0595396,3,6670,814
AAYI,1.3263339,4.2212276,3,6670,814
TARR,1.3236332,3.5556695,3,6670,814
QAVS,1.3080804,1.2789215,3,6670,814
TATQ,1.3030511,2.2428114,3,6670,814
SATS,1.302503,1.841436,3,6670,814
RAIC,1.3004863,4.0496445,3,6670,814
GACR,1.2967746,1.4846658,3,6670,814
GACC,1.2953022,1.6255879,3,6670,814
PARI,1.2902397,1.974461,3,6670,814
YANT,1.2831054,3.9738104,3,6670,814
DAML,1.2438128,1.2731102,3,6670,814
WAET,1.2371016,3.1289673,3,6670,814
DACR,1.2251081,1.3634179,3,6670,814
GATS,1.2169124,0.7855052,3,6670,814
PASY,1.20766,0.40948108,3,6670,814
GATI,1.1943351,2.870706,3,6670,814
GAIC,1.1857982,1.6116728,3,6670,814
TMCT,1.1751306,1.7888147,3,6670,814
VAIC,1.1519998,1.2197531,3,6670,814
TAYN,1.1267943,0.2534957,3,6670,814
RAGI,1.1065738,3.3598874,3,6670,814
KARI,1.0306609,3.0147424,3,6670,814
WAYT,1.0167947,0.50389344,3,6670,814
MAMK,0.99885434,0.6554049,3,6670,814
AVFT,0.9248844,1.9959865,3,6670,814
AIRT,0.87722415,2.930731,3,6670,814
RAGY,0.86319774,0.07602349,3,6670,814
AVCV,0.8567715,1.056951,3,6670,814
PNQL,0.811301,0.1959223,3,6670,814
TSSK,0.7781285,1.7859254,3,6670,814
SAEP,0.77519155,0.041556325,3,6670,814
PCPM,0.7674111,0.038806215,3,6670,814
MAFN,0.75734353,0.93615425,3,6670,814
CTET,0.7535298,1.1800282,3,6670,814
GVET,0.7411536,1.2801317,3,6670,814
QGIA,0.6866362,0.1741078,3,6670,814
HVYL,0.6628104,2.3490646,3,6670,814
ECEM,0.6613045,0.7225309,3,6670,814
SSLA,0.66045743,1.002944,3,6670,814
LTKC,0.6531957,0.62197095,3,6670,814
KQCA,0.64498466,0.59613144,3,6670,814
QQCC,0.63731265,1.1362385,3,6670,814
VMYA,0.6372803,0.5177295,3,6670,814
DAMW,0.6261062,0.04602113,3,6670,814
AFKH,0.6238433,0.037654713,3,6670,814
RMRI,0.61617434,0.35414127,3,6670,814
QGTS,0.612649,0.9235718,3,6670,814
HSEK,0.60427797,1.7874902,3,6670,814
YVHT,0.57977724,0.2876021,3,6670,814
ISCK,0.556978,0.70440024,3,6670,814
ANEI,0.55290395,0.0636837,3,6670,814
FAMY,0.552868,0.25708225,3,6670,814
RLAS,0.54655516,0.5717454,3,6670,814
NTMC,0.52696085,1.8381828,3,6670,814
RVRK,0.52055645,1.9265462,3,6670,814
GVVC,0.5026305,1.5523654,3,6670,814
TNIR,0.5012795,0.2553084,3,6670,814
YCAR,0.49871963,1.2028859,3,6670,814
AHCF,0.4885292,0.08426806,3,6670,814
RFMC,0.4850602,0.11460193,3,6670,814
IEKA,0.48439312,0.20499493,3,6670,814
SLQN,0.47065604,0.38104498,3,6670,814
RSFR,0.4697137,0.62875843,3,6670,814
DIWL,0.4473378,0.48305026,3,6670,814
EIFA,0.44059658,0.73013926,3,6670,814
LSRK,0.4378515,1.2830213,3,6670,814
LLAS,0.4371963,0.16602342,3,6670,814
HYLK,0.43189663,0.35244152,3,6670,814
AFWQ,0.41143328,0.056751296,3,6670,814
VEDM,0.40999168,0.5404472,3,6670,814
ISDV,0.40616018,0.22011773,3,6670,814
PEPR,0.4034208,0.04306902,3,6670,814
IPCR,0.4032331,0.049246643,3,6670,814
YFRT,0.39615992,0.05792601,3,6670,814
KETV,0.38796073,0.058788385,3,6670,814
TPSY,0.38607335,0.06443257,3,6670,814
PFRG,0.38170746,0.089800425,3,6670,814
CRQI,0.37953353,0.038743906,3,6670,814
CHVA,0.37310013,0.15943544,3,6670,814
AWRG,0.3689744,0.695378,3,6670,814
IWIK,0.36706,0.11272357,3,6670,814
WKCL,0.3600796,0.072466515,3,6670,814
TRWS,0.35833117,0.06064597,3,6670,814
MIAR,0.35700613,1.172769,3,6670,814
LPSI,0.3564546,0.062351953,3,6670,814
LKVC,0.3488359,0.07918163,3,6670,814
RSEG,0.3485825,0.14999378,3,6670,814
HIDY,0.3465774,0.13365641,3,6670,814
LFWK,0.3432501,0.13135295,3,6670,814
IQVS,0.33114374,0.4937866,3,6670,814
LHVR,0.32470387,0.18756689,3,6670,814
RQNQ,0.30710208,0.30416447,3,6670,814
DTCF,0.2989272,0.12578216,3,6670,814
FGRL,0.29410022,0.18672974,3,6670,814
DGEV,0.29262447,0.97697383,3,6670,814
LNLS,0.28653064,0.58351624,3,6670,814
SRFR,0.27813935,0.068717286,3,6670,814
WMNG,0.26907045,0.22067188,3,6670,814
CVIH,0.26590526,0.94562227,3,6670,814
YNKK,0.2650621,0.56678814,3,6670,814
RQLQ,0.26215065,0.37698132,3,6670,814
RMGP,0.26160628,0.06740482,3,6670,814
GLCY,0.24216539,0.1493881,3,6670,814
PEKP,0.24204725,0.05913346,3,6670,814
PGYD,0.2411663,0.057766534,3,6670,814
DGYK,0.23582405,1.5927498,3,6670,814
SDKN,0.23486191,0.058613755,3,6670,814
VIPI,0.23207659,0.17174785,3,6670,814
NLED,0.23092401,0.07187689,3,6670,814
MVRV,0.22457439,1.115107,3,6670,814
KQDY,0.22427279,0.16743204,3,6670,814
YSIN,0.22227901,0.15086725,3,6670,814
FTAI,0.21598983,0.45871848,3,6670,814
DRNV,0.21125314,0.061188016,3,6670,814
PYIE,0.21050179,0.073219955,3,6670,814
DPAI,0.20609367,0.06974063,3,6670,814
DFYS,0.2023558,0.11538685,3,6670,814
KSGG,0.20156413,0.081935965,3,6670,814
FCKW,0.20073295,0.072871216,3,6670,814
SVRG,0.19874728,0.14043051,3,6670,814
PKNP,0.19440508,0.055249915,3,6670,814
RVWG,0.19001865,0.055212907,3,6670,814
LTYF,0.18679184,0.95845026,3,6670,814
VKCF,0.1852135,0.06921861,3,6670,814
MWYK,0.18192708,0.12304945,3,6670,814
EKGC,0.1710282,0.068146475,3,6670,814
CVLD,0.16909629,1.4456081,3,6670,814
VWDH,0.16834784,1.713177,3,6670,814
SRNH,0.16769472,0.053476945,3,6670,814
KHHF,0.14719996,0.119442016,3,6670,814
HGFH,0.14438492,0.055263918,3,6670,814
FEHR,0.13832211,0.13822009,3,6670,814
KDKQ,0.13745171,0.04776351,3,6670,814
WYQN,0.13484514,0.09754767,3,6670,814
VTYQ,0.13476896,1.1788106,3,6670,814
RLYY,0.12791422,0.26723346,3,6670,814
KLRY,0.112452745,0.15743399,3,6670,814
QPPQ,0.10827625,0.07688507,3,6670,814
YNGK,0.105306864,0.11859354,3,6670,814
PPRE,0.09953183,0.071475774,3,6670,814
MCHP,0.096349716,0.098705456,3,6670,814
CSEE,0.092726946,0.057007585,3,6670,814
DTMY,0.081558526,0.12746729,3,6670,814
NIPW,0.08110872,0.06379093,3,6670,814
YVGG,0.062359452,0.07662354,3,6670,814
DKEF,0.053587377,0.05639287,3,6670,814
RKAW,0.05130917,0.07057966,3,6670,814
LKDW,0.049799323,0.05927768,3,6670,814
HVRE,0.049539864,0.086468436,3,6670,814
GYNW,0.04652685,0.07865722,3,6670,814
MENQ,0.041080534,0.28337982,3,6670,814
MIFY,0.032574296,0.36872065,3,6670,814
MYIG,0.0279724,0.29946125,3,6670,814
QEHP,0.013553917,0.06540839,3,6670,814
WGVH,-0.009970188,0.13463783,3,6670,814
FLAH,-0.013754964,0.1789593,3,6670,814
SNRH,-0.021647811,0.1446696,3,6670,814
IVWW,-0.025152802,0.069326036,3,6670,814
YYDW,-0.053572237,0.0765643,3,6670,814
LELE,-0.06777057,0.07276731,3,6670,814
EDPI,-0.06816584,0.06701502,3,6670,814
IDQE,-0.093417585,0.05551147,3,6670,814
YHRF,-0.09736782,0.08511987,3,6670,814
EEFH,-0.09926748,0.07707425,3,6670,814
DKVW,-0.10087299,0.052882895,3,6670,814
QYWP,-0.10237983,0.05483109,3,6670,814
FPRY,-0.15706569,0.07266076,3,6670,814
ENWG,-0.16101384,0.06492105,3,6670,814
VKPD,-0.18410951,0.057400938,3,6670,814
HKWP,-0.21546459,0.07175014,3,6670,814
FWYW,-0.23383021,0.059329778,3,6670,814
AAQT,2.844119,3.6045885,4,10112,1191
AAIT,2.503436,5.1801167,4,10112,1191
AATT,2.4903326,4.6627464,4,10112,1191
AAVL,2.488204,3.1543133,4,10112,1191
AASL,2.4658804,3.3897603,4,10112,1191
AAQI,2.4593153,2.4569068,4,10112,1191
TAQK,2.4571218,3.8025575,4,10112,1191
AAIK,2.443183,2.9766572,4,10112,1191
AAGT,2.4376287,3.4952314,4,10112,1191
AAVT,2.4343863,3.7288947,4,10112,1191
AALL,2.4298162,0.89604574,4,10112,1191
AACI,2.418414,1.2995521,4,10112,1191
AAST,2.3919973,4.1270456,4,10112,1191
AAMK,2.3870573,3.33583,4,10112,1191
AANK,2.3794508,3.365442,4,10112,1191
AAQR,2.3500624,3.7761059,4,10112,1191
AAGK,2.3436193,4.7578177,4,10112,1191
AACA,2.3302412,7.352207,4,10112,1191
TAIL,2.3296957,2.7206812,4,10112,1191
AACR,2.3259573,7.130463,4,10112,1191
AAYL,2.3217192,3.3094518,4,10112,1191
PAML,2.3159475,3.661985,4,10112,1191
AADK,2.3146772,3.538691,4,10112,1191
PAIT,2.3137388,5.4485316,4,10112,1191
AASK,2.3134604,3.4872963,4,10112,1191
AAFL,2.3103437,2.9811618,4,10112,1191
PAVL,2.3066854,2.5265875,4,10112,1191
AARL,2.2862005,2.055693,4,10112,1191
TAMT,2.2605085,0.4031678,4,10112,1191
PAIK,2.2548323,3.962383,4,10112,1191
PAVT,2.2441244,1.6915401,4,10112,1191
TAIK,2.2417097,3.7478616,4,10112,1191
AAYT,2.2399893,1.4322034,4,10112,1191
AARK,2.2385168,3.2374315,4,10112,1191
PAGT,2.2321348,1.1989893,4,10112,1191
PADT,2.2275343,3.245794,4,10112,1191
TAGT,2.2260466,1.1236566,4,10112,1191
AAIM,2.2121267,2.9154158,4,10112,1191
PACI,2.201476,0.91109157,4,10112,1191
AAQS,2.1945028,2.5511148,4,10112,1191
TAVK,2.192153,3.0165064,4,10112,1191
AAYK,2.186286,2.625953,4,10112,1191
AACV,2.17908,1.2603017,4,10112,1191
AAFK,2.17348,3.0693736,4,10112,1191
AAGI,2.1646261,1.6724961,4,10112,1191
PACA,2.1582441,2.338147,4,10112,1191
PACC,2.1437864,3.8705955,4,10112,1191
AAMC,2.1303473,2.5064123,4,10112,1191
PAHK,2.1243048,2.2444468,4,10112,1191
TACI,2.1237059,1.6750432,4,10112,1191
AAGM,2.1218214,1.3360333,4,10112,1191
AAVM,2.1215506,1.463804,4,10112,1191
PAYL,2.1212034,1.852254,4,10112,1191
AASI,2.1139326,0.81987077,4,10112,1191
AAVC,2.1009512,2.319722,4,10112,1191
TACM,2.0904875,2.5576591,4,10112,1191
AASM,2.0887594,3.6970675,4,10112,1191
AAGA,2.0870695,3.540751,4,10112,1191
VAQT,2.0855284,1.3743428,4,10112,1191
AALM,2.0656118,2.4883869,4,10112,1191
LAQT,2.0547895,2.2277455,4,10112,1191
SAVL,2.0524588,0.33617,4,10112,1191
AALA,2.0428572,1.3302778,4,10112,1191
AVCT,2.0377874,2.7242818,4,10112,1191
AACF,2.0352926,1.2474066,4,10112,1191
PATC,2.034564,3.7116697,4,10112,1191
AACH,2.0289297,1.4385296,4,10112,1191
PAII,2.0276213,1.1225393,4,10112,1191
AATV,2.0251303,2.2323198,4,10112,1191
AAIV,2.0068312,1.022386,4,10112,1191
AAEA,2.0043592,2.412979,4,10112,1191
VACL,2.0013037,1.6774412,4,10112,1191
VAQL,1.9985914,1.3151513,4,10112,1191
AARM,1.9944563,3.4267452,4,10112,1191
SALL,1.984519,3.3275027,4,10112,1191
TAII,1.9804106,1.7784827,4,10112,1191
AAFI,1.9731627,1.5074606,4,10112,1191
PAIM,1.9730482,2.350146,4,10112,1191
AANV,1.9722662,1.8445765,4,10112,1191
PACV,1.9677076,2.2727163,4,10112,1191
TAIR,1.9665251,2.015287,4,10112,1191
TVQT,1.9650106,4.659537,4,10112,1191
AAYM,1.9644003,1.9674655,4,10112,1191
SAIK,1.960494,2.4904556,4,10112,1191
AARC,1.9473257,3.7978919,4,10112,1191
LACL,1.9463606,0.556149,4,10112,1191
SAEL,1.9446173,1.7822374,4,10112,1191
EACL,1.9381514,3.051258,4,10112,1191
AAQD,1.9284391,0.10951135,4,10112,1191
PACS,1.9243765,3.049787,4,10112,1191
AAFC,1.9199781,1.261172,4,10112,1191
AACN,1.9197149,0.28158522,4,10112,1191
AAQW,1.9169531,0.13775924,4,10112,1191
DAQT,1.9155874,3.4736798,4,10112,1191
AAIQ,1.914794,1.7306418,4,10112,1191
AAYA,1.9125242,3.1165855,4,10112,1191
PAKI,1.9093771,0.96407056,4,10112,1191
AACG,1.9057264,0.24932171,4,10112,1191
PAMC,1.8949499,2.8323495,4,10112,1191
PACQ,1.8935194,0.23834845,4,10112,1191
AANS,1.8908224,1.259099,4,10112,1191
AASV,1.8844748,1.1815528,4,10112,1191
AADV,1.8736486,0.07844381,4,10112,1191
AACW,1.8704214,0.14148454,4,10112,1191
AAIF,1.866374,1.1683905,4,10112,1191
SAYL,1.8571234,1.5481281,4,10112,1191
AVVT,1.848506,2.9719026,4,10112,1191
AACD,1.8474913,0.080716185,4,10112,1191
PAHR,1.8459501,2.2627804,4,10112,1191
PAHC,1.8403158,1.2673434,4,10112,1191
AVDT,1.8398504,0.644936,4,10112,1191
AVGT,1.8341131,0.79042727,4,10112,1191
PAQF,1.8289976,0.4503374,4,10112,1191
AANF,1.8254004,0.5872813,4,10112,1191
TVCT,1.8071661,1.258008,4,10112,1191
AAWI,1.8040876,1.2286576,4,10112,1191
PAIV,1.8000898,0.072160795,4,10112,1191
AADQ,1.7869864,0.6001537,4,10112,1191
AVHT,1.7832441,2.4510312,4,10112,1191
YANL,1.7815924,0.5640571,4,10112,1191
PAYI,1.7630186,1.0627998,4,10112,1191
PAFI,1.7590628,3.0351262,4,10112,1191
AAFV,1.7447271,0.46452016,4,10112,1191
AVGK,1.7347975,0.63468647,4,10112,1191
IAIL,1.7309637,0.26611584,4,10112,1191
PAMV,1.7175779,1.8976263,4,10112,1191
VAVT,1.7032843,0.72154176,4,10112,1191
PASV,1.6817923,1.8240873,4,10112,1191
LAVT,1.6799955,1.1615825,4,10112,1191
AANW,1.662097,0.08220993,4,10112,1191
DANT,1.660018,2.041664,4,10112,1191
AWCL,1.6213331,0.084625416,4,10112,1191
ATFL,1.5957985,1.5614271,4,10112,1191
PAMH,1.5825834,0.48799863,4,10112,1191
AAHD,1.5514402,0.063551724,4,10112,1191
AWCK,1.5371275,0.24597983,4,10112,1191
AAYG,1.4798498,0.12820317,4,10112,1191
ASYK,1.4649992,1.0965348,4,10112,1191
AWHL,1.3868475,0.0931347,4,10112,1191
AWMK,1.3711576,0.10164655,4,10112,1191
CAEI,1.3285303,0.53144246,4,10112,1191
AGCV,1.3026676,0.09607956,4,10112,1191
SGQK,1.2759213,0.38161522,4,10112,1191
PINM,1.2705846,0.8582626,4,10112,1191
VCCT,1.2659612,1.3920375,4,10112,1191
TVRI,1.2248635,1.0781654,4,10112,1191
GALC,1.2213607,2.041959,4,10112,1191
TETT,1.2085595,0.12166742,4,10112,1191
AEKL,1.1847467,0.89218736,4,10112,1191
ESTL,1.1705909,0.92133915,4,10112,1191
KVQC,1.166903,2.160125,4,10112,1191
YVKT,1.1646986,1.8690431,4,10112,1191
NASQ,1.1153812,0.1517648,4,10112,1191
PQSK,1.1140232,1.2136017,4,10112,1191
PGNR,1.0837231,0.09303526,4,10112,1191
AMFV,1.0697446,0.6157818,4,10112,1191
PHQK,1.0496716,0.20860478,4,10112,1191
AFFK,1.0290446,0.08605879,4,10112,1191
PYEL,1.0097952,0.32826266,4,10112,1191
VTCR,1.0026441,0.93235964,4,10112,1191
TLLA,0.99918747,0.14317028,4,10112,1191
LAWC,0.9784875,3.189932,4,10112,1191
KCAK,0.96239996,3.162468,4,10112,1191
DTSL,0.96178293,0.6956893,4,10112,1191
MCAT,0.9593406,1.692612,4,10112,1191
RMFK,0.9576802,2.652316,4,10112,1191
KVLA,0.9544573,2.4778874,4,10112,1191
SSIR,0.94955015,0.7643434,4,10112,1191
NAMW,0.94605684,0.09848671,4,10112,1191
GSNK,0.9337759,0.64102143,4,10112,1191
KWML,0.92973375,0.20122994,4,10112,1191
FAYC,0.91385794,1.8817266,4,10112,1191
WWQT,0.90029764,0.21258834,4,10112,1191
NVLC,0.8943262,0.11648986,4,10112,1191
SCRA,0.86107445,1.8891214,4,10112,1191
PDTI,0.83148813,0.27488378,4,10112,1191
SMAR,0.8097348,0.96571636,4,10112,1191
VMVM,0.80755997,0.4879875,4,10112,1191
DTCA,0.7982693,0.65915257,4,10112,1191
HCDM,0.7920146,0.09295223,4,10112,1191
GITR,0.79044724,0.3432231,4,10112,1191
AWTY,0.78428316,0.11337123,4,10112,1191
RIRM,0.7842088,0.65465343,4,10112,1191
LCLA,0.7790742,0.09760618,4,10112,1191
HIGA,0.7779908,0.45311233,4,10112,1191
GAHW,0.7751198,0.09078631,4,10112,1191
YTWL,0.7700362,0.19947647,4,10112,1191
SDLL,0.76996803,0.19275393,4,10112,1191
PEDM,0.7591009,0.13575703,4,10112,1191
SEHK,0.7447891,0.2153466,4,10112,1191
MMNC,0.7310114,0.32866493,4,10112,1191
HRTT,0.7271142,0.16952337,4,10112,1191
TCIP,0.71646786,0.117125586,4,10112,1191
QTKV,0.71556664,0.32534647,4,10112,1191
SRQC,0.71209764,0.10818029,4,10112,1191
AFCY,0.7085037,0.054466642,4,10112,1191
FAGN,0.6917801,0.12604238,4,10112,1191
QSRC,0.6916928,0.23265469,4,10112,1191
ECDC,0.68929434,2.1998305,4,10112,1191
PLGH,0.6766186,0.21474981,4,10112,1191
GWMK,0.6714344,0.31092578,4,10112,1191
TRHR,0.6710448,0.17753765,4,10112,1191
KYQI,0.6666703,0.17584245,4,10112,1191
RFHK,0.6440058,0.25442085,4,10112,1191
WVHA,0.64047384,0.20158643,4,10112,1191
DQGL,0.63489103,0.39452145,4,10112,1191
TEVV,0.6342001,0.120273694,4,10112,1191
QMCW,0.62650776,0.2205951,4,10112,1191
VMHS,0.61409235,0.4189663,4,10112,1191
EENK,0.61066055,0.290011,4,10112,1191
NTKS,0.6088867,0.35419032,4,10112,1191
YIYI,0.60721064,0.24914913,4,10112,1191
GSDM,0.6064787,0.3049061,4,10112,1191
VLSA,0.6053295,0.2825826,4,10112,1191
AIPD,0.59434175,0.05889624,4,10112,1191
NVQP,0.5894637,0.23107986,4,10112,1191
NHGL,0.57524014,0.16140328,4,10112,1191
QQVR,0.57234955,0.9661335,4,10112,1191
PHGR,0.57142353,0.2155694,4,10112,1191
RIYS,0.57135916,0.267955,4,10112,1191
DTHC,0.5662327,0.3934884,4,10112,1191
TTRP,0.5658498,0.21563362,4,10112,1191
CLMC,0.5556345,0.178147,4,10112,1191
MIVV,0.5458565,0.7685166,4,10112,1191
PFKV,0.54151344,0.12217505,4,10112,1191
KQCS,0.5399904,0.30500424,4,10112,1191
PLKG,0.5381365,0.27793285,4,10112,1191
NILQ,0.53576374,0.20725629,4,10112,1191
DVKV,0.53322744,0.42310205,4,10112,1191
HCTW,0.53045654,0.15192501,4,10112,1191
DIHR,0.52634907,0.25460652,4,10112,1191
PSRP,0.5237694,0.06318081,4,10112,1191
HRQM,0.52352333,0.10583626,4,10112,1191
DWTI,0.5204954,0.08601501,4,10112,1191
TQRF,0.51416063,0.2298266,4,10112,1191
TFNF,0.510911,0.08180359,4,10112,1191
SHTM,0.5029111,0.1541843,4,10112,1191
VMAQ,0.5007405,0.23709711,4,10112,1191
KTRF,0.49984026,0.16236159,4,10112,1191
DHNT,0.4939561,0.15025845,4,10112,1191
TWSW,0.4826212,0.16114889,4,10112,1191
ECTG,0.4810815,0.13233106,4,10112,1191
HQKM,0.4784155,0.41413593,4,10112,1191
WCQN,0.47835922,0.15990512,4,10112,1191
QYHI,0.47743893,0.18979742,4,10112,1191
DGVC,0.4742713,0.12493569,4,10112,1191
TMYE,0.47234964,0.1401549,4,10112,1191
NIIG,0.46604156,0.081433184,4,10112,1191
SNVR,0.45934868,0.20194788,4,10112,1191
SRKM,0.45863628,0.11042664,4,10112,1191
FSKM,0.45231104,0.3801816,4,10112,1191
YCND,0.44174957,0.123948105,4,10112,1191
VVWS,0.44054317,0.41269872,4,10112,1191
KWYC,0.4369893,0.88639975,4,10112,1191
YRCR,0.42894793,0.1327172,4,10112,1191
PWKY,0.425416,0.26730794,4,10112,1191
LMMN,0.41756058,1.0565143,4,10112,1191
MITD,0.41497135,0.06273808,4,10112,1191
GVPR,0.41405964,0.14959314,4,10112,1191
TPIY,0.40863323,0.059295602,4,10112,1191
DKCI,0.40132427,0.14768167,4,10112,1191
QKAA,0.3914609,0.14478348,4,10112,1191
FGSI,0.38960934,0.69771487,4,10112,1191
TPVY,0.3856926,0.13044932,4,10112,1191
NYEI,0.3823943,0.10267599,4,10112,1191
VGAV,0.37187147,0.99489176,4,10112,1191
CVYD,0.3676796,0.11134837,4,10112,1191
YIHH,0.36653757,0.16125974,4,10112,1191
PYHW,0.36414814,0.10846307,4,10112,1191
YPEA,0.35673952,0.12052063,4,10112,1191
RTRY,0.35253763,0.11083685,4,10112,1191
LWGS,0.34423447,3.5731964,4,10112,1191
YCSW,0.34275007,0.09973651,4,10112,1191
FGGC,0.32962608,0.1414706,4,10112,1191
VLSF,0.3265357,0.14904255,4,10112,1191
EFMI,0.32170248,0.1406321,4,10112,1191
CWCN,0.31704903,0.4725641,4,10112,1191
RMFD,0.31437397,0.11687959,4,10112,1191
QEFR,0.31027508,0.14516278,4,10112,1191
NWDF,0.30944633,0.15875232,4,10112,1191
MPMA,0.30897045,0.1097811,4,10112,1191
KSDY,0.3062625,0.13970667,4,10112,1191
LSVW,0.3029852,0.1659205,4,10112,1191
TRVY,0.3019867,0.099443406,4,10112,1191
SCWN,0.30139208,0.06279561,4,10112,1191
KQLQ,0.2952361,0.15686075,4,10112,1191
VMYD,0.29483938,0.13583098,4,10112,1191
VDEI,0.2843523,0.13000742,4,10112,1191
WIGF,0.28318882,0.15147747,4,10112,1191
QWID,0.28197432,0.051984902,4,10112,1191
HEMS,0.28191328,0.15453859,4,10112,1191
WTHF,0.28102875,0.11571271,4,10112,1191
KNQH,0.27809286,0.14424068,4,10112,1191
TFDP,0.2743578,0.11111104,4,10112,1191
RQQE,0.27276373,0.16066374,4,10112,1191
TYSP,0.2702446,0.107315086,4,10112,1191
SPWA,0.26911497,0.19959523,4,10112,1191
EIEG,0.26744556,0.13466083,4,10112,1191
EFTS,0.26105213,0.15507075,4,10112,1191
GPSR,0.2602358,0.06998521,4,10112,1191
VKYR,0.2588377,0.1199173,4,10112,1191
IWFR,0.2563405,0.17519207,4,10112,1191
RLVD,0.25066948,0.14059381,4,10112,1191
LEVS,0.24890423,0.17856249,4,10112,1191
MGRS,0.24840069,0.5992291,4,10112,1191
NEKV,0.2305603,0.110192224,4,10112,1191
CGIW,0.22777367,0.08663339,4,10112,1191
VQND,0.22344208,0.08935649,4,10112,1191
VNFA,0.20919752,0.34987503,4,10112,1191
YYFM,0.20299244,0.10651194,4,10112,1191
HPIH,0.19828796,0.0741083,4,10112,1191
YRNS,0.18298197,0.11510541,4,10112,1191
THSY,0.17795515,0.17014799,4,10112,1191
GEVS,0.17073631,0.11569825,4,10112,1191
QYEH,0.1684556,0.15507685,4,10112,1191
QDKQ,0.16518164,0.09952092,4,10112,1191
WVPV,0.16517735,0.10877352,4,10112,1191
WYKM,0.15936804,0.111210406,4,10112,1191
QYSG,0.15888023,0.1305424,4,10112,1191
DPKR,0.15468693,0.103515655,4,10112,1191
GIYY,0.15346718,0.15722081,4,10112,1191
KQFF,0.1512394,0.1057439,4,10112,1191
YDIV,0.1440239,0.089181736,4,10112,1191
LNYM,0.14304018,0.20144631,4,10112,1191
FDDA,0.1411004,0.101454504,4,10112,1191
GPIQ,0.13507128,0.09559433,4,10112,1191
MWWR,0.13440228,0.996307,4,10112,1191
CLVY,0.12943554,0.13801633,4,10112,1191
IDQF,0.124028206,0.111438006,4,10112,1191
QQRD,0.117708206,0.08508591,4,10112,1191
GQKF,0.1168375,0.114980124,4,10112,1191
ISWS,0.10893345,0.5365161,4,10112,1191
RSYE,0.10320377,0.10052346,4,10112,1191
GQWM,0.098270416,0.17621803,4,10112,1191
EPTG,0.097911835,0.102660485,4,10112,1191
REFQ,0.0978179,0.09201606,4,10112,1191
MGEN,0.09769678,0.27268222,4,10112,1191
GKES,0.096170425,0.10956237,4,10112,1191
LRLQ,0.08215475,0.098839365,4,10112,1191
IWDD,0.078073025,0.08145266,4,10112,1191
LPYS,0.076910496,0.10475614,4,10112,1191
QFGG,0.071193695,0.086440034,4,10112,1191
YEIN,0.0627265,0.09018919,4,10112,1191
HFVG,0.05306959,0.10101193,4,10112,1191
EHGS,0.03350258,0.12467001,4,10112,1191
VPLG,0.03307581,0.08321437,4,10112,1191
EFWI,0.028093338,0.09672229,4,10112,1191
CGEE,0.01911354,0.10407472,4,10112,1191
MTWD,0.013344765,0.09932464,4,10112,1191
YWEY,0.012880325,0.09515735,4,10112,1191
IEGF,0.010401249,0.121969044,4,10112,1191
HQLE,0.0056858063,0.11318347,4,10112,1191
GNMQ,0.0039725304,0.11251921,4,10112,1191
FVFE,-0.005833626,0.0983791,4,10112,1191
DYMH,-0.0067543983,0.090594076,4,10112,1191
GHCN,-0.014995098,0.11395293,4,10112,1191
KQKP,-0.01601553,0.104244515,4,10112,1191
CYAG,-0.016131401,0.18598998,4,10112,1191
YPCE,-0.033360958,0.08475234,4,10112,1191
VNYH,-0.042213917,0.13135149,4,10112,1191
EPYF,-0.04893017,0.09009931,4,10112,1191
EFTP,-0.06560516,0.11852761,4,10112,1191
NRIP,-0.10144234,0.10167029,4,10112,1191
LGWG,-0.10211706,0.110743985,4,10112,1191
FEWC,-0.111373425,0.09841627,4,10112,1191
LHRG,-0.12513208,0.18253946,4,10112,1191
YHNP,-0.13133097,0.1160743,4,10112,1191
RHFN,-0.13881016,0.15368348,4,10112,1191
FFHF,-0.14361,0.10432774,4,10112,1191
YHRD,-0.15554428,0.10121097,4,10112,1191
MKKY,-0.17097569,0.11208171,4,10112,1191
FSWD,-0.20083189,0.099411115,4,10112,1191
HNHP,-0.22675705,0.10036638,4,10112,1191
HHPQ,-0.24113846,0.118480034,4,10112,1191
DHLW,-0.259799,0.11442558,4,10112,1191
GNRE,-0.34299898,0.13596241,4,10112,1191
IGWE,-0.34417152,0.11065701,4,10112,1191
PATK,2.6731722,1.2307869,5,13592,1570
AART,2.6586115,1.4239714,5,13592,1570
PAQK,2.620556,1.8778868,5,13592,1570
TACK,2.5819857,1.1465652,5,13592,1570
AALK,2.5581973,1.8138579,5,13592,1570
AAIA,2.5328677,1.5893631,5,13592,1570
AAHT,2.5062487,0.60667735,5,13592,1570
AAEK,2.4944842,1.4482585,5,13592,1570
AAHK,2.474602,1.0456074,5,13592,1570
PAMK,2.4225047,0.76568866,5,13592,1570
PAMT,2.4068797,0.5033176,5,13592,1570
PAVK,2.3921816,1.6429493,5,13592,1570
PALK,2.3784564,0.9604449,5,13592,1570
PAGK,2.3727,0.49362817,5,13592,1570
AAWK,2.3441966,0.7139977,5,13592,1570
SAQK,2.3193552,1.2884334,5,13592,1570
PAIC,2.2978098,0.9594182,5,13592,1570
PAEK,2.2967837,1.5024434,5,13592,1570
PAIA,2.2896883,1.1739669,5,13592,1570
PALL,2.2864916,2.0704796,5,13592,1570
PAQC,2.2699816,1.0145484,5,13592,1570
PATA,2.2686808,0.862947,5,13592,1570
AADA,2.2411082,1.8668463,5,13592,1570
SATK,2.236645,0.8675641,5,13592,1570
AAMR,2.2311327,1.266972,5,13592,1570
TAVL,2.1987574,1.0313787,5,13592,1570
AAHA,2.1985133,0.97239065,5,13592,1570
HAQT,2.191086,0.757977,5,13592,1570
RATK,2.1891787,0.30455723,5,13592,1570
RACK,2.1867983,0.16721813,5,13592,1570
AAVR,2.1853945,2.1184459,5,13592,1570
AAFA,2.1792452,0.33417606,5,13592,1570
TAML,2.17215,1.5900443,5,13592,1570
RATL,2.1717303,0.4824482,5,13592,1570
PARL,2.1588175,1.1425344,5,13592,1570
TATR,2.1464274,0.29003662,5,13592,1570
AALR,2.1412623,1.2713591,5,13592,1570
QAIK,2.1207469,0.99569494,5,13592,1570
PATM,2.1183436,2.256969,5,13592,1570
SATT,2.1047175,0.33898297,5,13592,1570
RAIL,2.0944903,1.9159564,5,13592,1570
PASA,2.0940402,0.82055855,5,13592,1570
KAIT,2.089043,0.25766316,5,13592,1570
PAMA,2.0874865,0.983078,5,13592,1570
AAHR,2.0724986,0.28298166,5,13592,1570
EACK,2.0675814,1.60006,5,13592,1570
AAFR,2.0661166,0.554862,5,13592,1570
HAIK,2.060612,2.489867,5,13592,1570
RASK,2.0294802,0.40074992,5,13592,1570
LAIK,2.0290377,1.126442,5,13592,1570
PAVA,2.0279505,0.9099847,5,13592,1570
TATM,2.0243838,0.8703069,5,13592,1570
KATT,2.0102656,0.25471124,5,13592,1570
LACK,2.006386,1.9066856,5,13592,1570
PAMR,2.0038683,1.3900113,5,13592,1570
AAPL,1.9979784,0.29606128,5,13592,1570
CACK,1.9937937,1.7513863,5,13592,1570
PASR,1.9897768,0.5183457,5,13592,1570
MAQK,1.9745028,1.0804168,5,13592,1570
FAQT,1.9710028,0.44707608,5,13592,1570
LAIT,1.9697611,1.598418,5,13592,1570
PAEA,1.9657099,1.140938,5,13592,1570
PALR,1.9595912,1.1415944,5,13592,1570
SADT,1.9479563,0.373714,5,13592,1570
AAGS,1.9453852,0.23422813,5,13592,1570
RADK,1.9423563,0.21994804,5,13592,1570
QAGL,1.9171822,0.6443605,5,13592,1570
CACT,1.9068263,0.8138058,5,13592,1570
TAGR,1.8990824,0.10652194,5,13592,1570
CAQL,1.8833735,1.3449361,5,13592,1570
SAIA,1.8746226,1.4737034,5,13592,1570
SAQM,1.8745959,0.5674405,5,13592,1570
AAWM,1.8743021,0.3796149,5,13592,1570
TAMC,1.8621714,0.76023215,5,13592,1570
CATT,1.8614504,1.8950404,5,13592,1570
SACC,1.845566,0.55528194,5,13592,1570
TANM,1.8388026,0.8481595,5,13592,1570
KADT,1.8235209,0.21570091,5,13592,1570
KAIA,1.8212435,0.1474963,5,13592,1570
AVSL,1.7816546,0.5933487,5,13592,1570
RAFL,1.7720625,0.28229478,5,13592,1570
DAST,1.7646945,0.31222793,5,13592,1570
PVQL,1.7626059,2.4091275,5,13592,1570
QAFL,1.761101,0.437937,5,13592,1570
QAIC,1.7123225,0.62359893,5,13592,1570
AVML,1.7044203,1.5525342,5,13592,1570
PVSL,1.6715815,1.303256,5,13592,1570
SADA,1.647793,0.8213204,5,13592,1570
PVML,1.6452353,0.9763858,5,13592,1570
SAMC,1.6336215,1.4120488,5,13592,1570
NALT,1.6326907,0.35730818,5,13592,1570
PVVL,1.6277087,2.3835132,5,13592,1570
KVQL,1.5967581,1.0120407,5,13592,1570
MAHK,1.5883753,2.2626784,5,13592,1570
CATR,1.567528,1.1211358,5,13592,1570
SAFA,1.5503657,1.5219978,5,13592,1570
TVML,1.5256426,0.6016832,5,13592,1570
ATIC,1.4831722,1.6661484,5,13592,1570
SAQQ,1.4828799,0.29421553,5,13592,1570
ACNA,1.4684432,1.9495429,5,13592,1570
KVSL,1.4681838,0.46012667,5,13592,1570
TGIK,1.4578574,1.9635822,5,13592,1570
RAER,1.4505098,0.42113438,5,13592,1570
IAFT,1.4314921,2.4462,5,13592,1570
FAQR,1.4236376,0.90659964,5,13592,1570
MAGR,1.3242114,1.8801681,5,13592,1570
DACI,1.3116581,0.85674113,5,13592,1570
TCML,1.3096318,0.09201129,5,13592,1570
PICR,1.2814925,1.2840673,5,13592,1570
APKT,1.2483175,0.48208976,5,13592,1570
QVYL,1.2281477,0.26407453,5,13592,1570
HASS,1.2264216,0.1732583,5,13592,1570
TICR,1.2245076,1.4332298,5,13592,1570
EAWR,1.2146771,0.6537519,5,13592,1570
AVDS,1.168504,0.07223214,5,13592,1570
VICT,1.1416376,1.4695693,5,13592,1570
PCAM,1.1363227,1.011051,5,13592,1570
AAYD,1.110718,0.070678174,5,13592,1570
ALLA,1.1093724,0.15658638,5,13592,1570
QIRK,1.0713227,1.4355843,5,13592,1570
GMLK,1.0588236,2.2247105,5,13592,1570
MADS,1.054879,1.8312093,5,13592,1570
SACP,1.0502245,0.10476716,5,13592,1570
YAEI,1.0442736,0.49054,5,13592,1570
NISL,1.0409443,2.1183057,5,13592,1570
RVYA,1.0393922,0.26384386,5,13592,1570
LVKA,1.033498,1.2205541,5,13592,1570
TVVH,1.0014961,0.21218406,5,13592,1570
RMCS,0.99420285,1.365226,5,13592,1570
TQQR,0.992888,0.84225416,5,13592,1570
TMYR,0.9904001,2.5479863,5,13592,1570
DCIA,0.9428551,1.5375516,5,13592,1570
PIQQ,0.9418061,0.47174975,5,13592,1570
TEQL,0.9281604,0.7118937,5,13592,1570
HCGC,0.91086435,0.4015917,5,13592,1570
YSAK,0.9102905,0.8731162,5,13592,1570
TVWI,0.8993075,0.63341314,5,13592,1570
HARH,0.8832171,0.48033226,5,13592,1570
TTDS,0.8704822,1.2175455,5,13592,1570
KMGM,0.86406755,1.3898044,5,13592,1570
CVER,0.8598435,1.4925374,5,13592,1570
HQAT,0.848613,1.0353756,5,13592,1570
SKTT,0.82952,0.09447577,5,13592,1570
SLHL,0.8271804,0.1662693,5,13592,1570
KGWK,0.824435,0.13080882,5,13592,1570
CGFK,0.82210755,2.4710286,5,13592,1570
PMVH,0.8176441,2.1118243,5,13592,1570
RVYS,0.8052347,0.16046363,5,13592,1570
CVQN,0.79932857,0.4278043,5,13592,1570
PEFL,0.78021455,0.1576717,5,13592,1570
KKVK,0.77858377,0.09615018,5,13592,1570
TVMG,0.7710569,0.11551282,5,13592,1570
LILR,0.7600987,2.6998584,5,13592,1570
HANG,0.7583158,0.14283599,5,13592,1570
GLAK,0.7444413,0.37521285,5,13592,1570
LIPK,0.74368596,0.273454,5,13592,1570
EIPT,0.7240174,0.09124487,5,13592,1570
QIQQ,0.71892476,0.70874614,5,13592,1570
PMSG,0.71819377,0.66100734,5,13592,1570
PYQM,0.7173898,0.56961554,5,13592,1570
GIQS,0.70300794,0.31351063,5,13592,1570
YSIR,0.70076394,1.0316981,5,13592,1570
ETLM,0.6815617,0.93300176,5,13592,1570
VFCK,0.66101956,0.116537675,5,13592,1570
NIEA,0.6567247,1.3858035,5,13592,1570
TFHL,0.6560676,0.08251715,5,13592,1570
TGNS,0.6519401,0.1433797,5,13592,1570
AIYF,0.64795184,0.1830762,5,13592,1570
IVGI,0.6476958,1.5240628,5,13592,1570
TEVC,0.6435492,0.27972016,5,13592,1570
YKLT,0.62645364,0.07064564,5,13592,1570
TCWQ,0.6241238,0.08629346,5,13592,1570
NILM,0.6197007,0.7285611,5,13592,1570
WCNR,0.61763096,0.29497796,5,13592,1570
QEQA,0.61211133,0.39315572,5,13592,1570
STQF,0.5974982,0.09855816,5,13592,1570
YWHT,0.59434605,0.3886874,5,13592,1570
PSPM,0.580271,0.4075044,5,13592,1570
MLTR,0.58012176,0.185217,5,13592,1570
KYVC,0.5735264,0.564915,5,13592,1570
DSGC,0.5675318,0.21876018,5,13592,1570
LMAQ,0.56405044,1.0081586,5,13592,1570
HGKC,0.5623143,1.8431344,5,13592,1570
ISAC,0.5426862,0.099390365,5,13592,1570
LWKM,0.53420615,2.5823972,5,13592,1570
KDFT,0.519552,0.09046685,5,13592,1570
MTCV,0.5135429,0.46698314,5,13592,1570
GRTT,0.5122521,0.33825007,5,13592,1570
IQDL,0.5111766,0.38511586,5,13592,1570
NAWN,0.5085218,0.09207167,5,13592,1570
PQNV,0.500679,0.45401004,5,13592,1570
FAKE,0.49915433,0.08683863,5,13592,1570
LYSR,0.49698997,1.4665265,5,13592,1570
YMIN,0.49629855,0.517954,5,13592,1570
FPVK,0.4882357,0.11295194,5,13592,1570
EYKL,0.4872694,0.16393602,5,13592,1570
KNAC,0.4864607,0.28630647,5,13592,1570
RVKY,0.48285508,0.10346227,5,13592,1570
HEEL,0.4808247,1.452383,5,13592,1570
IQWK,0.4767716,1.0292599,5,13592,1570
LYTS,0.47656226,1.3382872,5,13592,1570
RNEA,0.4720099,0.19134897,5,13592,1570
APAQ,0.4548204,0.111795336,5,13592,1570
HIRV,0.45262647,1.2609684,5,13592,1570
DHLT,0.44303155,0.20924146,5,13592,1570
NQSR,0.44163728,1.2733392,5,13592,1570
KMGG,0.4411993,0.172815,5,13592,1570
VVEF,0.4302318,1.3959864,5,13592,1570
RVED,0.42941546,0.115910046,5,13592,1570
PDEM,0.42938995,0.07895484,5,13592,1570
CQGM,0.42361093,0.62686956,5,13592,1570
VKNA,0.41943288,0.07185934,5,13592,1570
HVKG,0.41869044,0.1700825,5,13592,1570
LNHL,0.41862822,0.23095407,5,13592,1570
VHCA,0.41833615,0.164854,5,13592,1570
PGFF,0.4035883,0.12556773,5,13592,1570
RIFH,0.39927936,0.1415568,5,13592,1570
MPIR,0.39799356,0.08919136,5,13592,1570
NVCP,0.39491057,0.119398266,5,13592,1570
VQYR,0.38684773,1.7565436,5,13592,1570
KVGW,0.38677287,0.09609744,5,13592,1570
LHYC,0.38500595,0.14007099,5,13592,1570
KRWL,0.37603617,0.12087342,5,13592,1570
ILTS,0.37393022,0.16525687,5,13592,1570
LMDD,0.37380052,0.11605448,5,13592,1570
WSHA,0.3668344,0.26748312,5,13592,1570
EVNE,0.36550546,0.12368734,5,13592,1570
GIPA,0.3596232,0.0954487,5,13592,1570
TRQN,0.35671258,0.09850118,5,13592,1570
HMRG,0.352484,1.3853894,5,13592,1570
FQMA,0.35142827,0.62842375,5,13592,1570
WSAS,0.34339285,0.13043456,5,13592,1570
IVEF,0.34177303,1.0425979,5,13592,1570
RHRS,0.33818984,0.15686683,5,13592,1570
AKVG,0.33687544,0.095695995,5,13592,1570
GMID,0.31006265,0.08918802,5,13592,1570
GTQE,0.30988336,0.099444956,5,13592,1570
AKGY,0.30969715,0.09471901,5,13592,1570
KIAP,0.3056743,0.10803648,5,13592,1570
ESRQ,0.29965758,0.2095245,5,13592,1570
GVME,0.29922223,0.09945515,5,13592,1570
WLER,0.29309583,0.22073002,5,13592,1570
MIFH,0.28485012,0.5285168,5,13592,1570
LMMW,0.28472924,0.44387913,5,13592,1570
WTIN,0.2791164,0.09950764,5,13592,1570
SFAI,0.2714057,0.08771653,5,13592,1570
GMCD,0.27041173,0.10168511,5,13592,1570
CEDR,0.26646686,2.0122564,5,13592,1570
HHPT,0.26603007,0.10681086,5,13592,1570
LTVP,0.26484513,0.13670355,5,13592,1570
PETY,0.2623992,0.09036292,5,13592,1570
FHWK,0.25853658,0.1353375,5,13592,1570
NRVC,0.25520635,0.10045849,5,13592,1570
ITKV,0.25049567,0.15345815,5,13592,1570
KWDF,0.24769521,0.22452247,5,13592,1570
GTCY,0.23591566,0.073874645,5,13592,1570
TYCY,0.23198819,0.11045605,5,13592,1570
SGQD,0.23148227,0.08500832,5,13592,1570
YNRM,0.22902298,0.124381006,5,13592,1570
YEWL,0.22776222,0.081904724,5,13592,1570
IVYG,0.22295356,0.18289183,5,13592,1570
TRYI,0.21382284,0.08124809,5,13592,1570
VQGH,0.21312475,0.28442782,5,13592,1570
GIFH,0.21116805,0.09802991,5,13592,1570
TIWW,0.20727801,0.091680884,5,13592,1570
RHKI,0.19770741,0.1054314,5,13592,1570
SPWM,0.1838615,0.08747409,5,13592,1570
WVSW,0.18117142,0.08213702,5,13592,1570
THAN,0.17977452,0.23340511,5,13592,1570
GSLH,0.17825961,0.118997045,5,13592,1570
VEHR,0.17745662,0.7535255,5,13592,1570
DMDP,0.17469335,0.09885597,5,13592,1570
MHQI,0.16451788,0.08955483,5,13592,1570
ELIE,0.15448785,0.08096996,5,13592,1570
RIEW,0.15294266,0.08094237,5,13592,1570
TDCY,0.14853668,0.09052323,5,13592,1570
RYMV,0.14827919,0.10253279,5,13592,1570
MEES,0.14551783,0.3026302,5,13592,1570
RPTN,0.14375663,0.07710306,5,13592,1570
ADFG,0.1430819,0.10483621,5,13592,1570
NEFM,0.14131117,0.08809358,5,13592,1570
SNTF,0.13783956,0.10284935,5,13592,1570
ETRP,0.13662624,0.081885055,5,13592,1570
YGQP,0.13638258,0.093523405,5,13592,1570
RGVE,0.13595748,0.102583125,5,13592,1570
WIDN,0.13128209,0.08421211,5,13592,1570
DWEI,0.12644649,0.14804046,5,13592,1570
RIHE,0.11921048,0.08348669,5,13592,1570
EKSF,0.110497,0.08442324,5,13592,1570
NMFW,0.104982615,0.0812471,5,13592,1570
GIDG,0.10386586,0.12359745,5,13592,1570
SYTY,0.10211587,0.08438433,5,13592,1570
ITSD,0.0963161,0.113318585,5,13592,1570
GGPM,0.090935946,0.07111972,5,13592,1570
HKCN,0.088287115,0.11608745,5,13592,1570
GFHR,0.086019754,0.1059239,5,13592,1570
HTAW,0.07677531,0.12177039,5,13592,1570
NGEF,0.073278904,0.084799424,5,13592,1570
VSLY,0.06508517,0.41355014,5,13592,1570
GTEY,0.062357664,0.085522436,5,13592,1570
LFEQ,0.058878183,0.090981066,5,13592,1570
IKIH,0.045892,0.07826977,5,13592,1570
GGVF,0.043487787,0.3791926,5,13592,1570
SGMP,0.041716814,0.08890761,5,13592,1570
DTWH,0.038294077,0.09944282,5,13592,1570
YESQ,0.033669233,0.078380086,5,13592,1570
KHVF,0.033386946,0.14201477,5,13592,1570
NFFI,0.02905655,0.085900486,5,13592,1570
SFKF,0.028698683,0.103535354,5,13592,1570
MQDE,0.024281263,0.07069939,5,13592,1570
ENLV,0.024103165,0.12237396,5,13592,1570
TRGY,0.019677877,0.07255529,5,13592,1570
DQDF,0.019049883,0.13482891,5,13592,1570
MHYI,0.01872921,0.0929858,5,13592,1570
RRWI,0.010069132,0.10074992,5,13592,1570
EKAN,0.008833647,0.071902774,5,13592,1570
ADFW,0.0024590492,0.10135404,5,13592,1570
EGYE,-0.0060272217,0.06284263,5,13592,1570
VKCE,-0.006695032,0.088161476,5,13592,1570
ELFY,-0.008980036,0.08531658,5,13592,1570
WYTF,-0.009114027,0.08783452,5,13592,1570
NSFY,-0.009927988,0.07618867,5,13592,1570
KKRE,-0.012704849,0.09321166,5,13592,1570
IQLF,-0.013470173,0.32140666,5,13592,1570
MELV,-0.014029741,0.30901292,5,13592,1570
CEEV,-0.016477823,0.47118354,5,13592,1570
WLQD,-0.018319368,0.07221457,5,13592,1570
KDFV,-0.02048564,0.0705726,5,13592,1570
WNCQ,-0.02303648,0.07831176,5,13592,1570
HEPR,-0.023452282,0.06696412,5,13592,1570
CEGF,-0.023801327,0.08638498,5,13592,1570
SKDP,-0.025515318,0.07123313,5,13592,1570
EDIY,-0.026471138,0.084986866,5,13592,1570
YRSQ,-0.027107,0.064869076,5,13592,1570
VLDD,-0.027683973,0.084432505,5,13592,1570
VYSP,-0.031392336,0.07883193,5,13592,1570
YYCE,-0.03618884,0.08785143,5,13592,1570
IRTQ,-0.03850293,0.06589522,5,13592,1570
QYGD,-0.04169917,0.082725145,5,13592,1570
HSHP,-0.04856515,0.07993871,5,13592,1570
WRNI,-0.05104971,0.0738518,5,13592,1570
YKAF,-0.054592848,0.080889314,5,13592,1570
KPWV,-0.05834484,0.0743866,5,13592,1570
IWSD,-0.05969405,0.08342113,5,13592,1570
CDQD,-0.0625999,0.113050155,5,13592,1570
CKHV,-0.065028906,0.08535712,5,13592,1570
REDD,-0.08940816,0.06289258,5,13592,1570
SSPE,-0.09026623,0.08226852,5,13592,1570
IYLG,-0.094468355,0.08277944,5,13592,1570
GYAY,-0.10932732,0.08340529,5,13592,1570
EGWY,-0.12856936,0.071184754,5,13592,1570
YEMN,-0.1293521,0.084825076,5,13592,1570
EKVD,-0.13471651,0.071545,5,13592,1570
YFLG,-0.14349008,0.091343895,5,13592,1570
EEMY,-0.14431214,0.084762715,5,13592,1570
DNRG,-0.15333724,0.07893051,5,13592,1570
QHWF,-0.15863442,0.08747971,5,13592,1570
HPHN,-0.15926242,0.07504469,5,13592,1570
WEPR,-0.16411781,0.07961079,5,13592,1570
DFTP,-0.16870522,0.075905256,5,13592,1570
LKPN,-0.17513013,0.087747745,5,13592,1570
NTPP,-0.19005442,0.06672529,5,13592,1570
VDEY,-0.19287872,0.08341457,5,13592,1570
FHTW,-0.2214725,0.086167805,5,13592,1570
SGWW,-0.2256701,0.08032511,5,13592,1570
NDNE,-0.23979783,0.07926445,5,13592,1570
QNWG,-0.2564981,0.08288576,5,13592,1570
EDPH,-0.27492738,0.07678187,5,13592,1570
GYWY,-0.28710675,0.08435579,5,13592,1570
CYPY,-0.2956593,0.07328015,5,13592,1570
QKPY,-0.31361413,0.09261727,5,13592,1570
WHGW,-0.32334828,0.08185406,5,13592,1570
GGPY,-0.349015,0.071850955,5,13592,1570
MPPN,-0.34991527,0.08020008,5,13592,1570
FNWE,-0.35208917,0.081820674,5,13592,1570
MRWP,-0.41447616,0.086894326,5,13592,1570
GPPN,-0.41568518,0.087965034,5,13592,1570
FHWW,-0.4245708,0.07218602,5,13592,1570
FPPY,-0.48239112,2.3537319,5,13592,1570
