{"run_id": "21:42:25-05/18/2022", "exp_name": "BO_EVO_proposal-function=UCB", "encoder_name": "TAPE_transformer", "model_name": "GPyTorch", "landscape_name": "GB1_combo", "rounds": 5, "expmt_queries_per_round": 384, "model_queries_per_round": 3072}
sequence,model_score,true_score,round,model_cost,measurement_cost
FWAM,,0.07447865,0,0,1
FTFL,-0.20259616,0.0010803496,1,3520,346
VKAV,-0.20365486,0.02221,1,3520,346
GCAH,-0.20379442,0.0006951341,1,3520,346
TGYM,-0.20391855,0.0,1,3520,346
TDAA,-0.20393482,0.13972194,1,3520,346
FIIC,-0.20427188,0.0038565656,1,3520,346
WDWV,-0.20434636,0.00513239,1,3520,346
HFNG,-0.20495382,0.00043749693,1,3520,346
WHKC,-0.20497647,0.0020624858,1,3520,346
WNKE,-0.20500413,0.0,1,3520,346
ALFW,-0.20514807,0.002760091,1,3520,346
ENWY,-0.20533332,0.0,1,3520,346
QHWI,-0.20538151,0.00046456984,1,3520,346
WTET,-0.20566219,0.00027785866,1,3520,346
PFPP,-0.20579258,0.00052720844,1,3520,346
AVEY,-0.20581457,0.0,1,3520,346
AVGL,-0.20598868,0.023502152,1,3520,346
MSNV,-0.20609036,0.00065854803,1,3520,346
NSKV,-0.20612139,0.0004036262,1,3520,346
VRSV,-0.20622036,0.0036608942,1,3520,346
TCFY,-0.20628828,0.0007274659,1,3520,346
YSNN,-0.2062954,0.00021951603,1,3520,346
WNNP,-0.2063789,0.00039101296,1,3520,346
AQPA,-0.20638573,0.0,1,3520,346
NLEH,-0.20645258,0.00044265616,1,3520,346
ATCR,-0.20647848,0.0,1,3520,346
RVIL,-0.20649937,0.0002829824,1,3520,346
QLTT,-0.2065202,0.00045905076,1,3520,346
WDDP,-0.20654479,0.000309173,1,3520,346
QGII,-0.20654836,0.00023652958,1,3520,346
EIFA,-0.20656434,0.01945828,1,3520,346
VMYI,-0.20667288,0.0005902082,1,3520,346
RNEG,-0.20667481,0.0002680137,1,3520,346
HVKL,-0.20669875,0.00011759781,1,3520,346
GPDQ,-0.20675012,0.0,1,3520,346
LVME,-0.2067563,0.00041357137,1,3520,346
MSGR,-0.20677343,0.0005968177,1,3520,346
PESL,-0.20677406,8.041392e-05,1,3520,346
LTPV,-0.20681217,0.0005432306,1,3520,346
DCYG,-0.20683318,0.013406157,1,3520,346
QPHL,-0.20693958,0.00035147226,1,3520,346
IKHE,-0.2069948,0.0004437026,1,3520,346
YHGG,-0.2070083,0.039258324,1,3520,346
KSRW,-0.2070592,0.00018133933,1,3520,346
IPKQ,-0.20709345,0.0,1,3520,346
KCLI,-0.20714569,0.0023858414,1,3520,346
VYVI,-0.2071901,0.0011769101,1,3520,346
MVQR,-0.20721504,0.0,1,3520,346
LTDS,-0.20727155,0.0003128103,1,3520,346
CQDW,-0.20733136,0.0,1,3520,346
MKNF,-0.2073446,0.0009200304,1,3520,346
EVIF,-0.20735584,0.0007723712,1,3520,346
THPA,-0.20738554,0.0048124664,1,3520,346
REQS,-0.20741338,0.00031693038,1,3520,346
CIEA,-0.20748198,0.0009234253,1,3520,346
TGYK,-0.20750353,0.0,1,3520,346
NTCK,-0.20752153,0.0010786563,1,3520,346
MCVK,-0.20769829,0.0010767023,1,3520,346
MTGW,-0.20773903,0.011850964,1,3520,346
CEDG,-0.20777518,0.000379164,1,3520,346
METG,-0.20780128,0.00039496252,1,3520,346
ITGS,-0.20780365,0.041856565,1,3520,346
TYIW,-0.20782506,0.0013033764,1,3520,346
HQHL,-0.20783424,0.0003934721,1,3520,346
MYEG,-0.20784165,0.0002532877,1,3520,346
EQMG,-0.20784454,0.038232375,1,3520,346
TSTN,-0.20788704,0.0006194264,1,3520,346
MYCG,-0.20789193,0.32342866,1,3520,346
EQPK,-0.20792013,0.0,1,3520,346
HQHN,-0.20792331,0.0,1,3520,346
HQHC,-0.20792454,0.0,1,3520,346
EYCG,-0.20793924,0.19249867,1,3520,346
MIMQ,-0.20796008,0.00074125675,1,3520,346
MCEG,-0.20798577,0.00081602694,1,3520,346
ETCS,-0.20806247,0.0062562064,1,3520,346
MECG,-0.20806447,0.07774703,1,3520,346
VVDY,-0.20809235,0.00028698196,1,3520,346
HQHW,-0.20816936,0.0010090655,1,3520,346
IIFR,-0.20817128,0.000394044,1,3520,346
IIFA,-0.20821957,0.10289878,1,3520,346
VVMV,-0.20828553,0.0019786195,1,3520,346
RIIR,-0.20842154,0.00030797074,1,3520,346
NIIH,-0.20846012,0.00070032163,1,3520,346
VTTA,-0.20847443,0.0021411057,1,3520,346
VVSK,-0.20860429,0.00019860978,1,3520,346
CVVT,-0.20860714,0.007709514,1,3520,346
MQMG,-0.20862554,0.09890327,1,3520,346
TRTW,-0.20862882,0.0,1,3520,346
GVVK,-0.20865966,0.00012802606,1,3520,346
TTWS,-0.20866375,0.0,1,3520,346
QRRP,-0.2086815,0.00029102294,1,3520,346
RIIG,-0.20870134,0.000568746,1,3520,346
TMTF,-0.20872265,0.0,1,3520,346
VGGK,-0.2087639,0.0,1,3520,346
CVVG,-0.20878482,0.03414139,1,3520,346
TMTW,-0.20879537,0.0,1,3520,346
NTTL,-0.20881498,0.00046888064,1,3520,346
VVGK,-0.20881812,0.0009962113,1,3520,346
VVEK,-0.20882711,0.0,1,3520,346
VVMK,-0.2088294,0.00037462314,1,3520,346
CVVK,-0.20886028,0.0012388529,1,3520,346
HQQP,-0.20893522,0.00045334827,1,3520,346
KRRV,-0.20894794,0.00028698196,1,3520,346
QQRY,-0.20902008,0.0005313126,1,3520,346
QQEY,-0.20904629,0.000796969,1,3520,346
IRRG,-0.20905562,0.0010204603,1,3520,346
EELV,-0.209062,0.0010200337,1,3520,346
IIRR,-0.20907317,0.0003370141,1,3520,346
IIYA,-0.20913464,0.0150795225,1,3520,346
YYDG,-0.2091379,0.0005004965,1,3520,346
YRRG,-0.20915215,0.0010370736,1,3520,346
KRRA,-0.20918445,0.00031015187,1,3520,346
YYVG,-0.2091865,0.119250685,1,3520,346
GCCF,-0.20919055,0.0,1,3520,346
YTTF,-0.20919368,8.2535706e-05,1,3520,346
YYPH,-0.20922576,0.0,1,3520,346
QQEI,-0.20923209,0.0,1,3520,346
MTTR,-0.20923564,0.00022958558,1,3520,346
NCCF,-0.20923626,0.0,1,3520,346
HQQW,-0.20923775,0.0014549318,1,3520,346
YTTG,-0.20923832,0.0003235969,1,3520,346
QQRP,-0.20925242,0.00029361254,1,3520,346
LKKS,-0.20925802,0.0002883045,1,3520,346
KRRH,-0.20925824,0.00034354895,1,3520,346
CQQR,-0.20926067,0.0011804163,1,3520,346
GCCW,-0.20926307,0.0,1,3520,346
YTTW,-0.20926625,0.00023431488,1,3520,346
QQIH,-0.2092783,0.0,1,3520,346
QQEP,-0.20927867,0.00048230673,1,3520,346
HQQS,-0.20927908,0.00020312359,1,3520,346
MTTN,-0.20929788,0.0006103617,1,3520,346
EENR,-0.20930226,0.0001511161,1,3520,346
GCCS,-0.20930451,0.00050453277,1,3520,346
ETTL,-0.20930451,0.0002606753,1,3520,346
EELC,-0.20931375,0.0039580083,1,3520,346
CCYQ,-0.20931625,0.0,1,3520,346
GGDW,-0.20932329,0.0,1,3520,346
QQYG,-0.20934069,0.05626085,1,3520,346
YCCF,-0.20934096,0.032126468,1,3520,346
ETTE,-0.2093416,0.00045008678,1,3520,346
MQQE,-0.20935044,0.0,1,3520,346
EELT,-0.20935223,0.0426346,1,3520,346
QQRH,-0.20936967,0.0002161039,1,3520,346
YQQW,-0.20937519,0.0,1,3520,346
QQET,-0.20937584,0.00085467304,1,3520,346
MMHG,-0.20937902,0.0009724673,1,3520,346
YYPG,-0.20938298,0.0007507448,1,3520,346
KCCQ,-0.20939034,0.0013902682,1,3520,346
IIYW,-0.20939353,0.0006951341,1,3520,346
DKKS,-0.209404,0.0,1,3520,346
IIMW,-0.20940658,0.00042271666,1,3520,346
MMHW,-0.20940693,0.0,1,3520,346
RRKG,-0.20940815,0.0004215772,1,3520,346
QQYS,-0.20940998,0.00067090685,1,3520,346
KRRG,-0.2094154,0.00028308624,1,3520,346
YQQK,-0.20942259,0.0,1,3520,346
EENH,-0.20942412,0.0,1,3520,346
GGKW,-0.20944995,0.0,1,3520,346
YCCS,-0.20945485,0.008341609,1,3520,346
MTTF,-0.20947005,0.0,1,3520,346
GKKS,-0.20947658,0.0,1,3520,346
CCDG,-0.20949084,0.008322476,1,3520,346
GGKS,-0.20949134,0.00023286133,1,3520,346
CCYT,-0.20949744,0.0064773858,1,3520,346
CCPV,-0.20950137,0.00096745463,1,3520,346
IIQW,-0.20950831,0.0011171798,1,3520,346
TTVA,-0.2095117,0.0004102431,1,3520,346
TTHR,-0.20951183,0.0,1,3520,346
TGGK,-0.20952016,0.0,1,3520,346
CCGL,-0.20952378,0.05419184,1,3520,346
EEVR,-0.2095263,0.00022343594,1,3520,346
CCVA,-0.20952727,0.0018278426,1,3520,346
CCKV,-0.20953599,0.0013033764,1,3520,346
EEVE,-0.20953724,0.00035068422,1,3520,346
CCHN,-0.20954117,0.00080207776,1,3520,346
MTTW,-0.20954254,0.00040624719,1,3520,346
CCHC,-0.2095427,0.0,1,3520,346
YYCG,-0.20954436,0.39532754,1,3520,346
QQEG,-0.20955284,0.00045554905,1,3520,346
CCGP,-0.20955485,0.00061520946,1,3520,346
CCGE,-0.20956081,0.0015025823,1,3520,346
EEYT,-0.20956169,0.0016908665,1,3520,346
ETTF,-0.2095652,0.0009200304,1,3520,346
YYQW,-0.20956573,0.0,1,3520,346
CCDK,-0.20956607,0.00044057798,1,3520,346
YYCW,-0.20957224,0.0029590167,1,3520,346
QKKS,-0.2095731,0.00010058211,1,3520,346
EQQW,-0.20957421,0.0,1,3520,346
MQQF,-0.20957422,0.0,1,3520,346
MTTS,-0.20958386,0.0004845599,1,3520,346
EEVN,-0.2095884,0.00029440975,1,3520,346
QQRS,-0.20959592,0.0003397474,1,3520,346
EELS,-0.2095985,0.006784241,1,3520,346
ETTG,-0.20960979,0.000347567,1,3520,346
MQQG,-0.20961858,0.0,1,3520,346
EQQK,-0.20962156,0.0,1,3520,346
QQPS,-0.20962472,5.33806e-05,1,3520,346
CCLK,-0.20962913,0.00093725946,1,3520,346
MQQW,-0.20964654,0.0,1,3520,346
EEGN,-0.20964965,0.0009775322,1,3520,346
TTEV,-0.2096517,0.00084543333,1,3520,346
CCQQ,-0.20965652,0.0,1,3520,346
EEKN,-0.20965664,0.000823185,1,3520,346
TKKS,-0.2096732,0.0007274659,1,3520,346
ECCR,-0.20967732,0.0,1,3520,346
ETTS,-0.20967898,0.00035466027,1,3520,346
CCKI,-0.20968208,0.0,1,3520,346
MMTG,-0.20969589,0.00033939633,1,3520,346
CCTT,-0.20969859,0.00021498988,1,3520,346
CCIG,-0.20969932,0.0025593573,1,3520,346
CCNW,-0.20971505,0.0,1,3520,346
CCKR,-0.2097239,0.0,1,3520,346
CCIW,-0.2097272,0.0005128038,1,3520,346
EEDA,-0.20973344,0.0005585898,1,3520,346
CCYK,-0.20974956,0.00086891756,1,3520,346
TTPI,-0.2097509,0.0006015583,1,3520,346
CCNS,-0.20975631,0.0011171798,1,3520,346
CCHG,-0.20975772,0.0032681676,1,3520,346
CCVG,-0.20975797,0.006185515,1,3520,346
KQQS,-0.20977105,7.939349e-05,1,3520,346
CCKA,-0.2097719,0.0026311148,1,3520,346
CCIK,-0.20977448,0.0010312428,1,3520,346
CCSW,-0.20978044,0.00020715912,1,3520,346
EETC,-0.20978251,0.00060739875,1,3520,346
CCGF,-0.20978434,0.030832022,1,3520,346
CCHW,-0.2097856,0.0,1,3520,346
MMEG,-0.20978707,0.00023000763,1,3520,346
CCKC,-0.20978753,0.0,1,3520,346
TTPR,-0.20979264,0.00050453277,1,3520,346
CCQN,-0.20979741,0.0017874877,1,3520,346
CCQC,-0.20979893,0.0,1,3520,346
TTMC,-0.20980033,0.00065168814,1,3520,346
CCRG,-0.20980999,0.0032477574,1,3520,346
EEMT,-0.20981166,0.0024471558,1,3520,346
EEQT,-0.20982055,0.00035345802,1,3520,346
TTDW,-0.20982128,0.0,1,3520,346
TTNS,-0.2098215,0.0006256207,1,3520,346
EEGF,-0.20982166,0.0106608,1,3520,346
EEMH,-0.20983157,0.000379164,1,3520,346
CCVK,-0.20983315,0.00097372866,1,3520,346
CCQT,-0.209837,0.0010340837,1,3520,346
CCRW,-0.20983785,0.0006194264,1,3520,346
EEPN,-0.20984766,0.00080207776,1,3520,346
TTIC,-0.2098574,0.00144374,1,3520,346
TTHS,-0.20985967,0.0,1,3520,346
EEKG,-0.20987311,0.00031919425,1,3520,346
TTCA,-0.20987464,0.16885684,1,3520,346
TTKG,-0.20987482,0.0016463702,1,3520,346
CCGS,-0.20989801,0.009601109,1,3520,346
CCTW,-0.20990288,0.0,1,3520,346
TTEC,-0.20990288,0.0,1,3520,346
CCGK,-0.20990394,0.005978153,1,3520,346
EEPH,-0.20990719,0.0,1,3520,346
TTPH,-0.20991428,0.0005902082,1,3520,346
CCMG,-0.20991826,0.0137197515,1,3520,346
TTKS,-0.20994394,0.0,1,3520,346
CCTK,-0.20995006,0.0006383884,1,3520,346
EEDG,-0.2099639,0.00018619657,1,3520,346
CCPG,-0.20996782,0.0013980351,1,3520,346
CCEN,-0.20998959,0.0007274659,1,3520,346
CCEC,-0.20999116,0.0017378351,1,3520,346
EECI,-0.21000053,0.0006256207,1,3520,346
CCQG,-0.21001369,0.0020400675,1,3520,346
TTMG,-0.21001545,0.020305231,1,3520,346
EEIW,-0.21004224,0.0006383884,1,3520,346
EECR,-0.2100423,0.00022343594,1,3520,346
EECE,-0.21005325,0.0006015583,1,3520,346
EEQS,-0.21006633,0.0006859875,1,3520,346
CCKS,-0.21007146,0.000738922,1,3520,346
TTIG,-0.21007253,0.0,1,3520,346
EETK,-0.21007265,0.0,1,3520,346
TTEF,-0.21007344,0.0,1,3520,346
CCQS,-0.21008278,0.00096745463,1,3520,346
TTMS,-0.21008454,0.0006800224,1,3520,346
TTPW,-0.21009889,0.0,1,3520,346
TTCG,-0.21010499,0.06575401,1,3520,346
EECC,-0.210106,0.018642232,1,3520,346
TTCW,-0.21013285,0.0019550645,1,3520,346
EEPK,-0.21013899,0.0,1,3520,346
TTPS,-0.21014011,0.0,1,3520,346
TTIS,-0.2101416,0.00080799713,1,3520,346
EECT,-0.2101439,0.0044041886,1,3520,346
TTEW,-0.21014576,0.0,1,3520,346
CCEF,-0.21016131,0.00050453277,1,3520,346
EECH,-0.21016379,0.0002502483,1,3520,346
TTCS,-0.2101741,0.0020088737,1,3520,346
TTCK,-0.21018004,0.0,1,3520,346
TTES,-0.21018697,0.0,1,3520,346
CCEG,-0.21020575,0.0040963255,1,3520,346
CCEW,-0.2102336,0.0,1,3520,346
EECG,-0.21032035,0.06409331,1,3520,346
EECW,-0.21034822,0.00044057798,1,3520,346
YYYV,-0.21109381,0.004787913,1,3520,346
YYYQ,-0.2112019,0.00040624719,1,3520,346
YYYT,-0.21138169,0.0024195274,1,3520,346
YYYH,-0.2114014,0.0,1,3520,346
IIIR,-0.21141721,0.00065716455,1,3520,346
YYYF,-0.21151313,0.0,1,3520,346
YYYG,-0.21155728,0.03704333,1,3520,346
YYYW,-0.21158493,0.0010427011,1,3520,346
YYYS,-0.21162598,0.00050453277,1,3520,346
QQQQ,-0.21176705,0.00027439505,1,3520,346
QQQI,-0.21180345,0.00048497724,1,3520,346
QQQP,-0.21184954,0.00021327977,1,3520,346
GGGD,-0.21185459,0.0,1,3520,346
QQQE,-0.21185543,0.0005958292,1,3520,346
QQQC,-0.2119077,0.0005487901,1,3520,346
MMMG,-0.21193302,0.07961375,1,3520,346
QQQT,-0.21194571,0.00037462314,1,3520,346
QQQH,-0.21196556,0.0,1,3520,346
GGGK,-0.2120234,0.0,1,3520,346
QQQW,-0.21214855,0.0,1,3520,346
CCCV,-0.21218322,0.011110749,1,3520,346
QQQS,-0.21218935,0.00015485658,1,3520,346
QQQK,-0.21219544,0.0,1,3520,346
EEEQ,-0.21223374,0.00035546624,1,3520,346
EEEI,-0.21227083,0.0,1,3520,346
EEEL,-0.21228606,0.00032471665,1,3520,346
CCCQ,-0.21229082,0.0017378351,1,3520,346
EEER,-0.21231215,0.00023970134,1,3520,346
EEEP,-0.2123168,0.00021207478,1,3520,346
CCCI,-0.21232778,0.008984977,1,3520,346
EEEA,-0.21235965,0.00018081524,1,3520,346
CCCE,-0.21237972,0.0011878873,1,3520,346
TTTR,-0.21239208,0.0,1,3520,346
EEET,-0.21241282,0.0,1,3520,346
CCCA,-0.21241666,0.027619373,1,3520,346
CCCN,-0.21243064,0.001548566,1,3520,346
EEEH,-0.21243255,0.0,1,3520,346
CCCC,-0.21243256,0.062214497,1,3520,346
TTTA,-0.21243958,0.00018509488,1,3520,346
CCCT,-0.21246979,0.003243184,1,3520,346
EEEF,-0.21254367,0.0,1,3520,346
EEEG,-0.21258767,0.0,1,3520,346
CCCF,-0.21260065,0.0030271967,1,3520,346
EEEW,-0.21261527,0.0,1,3520,346
TTTF,-0.21262354,0.0,1,3520,346
CCCG,-0.21264462,0.007885975,1,3520,346
EEES,-0.21265604,0.00042655953,1,3520,346
EEEK,-0.21266197,0.0,1,3520,346
TTTG,-0.21266755,0.0009200304,1,3520,346
CCCW,-0.21267223,0.0007820258,1,3520,346
CCCS,-0.21271305,0.0033107663,1,3520,346
CCCK,-0.21271893,0.0027332942,1,3520,346
TTTS,-0.21273589,0.0,1,3520,346
IYCG,0.07028176,0.44599995,2,7137,709
TYCG,0.069183126,0.25337636,2,7137,709
FYCG,0.06851174,0.4027433,2,7137,709
DYCG,0.06790139,0.003910129,2,7137,709
MYCA,0.067809835,0.5147152,2,7137,709
LYCG,0.067168966,0.41106611,2,7137,709
WYCG,0.06701638,0.42182258,2,7137,709
QYCG,0.0667112,0.21124853,2,7137,709
YYCA,0.06640603,0.5254483,2,7137,709
SYCG,0.064910665,0.22704816,2,7137,709
PYCG,0.06484963,0.0013033764,2,7137,709
IYCA,0.0644529,0.57901025,2,7137,709
CYCG,0.06411721,0.026124818,2,7137,709
VYCG,0.06396462,0.509434,2,7137,709
MYAG,0.06372048,0.15982962,2,7137,709
KYCG,0.063415304,0.0916607,2,7137,709
HYCG,0.06335427,0.20382063,2,7137,709
TYCA,0.06311013,0.270085,2,7137,709
NYCG,0.06304909,0.015640516,2,7137,709
FYCA,0.06256081,0.64126116,2,7137,709
GYCG,0.06237771,0.009520315,2,7137,709
DYCA,0.061919946,0.0017062381,2,7137,709
EYCA,0.0614927,0.35285005,2,7137,709
LYCA,0.06112649,0.600399,2,7137,709
WYCA,0.061065454,0.6898266,2,7137,709
AYCA,0.06088235,0.7413605,2,7137,709
QYCA,0.060821313,0.3854786,2,7137,709
IYAG,0.060302515,0.3910129,2,7137,709
MACG,0.060302515,0.35018852,2,7137,709
TYAG,0.058929224,0.0216561,2,7137,709
PYCA,0.05883767,0.004265595,2,7137,709
FYAG,0.05847146,0.74184585,2,7137,709
VYCA,0.0581968,0.611741,2,7137,709
MYCM,0.05783059,0.08430349,2,7137,709
DYAG,0.057800073,0.0009200304,2,7137,709
KYCA,0.057525415,0.1423287,2,7137,709
HYCA,0.057494897,0.2828604,2,7137,709
LYAG,0.05709817,0.24514115,2,7137,709
NYCA,0.05709817,0.02613352,2,7137,709
IACG,0.056884546,0.3617402,2,7137,709
MYCL,0.05682351,0.03638547,2,7137,709
AYAG,0.05670144,0.007820258,2,7137,709
YYCM,0.056518335,0.1415276,2,7137,709
YYGG,0.05630471,0.035794217,2,7137,709
MLCG,0.05581643,0.15315782,2,7137,709
MYMG,0.055785913,0.22352578,2,7137,709
MYCC,0.055755395,0.25741187,2,7137,709
IDCG,0.055633325,0.2697989,2,7137,709
MFCG,0.055541772,0.23431988,2,7137,709
MICG,0.055419702,0.24167316,2,7137,709
MYCT,0.05529763,0.040026266,2,7137,709
SYAG,0.054870386,0.0015212661,2,7137,709
MYCY,0.054504175,0.00086411694,2,7137,709
IYCM,0.054412622,0.014448858,2,7137,709
YYMG,0.054382104,0.24440913,2,7137,709
IYGG,0.054260034,0.12855014,2,7137,709
YFCG,0.054229517,0.25749752,2,7137,709
MQCG,0.054199,0.1843865,2,7137,709
YICG,0.054199,0.39992505,2,7137,709
YYFG,0.054199,0.23267682,2,7137,709
CYAG,0.054107446,0.14807403,2,7137,709
YYLG,0.05404641,0.4415988,2,7137,709
MYCP,0.053863306,0.002303354,2,7137,709
YYSG,0.053649683,0.0030051647,2,7137,709
WACG,0.053588647,0.29445955,2,7137,709
KYAG,0.053466577,0.00085701456,2,7137,709
HYAG,0.053375024,0.032858226,2,7137,709
MVCG,0.05328347,0.23652121,2,7137,709
MGCG,0.053222436,0.13550241,2,7137,709
MDCA,0.0531614,0.37595984,2,7137,709
TYCM,0.05306985,0.005687461,2,7137,709
YACA,0.053008813,0.506077,2,7137,709
TYGG,0.05294778,0.018675243,2,7137,709
EDCG,0.052734155,0.13072671,2,7137,709
YYCN,0.052703638,0.0025710438,2,7137,709
FYCM,0.052612085,0.099429,2,7137,709
MYCF,0.052520532,0.0005977267,2,7137,709
GYAG,0.05242898,0.0011374921,2,7137,709
WDCG,0.052367944,0.20731013,2,7137,709
YYCV,0.052337427,0.08295266,2,7137,709
IYMG,0.05227639,0.16058809,2,7137,709
TYCL,0.05215432,0.00046001514,2,7137,709
MKCG,0.052093286,0.27552375,2,7137,709
IYLG,0.052001733,0.2517016,2,7137,709
DYAA,0.051879663,0.00045008678,2,7137,709
YSCG,0.051849145,0.22930868,2,7137,709
IYCT,0.051818628,0.018823985,2,7137,709
YDCA,0.05178811,0.374779,2,7137,709
FYCL,0.051605005,0.0062562064,2,7137,709
IYSG,0.051513452,0.0082426965,2,7137,709
EYGG,0.051238794,0.009743272,2,7137,709
IACA,0.05105569,0.5905344,2,7137,709
WYGG,0.050964136,0.10949396,2,7137,709
DYCL,0.0509031,0.000568746,2,7137,709
MNCG,0.0509031,0.3492134,2,7137,709
TYFG,0.050842065,0.04583035,2,7137,709
MYCR,0.050842065,0.0012833244,2,7137,709
YKCG,0.05078103,0.24223956,2,7137,709
AYGG,0.05078103,0.01706238,2,7137,709
IYCN,0.050689477,0.002828604,2,7137,709
FYCC,0.050567407,0.12943876,2,7137,709
FLCG,0.050567407,0.11472577,2,7137,709
FMCG,0.050567407,0.10771775,2,7137,709
FYMG,0.050506372,0.32391006,2,7137,709
EYCL,0.050475854,0.0019550645,2,7137,709
YYGA,0.050445337,0.36266664,2,7137,709
IYCP,0.050445337,0.002911191,2,7137,709
FYFG,0.05026223,0.30175138,2,7137,709
IYVG,0.050109643,0.13406157,2,7137,709
MMCA,0.049987573,0.23200965,2,7137,709
FYCT,0.049926538,0.059818115,2,7137,709
MYMA,0.049865503,0.21006356,2,7137,709
MYCQ,0.049834985,0.0014290827,2,7137,709
AYCL,0.049834985,0.0026067528,2,7137,709
IGCG,0.049804468,0.15736274,2,7137,709
QYCL,0.049804468,0.0032126466,2,7137,709
DYMG,0.049804468,0.0020854021,2,7137,709
ISCG,0.04977395,0.3339752,2,7137,709
FYSG,0.049743433,0.013147101,2,7137,709
DYFG,0.049621362,0.0019966618,2,7137,709
MYLA,0.049438257,0.11474619,2,7137,709
TYCN,0.049438257,0.0032927403,2,7137,709
YYKG,0.049224634,0.0,2,7137,709
LLCG,0.0491636,0.21933882,2,7137,709
LYMG,0.04913308,0.3446622,2,7137,709
WYMG,0.04913308,0.34121627,2,7137,709
SYAA,0.04888894,0.0059069274,2,7137,709
AYMG,0.048827905,0.1507177,2,7137,709
SYGG,0.048827905,0.01096021,2,7137,709
LYFG,0.048797388,0.27740878,2,7137,709
WFCG,0.048797388,0.3566455,2,7137,709
IKCG,0.048705835,0.2359763,2,7137,709
EYSG,0.048614282,0.0,2,7137,709
YFCA,0.048309106,0.4438067,2,7137,709
FVCG,0.048095483,0.25187325,2,7137,709
CYGG,0.04800393,0.036140222,2,7137,709
WYCY,0.047851343,0.0026067528,2,7137,709
PYCL,0.047851343,0.0006951341,2,7137,709
MYVA,0.047698755,0.002903207,2,7137,709
EYCP,0.047546167,0.0,2,7137,709
LYCN,0.04748513,0.0018675243,2,7137,709
YYIG,0.047332544,0.018819483,2,7137,709
IYNG,0.04724099,0.00080552016,2,7137,709
VYCL,0.047088403,0.005499962,2,7137,709
LYVG,0.046905298,0.065934755,2,7137,709
PYCC,0.04687478,0.0026622156,2,7137,709
EDCA,0.046783227,0.3417828,2,7137,709
SYFG,0.046722192,0.08290175,2,7137,709
SYLG,0.046569604,0.04514788,2,7137,709
IYFA,0.046203393,0.0384533,2,7137,709
CICG,0.045837183,0.025884304,2,7137,709
HLCG,0.045440454,0.101980396,2,7137,709
WKCG,0.04537942,0.29008862,2,7137,709
KFCG,0.045287866,0.020240668,2,7137,709
TMCA,0.045287866,0.145153,2,7137,709
IYIG,0.045165796,0.008428501,2,7137,709
TYMA,0.04513528,0.0013902682,2,7137,709
SYWG,0.044952173,0.0002951041,2,7137,709
EWCA,0.044952173,0.44389275,2,7137,709
DYNG,0.044830102,0.0,2,7137,709
FMCA,0.044646997,0.19923769,2,7137,709
RYCL,0.04461648,0.0011561778,2,7137,709
VYCN,0.04437234,0.0025575687,2,7137,709
TYSA,0.04425027,0.0024217574,2,7137,709
IYVA,0.04421975,0.0031609216,2,7137,709
KQCG,0.043945093,0.08851576,2,7137,709
IGCA,0.04385354,0.44394043,2,7137,709
LYYG,0.043792505,0.117676266,2,7137,709
TQCA,0.04357888,0.1957299,2,7137,709
DYLA,0.04357888,0.0010663988,2,7137,709
KYCP,0.043517847,0.0005958292,2,7137,709
IYAL,0.04333474,0.14163655,2,7137,709
DYSA,0.04321267,0.0004437026,2,7137,709
PKCG,0.043151636,0.0023460775,2,7137,709
TYWA,0.043151636,0.0,2,7137,709
EYLA,0.0430906,0.19188243,2,7137,709
KDCA,0.042907495,0.27201894,2,7137,709
TSCA,0.042526025,0.369429,2,7137,709
NDCA,0.04248025,0.12728144,2,7137,709
LYSA,0.04235818,0.027777722,2,7137,709
LYQG,0.04232766,0.00090669654,2,7137,709
WYSA,0.04220559,0.020467836,2,7137,709
IPCA,0.04220559,0.38091332,2,7137,709
YYDA,0.041930933,0.0002731968,2,7137,709
EQCA,0.041869897,0.3519906,2,7137,709
IYAT,0.041778345,0.03929844,2,7137,709
DYVA,0.041747827,0.00023697753,2,7137,709
INCA,0.041625757,0.6126361,2,7137,709
TKCA,0.041412134,0.2459677,2,7137,709
LYWA,0.041167993,0.004540795,2,7137,709
HPCG,0.04107644,0.0041024303,2,7137,709
IAAA,0.041015405,0.66984814,2,7137,709
YYRA,0.040771265,0.000622066,2,7137,709
SYFA,0.040740747,0.0039988123,2,7137,709
KYNG,0.04046609,0.0,2,7137,709
IYAV,0.040282983,0.05178877,2,7137,709
YWCM,0.040038843,0.14129785,2,7137,709
RKCG,0.039855737,0.07567198,2,7137,709
IDCM,0.039794702,0.0070032165,2,7137,709
YDCY,0.038512964,0.0010848913,2,7137,709
YFCM,0.03832986,0.08649679,2,7137,709
EYKA,0.03832986,0.0,2,7137,709
EYYA,0.038116235,0.0036801214,2,7137,709
FDCM,0.03793313,0.02488264,2,7137,709
VYVA,0.037841577,0.002570568,2,7137,709
YDCP,0.037780542,0.0012866235,2,7137,709
LAAA,0.037627954,0.500686,2,7137,709
RDAG,0.03681924,0.00043047292,2,7137,709
YSCM,0.035888452,0.0314645,2,7137,709
PYNA,0.03581216,0.00017282343,2,7137,709
SAAA,0.035491724,0.05505091,2,7137,709
WDCL,0.03540017,0.009496028,2,7137,709
EWAA,0.03491189,0.005272084,2,7137,709
FMCM,0.034698267,0.016063234,2,7137,709
YDCQ,0.03375222,0.00074125675,2,7137,709
DYGT,0.033324976,0.003181122,2,7137,709
SKAG,0.033202905,0.0036580518,2,7137,709
SYPA,0.03265359,8.713376e-05,2,7137,709
QLCL,0.031829614,0.0016218415,2,7137,709
RDCM,0.030944604,0.0013321576,2,7137,709
DISG,0.030715723,0.00027682327,2,7137,709
YYEM,0.029907007,0.00050453277,2,7137,709
TGSG,0.029662866,0.0004668811,2,7137,709
FQCP,0.028930444,0.0013311078,2,7137,709
SFCC,0.028823633,0.044265613,2,7137,709
LYLF,0.027435083,0.0017098957,2,7137,709
NACE,0.02696206,0.0007869442,2,7137,709
YNDG,0.025054712,0.0005819727,2,7137,709
PYVN,0.024978418,0.0,2,7137,709
NFCK,0.023025293,0.002018131,2,7137,709
TYYQ,0.02180459,0.0,2,7137,709
SFRG,0.021072168,0.0005167571,2,7137,709
WHYG,0.019988794,0.113052085,2,7137,709
NYSW,0.019866724,0.0,2,7137,709
RHCT,0.019302148,0.0048472676,2,7137,709
WKAL,0.018462915,0.011942832,2,7137,709
FAGI,0.01776101,0.023562336,2,7137,709
NYRN,0.0176542,0.00057927833,2,7137,709
HKDG,0.017165918,0.00067271036,2,7137,709
LFGM,0.016860742,0.32706174,2,7137,709
TASV,0.01675393,0.0,2,7137,709
GSPG,0.01586892,0.0005065755,2,7137,709
TMGP,0.015151758,0.0002673593,2,7137,709
VPTG,0.015029687,0.0,2,7137,709
HDMM,0.014846582,0.0010786563,2,7137,709
EKPA,0.013641138,0.0012073381,2,7137,709
GFIA,0.013183374,0.0003918292,2,7137,709
VIAE,0.013168115,0.0011759787,2,7137,709
YNLT,0.012771387,0.32348454,2,7137,709
YIWK,0.012344141,0.0,2,7137,709
IWKT,0.012191553,0.00090017356,2,7137,709
KDGS,0.012038965,0.00096640585,2,7137,709
ILQM,0.011703271,0.0,2,7137,709
ETAE,0.011184473,0.0005213506,2,7137,709
YHLY,0.0110471435,0.0007537599,2,7137,709
GKAP,0.010864038,0.00028029602,2,7137,709
QMFP,0.010741968,0.00066028564,2,7137,709
LWSF,0.010543603,0.000467579,2,7137,709
SLFD,0.010406274,0.0025024826,2,7137,709
LQGI,0.010314722,0.04771683,2,7137,709
PRAV,0.010146875,0.00022612792,2,7137,709
QAQD,0.010040063,0.0,2,7137,709
GGGM,0.009917993,0.00053800305,2,7137,709
WVGI,0.009338159,0.0019193799,2,7137,709
RKAI,0.008651514,0.00017397683,2,7137,709
TLWE,0.008468408,0.00061335356,2,7137,709
ALSK,0.008163232,0.0,2,7137,709
CWLI,0.008117456,0.003069634,2,7137,709
DAEN,0.008086938,0.0,2,7137,709
ESMS,0.0080106445,0.0075624473,2,7137,709
FRVM,0.007919092,0.0011028568,2,7137,709
CPGC,0.007888574,0.025395403,2,7137,709
DDPY,0.007858057,0.0,2,7137,709
MKNF,0.0077817626,0.0009200304,2,7137,709
FQLR,0.0077817626,0.00077373575,2,7137,709
PWNC,0.0075071044,0.0015135984,2,7137,709
QPST,0.007262964,0.00015275602,2,7137,709
AQVV,0.007034082,0.0024062332,2,7137,709
SLSI,0.0069120117,0.0002797708,2,7137,709
CAHP,0.006744165,0.0011934531,2,7137,709
NWKL,0.0066220947,0.0,2,7137,709
KNFM,0.0065763183,0.00014349098,2,7137,709
GTAE,0.00630166,0.00016334747,2,7137,709
YLRR,0.005950708,0.0002700395,2,7137,709
DHGH,0.0057523437,0.0006015583,2,7137,709
DTMI,0.0051877685,0.0,2,7137,709
IPWR,0.0051267333,0.00029886342,2,7137,709
CIQM,0.0050962158,0.000347567,2,7137,709
ILDR,0.004928369,0.0003128103,2,7137,709
LMEC,0.0046842285,0.0007045278,2,7137,709
LFPC,0.0046842285,0.0013149107,2,7137,709
LSFQ,0.0043790527,0.0006916835,2,7137,709
EDHW,0.004272241,0.0,2,7137,709
LCWY,0.004226465,0.033641867,2,7137,709
NWHT,0.0041196533,0.0,2,7137,709
FSQY,0.003921289,0.0,2,7137,709
RSFY,0.0036008544,0.00030534633,2,7137,709
QQWQ,0.0031736083,0.00076295197,2,7137,709
DGDP,0.0028531738,0.00088115584,2,7137,709
HIWH,0.0028226562,0.00090933236,2,7137,709
QCMH,0.0027311035,0.0028437304,2,7137,709
KIKP,0.0022428222,0.00023939571,2,7137,709
VAEK,0.002120752,0.0,2,7137,709
TKRP,0.0019834228,0.00023970134,2,7137,709
FTPL,0.0018155761,0.00021425364,2,7137,709
IHQV,0.0017850585,0.0016463702,2,7137,709
WNVH,0.001678247,0.00021874852,2,7137,709
DGYH,0.0015866943,0.0,2,7137,709
KDYQ,0.0015866943,0.0003387838,2,7137,709
KVNT,0.0015714355,0.00032366253,2,7137,709
CVPM,0.0015256591,0.00051899155,2,7137,709
MNRQ,0.001464624,0.00010323768,2,7137,709
CLPT,0.0013578124,0.00084698526,2,7137,709
RADH,0.0012662597,0.00021305961,2,7137,709
GPYM,0.0010526367,0.0,2,7137,709
HWDF,0.0010373779,0.0,2,7137,709
KTGR,0.0010068603,0.00028042565,2,7137,709
LLRE,0.0009763427,0.00026457603,2,7137,709
QSET,0.0009610839,0.00036084827,2,7137,709
QNNV,0.0008695312,0.0003665746,2,7137,709
IHHH,0.00038124993,0.0013311078,2,7137,709
CWNW,0.000304956,0.0,2,7137,709
VGSW,0.00025917962,0.00029234606,2,7137,709
NTFI,7.607415e-05,0.0005242631,2,7137,709
FGEF,3.0297786e-05,0.0,2,7137,709
NGEM,-0.0001222901,0.0,2,7137,709
LNYI,-0.00018332526,0.0024178575,2,7137,709
WNKF,-0.00029013678,0.00073172007,2,7137,709
GPSK,-0.00033591315,0.0002512533,2,7137,709
ELTR,-0.00035117194,0.00025431736,2,7137,709
TKDQ,-0.0009767823,0.0,2,7137,709
ICTS,-0.0010072999,0.0020636793,2,7137,709
HSHV,-0.0012056641,0.0,2,7137,709
LRNS,-0.0012819581,0.0077920263,2,7137,709
NWHQ,-0.001358252,0.0,2,7137,709
DRYF,-0.0013735108,0.0010427011,2,7137,709
RPSH,-0.0017397217,0.00013137155,2,7137,709
LRTC,-0.0022890382,0.0043202825,2,7137,709
HMEF,-0.002380591,0.0005739639,2,7137,709
VFEK,-0.002594214,0.00014617303,2,7137,709
KKIN,-0.002945166,0.00045665746,2,7137,709
VKHF,-0.002945166,0.001144428,2,7137,709
LHRS,-0.0030367188,0.00048050735,2,7137,709
HMEH,-0.0033571534,0.00015798498,2,7137,709
GMRE,-0.0035555176,0.00038858427,2,7137,709
CTPC,-0.0036470704,0.0004270448,2,7137,709
QKQW,-0.004104834,0.000347567,2,7137,709
PEIY,-0.004318457,0.00047395506,2,7137,709
NMER,-0.0043794923,0.00043851917,2,7137,709
CRQY,-0.004455786,0.0008500281,2,7137,709
QCIR,-0.0050051026,0.00065716455,2,7137,709
CHRV,-0.0053102784,0.00051140646,2,7137,709
NGEI,-0.0053865723,0.0005004965,2,7137,709
VEHS,-0.0055086426,0.0009930487,2,7137,709
QRTI,-0.005829077,0.0005257317,2,7137,709
CRQS,-0.006073218,0.0012747756,2,7137,709
NHRP,-0.0062258057,0.0005406598,2,7137,709
GHDS,-0.006637793,0.0002085402,2,7137,709
KCRF,-0.007293921,0.0020579626,2,7137,709
KCDR,-0.0076906495,0.0010485263,2,7137,709
RVEE,-0.008072119,0.00019778861,2,7137,709
RKTI,-0.008239966,0.00015666633,2,7137,709
NTTE,-0.009872656,0.0,2,7137,709
FACA,0.35233504,0.4606481,3,10747,1076
WACA,0.35093123,0.5229168,3,10747,1076
LACA,0.3491307,0.62093276,3,10747,1076
AACA,0.3269444,0.4270541,3,10747,1076
MACA,0.3146153,0.5333416,3,10747,1076
QACA,0.3123265,0.44723102,3,10747,1076
VACA,0.30838972,0.6535915,3,10747,1076
FAAA,0.30735213,0.4602508,3,10747,1076
FFCA,0.30161482,0.49702084,3,10747,1076
WFCA,0.30076033,0.5594706,3,10747,1076
LFCA,0.2987767,0.50789636,3,10747,1076
IFCA,0.29801375,0.41049665,3,10747,1076
FALA,0.29715925,0.2478314,3,10747,1076
WALA,0.29615217,0.5015103,3,10747,1076
HACA,0.29557234,0.38279834,3,10747,1076
LALA,0.29401594,0.43213013,3,10747,1076
IALA,0.2934056,0.15534304,3,10747,1076
FAMA,0.29331404,0.23583789,3,10747,1076
FNCA,0.29209334,0.42773414,3,10747,1076
WAMA,0.29197127,0.39710772,3,10747,1076
LAMA,0.2901402,0.37495998,3,10747,1076
EACA,0.29001814,0.43127146,3,10747,1076
IAMA,0.28946882,0.14091475,3,10747,1076
FWCA,0.28922468,0.862211,3,10747,1076
CACA,0.28800398,0.062922075,3,10747,1076
WWCA,0.2878819,0.83113,3,10747,1076
FGCA,0.28675276,0.1560092,3,10747,1076
LWCA,0.28586775,0.8250044,3,10747,1076
WGCA,0.28568465,0.3357067,3,10747,1076
IWCA,0.28541,0.6856483,3,10747,1076
YAAA,0.28400618,0.44958195,3,10747,1076
LGCA,0.2838536,0.47345433,3,10747,1076
AAAA,0.28174788,0.18393247,3,10747,1076
NACA,0.28156477,0.12520233,3,10747,1076
KACA,0.28049666,0.35019144,3,10747,1076
FAGA,0.27897078,0.5183027,3,10747,1076
RACA,0.27839094,0.23104425,3,10747,1076
GACA,0.27790266,0.0032927403,3,10747,1076
WAGA,0.27787215,0.20816118,3,10747,1076
FVCA,0.277628,0.40437844,3,10747,1076
FLCA,0.27704817,0.22793312,3,10747,1076
LAGA,0.27591902,0.25325564,3,10747,1076
IAGA,0.2751866,0.24051149,3,10747,1076
LVCA,0.27445418,0.511442,3,10747,1076
LLCA,0.2739659,0.36188638,3,10747,1076
IVCA,0.27369124,0.4163607,3,10747,1076
LAFA,0.27167708,0.25933328,3,10747,1076
IAFA,0.27039534,0.23089917,3,10747,1076
YAMA,0.2699986,0.23784757,3,10747,1076
FSCA,0.26957136,0.43869403,3,10747,1076
MAAA,0.2694798,0.3945761,3,10747,1076
YNCA,0.268961,0.5000305,3,10747,1076
WKCA,0.26883894,0.4774548,3,10747,1076
AAMA,0.26780134,0.07579635,3,10747,1076
ANCA,0.26697737,0.86246276,3,10747,1076
LKCA,0.26673323,0.54097366,3,10747,1076
LSCA,0.2665196,0.60022575,3,10747,1076
IKCA,0.26603132,0.39989305,3,10747,1076
ISCA,0.26572615,0.56451654,3,10747,1076
FPCA,0.265482,0.037777863,3,10747,1076
FAHA,0.26468855,0.00037239326,3,10747,1076
VAAA,0.26362044,0.7077334,3,10747,1076
AWCA,0.26352888,0.7266824,3,10747,1076
WAHA,0.26346785,0.005578389,3,10747,1076
LPCA,0.2624913,0.40361398,3,10747,1076
FAQA,0.26243025,0.00037239326,3,10747,1076
FQCA,0.26236922,0.25892022,3,10747,1076
QFCA,0.26191145,0.18564874,3,10747,1076
FATA,0.2618199,0.00046342274,3,10747,1076
LAHA,0.26169783,0.0019263979,3,10747,1076
AGCA,0.26157576,0.1382951,3,10747,1076
WAQA,0.26127058,0.0011073985,3,10747,1076
PACA,0.26108748,0.010515751,3,10747,1076
FECA,0.26090437,0.11499718,3,10747,1076
WATA,0.2606297,0.0018872314,3,10747,1076
LAQA,0.25953108,0.002632061,3,10747,1076
FAEA,0.25950056,0.0006383884,3,10747,1076
LQCA,0.2593785,0.49401647,3,10747,1076
LATA,0.2588597,0.007628773,3,10747,1076
IQCA,0.25882918,0.32326993,3,10747,1076
IAQA,0.25858504,0.0,3,10747,1076
WAEA,0.25812727,0.00033289494,3,10747,1076
FICA,0.25809675,0.44244343,3,10747,1076
FAYA,0.25797468,0.019985104,3,10747,1076
FDCA,0.25791365,0.25882533,3,10747,1076
VFCA,0.2578221,0.46118298,3,10747,1076
IECA,0.25724226,0.20892024,3,10747,1076
FCCA,0.25718123,0.2008733,3,10747,1076
QALA,0.25718123,0.061487608,3,10747,1076
FFAA,0.25687605,0.7907195,3,10747,1076
WAYA,0.25681502,0.057679687,3,10747,1076
FAIA,0.25583845,0.0006849861,3,10747,1076
FANA,0.2552281,0.0,3,10747,1076
LAYA,0.25501448,0.07026958,3,10747,1076
LDCA,0.25455672,0.47518802,3,10747,1076
WAIA,0.25440413,0.0008781474,3,10747,1076
IAYA,0.2543431,0.07602239,3,10747,1076
YVCA,0.25428206,0.46875834,3,10747,1076
IICA,0.2541905,0.37211794,3,10747,1076
WANA,0.25403792,0.009715035,3,10747,1076
LCCA,0.25391585,0.3244682,3,10747,1076
LHCA,0.2538243,0.5504935,3,10747,1076
LMCA,0.25370222,0.36836377,3,10747,1076
AAGA,0.25370222,0.024019364,3,10747,1076
WARA,0.2533055,0.093082204,3,10747,1076
VALA,0.2531224,0.19351825,3,10747,1076
QAMA,0.25309187,0.032211114,3,10747,1076
LAIA,0.25287825,0.0006235422,3,10747,1076
LRCA,0.25251204,0.67232937,3,10747,1076
ITCA,0.2522984,0.2644697,3,10747,1076
AVCA,0.25220686,0.4447594,3,10747,1076
ALCA,0.2517491,0.22790466,3,10747,1076
WAPA,0.25144392,0.0021809998,3,10747,1076
IANA,0.2513829,0.029081585,3,10747,1076
WAWA,0.2513829,0.0063908095,3,10747,1076
LARA,0.25116926,0.013227993,3,10747,1076
LAWA,0.24958237,0.002991015,3,10747,1076
QWCA,0.24888046,0.41894597,3,10747,1076
IAPA,0.24881943,0.0012102781,3,10747,1076
YKCA,0.24662216,0.428997,3,10747,1076
WNAA,0.24610336,0.294758,3,10747,1076
WFLA,0.24570663,0.33360717,3,10747,1076
VWCA,0.24518783,0.6117283,3,10747,1076
VGCA,0.24326523,0.364997,3,10747,1076
VACG,0.24308212,0.2532274,3,10747,1076
IFLA,0.24296005,0.0156022385,3,10747,1076
FFMA,0.24247177,0.15140413,3,10747,1076
FADA,0.2423497,0.0,3,10747,1076
MAGA,0.24119003,0.110464066,3,10747,1076
WADA,0.24115951,0.0003232373,3,10747,1076
LAVA,0.241129,0.003985907,3,10747,1076
HALA,0.24033554,0.029281627,3,10747,1076
YAQA,0.23942001,0.00034374764,3,10747,1076
MLCA,0.2390538,0.27590293,3,10747,1076
IGAA,0.2380162,0.47737804,3,10747,1076
HAMA,0.2364598,0.02118399,3,10747,1076
FASA,0.2357579,0.038411267,3,10747,1076
VAGA,0.23508652,0.19990179,3,10747,1076
YICA,0.23499496,0.57992053,3,10747,1076
YAYA,0.23493393,0.018425813,3,10747,1076
VVCA,0.23374374,0.38084987,3,10747,1076
YAIA,0.23285873,0.00035681788,3,10747,1076
LASA,0.23264511,0.102605484,3,10747,1076
HWCA,0.23230942,0.316604,3,10747,1076
MKCA,0.23221786,0.44953647,3,10747,1076
FLAA,0.23197372,0.33174837,3,10747,1076
MSCA,0.23185165,0.52999365,3,10747,1076
AMCA,0.23133285,0.2010096,3,10747,1076
YARA,0.23121078,0.0055167302,3,10747,1076
WGLA,0.23063095,0.21987991,3,10747,1076
AAIA,0.23035629,0.0,3,10747,1076
FWMA,0.22999008,0.428997,3,10747,1076
YAPA,0.2293187,0.0010868545,3,10747,1076
ILAA,0.2284642,0.28458536,3,10747,1076
TAMA,0.22770126,0.011585568,3,10747,1076
GFCA,0.22745712,0.00360935,3,10747,1076
TNCA,0.22712143,0.53471017,3,10747,1076
FACH,0.22687729,0.0,3,10747,1076
IWMA,0.22608383,0.11170213,3,10747,1076
WACH,0.2256871,0.0008846446,3,10747,1076
FACC,0.22544296,0.0519132,3,10747,1076
FKAA,0.22513779,0.41305658,3,10747,1076
MAQA,0.22480209,0.0,3,10747,1076
IFGA,0.22474106,0.16794693,3,10747,1076
EACG,0.22458847,0.2028328,3,10747,1076
IGMA,0.22416122,0.024503475,3,10747,1076
YNAA,0.22416122,0.4483483,3,10747,1076
LACH,0.22385605,0.00064076605,3,10747,1076
TWCA,0.22379501,0.14639524,3,10747,1076
LKAA,0.22214706,0.4508477,3,10747,1076
AFLA,0.22165878,0.036146972,3,10747,1076
FACT,0.22110946,0.016266137,3,10747,1076
YWAA,0.22104843,0.6473334,3,10747,1076
VAHA,0.22092636,0.0006800224,3,10747,1076
MAYA,0.22031601,0.055259526,3,10747,1076
IFFA,0.22022445,0.024465613,3,10747,1076
WPAA,0.21967514,0.0039712247,3,10747,1076
FVMA,0.2185765,0.33511427,3,10747,1076
MAIA,0.21799667,0.0005093249,3,10747,1076
KWCA,0.21732529,0.17498563,3,10747,1076
VECA,0.21726425,0.1936853,3,10747,1076
FACI,0.21677597,0.0071792533,3,10747,1076
QFAA,0.21677597,0.002028111,3,10747,1076
WLMA,0.21677597,0.24311723,3,10747,1076
AADA,0.2166539,0.0,3,10747,1076
MARA,0.2166539,0.006718559,3,10747,1076
CAGA,0.21506698,0.064678825,3,10747,1076
VAYA,0.2143956,0.07984895,3,10747,1076
VDCA,0.21384628,0.42081222,3,10747,1076
VCCA,0.213358,0.2757984,3,10747,1076
FCAA,0.21256454,0.317028,3,10747,1076
WGGA,0.2123204,0.02023656,3,10747,1076
VAIA,0.21189316,0.00088364497,3,10747,1076
VRCA,0.21189316,0.54755145,3,10747,1076
WKMA,0.20966537,0.33402246,3,10747,1076
IIAA,0.20932968,0.47720215,3,10747,1076
AWLA,0.20859726,0.1596979,3,10747,1076
NLCA,0.20630844,0.043223705,3,10747,1076
HAQA,0.20578964,0.0001967361,3,10747,1076
HDCA,0.20078476,0.25832078,3,10747,1076
WWHA,0.20011337,0.0022114299,3,10747,1076
HFAA,0.20008285,0.08235658,3,10747,1076
HMCA,0.19993027,0.24111551,3,10747,1076
HAIA,0.19913681,0.00049206114,3,10747,1076
MASA,0.19816025,0.113622755,3,10747,1076
PWCA,0.19803818,0.0053304,3,10747,1076
WWQA,0.19797714,0.0005830895,3,10747,1076
WDMA,0.19751938,0.26753852,3,10747,1076
FTMA,0.19681747,0.07793749,3,10747,1076
WWEA,0.19492538,0.00034933133,3,10747,1076
EMCA,0.19446762,0.2312294,3,10747,1076
WGEA,0.1930333,0.00042147402,3,10747,1076
CFAA,0.19278915,0.15088499,3,10747,1076
YFHA,0.1911412,0.0003861856,3,10747,1076
WWNA,0.19053085,0.0032169526,3,10747,1076
KAEA,0.18769272,0.0004661081,3,10747,1076
FLTA,0.18656357,0.00081249437,3,10747,1076
YFNA,0.18165024,0.0002308563,3,10747,1076
FKEA,0.17698105,0.0,3,10747,1076
ILNA,0.17612655,0.0014916318,3,10747,1076
FKIA,0.1732579,0.00042655953,3,10747,1076
FKRA,0.17197616,0.00681369,3,10747,1076
WKNA,0.17160995,0.027353577,3,10747,1076
FVAG,0.16776474,0.29739517,3,10747,1076
IKPA,0.16660507,0.000814846,3,10747,1076
YLHA,0.1662999,0.0004066873,3,10747,1076
KALG,0.16034897,0.15943237,3,10747,1076
FSAG,0.15952499,0.2689275,3,10747,1076
WHNA,0.15863998,0.03522195,3,10747,1076
QNPA,0.1527806,0.00040391576,3,10747,1076
IRPA,0.15238388,0.0012162143,3,10747,1076
WGAH,0.1157933,0.00034396152,3,10747,1076
MKMG,0.107812956,0.1673287,3,10747,1076
CSKA,0.10640915,0.015008952,3,10747,1076
IRHG,0.099008635,0.0005347185,3,10747,1076
YDCR,0.09827621,0.0007293505,3,10747,1076
AGPG,0.09662826,0.0,3,10747,1076
QAHN,0.085153654,0.00020947115,3,10747,1076
MAHE,0.081750944,0.0,3,10747,1076
CPCC,0.07459457,0.031672046,3,10747,1076
ANAM,0.07311447,0.07507448,3,10747,1076
IFPC,0.071771696,0.001497965,3,10747,1076
SSKA,0.069025114,0.00020498711,3,10747,1076
IHLT,0.067239836,0.12334089,3,10747,1076
PMKA,0.06696518,0.0002628658,3,10747,1076
HAYR,0.06533249,9.624929e-05,3,10747,1076
KFPG,0.06521042,0.0013143292,3,10747,1076
QNLD,0.06302841,0.0,3,10747,1076
IFPR,0.062463835,0.00022785355,3,10747,1076
IELQ,0.060052946,0.00011500376,3,10747,1076
WGQN,0.05636032,0.0001604156,3,10747,1076
FWNR,0.055887297,0.0007820258,3,10747,1076
WGWT,0.055368498,0.00050603633,3,10747,1076
IGHQ,0.05306442,0.0,3,10747,1076
IWYY,0.052774504,0.0011345452,3,10747,1076
MASE,0.05269821,0.00040493242,3,10747,1076
TAKR,0.051996306,0.0,3,10747,1076
HNAN,0.050714567,0.0008397593,3,10747,1076
FVPK,0.047082976,0.0,3,10747,1076
CPQG,0.046442106,0.0008341609,3,10747,1076
QNGV,0.045587614,0.026806658,3,10747,1076
LRFR,0.039026335,0.0004483971,3,10747,1076
PARW,0.034509733,0.00076295197,3,10747,1076
WYEE,0.033517912,0.00021207478,3,10747,1076
FVRP,0.033258513,0.00034713844,3,10747,1076
IEQR,0.031442717,0.0,3,10747,1076
NVAT,0.03125961,0.0004472268,3,10747,1076
HVMT,0.0311528,0.020240668,3,10747,1076
VRMS,0.030679777,0.024273772,3,10747,1076
YDME,0.03038986,0.0,3,10747,1076
IDPC,0.027689055,0.0,3,10747,1076
YVHN,0.02724655,0.00035147226,3,10747,1076
YMGV,0.02698715,0.02726265,3,10747,1076
VQAP,0.026910856,0.0009023375,3,10747,1076
WCKT,0.026468351,0.0014015941,3,10747,1076
WLSD,0.025262907,0.00089374377,3,10747,1076
DDCT,0.025003508,0.0,3,10747,1076
WITQ,0.024011686,0.0001779353,3,10747,1076
QMMF,0.022104338,0.00064496975,3,10747,1076
HSMV,0.02044113,0.00024553406,3,10747,1076
FPDR,0.019846037,0.0,3,10747,1076
NCAS,0.019632414,0.0022028896,3,10747,1076
LCEQ,0.01929672,0.00052720844,3,10747,1076
WRQP,0.018091276,0.00025573498,3,10747,1076
CCAT,0.017709807,0.0019301063,3,10747,1076
KWMQ,0.015939787,0.0,3,10747,1076
VVIS,0.015344694,0.00043032115,3,10747,1076
VSLL,0.015192106,0.0015442991,3,10747,1076
LSSF,0.014490202,0.00063990697,3,10747,1076
REVG,0.013925627,0.0004766782,3,10747,1076
QCLM,0.013696745,0.0016302818,3,10747,1076
YKRR,0.0130100995,0.00037057666,3,10747,1076
CNFN,0.010782316,0.0005977267,3,10747,1076
TWML,0.009164885,0.0,3,10747,1076
YLNM,0.00795944,0.0002529463,3,10747,1076
HWNW,0.0062199384,0.0,3,10747,1076
MLFL,0.0057011396,0.00051035156,3,10747,1076
LTSK,0.0053501874,0.00033149458,3,10747,1076
GLFS,0.0028935224,0.0007259977,3,10747,1076
GVGK,-0.0009211749,0.0,3,10747,1076
EGTF,-0.0012110919,0.0009023375,3,10747,1076
GNRS,-0.0018672198,9.245631e-05,3,10747,1076
NGNH,-0.0060023516,0.0001919082,3,10747,1076
KIAM,-0.007345125,0.012053921,3,10747,1076
VYYQ,-0.007818148,0.0,3,10747,1076
CYHT,-0.009725496,0.0015640517,3,10747,1076
YCNM,-0.011632845,0.0019860973,3,10747,1076
HCFI,-0.0120143145,0.0052552135,3,10747,1076
KNVH,-0.01270096,0.0003349147,3,10747,1076
HTTH,-0.016332552,0.00036479338,3,10747,1076
QTYY,-0.016546175,0.00014154312,3,10747,1076
EPQT,-0.017156526,0.0,3,10747,1076
VYTL,-0.017507479,0.00071295805,3,10747,1076
VRIV,-0.017705843,0.00031811217,3,10747,1076
TTFK,-0.017949983,0.0,3,10747,1076
ESHY,-0.018316194,0.00088115584,3,10747,1076
TYTF,-0.018545076,0.0014218651,3,10747,1076
QMIN,-0.01924698,0.0,3,10747,1076
VTPV,-0.02063553,0.00015409374,3,10747,1076
CENS,-0.022191927,0.0018015255,3,10747,1076
CPTV,-0.022207186,0.0004715734,3,10747,1076
CPEF,-0.026662752,0.001144428,3,10747,1076
PFDW,-0.027791902,0.00026966404,3,10747,1076
GYHN,-0.029027864,0.0,3,10747,1076
QDVN,-0.02995865,0.0003498997,3,10747,1076
HRIV,-0.030767366,0.00021913154,3,10747,1076
KYHE,-0.031774446,0.0013600449,3,10747,1076
RHHW,-0.033162996,0.0005902082,3,10747,1076
VDVN,-0.0338649,0.00020715912,3,10747,1076
GRTC,-0.035329744,0.000714995,3,10747,1076
PVHI,-0.03575699,0.00034374764,3,10747,1076
MPVL,-0.035955355,0.00053655286,3,10747,1076
ERYF,-0.03603165,0.0,3,10747,1076
REKH,-0.036703035,0.00035213173,3,10747,1076
CPQM,-0.0369014,0.0005128038,3,10747,1076
CCYY,-0.0389003,0.00043445878,3,10747,1076
RRHD,-0.039892122,0.0,3,10747,1076
PLTR,-0.040380403,8.1602695e-05,3,10747,1076
RKVW,-0.040761873,0.00013217343,3,10747,1076
TMFL,-0.041646883,0.0003000579,3,10747,1076
EMPN,-0.044393465,0.0,3,10747,1076
TPDF,-0.044866487,0.0,3,10747,1076
CEWQ,-0.044912264,0.00060543936,3,10747,1076
HMQL,-0.04520218,0.0004794028,3,10747,1076
HKDM,-0.04535477,0.0005257317,3,10747,1076
KDNI,-0.045934603,0.0004152349,3,10747,1076
GMIF,-0.049184725,0.0,3,10747,1076
CMHL,-0.050527498,0.00041340574,3,10747,1076
RDWI,-0.050710604,0.00024374828,3,10747,1076
NQQL,-0.05367081,0.00029234606,3,10747,1076
SGVK,-0.053808138,0.00039747177,3,10747,1076
PLNE,-0.055990145,0.00034374764,3,10747,1076
PVKE,-0.057271883,0.0009110981,3,10747,1076
DHFN,-0.062261507,0.0,3,10747,1076
CIDP,-0.062780306,0.00091679464,3,10747,1076
TPSP,-0.06288712,0.00014685928,3,10747,1076
RQIL,-0.063299105,0.00042924227,3,10747,1076
NTSV,-0.06447403,0.00014895733,3,10747,1076
DSFL,-0.06561844,0.00014058889,3,10747,1076
SSNY,-0.06729691,0.00010880356,3,10747,1076
NTWL,-0.06967728,0.00021279609,3,10747,1076
SQEQ,-0.073965,0.0,3,10747,1076
DRPT,-0.07642166,0.0,3,10747,1076
DTEQ,-0.080816194,0.0,3,10747,1076
DCPE,-0.088994905,0.0,3,10747,1076
SMWM,-0.09282486,0.00037128828,3,10747,1076
SDNL,-0.096822664,0.00021183546,3,10747,1076
LNCA,0.62851894,0.6548965,4,14416,1434
WNCA,0.59282136,0.5283357,4,14416,1434
VNCA,0.5546683,0.61976725,4,14416,1434
MWCA,0.55034435,0.66271144,4,14416,1434
WRCA,0.549531,0.6072966,4,14416,1434
LICA,0.53819644,0.56887084,4,14416,1434
WICA,0.53721595,0.45192945,4,14416,1434
MNCA,0.53321207,0.6258507,4,14416,1434
FFAG,0.49546024,0.650981,4,14416,1434
AICA,0.48819098,0.5128443,4,14416,1434
YSCA,0.4711521,0.488287,4,14416,1434
SWCA,0.4668325,0.18061878,4,14416,1434
WHCA,0.45971218,0.531147,4,14416,1434
WMCA,0.4569809,0.26351792,4,14416,1434
VICA,0.45384744,0.45383906,4,14416,1434
FIAA,0.4535701,0.52513486,4,14416,1434
WQCA,0.449248,0.38756627,4,14416,1434
WDCA,0.44425866,0.38204813,4,14416,1434
IRCA,0.4438003,0.5044715,4,14416,1434
INAA,0.4434953,0.56966865,4,14416,1434
YRCA,0.4428753,0.54376394,4,14416,1434
ENCA,0.43743953,0.5196127,4,14416,1434
WCCA,0.42518315,0.33520392,4,14416,1434
FNAA,0.4251432,0.44763997,4,14416,1434
MRCA,0.42077526,0.53068256,4,14416,1434
MICA,0.41920927,0.4131574,4,14416,1434
LWCG,0.41032776,0.62950265,4,14416,1434
AFCA,0.40416017,0.45878848,4,14416,1434
MVCA,0.40286157,0.37395898,4,14416,1434
WWCG,0.4001554,0.5226267,4,14416,1434
VFAA,0.4001381,0.49002174,4,14416,1434
LNAA,0.3940197,0.5037557,4,14416,1434
LTCA,0.3920056,0.3105389,4,14416,1434
VHCA,0.39146045,0.5779038,4,14416,1434
VNAA,0.38979313,0.6162715,4,14416,1434
ICAA,0.3885515,0.43350628,4,14416,1434
FWCG,0.38783023,0.49672124,4,14416,1434
YHCA,0.38688144,0.5306223,4,14416,1434
QNCA,0.38248315,0.4924944,4,14416,1434
DWCA,0.38069984,0.0055498607,4,14416,1434
FRAA,0.37984833,0.4848846,4,14416,1434
ISAA,0.37504372,0.6019034,4,14416,1434
FSAA,0.3747917,0.4882421,4,14416,1434
FFAF,0.36796203,0.0053932816,4,14416,1434
MHCA,0.36435583,0.4258257,4,14416,1434
IKAA,0.36356822,0.5018167,4,14416,1434
LIAA,0.3626044,0.45257053,4,14416,1434
QSCA,0.3615472,0.48655698,4,14416,1434
FIAG,0.36089435,0.38487068,4,14416,1434
ICCA,0.35614017,0.3271752,4,14416,1434
YCAA,0.3558556,0.38319266,4,14416,1434
FFAP,0.3475921,0.0066467,4,14416,1434
ERCA,0.34750697,0.5109908,4,14416,1434
FFAW,0.34570965,0.0020970525,4,14416,1434
INCG,0.34190235,0.3879717,4,14416,1434
ILCA,0.3418691,0.26357725,4,14416,1434
SICA,0.3405269,0.32408744,4,14416,1434
FDAA,0.34023568,0.2825145,4,14416,1434
WAAA,0.3391916,0.2908936,4,14416,1434
LNCG,0.3391492,0.42950594,4,14416,1434
VWAA,0.33633158,0.6989077,4,14416,1434
FWAG,0.33594903,0.7429245,4,14416,1434
YGCA,0.33447292,0.20834802,4,14416,1434
VRAA,0.33248606,0.60893416,4,14416,1434
YTCA,0.33201435,0.27855492,4,14416,1434
WNCG,0.33018968,0.28835762,4,14416,1434
EVCA,0.3255191,0.45203546,4,14416,1434
AWCG,0.32302406,0.44106257,4,14416,1434
KNCA,0.32144436,0.38966125,4,14416,1434
WICG,0.3164954,0.29087386,4,14416,1434
QRCA,0.3158435,0.43910238,4,14416,1434
WCLA,0.31192884,0.39124894,4,14416,1434
VGAA,0.31169173,0.38261253,4,14416,1434
FYAS,0.31020126,0.5618136,4,14416,1434
FNAG,0.30733767,0.2982817,4,14416,1434
WWCF,0.30497792,0.006423039,4,14416,1434
ATCA,0.30426285,0.3235969,4,14416,1434
QVCA,0.3035237,0.40960646,4,14416,1434
WRCG,0.29984233,0.41149583,4,14416,1434
LACG,0.29879913,0.39922568,4,14416,1434
LDAA,0.29853055,0.35266107,4,14416,1434
WWCT,0.29488567,0.14956243,4,14416,1434
EFCA,0.28858277,0.21352705,4,14416,1434
YACG,0.2883323,0.23102416,4,14416,1434
TRCA,0.28600952,0.31242415,4,14416,1434
LWCY,0.28516373,0.001485153,4,14416,1434
FYAN,0.28454944,0.0026812314,4,14416,1434
WLCG,0.28109983,0.22244775,4,14416,1434
VMAA,0.28060272,0.3308186,4,14416,1434
MGCA,0.27943918,0.38322592,4,14416,1434
WVMA,0.27740976,0.3789036,4,14416,1434
TACA,0.2769353,0.31741047,4,14416,1434
FLAG,0.27660266,0.1892523,4,14416,1434
FYAE,0.2757133,0.0012347776,4,14416,1434
LWCL,0.2710671,0.044667825,4,14416,1434
FYGG,0.27052018,0.22318769,4,14416,1434
WHCG,0.26835164,0.34966117,4,14416,1434
VLAA,0.26821277,0.30797505,4,14416,1434
ITAA,0.26778188,0.26991564,4,14416,1434
TVCA,0.26626334,0.24926044,4,14416,1434
MNCC,0.26264146,0.17618582,4,14416,1434
WMLA,0.26094314,0.24417172,4,14416,1434
QHCA,0.25608346,0.48749307,4,14416,1434
ELCA,0.25533804,0.24675874,4,14416,1434
FFYA,0.2520118,0.00468706,4,14416,1434
RFCA,0.24949893,0.032582715,4,14416,1434
LNCT,0.24685463,0.11522869,4,14416,1434
AKAA,0.24588147,0.21677206,4,14416,1434
YRCG,0.24272993,0.37204364,4,14416,1434
RDCA,0.24163851,0.18341425,4,14416,1434
WMMA,0.24067393,0.22469836,4,14416,1434
KICA,0.24019864,0.41516492,4,14416,1434
FYVG,0.24006304,0.15739596,4,14416,1434
FFYG,0.23922798,0.03155543,4,14416,1434
WFAG,0.2374579,0.04845848,4,14416,1434
LNCC,0.2370424,0.25488248,4,14416,1434
DVCA,0.2346727,0.038018487,4,14416,1434
ILCG,0.23464575,0.16409059,4,14416,1434
DACA,0.23427662,0.023191111,4,14416,1434
INCS,0.23091492,0.085934974,4,14416,1434
KVCA,0.22749874,0.3636451,4,14416,1434
LMCG,0.22688034,0.18301435,4,14416,1434
WNCT,0.22241673,0.09577965,4,14416,1434
MNCS,0.21768579,0.21532492,4,14416,1434
FFFG,0.21760175,0.25572243,4,14416,1434
FYTG,0.21305165,0.0009337622,4,14416,1434
TNCC,0.21187541,0.090715,4,14416,1434
QCCA,0.20647731,0.17418161,4,14416,1434
MNCV,0.2006006,0.06527038,4,14416,1434
WRCK,0.19861957,0.009123635,4,14416,1434
FYQG,0.19609126,0.0022343595,4,14416,1434
FFVG,0.19564477,0.083205014,4,14416,1434
AFCG,0.19016859,0.19415814,4,14416,1434
YNSA,0.18437627,0.10029405,4,14416,1434
WRCV,0.18418553,0.23287353,4,14416,1434
MNCY,0.18390718,0.0031676996,4,14416,1434
FRAF,0.18169263,0.0018958201,4,14416,1434
MNCH,0.18146798,0.0009962113,4,14416,1434
MNSA,0.17914966,0.1826474,4,14416,1434
WFFA,0.17262891,0.2805684,4,14416,1434
FFTG,0.16976264,0.0015091726,4,14416,1434
WYFA,0.16616496,0.36156794,4,14416,1434
WLCC,0.16580912,0.08405285,4,14416,1434
FYTA,0.16490862,0.0011730387,4,14416,1434
YRAG,0.16142888,0.19964251,4,14416,1434
WRCQ,0.16133758,0.0011982849,4,14416,1434
FSAF,0.16105863,0.001972678,4,14416,1434
WLCT,0.15959916,0.04868901,4,14416,1434
MSCW,0.15654898,0.0008741206,4,14416,1434
WLCF,0.14990464,0.0016263088,4,14416,1434
YSAG,0.14676721,0.110000774,4,14416,1434
WVCP,0.14662316,0.0046929503,4,14416,1434
KACG,0.14405522,0.10190194,4,14416,1434
FFLY,0.13620849,0.0009688816,4,14416,1434
WFAW,0.13079402,0.0012450162,4,14416,1434
VFYG,0.12927583,0.03521385,4,14416,1434
WMMW,0.12850598,0.0002673593,4,14416,1434
YNPA,0.12768176,0.0009977064,4,14416,1434
FWLH,0.12702921,0.016773887,4,14416,1434
LIGG,0.12679036,0.044940777,4,14416,1434
KNGA,0.12345454,0.009155809,4,14416,1434
EAMA,0.12174818,0.044451993,4,14416,1434
ICMA,0.1207847,0.10533048,4,14416,1434
TNAT,0.11845893,0.0017231078,4,14416,1434
EVMA,0.11491197,0.08385146,4,14416,1434
LLCI,0.11374022,0.023106627,4,14416,1434
FFRN,0.113423616,0.0014006433,4,14416,1434
RAAR,0.105782285,0.00022759779,4,14416,1434
DRGA,0.09586227,0.0019337365,4,14416,1434
YTLC,0.091329694,0.11896271,4,14416,1434
REAA,0.08329894,0.0051734676,4,14416,1434
LFSG,0.0832125,0.0015090348,4,14416,1434
KACP,0.080706924,0.0010381307,4,14416,1434
EALD,0.07816607,0.0062562064,4,14416,1434
PFAN,0.07725233,0.00043245673,4,14416,1434
KVGA,0.07598385,0.010697511,4,14416,1434
VYAP,0.06940438,0.0048031523,4,14416,1434
MSMK,0.06777349,0.00050589273,4,14416,1434
WSDA,0.067371264,0.00037928944,4,14416,1434
FTWG,0.065697,0.0013311078,4,14416,1434
HACM,0.064385384,0.0040010624,4,14416,1434
DWLW,0.06256302,0.0,4,14416,1434
WFWS,0.06099388,0.0006325209,4,14416,1434
LPNG,0.060746692,0.00014349098,4,14416,1434
LNPL,0.0601679,0.00042227772,4,14416,1434
ECQA,0.050872296,0.0,4,14416,1434
AFYG,0.04878345,0.07298908,4,14416,1434
YWEL,0.0441193,0.0,4,14416,1434
DKCK,0.043184638,0.0014549318,4,14416,1434
CKLC,0.039207272,0.009906791,4,14416,1434
SNVG,0.038937002,0.0015595312,4,14416,1434
MPCH,0.038584344,0.00071910414,4,14416,1434
WWYL,0.03840445,0.0021034968,4,14416,1434
NKLL,0.037464894,0.0003155147,4,14416,1434
MFMS,0.036499284,0.022136284,4,14416,1434
TGLQ,0.034808926,0.0,4,14416,1434
PFLW,0.03267256,0.0005242631,4,14416,1434
RGGW,0.032015115,0.0012641993,4,14416,1434
MWFF,0.031295,0.0010326613,4,14416,1434
LLPL,0.03054244,0.00026958904,4,14416,1434
FLLI,0.030217655,0.0015731273,4,14416,1434
LHVT,0.0279703,0.005756933,4,14416,1434
KKAV,0.025789011,0.0005393282,4,14416,1434
MYAR,0.025616556,0.00025640195,4,14416,1434
TISW,0.02554546,0.0,4,14416,1434
IFLW,0.023217916,0.0005944139,4,14416,1434
RQGQ,0.023131631,0.005301184,4,14416,1434
PILI,0.020650208,0.000347567,4,14416,1434
SNVL,0.020466268,0.00021330397,4,14416,1434
YEWT,0.019238949,0.0018768619,4,14416,1434
PNIQ,0.019088522,0.00037687994,4,14416,1434
RHAQ,0.016473867,0.00040928452,4,14416,1434
TLNT,0.016017064,0.0,4,14416,1434
FGKM,0.015139177,0.0,4,14416,1434
WRTE,0.013935067,0.00037491598,4,14416,1434
PVMY,0.01382985,0.0,4,14416,1434
MCGH,0.013675004,0.010902045,4,14416,1434
IHTC,0.013138175,0.0020512154,4,14416,1434
HRLI,0.012267448,0.0007120885,4,14416,1434
NTNT,0.01196982,0.0,4,14416,1434
VQGY,0.011777341,0.006758248,4,14416,1434
LRWS,0.011113092,0.001283806,4,14416,1434
WNNQ,0.010181591,0.0,4,14416,1434
IPFN,0.009385578,0.00036267866,4,14416,1434
FRQF,0.009267919,0.0007820258,4,14416,1434
EHTF,0.0088872835,0.0,4,14416,1434
LEEW,0.008666895,0.0,4,14416,1434
TTHN,0.007917091,0.0,4,14416,1434
HQLM,0.0075362325,0.0013600449,4,14416,1434
ERFN,0.0071066692,0.0009268455,4,14416,1434
VKKS,0.0066199154,0.00019735662,4,14416,1434
QHMM,0.006053604,0.001405889,4,14416,1434
VGMP,0.005830325,0.0004887661,4,14416,1434
FGRS,0.005596511,0.0001787487,4,14416,1434
TCDF,0.00537502,0.0,4,14416,1434
YYNQ,0.004231006,0.0,4,14416,1434
TRMK,0.0038860142,0.0,4,14416,1434
GTLA,0.0031591803,0.00051081006,4,14416,1434
SGMT,0.0028038323,0.00028786223,4,14416,1434
VVWP,0.002157852,0.0004926147,4,14416,1434
YKQM,0.0021499395,0.00027439505,4,14416,1434
FRQE,0.0017975345,0.0,4,14416,1434
EFDM,0.0016896427,0.0,4,14416,1434
VKGV,0.0016767606,0.12986638,4,14416,1434
NIIC,0.0015838146,0.0024438307,4,14416,1434
CCMY,0.0010303035,0.0,4,14416,1434
IDTL,0.00074748695,0.0006400211,4,14416,1434
EEPF,0.0005315617,0.0,4,14416,1434
WQRI,0.00014667958,0.00053839985,4,14416,1434
YGQL,0.00012041628,0.0019839979,4,14416,1434
GSVN,-0.00021310896,0.00019132133,4,14416,1434
WFSY,-0.00075004995,0.00026305,4,14416,1434
YKYF,-0.0009557903,0.00027929497,4,14416,1434
CSWL,-0.0021691024,0.00071454135,4,14416,1434
VAYS,-0.0022861212,0.009536901,4,14416,1434
YCYW,-0.0023916513,0.0052135056,4,14416,1434
MSEF,-0.0024997294,0.0,4,14416,1434
TVKV,-0.0039683133,0.0006383884,4,14416,1434
PALI,-0.0044550598,0.0,4,14416,1434
IKSH,-0.0049639866,0.0003522639,4,14416,1434
PGIF,-0.005222045,0.0,4,14416,1434
WTVK,-0.005599171,0.00025500843,4,14416,1434
CVHR,-0.005658239,0.0005473128,4,14416,1434
YPFY,-0.0056680813,0.00040103888,4,14416,1434
WKRY,-0.0061655864,0.00026378944,4,14416,1434
SMWT,-0.006589532,0.0004051947,4,14416,1434
VCIT,-0.0072458014,0.0033871182,4,14416,1434
DTSV,-0.007367477,0.0,4,14416,1434
MEGL,-0.007637933,0.025287554,4,14416,1434
FKTY,-0.009190112,0.0003128103,4,14416,1434
TQRC,-0.010538653,0.0,4,14416,1434
YCPF,-0.010793775,0.00061335356,4,14416,1434
CQDE,-0.011001527,0.0004887661,4,14416,1434
QSES,-0.011102997,0.00038694992,4,14416,1434
NCPW,-0.01245828,0.0,4,14416,1434
AKQS,-0.012512945,0.0,4,14416,1434
RQYQ,-0.013361797,0.00015959707,4,14416,1434
AISR,-0.013506047,0.00025852097,4,14416,1434
WDTP,-0.014117628,0.0003639092,4,14416,1434
GKPE,-0.014180839,0.0009527218,4,14416,1434
CKSN,-0.014243618,0.00086891756,4,14416,1434
RIHT,-0.014850803,0.0003740123,4,14416,1434
RKHP,-0.015321195,0.00025226633,4,14416,1434
IRHC,-0.015426524,0.0007447865,4,14416,1434
MIHE,-0.016217217,0.0018400607,4,14416,1434
RDRK,-0.0168581,0.00029027916,4,14416,1434
YFHF,-0.016926095,0.00055364653,4,14416,1434
QVHP,-0.017699003,0.00033145462,4,14416,1434
SGPY,-0.01822649,0.00012388533,4,14416,1434
NETL,-0.018843167,0.00010392371,4,14416,1434
AIYF,-0.01993338,0.0,4,14416,1434
QGFR,-0.020082965,0.00028480458,4,14416,1434
EPYS,-0.020164497,0.0005739639,4,14416,1434
IHYM,-0.020376176,0.0,4,14416,1434
VCIE,-0.02098979,0.0015352655,4,14416,1434
GIEI,-0.021325909,0.00020445115,4,14416,1434
PSVY,-0.021502316,0.00021425364,4,14416,1434
PQIE,-0.022638068,0.0007274659,4,14416,1434
NFTH,-0.022695616,0.00023519574,4,14416,1434
WSDL,-0.024008445,0.00028352943,4,14416,1434
RCNP,-0.024289027,0.0012836709,4,14416,1434
ELYH,-0.024402395,0.0003128103,4,14416,1434
QMDH,-0.024515226,0.00032996867,4,14416,1434
TDYY,-0.024807692,0.0,4,14416,1434
MYHT,-0.025492728,0.0017595581,4,14416,1434
VQDL,-0.02569057,0.00050453277,4,14416,1434
IMSE,-0.025931597,0.00030051646,4,14416,1434
DIKM,-0.025946468,0.0,4,14416,1434
PMWE,-0.026300207,0.000544018,4,14416,1434
YYSW,-0.026424408,0.000568746,4,14416,1434
ELYF,-0.02661398,0.0014218651,4,14416,1434
CMTN,-0.027103275,0.00048497724,4,14416,1434
HDRI,-0.027107768,0.0004208211,4,14416,1434
SPDG,-0.02773109,0.00020819323,4,14416,1434
SEPR,-0.027972765,0.00017840894,4,14416,1434
QWQV,-0.028786153,0.00022343594,4,14416,1434
SPDI,-0.028958559,0.00033455656,4,14416,1434
QTNI,-0.029191837,0.00076295197,4,14416,1434
RMRQ,-0.029823333,0.0003666991,4,14416,1434
GAFC,-0.0298587,0.0021070126,4,14416,1434
KCPS,-0.029906653,0.00019309274,4,14416,1434
WAVM,-0.031272322,0.0006413439,4,14416,1434
DCYK,-0.03129515,0.0020854021,4,14416,1434
VIRV,-0.03147404,0.00036586003,4,14416,1434
PVCY,-0.031582706,0.0011306398,4,14416,1434
SDIR,-0.032136075,0.00030369931,4,14416,1434
HWVH,-0.03239628,0.00028764174,4,14416,1434
FTII,-0.033384368,0.00041159257,4,14416,1434
SALI,-0.03360465,0.00036420344,4,14416,1434
QDNP,-0.033749327,0.00042968453,4,14416,1434
KFEM,-0.035183564,0.00061335356,4,14416,1434
CLQV,-0.037277967,0.0005381683,4,14416,1434
HFHH,-0.038258106,0.00018619657,4,14416,1434
CLPN,-0.038307607,0.00057927833,4,14416,1434
GGPA,-0.038738318,0.0001967361,4,14416,1434
DCYI,-0.040618896,0.0,4,14416,1434
GLNF,-0.04116524,0.0003418692,4,14416,1434
KFSH,-0.042504758,0.00031919425,4,14416,1434
NMHY,-0.046161957,0.0,4,14416,1434
HAQI,-0.048903853,0.0002406233,4,14416,1434
DTQY,-0.049019217,0.0,4,14416,1434
FETI,-0.04906389,0.0,4,14416,1434
DLQI,-0.049684435,0.0,4,14416,1434
KWQC,-0.049766153,0.0,4,14416,1434
IMRY,-0.050379157,0.0005219719,4,14416,1434
EATH,-0.05061212,0.00044475397,4,14416,1434
LYIL,-0.05062528,0.00037605615,4,14416,1434
DMYP,-0.054489523,0.00025226633,4,14416,1434
NLVF,-0.05519961,0.00028593265,4,14416,1434
LARI,-0.057976037,0.00035837517,4,14416,1434
LYIV,-0.062199295,0.0004991654,4,14416,1434
IYQF,-0.067411885,0.0,4,14416,1434
RAQP,-0.068363294,0.0002961639,4,14416,1434
CANQ,-0.06887752,0.0006920583,4,14416,1434
WYSP,-0.06984441,0.00031647476,4,14416,1434
DYVP,-0.07151845,0.0007537599,4,14416,1434
NAPE,-0.07335323,0.0,4,14416,1434
PAWQ,-0.09429471,0.0,4,14416,1434
FWAA,0.6711069,1.0,5,18103,1789
ARCA,0.511749,0.5034064,5,18103,1789
IWAA,0.50613606,0.68958014,5,18103,1789
VSCA,0.49874586,0.6160872,5,18103,1789
FVAA,0.49294782,0.46047157,5,18103,1789
ASCA,0.48990303,0.5875927,5,18103,1789
IHCA,0.48592043,0.5451443,5,18103,1789
WSCA,0.47088826,0.55047894,5,18103,1789
IWCG,0.46099144,0.5480553,5,18103,1789
VIAA,0.45778024,0.53442484,5,18103,1789
YWCG,0.4505797,0.49675477,5,18103,1789
YIAA,0.44677883,0.50642616,5,18103,1789
IRAA,0.44392496,0.6273102,5,18103,1789
IVAA,0.43980908,0.46749896,5,18103,1789
WLCA,0.4256447,0.34774083,5,18103,1789
VCAA,0.42500705,0.46578917,5,18103,1789
MWCG,0.4176855,0.51373553,5,18103,1789
AKCA,0.416888,0.38073486,5,18103,1789
VYAA,0.40781534,0.58855724,5,18103,1789
VQCA,0.39977944,0.3834079,5,18103,1789
IYAA,0.39790732,0.5051164,5,18103,1789
FWFA,0.3969887,0.27981266,5,18103,1789
FHCA,0.39412856,0.3780925,5,18103,1789
EHCA,0.3922011,0.3781325,5,18103,1789
ESCA,0.3921637,0.51967615,5,18103,1789
QICA,0.38857493,0.4202862,5,18103,1789
IHAA,0.38631943,0.53790694,5,18103,1789
VDAA,0.38458216,0.4745491,5,18103,1789
YRAA,0.38104564,0.47462556,5,18103,1789
LWAG,0.37860098,0.37939975,5,18103,1789
FWAS,0.37799224,0.35359445,5,18103,1789
LRCG,0.37787217,0.44331962,5,18103,1789
HRCA,0.36491305,0.47798023,5,18103,1789
EICA,0.36389983,0.44609472,5,18103,1789
FHAA,0.36341828,0.6466067,5,18103,1789
YLCA,0.35130495,0.30007717,5,18103,1789
LECA,0.34593263,0.28839788,5,18103,1789
MQCA,0.34302342,0.3680033,5,18103,1789
HICA,0.34016708,0.47719464,5,18103,1789
FFAS,0.33970594,0.41453895,5,18103,1789
VNCG,0.33752748,0.47896135,5,18103,1789
VQAA,0.3353274,0.4058394,5,18103,1789
LNLA,0.3264225,0.40377632,5,18103,1789
LHCG,0.32460624,0.37008223,5,18103,1789
LWLA,0.3232891,0.5882232,5,18103,1789
VPAA,0.31322128,0.25594935,5,18103,1789
QWCG,0.30717927,0.3113776,5,18103,1789
THCA,0.30568537,0.59731877,5,18103,1789
YLAA,0.30565226,0.31554767,5,18103,1789
APCA,0.29962546,0.18643495,5,18103,1789
WYLG,0.299274,0.48546192,5,18103,1789
RWCG,0.29809254,0.09575177,5,18103,1789
WVCG,0.29791388,0.3232787,5,18103,1789
KIAA,0.2950205,0.09029496,5,18103,1789
CWCA,0.29394668,0.20649782,5,18103,1789
LCLA,0.2921517,0.3206725,5,18103,1789
WFMA,0.29137808,0.34792882,5,18103,1789
TICA,0.2900703,0.3023104,5,18103,1789
FAAS,0.28315786,0.028322017,5,18103,1789
MPCA,0.27902907,0.4229525,5,18103,1789
SHCA,0.2758829,0.38777694,5,18103,1789
YNLA,0.27485716,0.2181218,5,18103,1789
KNAA,0.26800007,0.03791745,5,18103,1789
WPCA,0.2663933,0.1050874,5,18103,1789
WCAA,0.2660427,0.24792004,5,18103,1789
RVCA,0.26522136,0.27033803,5,18103,1789
FWDG,0.25688994,0.0018400607,5,18103,1789
IEAA,0.25656122,0.24906196,5,18103,1789
LVMA,0.25196582,0.35103813,5,18103,1789
WVFA,0.24723619,0.5990526,5,18103,1789
VAMA,0.24653867,0.22105263,5,18103,1789
LDLA,0.24539357,0.3121335,5,18103,1789
ISGA,0.24450785,0.22820577,5,18103,1789
QGCA,0.23819172,0.15106079,5,18103,1789
LCCG,0.23624516,0.17729643,5,18103,1789
FWAT,0.23602188,0.092961945,5,18103,1789
WWFA,0.23470294,0.6666978,5,18103,1789
FWAY,0.23315412,0.0,5,18103,1789
WAFA,0.23120928,0.57922274,5,18103,1789
MNLA,0.22851634,0.22459781,5,18103,1789
MWMG,0.22315305,0.34075814,5,18103,1789
SWCG,0.22097412,0.24176915,5,18103,1789
MWLA,0.21801579,0.3635743,5,18103,1789
VAAC,0.21777928,0.30873019,5,18103,1789
LCAG,0.21668565,0.119213276,5,18103,1789
LWVG,0.21505949,0.1277929,5,18103,1789
FCGA,0.21271029,0.29450986,5,18103,1789
LWDG,0.21220624,0.00032471665,5,18103,1789
YWAV,0.21023071,0.010892503,5,18103,1789
ISAK,0.20937616,0.00041117636,5,18103,1789
YRGA,0.2075733,0.36507037,5,18103,1789
TWCG,0.20671523,0.26415095,5,18103,1789
MWCS,0.20597604,0.21893573,5,18103,1789
FWAN,0.20555508,0.0037537238,5,18103,1789
ENLA,0.20465404,0.25877947,5,18103,1789
YWSA,0.19982219,0.023175364,5,18103,1789
INAS,0.19737068,0.25999376,5,18103,1789
CICA,0.19687873,0.12248066,5,18103,1789
IMCG,0.19408631,0.10298095,5,18103,1789
INAL,0.19349954,0.15363106,5,18103,1789
RQCA,0.19302797,0.15320377,5,18103,1789
MAAS,0.19281462,0.04400112,5,18103,1789
EHCG,0.19146529,0.1960278,5,18103,1789
CYCA,0.18487102,0.061394863,5,18103,1789
EICG,0.18096444,0.23057148,5,18103,1789
WNLG,0.1807557,0.48322007,5,18103,1789
NWMG,0.17099625,0.018337157,5,18103,1789
INLG,0.16990441,0.39468083,5,18103,1789
WVKA,0.16585433,0.02815293,5,18103,1789
FFWG,0.16395783,0.0014895729,5,18103,1789
QHCC,0.16382913,0.0707819,5,18103,1789
FCFA,0.16233689,0.17765266,5,18103,1789
WHCV,0.16113383,0.17131285,5,18103,1789
ANMG,0.16065544,0.21896723,5,18103,1789
MNLG,0.15590793,0.4244075,5,18103,1789
WILG,0.1553959,0.51203835,5,18103,1789
MAAC,0.1552456,0.21154462,5,18103,1789
FFKG,0.15341884,0.0,5,18103,1789
YQGA,0.15337679,0.22059587,5,18103,1789
ARCC,0.15168515,0.028301887,5,18103,1789
YNLW,0.15061536,0.0006383884,5,18103,1789
IRAL,0.14971897,0.15492122,5,18103,1789
ISYA,0.14919698,0.055735543,5,18103,1789
MPCG,0.1469023,0.19210978,5,18103,1789
YRWA,0.14577559,0.0023697752,5,18103,1789
FFRG,0.14451072,0.00027682327,5,18103,1789
MAAK,0.14448225,0.00022343594,5,18103,1789
LWAI,0.14159396,0.06450812,5,18103,1789
ICAL,0.13688162,0.10274579,5,18103,1789
KNMA,0.13658237,0.0048485603,5,18103,1789
ENCE,0.13655299,0.00061335356,5,18103,1789
MNCE,0.13255838,0.0018815659,5,18103,1789
FNMG,0.13238853,0.15437393,5,18103,1789
MAAQ,0.13103741,0.0007676327,5,18103,1789
WAKA,0.12879133,0.0055220434,5,18103,1789
ICYA,0.1275577,0.059051726,5,18103,1789
FWPS,0.12391994,0.0,5,18103,1789
ENRA,0.122197814,0.0009165143,5,18103,1789
SCCA,0.12023059,0.10932237,5,18103,1789
WVCV,0.11719126,0.14923893,5,18103,1789
WSGA,0.11681075,0.18128686,5,18103,1789
NVCG,0.11580602,0.08119394,5,18103,1789
KQAA,0.11578316,0.028315553,5,18103,1789
ICDA,0.111873396,0.0009775322,5,18103,1789
PWCG,0.11068792,0.0026468567,5,18103,1789
MSTA,0.108375214,0.00484667,5,18103,1789
FVAH,0.10777918,0.00078398583,5,18103,1789
WKLN,0.10241816,0.0058148727,5,18103,1789
YWGV,0.10151858,0.21464929,5,18103,1789
YKSA,0.09753155,0.07763197,5,18103,1789
RNLG,0.09433446,0.06737011,5,18103,1789
VWGS,0.09316597,0.12726888,5,18103,1789
LYGC,0.09122549,0.49482542,5,18103,1789
LGGV,0.09045477,0.08347826,5,18103,1789
LPLT,0.08880539,0.0075970935,5,18103,1789
NKMA,0.08256855,0.0,5,18103,1789
TSKA,0.0814252,0.0005393282,5,18103,1789
YWWV,0.08136933,0.071184404,5,18103,1789
FYFY,0.07620493,0.0,5,18103,1789
LWYC,0.07405066,0.018653827,5,18103,1789
YVYG,0.07213383,0.12702608,5,18103,1789
YVIA,0.07096624,0.0008975148,5,18103,1789
QWYA,0.06228835,0.019488184,5,18103,1789
FMKG,0.061871905,0.0006800224,5,18103,1789
ENAK,0.05848822,0.00017573613,5,18103,1789
LNKR,0.056603204,7.742829e-05,5,18103,1789
FWIN,0.056234457,0.0050049652,5,18103,1789
RKMG,0.05441825,0.008183373,5,18103,1789
KACD,0.053572036,0.0,5,18103,1789
NIAF,0.05335717,0.00055201823,5,18103,1789
TKCV,0.051968813,0.0020512154,5,18103,1789
PNNE,0.051657565,0.0,5,18103,1789
WELM,0.051335648,0.0027660732,5,18103,1789
LCIC,0.047835197,0.000989906,5,18103,1789
ISML,0.045643337,0.0014913265,5,18103,1789
YFLW,0.044737108,0.0006082423,5,18103,1789
MLCS,0.044146784,0.06835595,5,18103,1789
VGFC,0.043909363,0.0026341924,5,18103,1789
QHGW,0.043607645,0.058942005,5,18103,1789
EHHA,0.042921603,0.0,5,18103,1789
WQFC,0.04208918,0.19870749,5,18103,1789
GRAC,0.041173726,0.0010958323,5,18103,1789
IAKI,0.038887277,0.0,5,18103,1789
YGAP,0.03689511,0.00020129365,5,18103,1789
VTDA,0.036721118,0.00013689724,5,18103,1789
NGAC,0.033556923,0.0005128038,5,18103,1789
LIIM,0.033492588,0.0005828764,5,18103,1789
SKMC,0.03322787,0.0007109326,5,18103,1789
LNSR,0.03138268,0.00023904716,5,18103,1789
YKTT,0.030745529,0.00024343214,5,18103,1789
CHLR,0.029476024,0.0013182212,5,18103,1789
YHHM,0.028653704,0.0,5,18103,1789
YNQF,0.026726,0.0,5,18103,1789
VSWV,0.026071548,0.00038858427,5,18103,1789
VTGF,0.026031025,0.11954167,5,18103,1789
QFCS,0.02507516,0.0048603998,5,18103,1789
MNEN,0.024025686,0.0,5,18103,1789
VGHG,0.022710465,0.0,5,18103,1789
YLEC,0.021303773,0.0009831182,5,18103,1789
MKSW,0.02036088,0.00033927365,5,18103,1789
ACAL,0.01893472,0.03128103,5,18103,1789
VNYP,0.018534347,0.018546404,5,18103,1789
CHDS,0.017049648,0.00077647954,5,18103,1789
MVFI,0.016561784,0.0071921744,5,18103,1789
PSPP,0.016481675,0.0003048091,5,18103,1789
IGEQ,0.015653484,0.0,5,18103,1789
ASGP,0.015536152,0.00021573127,5,18103,1789
MRWH,0.014968954,0.00018843991,5,18103,1789
MGCH,0.014073156,0.0010298283,5,18103,1789
ESMH,0.013969235,0.0,5,18103,1789
EDQH,0.013827942,0.00061335356,5,18103,1789
DKVW,0.012209035,0.0,5,18103,1789
THRG,0.011515878,0.0,5,18103,1789
GVMQ,0.0109785125,0.0,5,18103,1789
MNQP,0.010373212,0.0,5,18103,1789
KVQN,0.009925254,0.00043954613,5,18103,1789
ASRG,0.009573735,0.0,5,18103,1789
QRFH,0.009002276,0.00049983006,5,18103,1789
GSHS,0.008885905,0.0005857872,5,18103,1789
MLMH,0.008859396,0.000253728,5,18103,1789
ARRH,0.008585624,0.0,5,18103,1789
EQEF,0.007941745,0.0,5,18103,1789
EHKQ,0.007871591,0.0,5,18103,1789
ERWQ,0.0072165355,0.0002673593,5,18103,1789
YNEN,0.0067114606,0.00023519574,5,18103,1789
DDWS,0.006474726,0.0,5,18103,1789
EHWC,0.0063086674,0.0,5,18103,1789
FFRQ,0.0054303184,0.00043445878,5,18103,1789
WKTL,0.0050084665,0.0002166822,5,18103,1789
RQMF,0.0045941994,0.0005393282,5,18103,1789
HIFM,0.004316494,0.0010036696,5,18103,1789
CCFF,0.0041178986,0.0010090655,5,18103,1789
TPFS,0.002368927,0.0006256207,5,18103,1789
PYRC,0.0020880923,0.0007507448,5,18103,1789
YIRQ,0.0018587485,0.00011112267,5,18103,1789
CCHE,0.0017960146,0.0,5,18103,1789
KSTQ,0.0017598197,0.0003697522,5,18103,1789
FYRR,0.0016025081,0.00024826222,5,18103,1789
NVRS,0.0014750883,0.0004425257,5,18103,1789
GDAR,0.0006561801,3.8381684e-05,5,18103,1789
LPSV,-4.2915344e-05,0.0001668322,5,18103,1789
QTQV,-0.0003992617,9.91475e-05,5,18103,1789
GSWN,-0.0004393384,0.00031125403,5,18103,1789
MWQQ,-0.0007051453,0.0019151652,5,18103,1789
REMH,-0.00073634833,5.7238867e-05,5,18103,1789
KTCI,-0.0008976683,0.0012031167,5,18103,1789
VFST,-0.0010946468,0.0013950199,5,18103,1789
MVVR,-0.0015219077,0.00017239043,5,18103,1789
WDYL,-0.0019422919,0.0006001594,5,18103,1789
HTLS,-0.0021619424,0.00094852166,5,18103,1789
DEGC,-0.0023711026,0.00853119,5,18103,1789
NSIP,-0.002444014,0.0003379124,5,18103,1789
IADM,-0.0025789738,0.0,5,18103,1789
FPMC,-0.0029101893,0.00081249437,5,18103,1789
EMDG,-0.0029483885,0.00025226633,5,18103,1789
DKRL,-0.0029654726,0.000392649,5,18103,1789
HMKE,-0.0036140606,0.0,5,18103,1789
TMFI,-0.0037228614,0.0,5,18103,1789
EFLS,-0.003744863,0.0068665682,5,18103,1789
MEYA,-0.003962174,0.012343327,5,18103,1789
IGNH,-0.003987856,0.0,5,18103,1789
SVNC,-0.0042335764,0.00054719014,5,18103,1789
TGQV,-0.0051795393,0.0,5,18103,1789
DGPT,-0.005216293,0.0,5,18103,1789
EENY,-0.0055382475,0.00037239326,5,18103,1789
KRHR,-0.005837433,0.00019357073,5,18103,1789
PIQQ,-0.0065119937,0.0,5,18103,1789
IKQH,-0.006728418,0.0011252171,5,18103,1789
CPYW,-0.0070668235,0.0018582791,5,18103,1789
NKVS,-0.007378109,0.0003747958,5,18103,1789
QTRW,-0.007765256,0.00012255058,5,18103,1789
GIQR,-0.00778839,0.00029934003,5,18103,1789
HVTG,-0.00783392,0.00038460284,5,18103,1789
GMKA,-0.008036889,0.0,5,18103,1789
HMAT,-0.008159749,0.003076823,5,18103,1789
PHRV,-0.008644827,0.0015447423,5,18103,1789
PELK,-0.0087387785,0.00041159257,5,18103,1789
RPWG,-0.00878942,0.00044954775,5,18103,1789
GCPN,-0.010258876,0.0,5,18103,1789
WRSR,-0.0109087825,0.00033747748,5,18103,1789
FNHC,-0.011264779,0.0,5,18103,1789
TMDR,-0.011514299,0.0,5,18103,1789
GTRE,-0.011546947,0.00028437306,5,18103,1789
DCLR,-0.011550389,0.0006951341,5,18103,1789
YGCT,-0.011944465,0.0023080197,5,18103,1789
HIWE,-0.012090899,0.0,5,18103,1789
QPIQ,-0.012752064,0.00065168814,5,18103,1789
QMFW,-0.012814671,0.00015333842,5,18103,1789
TEDN,-0.013080046,0.0,5,18103,1789
RTDT,-0.013399921,0.00025978964,5,18103,1789
ASDM,-0.013532169,0.0,5,18103,1789
NMQT,-0.01388751,0.0008886657,5,18103,1789
IAHV,-0.01399193,0.0002463073,5,18103,1789
YQSV,-0.014005385,0.00041322372,5,18103,1789
HIYK,-0.01422444,0.0,5,18103,1789
ETYP,-0.014899053,0.0009998505,5,18103,1789
WDQW,-0.015313193,8.713376e-05,5,18103,1789
DKIQ,-0.015493818,0.0011171798,5,18103,1789
RQEG,-0.015721925,0.00014720488,5,18103,1789
FPSS,-0.015897527,0.00038555093,5,18103,1789
SMPH,-0.016444162,0.00032996867,5,18103,1789
RDCR,-0.016449824,0.0005505462,5,18103,1789
GMEF,-0.017390803,0.0,5,18103,1789
NPRS,-0.01770477,0.00020970522,5,18103,1789
GTHK,-0.017859235,0.0,5,18103,1789
YEEV,-0.01816722,0.0002532877,5,18103,1789
CEFV,-0.018979512,0.01800478,5,18103,1789
KECF,-0.020208292,0.00085973245,5,18103,1789
PICQ,-0.020248942,0.0012657065,5,18103,1789
KMWA,-0.020316578,0.0004270448,5,18103,1789
HRYY,-0.020567365,0.0001390268,5,18103,1789
GKCR,-0.02075737,0.00016727822,5,18103,1789
WEWC,-0.021127962,0.0015161724,5,18103,1789
HPLV,-0.021679454,0.00036267866,5,18103,1789
LYPL,-0.021710046,0.00038348028,5,18103,1789
NEKV,-0.022364251,0.0,5,18103,1789
DMSH,-0.022501044,0.0,5,18103,1789
RMTN,-0.023006327,0.000105441635,5,18103,1789
KGHG,-0.023322068,0.00018055434,5,18103,1789
KWKS,-0.023760222,0.0,5,18103,1789
MIVW,-0.024120264,0.00032789345,5,18103,1789
ITPK,-0.024372064,0.00014349098,5,18103,1789
KQWF,-0.024520703,0.00023878648,5,18103,1789
YPSV,-0.024664186,0.00031348204,5,18103,1789
TVYP,-0.025229417,0.0003934721,5,18103,1789
FRHQ,-0.025282316,0.0,5,18103,1789
IEYF,-0.025434576,0.0,5,18103,1789
MIDY,-0.025478266,0.0002780536,5,18103,1789
IECM,-0.02558916,0.0026067528,5,18103,1789
GEHM,-0.026665501,0.0,5,18103,1789
NQYM,-0.029047422,0.0,5,18103,1789
YYKY,-0.030767538,0.0,5,18103,1789
HQNY,-0.03180816,0.0,5,18103,1789
CEWY,-0.03225758,0.00027200894,5,18103,1789
QLQA,-0.03231702,0.00032083108,5,18103,1789
DAES,-0.033514343,0.0,5,18103,1789
MERK,-0.034456827,0.00014283576,5,18103,1789
RLTF,-0.034605287,0.0003136658,5,18103,1789
LAIR,-0.036052562,0.00022524592,5,18103,1789
QYTL,-0.036054097,0.0,5,18103,1789
SMEW,-0.03895209,0.00013780195,5,18103,1789
QWDY,-0.039403997,0.0,5,18103,1789
GEYV,-0.041516937,0.00020993977,5,18103,1789
WGNL,-0.044650055,0.0013988079,5,18103,1789
AGWL,-0.045679726,0.0013902682,5,18103,1789
SLVH,-0.0476185,0.00031115086,5,18103,1789
TAYH,-0.0487298,0.0,5,18103,1789
KWRL,-0.049551003,0.00027682327,5,18103,1789
GFNE,-0.052823268,0.0,5,18103,1789
PTKA,-0.05574379,0.00014415225,5,18103,1789
FDSW,-0.05588875,0.0,5,18103,1789
NYWV,-0.058510475,0.0,5,18103,1789
MYSR,-0.064707525,0.00014164994,5,18103,1789
PAYM,-0.07608595,0.000530187,5,18103,1789
NYCK,-0.083470024,0.0024062332,5,18103,1789
