{"run_id": "22:00:35-05/18/2022", "exp_name": "BO_EVO_proposal-function=UCB", "encoder_name": "ProtTrans_prot_t5_xl_uniref50", "model_name": "GPyTorch", "landscape_name": "GB1_combo", "rounds": 5, "expmt_queries_per_round": 384, "model_queries_per_round": 3072}
sequence,model_score,true_score,round,model_cost,measurement_cost
RIAA,,0.065857545,0,0,1
VVDY,0.63640875,0.00028698196,1,3461,355
THPA,0.63640875,0.0048124664,1,3461,355
WGTH,0.63640875,7.9875e-05,1,3461,355
WGYH,0.63640875,0.00018359076,1,3461,355
WMRH,0.63640875,0.0003730276,1,3461,355
WLRH,0.63640875,0.00043457485,1,3461,355
WLRP,0.63640875,0.00044192845,1,3461,355
WLFR,0.63640875,0.0004896895,1,3461,355
DLFR,0.63640875,0.00044475397,1,3461,355
DLSR,0.63640875,0.00026464494,1,3461,355
DLKR,0.63640875,0.0,1,3461,355
DLGR,0.63640875,0.0005156214,1,3461,355
ALGR,0.63640875,0.00044687188,1,3461,355
AAGR,0.63640875,0.0,1,3461,355
NTGT,0.63640875,0.0019298611,1,3461,355
ATGT,0.63640875,0.007820258,1,3461,355
ACGP,0.63640875,0.0007274659,1,3461,355
ACFP,0.63640875,0.021327976,1,3461,355
ARFP,0.63640875,0.013949649,1,3461,355
DFFP,0.63640875,0.00034885906,1,3461,355
DPFP,0.63640875,0.000796969,1,3461,355
DDHV,0.63640875,0.0,1,3461,355
KGHG,0.63640875,0.00018055434,1,3461,355
MGKG,0.63640875,0.0011171798,1,3461,355
LIHS,0.63640875,0.023052149,1,3461,355
QEMR,0.63640875,0.00036144047,1,3461,355
QEMP,0.63640875,0.0004965243,1,3461,355
SEMC,0.63640875,0.0007869442,1,3461,355
TKKH,0.63640875,0.0,1,3461,355
TFKY,0.63640875,0.0,1,3461,355
TFGY,0.63640875,0.014997755,1,3461,355
NFQY,0.63640875,0.0,1,3461,355
NIQY,0.63640875,0.0,1,3461,355
LIQS,0.63640875,0.001039237,1,3461,355
FWRS,0.63640875,0.00036801217,1,3461,355
NEEY,0.63640875,0.00034001126,1,3461,355
NCRS,0.63640875,0.0004668811,1,3461,355
NCKQ,0.63640875,0.0019550645,1,3461,355
NCCQ,0.63640875,0.00038147604,1,3461,355
NCEI,0.63640875,0.0020854021,1,3461,355
NCKI,0.63640875,0.0,1,3461,355
LCKI,0.63640875,0.000530187,1,3461,355
LCEE,0.63640875,0.0011916584,1,3461,355
NCEE,0.63640875,0.0,1,3461,355
NFEY,0.63640875,0.0006951341,1,3461,355
DCAM,0.63640875,0.0030271967,1,3461,355
WYFE,0.63640875,0.001178395,1,3461,355
ACPS,0.63640875,0.0019550645,1,3461,355
QCFS,0.63640875,0.011177756,1,3461,355
QGFC,0.63640875,0.00046001514,1,3461,355
QGFF,0.63640875,0.00020051938,1,3461,355
NGFF,0.63640875,0.00025226633,1,3461,355
LGFF,0.63640875,0.00030971316,1,3461,355
LQFE,0.63640875,0.000568746,1,3461,355
VQFE,0.63640875,0.0012512413,1,3461,355
WYHE,0.63640875,0.0006256207,1,3461,355
NVYN,0.63640875,0.00035147226,1,3461,355
IDHE,0.63640875,0.0,1,3461,355
IRHE,0.63640875,0.00019073802,1,3461,355
DRHE,0.63640875,0.0,1,3461,355
DRKE,0.63640875,0.0,1,3461,355
DRKI,0.63640875,0.0,1,3461,355
DIKI,0.63640875,0.0,1,3461,355
TIKS,0.63640875,0.00040103888,1,3461,355
AIKS,0.63640875,0.0,1,3461,355
NVVN,0.63640875,0.0009607197,1,3461,355
WCAP,0.63640875,0.0021220057,1,3461,355
MEDW,0.63640875,0.0005739639,1,3461,355
WCCP,0.63640875,0.0017663827,1,3461,355
GCCP,0.63640875,0.0,1,3461,355
VCCP,0.63640875,0.00090857776,1,3461,355
KCPP,0.63640875,0.0009309831,1,3461,355
KEPP,0.63640875,0.00029371856,1,3461,355
KEKP,0.63640875,0.0002374272,1,3461,355
DWNP,0.63640875,0.0007447865,1,3461,355
DQNP,0.63640875,0.0,1,3461,355
DQDP,0.63640875,0.00076295197,1,3461,355
MEDF,0.63640875,0.0,1,3461,355
VVVN,0.63640875,0.00020378521,1,3461,355
MWDS,0.63640875,0.0004263833,1,3461,355
MWDP,0.63640875,0.000198295,1,3461,355
MWDG,0.63640875,0.00039396764,1,3461,355
NWDF,0.63640875,0.0,1,3461,355
FPDM,0.63640875,0.0,1,3461,355
HPNM,0.63640875,0.0,1,3461,355
HRNM,0.63640875,0.00044475397,1,3461,355
HRVN,0.63640875,0.00020290402,1,3461,355
DRVN,0.63640875,0.00035546624,1,3461,355
EEMR,0.63640875,0.00036801217,1,3461,355
EEIR,0.63640875,0.00035955207,1,3461,355
IEGR,0.63640875,0.00024136604,1,3461,355
AIYR,0.63640875,0.0,1,3461,355
RKSF,0.63640875,0.00032095765,1,3461,355
CKSQ,0.63640875,0.0004921841,1,3461,355
CESQ,0.63640875,0.0007368123,1,3461,355
CEMQ,0.63640875,0.00088364497,1,3461,355
CLEQ,0.63640875,0.0007274659,1,3461,355
CLEG,0.63640875,0.00080855656,1,3461,355
CIEG,0.63640875,0.0010899315,1,3461,355
RIGG,0.63640875,0.0035906245,1,3461,355
WIQR,0.63640875,0.0004248041,1,3461,355
AIFR,0.63640875,0.00064496975,1,3461,355
IKCF,0.63640875,0.0021801933,1,3461,355
RIYL,0.63640875,0.0003627405,1,3461,355
PCYL,0.63640875,0.00084543333,1,3461,355
PRYL,0.63640875,0.00030135876,1,3461,355
CQYP,0.63640875,0.0024160147,1,3461,355
CQYI,0.63640875,0.0020854021,1,3461,355
CQCR,0.63640875,0.00022290523,1,3461,355
CQCS,0.63640875,0.004134849,1,3461,355
WQCS,0.63640875,0.054556362,1,3461,355
WDWS,0.63640875,0.00047977042,1,3461,355
IKKF,0.63640875,0.0011171798,1,3461,355
TKCF,0.63640875,0.0,1,3461,355
RRWS,0.63640875,0.00040283529,1,3461,355
WYYC,0.63640875,0.012829548,1,3461,355
KDWE,0.63640875,0.00017807043,1,3461,355
KRNE,0.63640875,9.624929e-05,1,3461,355
KTIR,0.63640875,0.0004437026,1,3461,355
KTMR,0.63640875,0.00019102916,1,3461,355
LTDR,0.63640875,0.00015798498,1,3461,355
LTAP,0.63640875,0.00039048988,1,3461,355
LTWR,0.63640875,0.00039248477,1,3461,355
LTYR,0.63640875,0.00019054435,1,3461,355
WTYR,0.63640875,0.00043962532,1,3461,355
WYRE,0.63640875,0.00038205844,1,3461,355
GWCF,0.63640875,0.0,1,3461,355
NYRE,0.63640875,0.00040624719,1,3461,355
NIRE,0.63640875,0.00051001686,1,3461,355
NARY,0.63640875,0.0003349147,1,3461,355
LARY,0.63640875,0.00040493242,1,3461,355
GARY,0.63640875,0.0003132578,1,3461,355
TAMY,0.63640875,0.0,1,3461,355
GAMY,0.63640875,0.0,1,3461,355
GIMY,0.63640875,0.00023171137,1,3461,355
GIVY,0.63640875,0.00014895733,1,3461,355
WRWS,0.63640875,0.001273227,1,3461,355
HYFS,0.63640875,0.0014533222,1,3461,355
WEGR,0.63640875,0.0002908537,1,3461,355
TNFG,0.63640875,0.063120656,1,3461,355
LTDY,0.63640875,0.0001511161,1,3461,355
HRDY,0.63640875,0.00037801848,1,3461,355
TNFK,0.63640875,0.0,1,3461,355
CNSA,0.63640875,0.11340036,1,3461,355
WTKY,0.63640875,0.00018996582,1,3461,355
DNSA,0.63640875,0.001052727,1,3461,355
DRNN,0.63640875,0.0006951341,1,3461,355
DINN,0.63640875,0.0,1,3461,355
DHNR,0.63640875,0.0011585568,1,3461,355
DHDR,0.63640875,0.0012512413,1,3461,355
SHGR,0.63640875,0.0011450222,1,3461,355
SEGR,0.63640875,0.00029848315,1,3461,355
WTDY,0.63640875,0.0002085402,1,3461,355
WTEY,0.63640875,0.00019798127,1,3461,355
HQMS,0.63640875,0.0017034225,1,3461,355
EGDG,0.63640875,0.00019924228,1,3461,355
QQWE,0.63640875,0.00013541573,1,3461,355
QQWV,0.63640875,0.0047959476,1,3461,355
AQWV,0.63640875,0.0,1,3461,355
ADDV,0.63640875,0.0,1,3461,355
ARDV,0.63640875,0.0,1,3461,355
AGDV,0.63640875,0.0,1,3461,355
LGDV,0.63640875,0.0046511157,1,3461,355
IGQG,0.63640875,0.0019550645,1,3461,355
MTEY,0.63640875,0.0,1,3461,355
IGNP,0.63640875,0.00043566903,1,3461,355
IVNP,0.63640875,0.00038397344,1,3461,355
IVGG,0.63640875,0.059858765,1,3461,355
IVDG,0.63640875,0.0003272074,1,3461,355
IVFS,0.63640875,0.013201036,1,3461,355
IAHL,0.63640875,0.0009836802,1,3461,355
IAFL,0.63640875,0.0017044921,1,3461,355
IADL,0.63640875,0.0009337622,1,3461,355
MADY,0.63640875,0.000363733,1,3461,355
AIRS,0.63640875,0.00035955207,1,3461,355
NINS,0.63640875,0.00042850728,1,3461,355
EIPS,0.63640875,0.00026966404,1,3461,355
RHAG,0.63640875,0.0031956162,1,3461,355
WSMP,0.63640875,0.0020451804,1,3461,355
WSMF,0.63640875,0.0013005243,1,3461,355
NSMF,0.63640875,0.0,1,3461,355
NFMK,0.63640875,0.0,1,3461,355
GFMK,0.63640875,0.00030369931,1,3461,355
FTAK,0.63640875,0.0,1,3461,355
FTAF,0.63640875,0.0010172693,1,3461,355
FTAG,0.63640875,0.14935988,1,3461,355
TYAG,0.63640875,0.0216561,1,3461,355
QVAG,0.63640875,0.010396725,1,3461,355
WSTQ,0.63640875,0.00021337678,1,3461,355
QVYG,0.63640875,0.19157243,1,3461,355
NVYQ,0.63640875,0.00012767763,1,3461,355
NRYQ,0.63640875,0.0,1,3461,355
NEYQ,0.63640875,0.0009337622,1,3461,355
GEYQ,0.63640875,0.0,1,3461,355
GEVQ,0.63640875,7.430171e-05,1,3461,355
GENY,0.63640875,0.0004668811,1,3461,355
GINY,0.63640875,0.00056362216,1,3461,355
MDNY,0.63640875,0.00041159257,1,3461,355
WSTP,0.63640875,0.00021359534,1,3461,355
WATK,0.63640875,0.00023838213,1,3461,355
MQDY,0.63640875,0.00031597007,1,3461,355
ERQC,0.63640875,0.0004170804,1,3461,355
SEHF,0.63640875,0.00048124668,1,3461,355
STIF,0.63640875,0.0004668811,1,3461,355
GTIM,0.63640875,0.00033101626,1,3461,355
ATIM,0.63640875,0.0,1,3461,355
ATIC,0.63640875,0.0019550645,1,3461,355
ATDC,0.63640875,0.0,1,3461,355
ATVC,0.63640875,0.0,1,3461,355
ESQC,0.63640875,0.0009775322,1,3461,355
ERNC,0.63640875,0.0,1,3461,355
LATK,0.63640875,0.000499697,1,3461,355
ERNP,0.63640875,0.0001236404,1,3461,355
ERMP,0.63640875,0.0004430741,1,3461,355
ENTP,0.63640875,0.00020445115,1,3461,355
ENTF,0.63640875,0.0,1,3461,355
INTF,0.63640875,0.00010823884,1,3461,355
INTP,0.63640875,0.00024343214,1,3461,355
IATK,0.63640875,0.0,1,3461,355
MDDY,0.63640875,0.00033817333,1,3461,355
PQDL,0.63640875,0.00048124668,1,3461,355
SHHA,0.63640875,0.0011639454,1,3461,355
LYKS,0.63640875,0.00068373844,1,3461,355
DRFQ,0.63640875,0.0,1,3461,355
DLFQ,0.63640875,0.00085467304,1,3461,355
DVFQ,0.63640875,0.0,1,3461,355
NYPN,0.63640875,0.0,1,3461,355
NYNN,0.63640875,0.0010090655,1,3461,355
NYNS,0.63640875,0.0,1,3461,355
LYNS,0.63640875,0.0007892956,1,3461,355
LYYS,0.63640875,0.0032116051,1,3461,355
NRMP,0.63640875,0.0005747172,1,3461,355
LYYP,0.63640875,0.0018125458,1,3461,355
STYP,0.63640875,0.00043261002,1,3461,355
STKP,0.63640875,0.00031757395,1,3461,355
SGKP,0.63640875,0.0005614544,1,3461,355
SGKS,0.63640875,0.00027682327,1,3461,355
WGKS,0.63640875,0.00026555912,1,3461,355
EVIF,0.63640875,0.0007723712,1,3461,355
LTPV,0.63640875,0.0005432306,1,3461,355
QGII,0.63640875,0.00023652958,1,3461,355
NRWP,0.63640875,0.00032001061,1,3461,355
MRMP,0.63640875,0.0024148065,1,3461,355
IQDV,0.63640875,0.00023519574,1,3461,355
HAVV,0.63640875,0.00047252318,1,3461,355
ILDV,0.63640875,0.00018111439,1,3461,355
WYDV,0.63640875,8.242694e-05,1,3461,355
PYDN,0.63640875,0.0003007792,1,3461,355
PQDN,0.63640875,0.0,1,3461,355
PVDN,0.63640875,0.0003007792,1,3461,355
PVDV,0.63640875,0.0005199064,1,3461,355
IVVV,0.63640875,0.0053909863,1,3461,355
AVVV,0.63640875,0.0,1,3461,355
HVVS,0.63640875,0.00032312967,1,3461,355
FYVY,0.63640875,0.00031757395,1,3461,355
NRDP,0.63640875,0.00020489763,1,3461,355
LYVY,0.63640875,0.00027743707,1,3461,355
WYVY,0.63640875,0.00056784827,1,3461,355
DYVY,0.63640875,0.0003128103,1,3461,355
MYFY,0.63640875,0.00038054783,1,3461,355
EYFT,0.63640875,0.029046673,1,3461,355
RCFG,0.63640875,0.10026582,1,3461,355
HGFG,0.63640875,0.00887705,1,3461,355
HRFG,0.63640875,0.1782642,1,3461,355
HRDG,0.63640875,0.0005283958,1,3461,355
SHHF,0.63640875,0.0,1,3461,355
SHRI,0.63640875,0.0004900423,1,3461,355
EAPS,0.63640875,0.00047592164,1,3461,355
QIMR,0.63640875,0.00031811217,1,3461,355
RVMG,0.63640875,0.026999993,1,3461,355
RVQG,0.63640875,0.00020930132,1,3461,355
FWMG,0.63640875,0.34995654,1,3461,355
FWMP,0.63640875,0.0,1,3461,355
FRMP,0.63640875,0.00085467304,1,3461,355
FRMI,0.63640875,0.010256076,1,3461,355
FNML,0.63640875,0.002031236,1,3461,355
WNML,0.63640875,0.0050024325,1,3461,355
QIMC,0.63640875,0.0047987946,1,3461,355
RENG,0.63640875,0.00021207478,1,3461,355
EIMC,0.63640875,0.0045499685,1,3461,355
YIMG,0.63640875,0.28964356,1,3461,355
YING,0.63640875,0.0013685452,1,3461,355
YIDG,0.63640875,0.00057501905,1,3461,355
YEDG,0.63640875,0.0005610948,1,3461,355
YDDG,0.63640875,0.0003753724,1,3461,355
AIKF,0.63640875,0.0,1,3461,355
RVNG,0.63640875,0.00040193505,1,3461,355
RELG,0.63640875,0.017086431,1,3461,355
WRKF,0.63640875,0.0006194264,1,3461,355
DVDF,0.63640875,0.0,1,3461,355
WAPS,0.63640875,0.00037434784,1,3461,355
WHMS,0.63640875,0.08019453,1,3461,355
WHNS,0.63640875,0.0016757697,1,3461,355
QGLS,0.63640875,0.0004164756,1,3461,355
WGLS,0.63640875,0.0026468567,1,3461,355
NSTS,0.63640875,0.00016377501,1,3461,355
NVTS,0.63640875,0.00031455784,1,3461,355
HVTF,0.63640875,0.0,1,3461,355
HVDF,0.63640875,0.00022423678,1,3461,355
DVPA,0.63640875,0.00027682327,1,3461,355
RHLG,0.63640875,0.08675514,1,3461,355
VWPA,0.63640875,0.0011713161,1,3461,355
VWPG,0.63640875,0.001150038,1,3461,355
NWPG,0.63640875,0.0,1,3461,355
NWKG,0.63640875,0.0,1,3461,355
NVKF,0.63640875,0.00025226633,1,3461,355
NVKV,0.63640875,0.00013964743,1,3461,355
RVKV,0.63640875,0.0002438228,1,3461,355
RHFV,0.63640875,0.009390655,1,3461,355
WELF,0.63640875,0.0011479278,1,3461,355
SWRI,0.63640875,0.00014154312,1,3461,355
NPDM,0.63640875,0.0,1,3461,355
PVDE,0.63640875,0.00015562706,1,3461,355
PVNE,0.63640875,0.0,1,3461,355
PVNG,0.63640875,0.0003007792,1,3461,355
DVNG,0.63640875,0.0007109326,1,3461,355
QVNS,0.63640875,0.0008261498,1,3461,355
GVNS,0.63640875,0.00011191781,1,3461,355
GINS,0.63640875,0.00060739875,1,3461,355
MPDT,0.63640875,0.00046921548,1,3461,355
MPDM,0.63640875,0.0,1,3461,355
YPPM,0.63640875,0.00024186366,1,3461,355
PEIR,0.63640875,0.0,1,3461,355
LPPM,0.63640875,0.00027682327,1,3461,355
LPPF,0.63640875,0.0,1,3461,355
NPPF,0.63640875,0.00025431736,1,3461,355
NWHA,0.63640875,0.00066555385,1,3461,355
NWDA,0.63640875,0.00038147604,1,3461,355
NWNA,0.63640875,0.00047395506,1,3461,355
SWSL,0.63640875,0.0002616664,1,3461,355
PEWE,0.63640875,0.0,1,3461,355
CQNR,0.63640875,0.00027929497,1,3461,355
WEDF,0.63640875,0.00019309274,1,3461,355
NQNE,0.63640875,0.0,1,3461,355
WEDG,0.63640875,0.00031561582,1,3461,355
VEDG,0.63640875,0.0010786563,1,3461,355
VEDS,0.63640875,0.00039848444,1,3461,355
NEDS,0.63640875,0.0006015583,1,3461,355
REDE,0.63640875,0.00031086747,1,3461,355
REDV,0.63640875,0.0003049948,1,3461,355
RADY,0.63640875,8.749943e-05,1,3461,355
NQAY,0.63640875,0.0,1,3461,355
NQYE,0.63640875,0.0,1,3461,355
VQNE,0.63640875,0.0,1,3461,355
CQNS,0.63640875,0.0004255923,1,3461,355
EEEE,0.63640875,0.0,1,3461,355
EEER,0.63640875,0.00023970134,1,3461,355
ACDR,0.63640875,0.0052135056,1,3461,355
CCLR,0.63640875,0.0013379792,1,3461,355
CCCR,0.63640875,0.0018133932,1,3461,355
CQCG,0.63640875,0.012164846,1,3461,355
CQYG,0.63640875,0.06082423,1,3461,355
CQNC,0.63640875,0.003910129,1,3461,355
KIWA,0.63640875,0.0010835297,1,3461,355
YWMG,0.3348059,0.43484074,2,7029,730
FIMG,0.28647205,0.38368142,2,7029,730
WWMG,0.28345853,0.5610956,2,7029,730
LWMG,0.280981,0.5457371,2,7029,730
FWLG,0.28073564,0.83459085,2,7029,730
FVMG,0.27841634,0.20743345,2,7029,730
FMMG,0.2747446,0.10519508,2,7029,730
FLMG,0.27344584,0.120177366,2,7029,730
YMMG,0.27140808,0.11258738,2,7029,730
LYMG,0.26137778,0.3446622,2,7029,730
FWFG,0.26030964,0.5904295,2,7029,730
MWMG,0.2598476,0.34075814,2,7029,730
FFMG,0.25810453,0.23563336,2,7029,730
FRMG,0.25669858,0.26360786,2,7029,730
FWIG,0.2562322,0.027805362,2,7029,730
VWMG,0.2473867,0.28809974,2,7029,730
FYLG,0.2447057,0.47551516,2,7029,730
YWIG,0.2446473,0.03875526,2,7029,730
WIMG,0.24407429,0.28416437,2,7029,730
MYMG,0.24371222,0.22352578,2,7029,730
FWVG,0.24224666,0.16478401,2,7029,730
FILG,0.23790231,0.486748,2,7029,730
FFFG,0.23780888,0.25572243,2,7029,730
YILG,0.23659182,0.50562584,2,7029,730
WMMG,0.23525771,0.12979405,2,7029,730
FWYG,0.23435831,0.14029069,2,7029,730
WVMG,0.23411947,0.30011582,2,7029,730
WLMG,0.23075587,0.17851019,2,7029,730
LMMG,0.22864223,0.16165999,2,7029,730
FYIG,0.22448596,0.014413809,2,7029,730
WWLG,0.22343272,0.78497785,2,7029,730
FMLG,0.22242129,0.25958344,2,7029,730
FFLG,0.22231072,0.42795283,2,7029,730
LWFG,0.2212919,0.5568024,2,7029,730
FLLG,0.22115266,0.2975323,2,7029,730
FWCG,0.2211231,0.49672124,2,7029,730
FFIG,0.21968094,0.0038415303,2,7029,730
YYLG,0.21954703,0.4415988,2,7029,730
FLFG,0.21911001,0.3171038,2,7029,730
FVLG,0.21880648,0.45488518,2,7029,730
FFYG,0.2184729,0.03155543,2,7029,730
FRLG,0.21822667,0.5054508,2,7029,730
YRLG,0.21754777,0.53957075,2,7029,730
FWAG,0.2168414,0.7429245,2,7029,730
FAMG,0.21497244,0.14578141,2,7029,730
YLLG,0.21490848,0.30893338,2,7029,730
YMLG,0.21398824,0.26247472,2,7029,730
FKMG,0.21291217,0.24302956,2,7029,730
IMMG,0.21192938,0.029890765,2,7029,730
FSMG,0.21144229,0.14031778,2,7029,730
LVMG,0.21141976,0.29940417,2,7029,730
YVLG,0.21127886,0.46702188,2,7029,730
MWLG,0.21124655,0.5829596,2,7029,730
FYFG,0.21098661,0.30175138,2,7029,730
YIFG,0.21038967,0.57830036,2,7029,730
FRFG,0.20960748,0.556382,2,7029,730
MWFG,0.20956278,0.4051261,2,7029,730
FQMG,0.208792,0.14299901,2,7029,730
YKMG,0.20806646,0.20598002,2,7029,730
FLIG,0.20805004,0.0033875774,2,7029,730
YRIG,0.20718348,0.014442983,2,7029,730
YIYG,0.20604113,0.1284343,2,7029,730
FYYG,0.20544317,0.064252935,2,7029,730
YVIG,0.20543027,0.01616332,2,7029,730
LIMG,0.20471472,0.3749468,2,7029,730
YIVG,0.20449048,0.044859845,2,7029,730
FFVG,0.2041707,0.083205014,2,7029,730
WWFG,0.2039831,0.7239811,2,7029,730
YFFG,0.20396477,0.2030846,2,7029,730
FVFG,0.20381516,0.470597,2,7029,730
FLYG,0.20346162,0.036764562,2,7029,730
FMFG,0.20340809,0.19573313,2,7029,730
FMIG,0.20324603,0.0021135833,2,7029,730
IRMG,0.20282209,0.11155814,2,7029,730
AYMG,0.20262152,0.1507177,2,7029,730
FRIG,0.2019242,0.01010319,2,7029,730
LWYG,0.2016201,0.30131325,2,7029,730
YFLG,0.201164,0.37533733,2,7029,730
VMMG,0.20093876,0.047806863,2,7029,730
FVIG,0.20083839,0.013429553,2,7029,730
FIVG,0.20050296,0.04773254,2,7029,730
WCMG,0.19944501,0.19863982,2,7029,730
LFFG,0.19915766,0.24069701,2,7029,730
YLFG,0.19806242,0.30978107,2,7029,730
LIFG,0.19698906,0.47889692,2,7029,730
WWVG,0.19466615,0.18251725,2,7029,730
MIFG,0.19328934,0.3322103,2,7029,730
MWYG,0.19234982,0.20877796,2,7029,730
MWIG,0.19218421,0.022895908,2,7029,730
WILG,0.1912291,0.51203835,2,7029,730
MFFG,0.19094333,0.12013006,2,7029,730
YLYG,0.19047612,0.021058474,2,7029,730
FCLG,0.19046545,0.34880835,2,7029,730
FMVG,0.18994111,0.0072326087,2,7029,730
FVVG,0.18862799,0.04652808,2,7029,730
CWFG,0.18851256,0.45677555,2,7029,730
WLLG,0.18786043,0.32247698,2,7029,730
YICG,0.18753225,0.39992505,2,7029,730
YFYG,0.18751335,0.026017398,2,7029,730
LYFG,0.18737382,0.27740878,2,7029,730
FRVG,0.1860958,0.03249225,2,7029,730
WFIG,0.18556416,0.021252945,2,7029,730
YFVG,0.1838465,0.060621068,2,7029,730
HRMG,0.18374264,0.11937696,2,7029,730
WIYG,0.1833517,0.1659365,2,7029,730
IWYG,0.18219793,0.20864145,2,7029,730
FTLG,0.18201014,0.21550119,2,7029,730
IFFG,0.18158263,0.07281966,2,7029,730
YEMG,0.1813696,0.08939364,2,7029,730
LTMG,0.18044707,0.13098933,2,7029,730
HMMG,0.18000048,0.025579564,2,7029,730
IIFG,0.17953908,0.31132382,2,7029,730
FIAG,0.17941874,0.38487068,2,7029,730
YHIG,0.17863339,0.012361053,2,7029,730
FNMG,0.1785858,0.15437393,2,7029,730
WLIG,0.17791846,0.019816596,2,7029,730
FTIG,0.17746812,0.0016292204,2,7029,730
MYFG,0.1764633,0.15880261,2,7029,730
VYFG,0.17543638,0.19463754,2,7029,730
FKLG,0.17458194,0.44359335,2,7029,730
VWYG,0.17434648,0.24602628,2,7029,730
LVFG,0.17407262,0.44987708,2,7029,730
CWLG,0.17367679,0.4738802,2,7029,730
FVAG,0.1736213,0.29739517,2,7029,730
LRFG,0.17331535,0.43625605,2,7029,730
YLCG,0.17286891,0.17010513,2,7029,730
ILFG,0.17169553,0.15391393,2,7029,730
QRMG,0.17137116,0.09658612,2,7029,730
YYWG,0.17087954,0.0026812314,2,7029,730
WRLG,0.17080268,0.6054324,2,7029,730
FPMG,0.17076042,0.0002650935,2,7029,730
FMAG,0.17068619,0.15275805,2,7029,730
WFVG,0.17027098,0.06968657,2,7029,730
YTLG,0.16962051,0.232336,2,7029,730
MMLG,0.16960019,0.18933605,2,7029,730
FSLG,0.16956282,0.41240323,2,7029,730
LIWG,0.16949388,0.0020354097,2,7029,730
MRFG,0.16789246,0.26386693,2,7029,730
CMMG,0.1675266,0.043414284,2,7029,730
YKLG,0.16664934,0.4173917,2,7029,730
YYFG,0.16640347,0.23267682,2,7029,730
WIVG,0.16625652,0.057462286,2,7029,730
FALG,0.16600555,0.43968728,2,7029,730
CFFG,0.16562217,0.16830458,2,7029,730
WFWG,0.1654312,0.010678872,2,7029,730
FFAG,0.16534066,0.650981,2,7029,730
YVCG,0.16521394,0.33125728,2,7029,730
YCYG,0.1644564,0.10309523,2,7029,730
LQMG,0.16435617,0.21984838,2,7029,730
FTFG,0.16348922,0.19400354,2,7029,730
CWYG,0.16345763,0.20825455,2,7029,730
CIFG,0.16329238,0.5101976,2,7029,730
WLVG,0.16260976,0.0149452025,2,7029,730
IFYG,0.16243285,0.014829527,2,7029,730
FTVG,0.16224438,0.010051939,2,7029,730
ITMG,0.16223836,0.045300964,2,7029,730
FRWG,0.16180384,0.0059582917,2,7029,730
IRLG,0.16102004,0.36505997,2,7029,730
NRMG,0.16096026,0.002919563,2,7029,730
QLYG,0.16070583,0.033726875,2,7029,730
MMFG,0.15992129,0.116006345,2,7029,730
QMMG,0.15969917,0.02042233,2,7029,730
ILMG,0.15948623,0.040752128,2,7029,730
FRAG,0.15922993,0.285925,2,7029,730
IVFG,0.1591722,0.27936077,2,7029,730
WLCG,0.15596926,0.22244775,2,7029,730
WYCG,0.15555134,0.42182258,2,7029,730
CRMG,0.15487897,0.18141574,2,7029,730
AIFG,0.15457696,0.39492303,2,7029,730
VRLG,0.15390685,0.4202488,2,7029,730
WLWG,0.15356797,0.006124869,2,7029,730
WCLG,0.15102425,0.4229525,2,7029,730
MMIG,0.15097925,0.0017401369,2,7029,730
FSFG,0.15037048,0.40271544,2,7029,730
NRFG,0.14977312,0.006073179,2,7029,730
WHIG,0.14906023,0.02762955,2,7029,730
IQMG,0.14857586,0.062166102,2,7029,730
QLFG,0.1481207,0.11989065,2,7029,730
IMFG,0.148075,0.07460909,2,7029,730
YTFG,0.14784914,0.21800396,2,7029,730
VMLG,0.14775658,0.14703795,2,7029,730
TRFG,0.14771453,0.08830189,2,7029,730
AIYG,0.14720231,0.19731113,2,7029,730
LVIG,0.14662388,0.019470846,2,7029,730
QRYG,0.14619786,0.08937438,2,7029,730
FSVG,0.1452495,0.023007039,2,7029,730
WCYG,0.1450735,0.13838676,2,7029,730
WTLG,0.14503035,0.27709156,2,7029,730
LRVG,0.14317125,0.041477174,2,7029,730
VQMG,0.14304192,0.06688817,2,7029,730
IFCG,0.14150183,0.3029272,2,7029,730
QRLG,0.14108574,0.31125984,2,7029,730
MCYG,0.14103308,0.16057597,2,7029,730
TWYG,0.13956726,0.053177755,2,7029,730
FQVG,0.13874602,0.010772276,2,7029,730
WKIG,0.13705587,0.02287643,2,7029,730
VMWG,0.13631497,0.000823185,2,7029,730
QIYG,0.13517416,0.14328732,2,7029,730
QVWG,0.1339165,0.009620032,2,7029,730
ARLG,0.13204814,0.32239646,2,7029,730
MCLG,0.1301671,0.27523714,2,7029,730
FLHG,0.13008773,0.00081249437,2,7029,730
IVIG,0.12990302,0.008736144,2,7029,730
LKIG,0.12954931,0.009725558,2,7029,730
AMLG,0.12852207,0.13164102,2,7029,730
ACFG,0.12754744,0.27957425,2,7029,730
QTYG,0.12749639,0.071499504,2,7029,730
MLCG,0.12736541,0.15315782,2,7029,730
QFYG,0.1255087,0.02237797,2,7029,730
VMYG,0.12545228,0.04209592,2,7029,730
PWFG,0.123464346,0.0027070125,2,7029,730
MLLG,0.122915804,0.21982343,2,7029,730
YFAG,0.12163249,0.2618047,2,7029,730
QLWG,0.118453264,0.0012124431,2,7029,730
VEMG,0.118228674,0.0408244,2,7029,730
IVCG,0.11814666,0.24562798,2,7029,730
VLCG,0.11574483,0.1764384,2,7029,730
FAAG,0.11546457,0.20027052,2,7029,730
IKIG,0.11424065,0.003920556,2,7029,730
MFVG,0.1139044,0.024756154,2,7029,730
IWHG,0.11218107,0.0,2,7029,730
HKIG,0.11189626,0.0013937094,2,7029,730
WCAG,0.111490175,0.075128205,2,7029,730
NRWG,0.11120607,0.00058743724,2,7029,730
ITYG,0.10969901,0.054781504,2,7029,730
VKIG,0.109481454,0.0047757304,2,7029,730
WKCG,0.109151036,0.29008862,2,7029,730
QWVG,0.10864654,0.092785284,2,7029,730
MLVG,0.10556486,0.008000217,2,7029,730
VTYG,0.10512647,0.079515904,2,7029,730
QSYG,0.104788184,0.16606635,2,7029,730
LFFA,0.10209453,0.06451539,2,7029,730
YIMC,0.10129993,0.12896566,2,7029,730
CIVG,0.09969637,0.027930753,2,7029,730
MCCG,0.09963073,0.10818744,2,7029,730
SCYG,0.09907085,0.03701191,2,7029,730
IVHG,0.0988462,0.0011323451,2,7029,730
KCYG,0.09830648,0.11048195,2,7029,730
QMVG,0.097747445,0.005355913,2,7029,730
MWHG,0.09604673,0.0005416629,2,7029,730
TTYG,0.094328314,0.01804675,2,7029,730
VTVG,0.09412965,0.020822037,2,7029,730
STYG,0.09375316,0.008634868,2,7029,730
QSWG,0.0924426,0.00359423,2,7029,730
VCCG,0.09226413,0.1392006,2,7029,730
HFWG,0.08383459,0.0006775675,2,7029,730
MFHG,0.07892442,0.00017672895,2,7029,730
MCHG,0.07127124,0.0014006433,2,7029,730
VKCG,0.0690836,0.2157834,2,7029,730
YVCS,0.06865062,0.06818314,2,7029,730
VKAG,0.068230584,0.32085925,2,7029,730
AMLA,0.06820607,0.019933991,2,7029,730
FVMT,0.06678212,0.09804895,2,7029,730
HIAA,0.06354278,0.29847592,2,7029,730
FFLM,0.06332944,0.003711309,2,7029,730
WVCS,0.063320264,0.119363375,2,7029,730
YRFC,0.05998008,0.07701606,2,7029,730
WLRG,0.058571815,0.0011867478,2,7029,730
HLIA,0.05721712,0.00032116048,2,7029,730
YTCS,0.055689394,0.00792182,2,7029,730
WLCS,0.055581033,0.034084056,2,7029,730
YLFC,0.054437667,0.020253513,2,7029,730
FIMF,0.053819776,0.0013033764,2,7029,730
HIAG,0.05327466,0.027814321,2,7029,730
FLMF,0.051717848,0.00048497724,2,7029,730
FLFC,0.05126597,0.016335651,2,7029,730
FRFC,0.04745163,0.057622954,2,7029,730
FLFM,0.04586062,0.0017848036,2,7029,730
YKFC,0.044959545,0.060622156,2,7029,730
WLMF,0.043483138,0.0010597944,2,7029,730
QSVA,0.042737067,0.003650489,2,7029,730
FMFC,0.041341186,0.013849618,2,7029,730
FCFC,0.03989838,0.045878846,2,7029,730
GWGA,0.036479324,0.0024645664,2,7029,730
ACAG,0.034195915,0.0144374,2,7029,730
FTCM,0.028458267,0.01491305,2,7029,730
MWGM,0.028289527,0.33361748,2,7029,730
FAFC,0.028113589,0.071792535,2,7029,730
YACM,0.026398957,0.0368907,2,7029,730
FKCM,0.025859177,0.04714184,2,7029,730
WNME,0.023310661,0.0011279219,2,7029,730
ETNA,0.022885084,0.0007820258,2,7029,730
DIFV,0.022148043,0.0019550645,2,7029,730
VCLV,0.022141516,0.009457056,2,7029,730
YLHF,0.021451294,0.00019369056,2,7029,730
EMFS,0.01652643,0.0005902082,2,7029,730
GYGY,0.013213813,0.0018958201,2,7029,730
LIIW,0.012712091,0.000392649,2,7029,730
GPMT,0.012047231,0.00013425332,2,7029,730
NKIF,0.01095143,0.00041159257,2,7029,730
DPLT,0.010185868,0.00016817756,2,7029,730
AFIF,0.010039091,0.0,2,7029,730
LNAV,0.0094768405,0.032267123,2,7029,730
QTCH,0.009089321,0.0006575593,2,7029,730
ISGV,0.008557379,0.23494965,2,7029,730
WTTW,0.008551389,0.00035191167,2,7029,730
VHRM,0.008398205,0.001590561,2,7029,730
ECDQ,0.0083241165,0.000823185,2,7029,730
HKAV,0.008259922,0.0012407926,2,7029,730
ISCM,0.008111447,0.018220395,2,7029,730
CHFP,0.007386178,0.013920059,2,7029,730
KVFI,0.006904632,0.005204327,2,7029,730
CHRY,0.0066001117,0.00086094585,2,7029,730
DEMT,0.0062777996,0.0,2,7029,730
EAHL,0.0060895383,0.0004710999,2,7029,730
DDFV,0.0060808063,0.0014218651,2,7029,730
ASGV,0.005721897,0.024062334,2,7029,730
EGIN,0.0055969357,0.00063407497,2,7029,730
CKPL,0.0054070055,0.000547418,2,7029,730
SALM,0.0051955283,0.00025226633,2,7029,730
NVDQ,0.005132258,0.0002801287,2,7029,730
AVSI,0.004994899,0.0,2,7029,730
IEFC,0.004845947,0.0067030783,2,7029,730
FVQE,0.0039184093,0.0,2,7029,730
RPNK,0.0036388636,0.00036801217,2,7029,730
NYVR,0.0036055148,0.00017823945,2,7029,730
IRGR,0.0035453737,0.00064369355,2,7029,730
FTFI,0.0032250285,0.0019662364,2,7029,730
IPYF,0.003145814,0.00040103888,2,7029,730
GFNE,0.0026818663,0.0,2,7029,730
WQVW,0.002667755,0.00017410591,2,7029,730
MLRE,0.0022372007,0.00020784742,2,7029,730
QELM,0.0017791688,0.0008950898,2,7029,730
WCKH,0.00153552,0.001334262,2,7029,730
SFTC,0.0012757778,0.00024155242,2,7029,730
TCFQ,0.0007906258,0.0014662984,2,7029,730
WCDL,0.0003733933,0.0022945039,2,7029,730
PYDV,-0.000112339854,0.0,2,7029,730
TYHV,-0.00013288856,0.0,2,7029,730
APRE,-0.00025635958,0.0,2,7029,730
LFWQ,-0.00045901537,0.0006274132,2,7029,730
TQFW,-0.0008251965,0.0,2,7029,730
FPWW,-0.0012322366,0.0,2,7029,730
RVNQ,-0.0014226884,0.00035016082,2,7029,730
LQQT,-0.0014652908,0.0016320539,2,7029,730
GKIP,-0.0015230179,7.9798534e-05,2,7029,730
YVPE,-0.0016065836,0.0005902082,2,7029,730
HRDH,-0.0025795102,0.00015409374,2,7029,730
PRHW,-0.0027252138,0.00040624719,2,7029,730
KANW,-0.0029800534,0.0,2,7029,730
KKTR,-0.003438741,0.00039319738,2,7029,730
IDHI,-0.0035075545,0.0,2,7029,730
PAVQ,-0.0037846267,0.0002756038,2,7029,730
QNAC,-0.0042388737,0.0047579566,2,7029,730
NGFM,-0.004331559,0.0,2,7029,730
INHR,-0.0043362677,0.00012512409,2,7029,730
REYM,-0.004361987,0.00020958814,2,7029,730
DGIQ,-0.004817277,0.0,2,7029,730
WYGD,-0.004927337,0.013902681,2,7029,730
WTRP,-0.0049298406,0.00038389227,2,7029,730
GDKC,-0.005181253,0.0,2,7029,730
RTWC,-0.0056934655,0.00026140138,2,7029,730
WNLL,-0.0061060786,0.004905837,2,7029,730
HKEY,-0.007508725,0.00028181108,2,7029,730
PQWK,-0.00825879,0.0,2,7029,730
SGQL,-0.009000242,0.00046888064,2,7029,730
RQKE,-0.0096128285,0.0,2,7029,730
EIWF,-0.009682417,0.0,2,7029,730
PVII,-0.009887159,0.0002883045,2,7029,730
RHEL,-0.010356247,0.0002325727,2,7029,730
FGEE,-0.01058504,0.00089374377,2,7029,730
VTRK,-0.010801226,0.00050726003,2,7029,730
VINC,-0.011461034,0.000758328,2,7029,730
QDPW,-0.0119197965,0.00021874852,2,7029,730
VGCF,-0.01274392,0.0019550645,2,7029,730
RTGF,-0.012956053,0.030531071,2,7029,730
YDPP,-0.013477504,0.00029417896,2,7029,730
RQVT,-0.014347494,0.0004480829,2,7029,730
KVPW,-0.01443553,0.00019924228,2,7029,730
YDWK,-0.014734656,0.00041987965,2,7029,730
CMPQ,-0.015520006,0.00048573027,2,7029,730
YRDQ,-0.015600294,0.00016124247,2,7029,730
PWPL,-0.016264409,0.0006256207,2,7029,730
KSVD,-0.022315443,0.0011171798,2,7029,730
VLPE,-0.023621142,0.00032516665,2,7029,730
LWLG,0.6478057,0.73527676,3,10602,1102
YWLG,0.5932447,0.6426946,3,10602,1102
LWAG,0.55143595,0.37939975,3,10602,1102
WYLG,0.5422535,0.48546192,3,10602,1102
WWAG,0.5271566,0.16497096,3,10602,1102
WIFG,0.5078819,0.58468354,3,10602,1102
IWLG,0.50277686,0.5572929,3,10602,1102
WWCG,0.4980967,0.5226267,3,10602,1102
IWAG,0.49371457,0.54407376,3,10602,1102
YWAG,0.4745767,0.29288474,3,10602,1102
LRLG,0.47268367,0.5753481,3,10602,1102
LWCG,0.47196126,0.62950265,3,10602,1102
LYLG,0.4713602,0.42722785,3,10602,1102
WVFG,0.4679134,0.5867707,3,10602,1102
MWAG,0.45465922,0.27536595,3,10602,1102
WWLA,0.44593537,0.71799904,3,10602,1102
LILG,0.42686224,0.5320938,3,10602,1102
WHLG,0.42498207,0.4671613,3,10602,1102
FWAA,0.41853905,1.0,3,10602,1102
WFLG,0.4167049,0.4259861,3,10602,1102
LVLG,0.4111092,0.44926453,3,10602,1102
WKLG,0.4098537,0.46646938,3,10602,1102
FYAG,0.4057064,0.74184585,3,10602,1102
AWLG,0.40459836,0.53177756,3,10602,1102
WALG,0.39725482,0.50811255,3,10602,1102
CVFG,0.39695096,0.4618212,3,10602,1102
LYAG,0.39648867,0.24514115,3,10602,1102
CWAG,0.39019752,0.13844477,3,10602,1102
LKLG,0.38770044,0.4652591,3,10602,1102
YWCG,0.38588428,0.49675477,3,10602,1102
WCFG,0.3856765,0.5359129,3,10602,1102
FWLA,0.3752594,0.41794935,3,10602,1102
WWAA,0.37377143,0.47498468,3,10602,1102
IWCG,0.37018442,0.5480553,3,10602,1102
IWFG,0.3692267,0.47175828,3,10602,1102
MYLG,0.36593044,0.3156482,3,10602,1102
LHLG,0.36508203,0.44001988,3,10602,1102
YWLA,0.360116,0.38177755,3,10602,1102
WKFG,0.35924518,0.5082385,3,10602,1102
IWAA,0.35899234,0.68958014,3,10602,1102
WSFG,0.35753083,0.57841396,3,10602,1102
AWFG,0.357381,0.39970207,3,10602,1102
WFFG,0.356959,0.33767393,3,10602,1102
YCLG,0.353873,0.3937409,3,10602,1102
FYCG,0.3536142,0.4027433,3,10602,1102
YWAA,0.3517511,0.6473334,3,10602,1102
YSLG,0.34836388,0.42860368,3,10602,1102
FCFG,0.34519684,0.39031258,3,10602,1102
FWGG,0.34399688,0.30759683,3,10602,1102
WFAG,0.3424455,0.04845848,3,10602,1102
WWCA,0.3409016,0.83113,3,10602,1102
WWGG,0.33931565,0.1461075,3,10602,1102
LSLG,0.33860123,0.4960184,3,10602,1102
LYCG,0.3385514,0.41106611,3,10602,1102
LFLG,0.33788347,0.3695135,3,10602,1102
WRMG,0.3338114,0.37984946,3,10602,1102
LQLG,0.3315909,0.3489982,3,10602,1102
MWAA,0.3308158,0.51269615,3,10602,1102
VWAA,0.32805097,0.6989077,3,10602,1102
YQLG,0.3274188,0.31262273,3,10602,1102
LWGG,0.3204832,0.07409833,3,10602,1102
LIAG,0.32001448,0.23520987,3,10602,1102
WYLA,0.31992435,0.39176896,3,10602,1102
FWAM,0.31845105,0.07447865,3,10602,1102
WWYG,0.3164941,0.2190137,3,10602,1102
FNLG,0.31621325,0.4539977,3,10602,1102
VYAG,0.3158089,0.48266482,3,10602,1102
FWAV,0.31516314,0.028709989,3,10602,1102
HWFG,0.3134868,0.28053886,3,10602,1102
WMFG,0.31256878,0.27854565,3,10602,1102
LMLG,0.3081808,0.27078193,3,10602,1102
WNLG,0.3077277,0.48322007,3,10602,1102
LWLC,0.30008638,0.43896705,3,10602,1102
YIAG,0.29894423,0.28813186,3,10602,1102
CWLA,0.2968135,0.12223607,3,10602,1102
FDLG,0.2961508,0.29414836,3,10602,1102
LWAT,0.2954023,0.026468566,3,10602,1102
WWLV,0.29472554,0.6008748,3,10602,1102
LYAA,0.2944417,0.5585195,3,10602,1102
WWLT,0.292184,0.76349646,3,10602,1102
IWAV,0.29183996,0.04828271,3,10602,1102
MYAG,0.29040432,0.15982962,3,10602,1102
RWLG,0.2873609,0.16021504,3,10602,1102
LVAG,0.28268063,0.21839973,3,10602,1102
FYAA,0.28170753,0.9181903,3,10602,1102
YVLA,0.28078568,0.34748057,3,10602,1102
LWLV,0.28054142,0.15500219,3,10602,1102
LHFG,0.2803985,0.33057243,3,10602,1102
LRCG,0.28007162,0.44331962,3,10602,1102
LWMA,0.2793951,0.5791926,3,10602,1102
WDFG,0.27914095,0.3108291,3,10602,1102
AWCG,0.27878296,0.44106257,3,10602,1102
CWCG,0.27814925,0.08066178,3,10602,1102
FWAS,0.27773356,0.35359445,3,10602,1102
YRCG,0.27749538,0.37204364,3,10602,1102
LIAA,0.2774738,0.45257053,3,10602,1102
WWAV,0.27347326,0.028729912,3,10602,1102
QWFG,0.27144337,0.28141993,3,10602,1102
LWLM,0.27067852,0.006736552,3,10602,1102
IWGG,0.26831293,0.110002495,3,10602,1102
WWLF,0.26803708,0.0052607576,3,10602,1102
WWLW,0.26675212,0.002074597,3,10602,1102
FWAY,0.2666098,0.0,3,10602,1102
LNLG,0.26432168,0.4944889,3,10602,1102
MWAV,0.26430464,0.01716929,3,10602,1102
YWAM,0.2614559,0.09486313,3,10602,1102
WWGM,0.26094747,0.38937047,3,10602,1102
WFMG,0.26076984,0.28346553,3,10602,1102
CALG,0.25997555,0.31275302,3,10602,1102
MWAC,0.25994265,0.19801484,3,10602,1102
IFAG,0.2586403,0.28311986,3,10602,1102
YWAV,0.25789404,0.010892503,3,10602,1102
VRAG,0.25150597,0.42007467,3,10602,1102
LWCC,0.25030088,0.3262297,3,10602,1102
YIAA,0.2501017,0.50642616,3,10602,1102
MWAT,0.24988234,0.016843634,3,10602,1102
LKAG,0.2488519,0.16370074,3,10602,1102
WWLN,0.24869585,0.024613157,3,10602,1102
VYCG,0.24854541,0.509434,3,10602,1102
LWLI,0.24730909,0.0062935944,3,10602,1102
IYAA,0.24718726,0.5051164,3,10602,1102
VFCG,0.24631631,0.40529338,3,10602,1102
CCLG,0.2460742,0.059946932,3,10602,1102
FDFG,0.24494529,0.18768619,3,10602,1102
QYLG,0.24214423,0.19882013,3,10602,1102
MFAG,0.2418077,0.09906572,3,10602,1102
MWAI,0.24120796,0.041631933,3,10602,1102
WWIG,0.24062622,0.12975056,3,10602,1102
MWAL,0.24057615,0.108063996,3,10602,1102
YWAL,0.24028683,0.028343035,3,10602,1102
IWAS,0.23994863,0.34412578,3,10602,1102
KIFG,0.23784888,0.1578058,3,10602,1102
QWCG,0.23763347,0.3113776,3,10602,1102
WYAA,0.23757434,0.3613731,3,10602,1102
FWLT,0.23693168,0.4075575,3,10602,1102
LVAA,0.23587453,0.4534292,3,10602,1102
LWLW,0.23577464,0.0009885654,3,10602,1102
FWMA,0.2357428,0.428997,3,10602,1102
LWCM,0.23525131,0.18605886,3,10602,1102
MIAA,0.23309755,0.37812793,3,10602,1102
LWCV,0.2329607,0.11431223,3,10602,1102
LWAQ,0.23245645,0.0004898596,3,10602,1102
WWLH,0.23223543,0.005717375,3,10602,1102
MVCG,0.2293446,0.23652121,3,10602,1102
WWLR,0.22868514,0.0009641016,3,10602,1102
YWMA,0.22807813,0.35947546,3,10602,1102
CHFG,0.22664595,0.3542117,3,10602,1102
MWAY,0.22234464,0.0012670798,3,10602,1102
LWLN,0.22083938,0.0071659735,3,10602,1102
LWAH,0.22078705,0.00084871025,3,10602,1102
YKLA,0.22006357,0.26986846,3,10602,1102
RWCG,0.2200557,0.09575177,3,10602,1102
YWAY,0.21910882,0.0015135984,3,10602,1102
WWCT,0.21880627,0.14956243,3,10602,1102
WWHG,0.21867704,0.0012855219,3,10602,1102
MWLV,0.2181269,0.060859367,3,10602,1102
HWGM,0.21798289,0.31304118,3,10602,1102
CYAA,0.21788955,0.28788325,3,10602,1102
WRLT,0.21766436,0.5870934,3,10602,1102
FWLI,0.21617937,0.0011878873,3,10602,1102
WWGC,0.21595895,0.26212925,3,10602,1102
LSCG,0.21561682,0.3626978,3,10602,1102
MWGC,0.2136519,0.32494307,3,10602,1102
VRCG,0.21353614,0.31045276,3,10602,1102
MWLT,0.21311879,0.37444714,3,10602,1102
IWAQ,0.21135902,0.0009803172,3,10602,1102
CVLA,0.21013284,0.08807836,3,10602,1102
GWFG,0.2097596,0.21281797,3,10602,1102
LFAV,0.20922923,0.04916026,3,10602,1102
YWGC,0.206702,0.4286347,3,10602,1102
SIFG,0.20595026,0.14021036,3,10602,1102
LWLH,0.20544624,0.014457621,3,10602,1102
VSAG,0.20503533,0.3863699,3,10602,1102
LWCI,0.20214105,0.16845128,3,10602,1102
LRAA,0.20076752,0.5304516,3,10602,1102
LIAC,0.19704688,0.29876322,3,10602,1102
YWCC,0.19345164,0.16747384,3,10602,1102
YWYG,0.19309211,0.11353856,3,10602,1102
WWCF,0.19302952,0.006423039,3,10602,1102
YVAA,0.19275224,0.4464637,3,10602,1102
LFAF,0.19179487,0.002370773,3,10602,1102
FIAV,0.1911124,0.014807009,3,10602,1102
LIAV,0.19029093,0.039534833,3,10602,1102
WRGG,0.19013762,0.07826517,3,10602,1102
LFAT,0.18903756,0.019866774,3,10602,1102
MVAA,0.18873417,0.37789544,3,10602,1102
YWAQ,0.18825138,0.00019798127,3,10602,1102
MYGG,0.18721247,0.043455586,3,10602,1102
QWAA,0.18684626,0.0069513405,3,10602,1102
LWLP,0.18675578,0.12753317,3,10602,1102
WKFA,0.18659627,0.46796623,3,10602,1102
FYAT,0.1845094,0.21208242,3,10602,1102
WWGT,0.1836406,0.12173842,3,10602,1102
CWLY,0.18296576,0.0015075196,3,10602,1102
YILC,0.18213117,0.43130156,3,10602,1102
ILCG,0.18180168,0.16409059,3,10602,1102
LYAI,0.18104744,0.06684714,3,10602,1102
VAAG,0.1796565,0.283354,3,10602,1102
LIAM,0.17705083,0.05809972,3,10602,1102
LWLD,0.17651188,0.011171797,3,10602,1102
QYCG,0.1760391,0.21124853,3,10602,1102
LNCG,0.17603433,0.42950594,3,10602,1102
WWFH,0.17532957,0.0055748373,3,10602,1102
VWLF,0.17349207,0.0009891236,3,10602,1102
WWQG,0.17196739,0.0007747625,3,10602,1102
VWLI,0.1717633,0.001121184,3,10602,1102
MWCV,0.17037904,0.07107128,3,10602,1102
QWAM,0.1702162,0.0076514757,3,10602,1102
LFAY,0.16987586,0.0006775675,3,10602,1102
CWLW,0.16955245,0.0018802807,3,10602,1102
IDLG,0.16864717,0.25510222,3,10602,1102
LIAI,0.16741371,0.03190813,3,10602,1102
LRLT,0.16741192,0.52500504,3,10602,1102
VWCV,0.16679567,0.01507177,3,10602,1102
FYAI,0.16621733,0.1391086,3,10602,1102
LIAL,0.16587532,0.0996184,3,10602,1102
YVLT,0.16236329,0.35260704,3,10602,1102
LLAT,0.1604833,0.0068601137,3,10602,1102
YWMC,0.16033518,0.10925017,3,10602,1102
LSYG,0.16003704,0.18249698,3,10602,1102
VRGG,0.15946746,0.09818625,3,10602,1102
LFAQ,0.15930426,0.00030797074,3,10602,1102
FYAF,0.15900469,0.0049652434,3,10602,1102
LWCE,0.15718281,0.0012031167,3,10602,1102
LWCH,0.1532712,0.0012726758,3,10602,1102
FYAW,0.15037632,0.0031281032,3,10602,1102
QVCG,0.15023422,0.20560446,3,10602,1102
VKGG,0.14956665,0.067846596,3,10602,1102
YFAY,0.14846802,0.0012237078,3,10602,1102
VIAI,0.14823592,0.057012204,3,10602,1102
VTAG,0.14810574,0.15863952,3,10602,1102
LIAW,0.14627647,0.0014073267,3,10602,1102
YVLS,0.14610541,0.06425,3,10602,1102
QFCG,0.14341664,0.09256109,3,10602,1102
YNLA,0.14305496,0.2181218,3,10602,1102
VSYG,0.1415186,0.22008207,3,10602,1102
IWMC,0.14137232,0.015951255,3,10602,1102
WFAS,0.13838565,0.012494388,3,10602,1102
WKGG,0.13832104,0.050760653,3,10602,1102
QWLF,0.13646162,0.00080207776,3,10602,1102
QWAY,0.1350187,0.00043047292,3,10602,1102
CYCA,0.13203394,0.061394863,3,10602,1102
CIFC,0.12863779,0.045728628,3,10602,1102
CCLA,0.12812245,0.019544657,3,10602,1102
YIAI,0.12677073,0.023599362,3,10602,1102
VRYG,0.1245476,0.16907597,3,10602,1102
YVLP,0.12322271,0.0069253193,3,10602,1102
MIGC,0.121503055,0.1560082,3,10602,1102
HFAY,0.1208086,0.00050005206,3,10602,1102
YIAY,0.1205318,0.000544018,3,10602,1102
FRGC,0.11951798,0.23340464,3,10602,1102
YVLM,0.11809957,0.0045250473,3,10602,1102
LGGG,0.11803806,0.0043261005,3,10602,1102
YWQG,0.11610162,0.0,3,10602,1102
LVLI,0.11126435,0.003367773,3,10602,1102
QWAQ,0.110735774,0.00054244563,3,10602,1102
FLGC,0.110293984,0.09448586,3,10602,1102
CVFC,0.10984957,0.052535426,3,10602,1102
IWGR,0.10925263,0.003142068,3,10602,1102
CVFV,0.10618937,0.1125099,3,10602,1102
MLGC,0.10283768,0.053386297,3,10602,1102
CIGC,0.101492584,0.12979876,3,10602,1102
LFCW,0.10147065,0.0011455027,3,10602,1102
WMLS,0.10111356,0.03301529,3,10602,1102
LIMM,0.09784225,0.016746411,3,10602,1102
WRFD,0.09729028,0.015640516,3,10602,1102
QWYM,0.08131361,0.0,3,10602,1102
SYAL,0.075469136,0.0057622953,3,10602,1102
LRAD,0.075000644,0.0027200899,3,10602,1102
VVLF,0.06956339,0.0011628637,3,10602,1102
HFMA,0.069336355,0.007011266,3,10602,1102
CCGG,0.06809878,0.0052296463,3,10602,1102
QVFP,0.05490926,0.0038155187,3,10602,1102
MASA,0.047971964,0.113622755,3,10602,1102
YFVG,0.046089947,0.060621068,3,10602,1102
DQFG,0.043921053,0.0016463702,3,10602,1102
LSYK,0.043191314,0.000101069556,3,10602,1102
CIYF,0.040648818,0.0013124909,3,10602,1102
CAAE,0.04042059,0.0007202869,3,10602,1102
GTLD,0.040319562,0.0,3,10602,1102
MWPQ,0.038879335,0.0003581798,3,10602,1102
ERYW,0.03617868,0.0,3,10602,1102
NWYC,0.03303188,0.0021573126,3,10602,1102
VDSK,0.031990916,0.0,3,10602,1102
MSYY,0.02922705,0.00010461888,3,10602,1102
SGWK,0.025645675,0.00014755205,3,10602,1102
QVMI,0.025614472,0.0006865521,3,10602,1102
QWRA,0.023652377,0.00023402272,3,10602,1102
FFQK,0.022502365,0.0014218651,3,10602,1102
SVFH,0.02086115,0.0006934219,3,10602,1102
EHYK,0.02001098,0.0,3,10602,1102
ESVQ,0.019912334,0.00015135987,3,10602,1102
YRPN,0.019438209,0.0001042701,3,10602,1102
FFQW,0.018419536,0.0012031167,3,10602,1102
LDPW,0.017591955,0.00021722933,3,10602,1102
MCFS,0.016503217,0.017994337,3,10602,1102
EKQE,0.015432032,0.0,3,10602,1102
DGKR,0.0129535515,0.0,3,10602,1102
SDER,0.012883605,0.000347567,3,10602,1102
CSER,0.011860909,0.0006833235,3,10602,1102
RPLQ,0.010910245,0.00033979397,3,10602,1102
FHRY,0.010583462,0.00028963923,3,10602,1102
MLDA,0.009855511,0.00026859544,3,10602,1102
CEGK,0.00900385,0.01241466,3,10602,1102
SWKF,0.009000452,0.0,3,10602,1102
YNSI,0.008764209,0.0007293505,3,10602,1102
RPGN,0.008406224,0.00051020813,3,10602,1102
NWNT,0.0067806556,0.00065168814,3,10602,1102
HLKQ,0.00596586,0.00014481955,3,10602,1102
HHHA,0.0058035864,0.0011585568,3,10602,1102
NCDM,0.00572613,0.0017874877,3,10602,1102
DEYG,0.004966201,0.0,3,10602,1102
GFGQ,0.004409434,0.00045665746,3,10602,1102
NTDT,0.00407532,0.00023171137,3,10602,1102
CPER,0.0040524616,0.0008470686,3,10602,1102
WNQN,0.0037894263,0.00027929497,3,10602,1102
CPCQ,0.003138186,0.00041615558,3,10602,1102
DDNS,0.0023874654,0.0010786563,3,10602,1102
RIGH,0.0023111417,0.008361517,3,10602,1102
IDFM,0.000854732,0.00088115584,3,10602,1102
IDKP,0.0005006804,0.00020051938,3,10602,1102
EWSS,0.0002336516,0.0,3,10602,1102
ELTR,-0.00018074969,0.00025431736,3,10602,1102
RDNS,-0.00021156529,0.00031559492,3,10602,1102
VDPL,-0.0013250397,0.0,3,10602,1102
KVPV,-0.001373677,0.00034351173,3,10602,1102
GDPE,-0.0019331262,0.0,3,10602,1102
CTTN,-0.0020663128,0.0011657528,3,10602,1102
RVPN,-0.0024239705,0.0001782786,3,10602,1102
GIFR,-0.0024670349,0.00025959357,3,10602,1102
IHNY,-0.0028860555,0.00028698196,3,10602,1102
RNMN,-0.003209202,0.00029344307,3,10602,1102
IVEH,-0.0033936785,0.0004611455,3,10602,1102
MDRW,-0.0034838305,0.0,3,10602,1102
PSRW,-0.0037740455,0.00025852097,3,10602,1102
QYHY,-0.004462211,0.0,3,10602,1102
RRQH,-0.0056635723,0.00029132515,3,10602,1102
EPNI,-0.006454496,0.0,3,10602,1102
TVSH,-0.0065833614,0.00013719752,3,10602,1102
TRSP,-0.006620048,0.00033635524,3,10602,1102
VLRI,-0.0067157433,0.0003861856,3,10602,1102
PNRL,-0.006935744,0.0002919563,3,10602,1102
WNES,-0.007467626,0.00039933232,3,10602,1102
GPFV,-0.0075933323,0.00024155242,3,10602,1102
SPTR,-0.0075937496,0.0002545761,3,10602,1102
SCFV,-0.007934628,0.0056972327,3,10602,1102
NAME,-0.008066295,0.00042271666,3,10602,1102
HMRT,-0.0095906835,0.00031892306,3,10602,1102
MGHF,-0.009714751,0.00042850728,3,10602,1102
MEHK,-0.01037976,0.0014895729,3,10602,1102
APNS,-0.011088161,0.0,3,10602,1102
RGFT,-0.011184035,0.0005278825,3,10602,1102
HNYC,-0.013030676,0.0010200337,3,10602,1102
MTRI,-0.015688298,0.00046456984,3,10602,1102
HQWY,-0.01633027,0.001144428,3,10602,1102
QVSG,-0.020127712,0.0009977277,3,10602,1102
GHNS,-0.020850984,0.0,3,10602,1102
FIVQ,-0.022206305,0.00043146254,3,10602,1102
STMF,-0.023138134,0.0004332553,3,10602,1102
RFYN,-0.02393481,0.0004170804,3,10602,1102
FTYH,-0.025130806,0.0,3,10602,1102
GYSL,-0.026213793,0.0001571911,3,10602,1102
GFYV,-0.02920547,0.0,3,10602,1102
LLWY,-0.03259808,0.008613096,3,10602,1102
PYYL,-0.033064038,0.0003574975,3,10602,1102
KHVK,-0.03543827,0.0001564052,3,10602,1102
DERG,-0.042662323,0.0,3,10602,1102
ITIT,-0.048657984,0.00029843132,3,10602,1102
TNIP,-0.050536573,0.0005455994,3,10602,1102
IMFF,-0.05362162,0.00032116048,3,10602,1102
IEVP,-0.061014175,0.00045280147,3,10602,1102
YGIM,-0.11613876,0.00014218647,3,10602,1102
LWCA,0.67608684,0.8250044,4,14198,1475
WWMA,0.5966091,0.70158887,4,14198,1475
WWFA,0.5862085,0.6666978,4,14198,1475
VYAA,0.5771134,0.58855724,4,14198,1475
VWCG,0.5515678,0.591604,4,14198,1475
WYCA,0.5455254,0.6898266,4,14198,1475
FRAA,0.5334503,0.4848846,4,14198,1475
FRAA,0.53345007,0.4848846,4,14198,1475
MWCA,0.51700634,0.66271144,4,14198,1475
LWLA,0.5151354,0.5882232,4,14198,1475
IWCA,0.51445097,0.6856483,4,14198,1475
WAFG,0.50804836,0.55659884,4,14198,1475
WSLG,0.48172745,0.5288957,4,14198,1475
FYCA,0.46786234,0.64126116,4,14198,1475
WWLC,0.4678051,0.7826489,4,14198,1475
YVFG,0.46541253,0.5130441,4,14198,1475
VWFG,0.45959988,0.55217224,4,14198,1475
LYCA,0.453994,0.600399,4,14198,1475
LALG,0.4476006,0.48914927,4,14198,1475
WRFA,0.4450285,0.5757383,4,14198,1475
FWGA,0.4268937,0.5652011,4,14198,1475
FRLT,0.42201224,0.4171706,4,14198,1475
YALG,0.4120014,0.41026834,4,14198,1475
MRLT,0.40969718,0.3466011,4,14198,1475
FHLG,0.4072967,0.45448607,4,14198,1475
WQLG,0.4057967,0.35950974,4,14198,1475
WWFT,0.40483403,0.52468395,4,14198,1475
YWGM,0.39784786,0.36149028,4,14198,1475
WSFA,0.39751527,0.6240409,4,14198,1475
FWFA,0.39645746,0.27981266,4,14198,1475
WICA,0.39294633,0.45192945,4,14198,1475
FKFG,0.38824552,0.35500824,4,14198,1475
WVLA,0.38565257,0.41796237,4,14198,1475
WWIA,0.38366857,0.0018400607,4,14198,1475
VVAA,0.38262433,0.51389503,4,14198,1475
FWVA,0.38035497,0.0069866264,4,14198,1475
YCFG,0.380197,0.38374057,4,14198,1475
FWGM,0.37817726,0.38319266,4,14198,1475
WLCA,0.377627,0.34774083,4,14198,1475
WFLT,0.37239945,0.35258648,4,14198,1475
WYMA,0.37186942,0.40699947,4,14198,1475
FAAA,0.36815992,0.4602508,4,14198,1475
WKLA,0.3667582,0.41610357,4,14198,1475
FAFG,0.36150855,0.3781325,4,14198,1475
VYLG,0.36122513,0.25900695,4,14198,1475
LCFG,0.3595636,0.368293,4,14198,1475
VSLG,0.3584988,0.46135512,4,14198,1475
WEFG,0.351056,0.28011918,4,14198,1475
WRFT,0.3488045,0.5477806,4,14198,1475
ISLG,0.34834716,0.3967549,4,14198,1475
WWGA,0.3481564,0.29767716,4,14198,1475
WRMA,0.34777352,0.48527747,4,14198,1475
MWMA,0.34760046,0.35251316,4,14198,1475
IWMA,0.3439262,0.11170213,4,14198,1475
WSLA,0.34330788,0.5146124,4,14198,1475
FYGA,0.34290078,0.6209354,4,14198,1475
WGFG,0.33981252,0.22039361,4,14198,1475
WRLV,0.33925188,0.4700468,4,14198,1475
LRMG,0.33073938,0.36347732,4,14198,1475
FKAA,0.3301536,0.41305658,4,14198,1475
FIFA,0.32981434,0.27074006,4,14198,1475
MVFG,0.32755393,0.33417436,4,14198,1475
WVCG,0.32558453,0.3232787,4,14198,1475
WFCG,0.32418507,0.3566455,4,14198,1475
WICG,0.32327843,0.29087386,4,14198,1475
FYMA,0.32320994,0.2466936,4,14198,1475
IRLT,0.32062998,0.18459716,4,14198,1475
VKLG,0.31556544,0.2838692,4,14198,1475
WCLA,0.31494316,0.39124894,4,14198,1475
WHCG,0.31344017,0.34966117,4,14198,1475
LWGC,0.31266144,0.39989865,4,14198,1475
YWLC,0.31143725,0.44041708,4,14198,1475
WTFA,0.30821377,0.35271418,4,14198,1475
VALG,0.30757257,0.4765327,4,14198,1475
MRLA,0.30668178,0.262897,4,14198,1475
YYMG,0.30396053,0.24440913,4,14198,1475
FGAA,0.3019443,0.24568169,4,14198,1475
WFLC,0.30132335,0.37992322,4,14198,1475
IVLG,0.30124298,0.2954786,4,14198,1475
WVLC,0.3012096,0.46176073,4,14198,1475
IKLG,0.30116108,0.24195783,4,14198,1475
FHCA,0.2974545,0.3780925,4,14198,1475
CHLG,0.2914201,0.28718114,4,14198,1475
FHCG,0.29002395,0.30606344,4,14198,1475
LNCA,0.28756776,0.6548965,4,14198,1475
LWGM,0.28751364,0.46459895,4,14198,1475
VWLT,0.28647032,0.16938244,4,14198,1475
LELG,0.2841721,0.2252479,4,14198,1475
IWVA,0.28365263,0.0032877247,4,14198,1475
WVFT,0.28090498,0.46664995,4,14198,1475
WILV,0.28028646,0.4168464,4,14198,1475
WWFC,0.27937332,0.46510342,4,14198,1475
CKLG,0.27849874,0.2507448,4,14198,1475
CNLG,0.27585036,0.30868042,4,14198,1475
CSLG,0.27113453,0.3116286,4,14198,1475
IWGM,0.27103493,0.596812,4,14198,1475
LGLG,0.27070147,0.31851438,4,14198,1475
WYMT,0.27013102,0.23790877,4,14198,1475
WIFT,0.2695258,0.4677602,4,14198,1475
MWLS,0.26947716,0.050273087,4,14198,1475
WKMA,0.26880446,0.33402246,4,14198,1475
ASLG,0.26843333,0.31553042,4,14198,1475
IWGA,0.25891075,0.26774034,4,14198,1475
YALT,0.25693822,0.2686212,4,14198,1475
AALG,0.25685865,0.3107922,4,14198,1475
FHLA,0.25424024,0.25498995,4,14198,1475
LSMG,0.2519307,0.32185927,4,14198,1475
WDFA,0.2516749,0.3302509,4,14198,1475
LNLA,0.25017354,0.40377632,4,14198,1475
YWVA,0.24760118,0.003587563,4,14198,1475
YWLS,0.24619986,0.05167658,4,14198,1475
WSMA,0.24525425,0.42325643,4,14198,1475
QRLT,0.24376887,0.2099208,4,14198,1475
FWGL,0.24340458,0.2593482,4,14198,1475
FSFA,0.24266876,0.22675334,4,14198,1475
LQLA,0.24233131,0.24135752,4,14198,1475
YCLA,0.23960656,0.22975984,4,14198,1475
AWLT,0.23867333,0.32555446,4,14198,1475
LWWA,0.2375396,0.0037052704,4,14198,1475
IFLG,0.23195298,0.17866044,4,14198,1475
FRGA,0.23169768,0.4141819,4,14198,1475
WHLC,0.23008528,0.4527664,4,14198,1475
FEFG,0.2298283,0.15948199,4,14198,1475
FHTA,0.22982004,0.005014517,4,14198,1475
MHCA,0.2277019,0.4258257,4,14198,1475
VWLC,0.22673199,0.02508119,4,14198,1475
WYMV,0.2253977,0.16445144,4,14198,1475
YVMG,0.22516812,0.27066782,4,14198,1475
TWCA,0.22499567,0.14639524,4,14198,1475
YIFT,0.22340328,0.2630323,4,14198,1475
YEFG,0.22181183,0.1789423,4,14198,1475
IKFG,0.22095719,0.19982028,4,14198,1475
MHLT,0.22082147,0.23839335,4,14198,1475
FYGG,0.2196371,0.22318769,4,14198,1475
FRFT,0.21918344,0.21792886,4,14198,1475
YRAG,0.21858642,0.19964251,4,14198,1475
FFVA,0.21670133,0.003524281,4,14198,1475
YQLT,0.21595362,0.21318966,4,14198,1475
WCLC,0.21488366,0.2449845,4,14198,1475
LWFC,0.21434325,0.08341609,4,14198,1475
FHMG,0.209848,0.17853077,4,14198,1475
FIGA,0.2096971,0.36269388,4,14198,1475
VYLT,0.20872986,0.043594837,4,14198,1475
WQLC,0.20871234,0.34869152,4,14198,1475
FCLA,0.20844325,0.22071253,4,14198,1475
WQLV,0.20543306,0.2336594,4,14198,1475
WCMA,0.20380229,0.32321453,4,14198,1475
IWCC,0.20357412,0.2956278,4,14198,1475
GVFG,0.1998732,0.14269775,4,14198,1475
WRYG,0.19982603,0.10780399,4,14198,1475
TYCG,0.19972298,0.25337636,4,14198,1475
YWAS,0.1989018,0.3392931,4,14198,1475
LYGA,0.1954044,0.39765438,4,14198,1475
WRCT,0.19246519,0.16515444,4,14198,1475
WRYA,0.19166198,0.015640516,4,14198,1475
FYGI,0.1915026,0.11390376,4,14198,1475
VFLG,0.19087301,0.17423657,4,14198,1475
SYLG,0.18902189,0.04514788,4,14198,1475
MMLT,0.18748958,0.12233819,4,14198,1475
CYAG,0.18687586,0.14807403,4,14198,1475
FIFT,0.18543819,0.20973933,4,14198,1475
YCGA,0.18492422,0.29239812,4,14198,1475
LWFT,0.1838505,0.2108969,4,14198,1475
MVFA,0.1834561,0.20998979,4,14198,1475
AYLT,0.18132332,0.10260179,4,14198,1475
FWGT,0.1785816,0.4165591,4,14198,1475
YGLA,0.17772108,0.018913817,4,14198,1475
FYGL,0.17696941,0.28931865,4,14198,1475
HYAG,0.17670828,0.032858226,4,14198,1475
WDMA,0.17517444,0.26753852,4,14198,1475
YVGC,0.17109543,0.21549432,4,14198,1475
LRPA,0.1705965,0.0030404506,4,14198,1475
LGLA,0.16897006,0.1565651,4,14198,1475
SVFG,0.16818948,0.17206964,4,14198,1475
FRVT,0.16759439,0.0017585013,4,14198,1475
WYGV,0.16737612,0.043568954,4,14198,1475
YCGC,0.16733435,0.16764466,4,14198,1475
WYCI,0.16642882,0.20674808,4,14198,1475
YKMA,0.1659197,0.22256275,4,14198,1475
GYCA,0.1648565,0.0060366904,4,14198,1475
FHVA,0.16312233,0.005144361,4,14198,1475
KVFG,0.1619749,0.17452216,4,14198,1475
YNMG,0.16143999,0.22299829,4,14198,1475
WRFI,0.16078776,0.038773626,4,14198,1475
YCGM,0.15823296,0.15815443,4,14198,1475
CLLG,0.15674725,0.13507539,4,14198,1475
WNLC,0.15580109,0.49935114,4,14198,1475
FGVA,0.15567593,0.00081493676,4,14198,1475
EKLG,0.15490866,0.36528724,4,14198,1475
LRYA,0.1536164,0.02752362,4,14198,1475
YRAT,0.15303998,0.13409653,4,14198,1475
WHYA,0.1523605,0.07269601,4,14198,1475
YKSA,0.15200144,0.07763197,4,14198,1475
SALG,0.14989072,0.05846603,4,14198,1475
YYAT,0.14664012,0.49213067,4,14198,1475
MNMG,0.14606956,0.21821165,4,14198,1475
FWVT,0.14596446,0.0029708243,4,14198,1475
CSFA,0.14489281,0.21835132,4,14198,1475
MNLT,0.14328112,0.23712648,4,14198,1475
WRCS,0.14251463,0.120812505,4,14198,1475
FIGG,0.14070202,0.15270951,4,14198,1475
WVLL,0.137974,0.0036494858,4,14198,1475
FYAL,0.1379726,0.038530715,4,14198,1475
EWLG,0.13508551,0.5695898,4,14198,1475
RWFA,0.13279286,0.01868653,4,14198,1475
FRCT,0.13176861,0.05327067,4,14198,1475
MRAS,0.13056174,0.08160129,4,14198,1475
LWVT,0.1298262,0.005035956,4,14198,1475
IVFA,0.12811805,0.11381384,4,14198,1475
LIIG,0.12774059,0.026768157,4,14198,1475
KWGC,0.12744817,0.20867741,4,14198,1475
IVMA,0.1265231,0.10053326,4,14198,1475
KWGM,0.12630254,0.5220551,4,14198,1475
FYMT,0.12571259,0.092936404,4,14198,1475
YYGT,0.12479314,0.110142164,4,14198,1475
ASLA,0.12406019,0.09850611,4,14198,1475
VMLT,0.1220246,0.06301956,4,14198,1475
VFFG,0.12059181,0.14568444,4,14198,1475
CTFA,0.12049754,0.078814045,4,14198,1475
WNLV,0.12044443,0.3667206,4,14198,1475
AIFT,0.12000028,0.27151936,4,14198,1475
VYGG,0.11696303,0.14448857,4,14198,1475
RYGA,0.11635684,0.011314416,4,14198,1475
WTSA,0.11340969,0.00873027,4,14198,1475
CSLA,0.1124404,0.09221907,4,14198,1475
FYIT,0.10739162,0.00015959707,4,14198,1475
FHQG,0.10647515,0.0,4,14198,1475
FHKG,0.106122464,0.0024062332,4,14198,1475
FRTT,0.10602359,0.0003046854,4,14198,1475
LRFC,0.09808319,0.05244375,4,14198,1475
WVCL,0.097639106,0.022796322,4,14198,1475
WCCI,0.09459819,0.04688526,4,14198,1475
MVAS,0.09327863,0.1176818,4,14198,1475
WVGL,0.09187098,0.07337332,4,14198,1475
LWGT,0.08712008,0.23741205,4,14198,1475
MYIT,0.082999445,0.0003502915,4,14198,1475
IIIG,0.08230891,0.00980007,4,14198,1475
FIGT,0.07866221,0.3399677,4,14198,1475
HWFC,0.074329466,0.008119757,4,14198,1475
LPMG,0.072857596,0.01391505,4,14198,1475
WCCT,0.068158835,0.02890379,4,14198,1475
SGLG,0.06706251,0.002014309,4,14198,1475
FRYT,0.06608784,0.016438503,4,14198,1475
ARLM,0.06505863,0.0031281032,4,14198,1475
CKLC,0.06436816,0.009906791,4,14198,1475
WVGT,0.061750583,0.22176674,4,14198,1475
YVQG,0.051944762,0.00051160564,4,14198,1475
CRYT,0.049574576,0.02244767,4,14198,1475
VEGS,0.046771243,0.020055454,4,14198,1475
FQAL,0.033823587,0.0024311685,4,14198,1475
RRAP,0.027059967,0.0003716125,4,14198,1475
FCKG,0.025727341,0.0,4,14198,1475
MHGH,0.019067077,0.023913685,4,14198,1475
QALK,0.01831366,0.00028231976,4,14198,1475
FFRL,0.016404057,0.0006785474,4,14198,1475
KKAV,0.015442947,0.0005393282,4,14198,1475
GAFC,0.014832927,0.0021070126,4,14198,1475
NIIC,0.013981659,0.0024438307,4,14198,1475
RQGQ,0.013457401,0.005301184,4,14198,1475
LNGD,0.013178496,0.0072187,4,14198,1475
DKAT,0.012967812,0.00035345802,4,14198,1475
DFLR,0.012488674,0.00082942133,4,14198,1475
ECYP,0.012203792,0.0009200304,4,14198,1475
IKCQ,0.012192117,0.00014931284,4,14198,1475
IRHC,0.012050485,0.0007447865,4,14198,1475
DCYK,0.009463318,0.0020854021,4,14198,1475
MIHE,0.008432733,0.0018400607,4,14198,1475
FGKM,0.007936841,0.0,4,14198,1475
LARI,0.007659903,0.00035837517,4,14198,1475
EIIE,0.0074205855,0.0,4,14198,1475
KESL,0.007363891,0.0002498848,4,14198,1475
YKYF,0.00718466,0.00027929497,4,14198,1475
VPES,0.0068912786,0.0,4,14198,1475
VQDL,0.0068331826,0.00050453277,4,14198,1475
GSCP,0.006808052,0.0007685757,4,14198,1475
CSHL,0.0066051167,0.00069422653,4,14198,1475
NILM,0.0064008404,0.0014090555,4,14198,1475
IKSH,0.0063464493,0.0003522639,4,14198,1475
YGSI,0.005625101,0.0003904706,4,14198,1475
CKER,0.00525387,0.00076710986,4,14198,1475
VGEM,0.0050867163,0.0012512413,4,14198,1475
RHCL,0.0045819525,0.0014760561,4,14198,1475
AKQS,0.0044261087,0.0,4,14198,1475
QVHP,0.0043968055,0.00033145462,4,14198,1475
VLDL,0.0043864977,0.00018400609,4,14198,1475
NAPE,0.0030566212,0.0,4,14198,1475
ASSV,0.0029549096,0.00042271666,4,14198,1475
CVHR,0.0029471684,0.0005473128,4,14198,1475
LEHP,0.0029235538,0.0004044961,4,14198,1475
VPWR,0.0025951564,0.00084543333,4,14198,1475
ELWA,0.002584299,0.00082942133,4,14198,1475
TISW,0.0025562048,0.0,4,14198,1475
QNAN,0.0024651922,0.00045866615,4,14198,1475
ECNQ,0.0024235519,0.0,4,14198,1475
TVKV,0.002130771,0.0006383884,4,14198,1475
DNNR,0.002121211,0.0002951041,4,14198,1475
KCPS,0.0019855704,0.00019309274,4,14198,1475
QDNP,0.0016373526,0.00042968453,4,14198,1475
GNPN,0.0016364045,0.00015259042,4,14198,1475
DFHH,0.0015224935,0.0,4,14198,1475
KFSH,0.0010987055,0.00031919425,4,14198,1475
QYKK,0.0010298304,0.0,4,14198,1475
AISR,0.0009974139,0.00025852097,4,14198,1475
TCDF,0.00096510723,0.0,4,14198,1475
FRQE,0.0008476544,0.0,4,14198,1475
NLVF,0.0004566405,0.00028593265,4,14198,1475
GCHH,0.00030961167,0.0,4,14198,1475
TGYQ,0.00023514964,0.0,4,14198,1475
RIHT,0.00015586615,0.0003740123,4,14198,1475
PDQE,0.0001408495,0.0,4,14198,1475
PAWQ,2.9714778e-05,0.0,4,14198,1475
EFQT,-0.00012745522,0.0,4,14198,1475
NRKP,-0.00037566572,0.00045777124,4,14198,1475
DHSK,-0.0004974622,0.0,4,14198,1475
SALI,-0.0008838121,0.00036420344,4,14198,1475
LLPL,-0.00098834,0.00026958904,4,14198,1475
YGQL,-0.0010040384,0.0019839979,4,14198,1475
CIIV,-0.0011261236,0.0010899315,4,14198,1475
RTEW,-0.0015237173,4.2617263e-05,4,14198,1475
RQYQ,-0.0016970206,0.00015959707,4,14198,1475
PVSV,-0.0017358046,0.0003672266,4,14198,1475
FLDP,-0.0020392016,0.0007174549,4,14198,1475
KMTW,-0.0021621976,0.000189582,4,14198,1475
NTNT,-0.00226135,0.0,4,14198,1475
HESP,-0.0024003517,0.00019279533,4,14198,1475
PVMY,-0.0024191588,0.0,4,14198,1475
PLWY,-0.002447634,0.00017926091,4,14198,1475
LEEW,-0.0025093667,0.0,4,14198,1475
QTWC,-0.0028333738,0.0003304334,4,14198,1475
QSES,-0.0029101763,0.00038694992,4,14198,1475
FIHR,-0.0029314961,0.00085311907,4,14198,1475
EPEG,-0.002966065,0.0,4,14198,1475
PNIQ,-0.0031248722,0.00037687994,4,14198,1475
GDMC,-0.003411064,0.0,4,14198,1475
RFRE,-0.0042967442,0.00011985073,4,14198,1475
HEFH,-0.004356131,0.0,4,14198,1475
YNYR,-0.004921682,0.0005012986,4,14198,1475
SDIR,-0.0052356757,0.00030369931,4,14198,1475
WNTQ,-0.0054965,0.0001967361,4,14198,1475
MYHT,-0.005692525,0.0017595581,4,14198,1475
QLQP,-0.005703183,0.00029823024,4,14198,1475
QCDS,-0.0057599377,0.00085171126,4,14198,1475
YCPF,-0.0059156623,0.00061335356,4,14198,1475
PALI,-0.0060377344,0.0,4,14198,1475
PCCN,-0.006130317,0.0,4,14198,1475
SNTM,-0.006883066,0.00018675238,4,14198,1475
GLNF,-0.0070021395,0.0003418692,4,14198,1475
RHAQ,-0.007068379,0.00040928452,4,14198,1475
RMRQ,-0.0071555655,0.0003666991,4,14198,1475
SMWT,-0.007619871,0.0004051947,4,14198,1475
CAQM,-0.008208863,0.0,4,14198,1475
FGRS,-0.009077786,0.0001787487,4,14198,1475
PGIF,-0.009451158,0.0,4,14198,1475
SPDG,-0.009548146,0.00020819323,4,14198,1475
SNVL,-0.0097608585,0.00021330397,4,14198,1475
WMCQ,-0.0108954515,0.0005718653,4,14198,1475
FQYE,-0.011115214,0.0,4,14198,1475
FLLI,-0.011203712,0.0015731273,4,14198,1475
IDML,-0.012401277,0.00088293233,4,14198,1475
YYNQ,-0.0130563285,0.0,4,14198,1475
MGYN,-0.014198409,0.00015038955,4,14198,1475
GWWN,-0.014650879,0.0,4,14198,1475
IMRY,-0.014937727,0.0005219719,4,14198,1475
HLWC,-0.0150256585,0.00054469454,4,14198,1475
YMLW,-0.015209114,0.00072326086,4,14198,1475
WFSY,-0.016465431,0.00026305,4,14198,1475
CVVL,-0.017369995,0.001080395,4,14198,1475
CLQV,-0.017695,0.0005381683,4,14198,1475
DQTV,-0.02018235,0.0,4,14198,1475
LYIV,-0.02312859,0.0004991654,4,14198,1475
YYSW,-0.027557665,0.000568746,4,14198,1475
PWAV,-0.04303848,0.00011848871,4,14198,1475
WYAN,-0.08497319,0.0006433117,4,14198,1475
FWCA,0.7380056,0.862211,5,17821,1848
FFAA,0.71400076,0.7907195,5,17821,1848
YYAA,0.64741784,0.79677707,5,17821,1848
WRFG,0.62251097,0.6260269,5,17821,1848
FIAA,0.5761611,0.52513486,5,17821,1848
VWAG,0.55112654,0.55288285,5,17821,1848
FLAA,0.5488045,0.33174837,5,17821,1848
WFCA,0.534815,0.5594706,5,17821,1848
FIFG,0.52447844,0.5218745,5,17821,1848
YYCA,0.51657915,0.5254483,5,17821,1848
WYLC,0.49536657,0.44887158,5,17821,1848
VYCA,0.48856655,0.611741,5,17821,1848
WILC,0.48554403,0.5009112,5,17821,1848
VRAA,0.4843471,0.60893416,5,17821,1848
FNCA,0.47118694,0.42773414,5,17821,1848
WHCA,0.46878672,0.531147,5,17821,1848
FMAA,0.46837726,0.2812736,5,17821,1848
WHFG,0.46645927,0.48309675,5,17821,1848
WNCA,0.4482863,0.5283357,5,17821,1848
IVAA,0.44204673,0.46749896,5,17821,1848
VNCA,0.44061798,0.61976725,5,17821,1848
LICA,0.4401435,0.56887084,5,17821,1848
WVCA,0.43982705,0.46001425,5,17821,1848
WQFG,0.43571332,0.41001043,5,17821,1848
FICA,0.4311215,0.44244343,5,17821,1848
FCAA,0.42988697,0.317028,5,17821,1848
MYAA,0.42916945,0.38537142,5,17821,1848
IRAA,0.42443484,0.6273102,5,17821,1848
YFAA,0.42318115,0.63923013,5,17821,1848
YICA,0.41888815,0.57992053,5,17821,1848
WALT,0.41643867,0.4448097,5,17821,1848
WSLT,0.4163357,0.37681323,5,17821,1848
FSAA,0.41184372,0.4882421,5,17821,1848
LMAA,0.40682337,0.27733922,5,17821,1848
YNLG,0.40639168,0.43641865,5,17821,1848
IALG,0.4037983,0.39317152,5,17821,1848
YYAS,0.40289634,0.5194271,5,17821,1848
WHLT,0.4020152,0.43424264,5,17821,1848
MNLG,0.4007541,0.4244075,5,17821,1848
MRCA,0.400473,0.53068256,5,17821,1848
MRLG,0.40010828,0.42533386,5,17821,1848
VMAA,0.39689937,0.3308186,5,17821,1848
WCCA,0.3937044,0.33520392,5,17821,1848
MSLG,0.3930347,0.36640635,5,17821,1848
VSAA,0.39178714,0.6215546,5,17821,1848
MILG,0.39147863,0.3754849,5,17821,1848
MALG,0.38829383,0.35687515,5,17821,1848
VNLG,0.3850194,0.53065705,5,17821,1848
YILA,0.3811862,0.39327794,5,17821,1848
VFCA,0.37727186,0.46118298,5,17821,1848
WLLC,0.37451535,0.30739608,5,17821,1848
MRAA,0.374494,0.45587415,5,17821,1848
FHFG,0.3696184,0.34065044,5,17821,1848
WKLT,0.36902112,0.43700153,5,17821,1848
VAAA,0.3660105,0.7077334,5,17821,1848
VIAA,0.36391285,0.53442484,5,17821,1848
LAAA,0.36281803,0.500686,5,17821,1848
IHCA,0.35938403,0.5451443,5,17821,1848
YYCG,0.3567294,0.39532754,5,17821,1848
MVLG,0.35524464,0.33863088,5,17821,1848
MWLA,0.35350537,0.3635743,5,17821,1848
ILAA,0.35165623,0.28458536,5,17821,1848
INLG,0.35045782,0.39468083,5,17821,1848
YRAA,0.34666556,0.47462556,5,17821,1848
FRCG,0.34530288,0.31433624,5,17821,1848
WYMG,0.34529474,0.34121627,5,17821,1848
WVLV,0.3441269,0.36977628,5,17821,1848
FACA,0.34395176,0.4606481,5,17821,1848
ISAA,0.34349075,0.6019034,5,17821,1848
LAFG,0.3422244,0.36544916,5,17821,1848
WALV,0.3390773,0.31123847,5,17821,1848
YCAA,0.33796012,0.38319266,5,17821,1848
FICG,0.33756077,0.2979441,5,17821,1848
FQLG,0.33650336,0.2819155,5,17821,1848
WQLT,0.33549508,0.31728294,5,17821,1848
FYAC,0.33398825,0.37890413,5,17821,1848
IMAA,0.33198273,0.31243408,5,17821,1848
FLCA,0.32881638,0.22793312,5,17821,1848
IFAA,0.3262812,0.42910394,5,17821,1848
WCLT,0.3260599,0.35935444,5,17821,1848
VNCG,0.32433763,0.47896135,5,17821,1848
WRAA,0.32024956,0.3500023,5,17821,1848
VHAG,0.31915608,0.4758109,5,17821,1848
VHCG,0.31785467,0.39033288,5,17821,1848
VICA,0.31759465,0.45383906,5,17821,1848
YYLC,0.3173092,0.20560938,5,17821,1848
IRAG,0.3152075,0.3911564,5,17821,1848
VSCG,0.3130542,0.32305053,5,17821,1848
MHAA,0.3124459,0.36172777,5,17821,1848
WNCG,0.3106808,0.28835762,5,17821,1848
IKAA,0.3106612,0.5018167,5,17821,1848
WSMG,0.31024125,0.3026194,5,17821,1848
MAAA,0.30999044,0.3945761,5,17821,1848
YHAA,0.30605716,0.62090284,5,17821,1848
FEAA,0.3056326,0.15364507,5,17821,1848
WFLV,0.30520916,0.22994186,5,17821,1848
FVGT,0.30494913,0.32649055,5,17821,1848
WGCA,0.3045472,0.3357067,5,17821,1848
IILG,0.30286378,0.32141125,5,17821,1848
AVAA,0.3009904,0.24414465,5,17821,1848
YRLC,0.30060434,0.4199996,5,17821,1848
YKAA,0.29932535,0.3695004,5,17821,1848
YNCG,0.29901415,0.25875765,5,17821,1848
FYGT,0.29746723,0.5087132,5,17821,1848
YCCA,0.2959619,0.29342633,5,17821,1848
IYGC,0.2950748,0.511957,5,17821,1848
FVLT,0.29276687,0.33834413,5,17821,1848
YNFG,0.2908214,0.31965306,5,17821,1848
FTAA,0.2889139,0.28474638,5,17821,1848
CILG,0.28811622,0.31954345,5,17821,1848
VVAG,0.28679866,0.3686958,5,17821,1848
IHLG,0.2864401,0.3300786,5,17821,1848
WDLT,0.28450778,0.28966954,5,17821,1848
MKAA,0.28200704,0.3449152,5,17821,1848
ARFG,0.28199956,0.28398272,5,17821,1848
VRGA,0.27865827,0.24983145,5,17821,1848
YYAC,0.2778492,0.09621888,5,17821,1848
AWLA,0.2754418,0.1596979,5,17821,1848
IYGL,0.27341267,0.4231932,5,17821,1848
AILG,0.27290514,0.36598808,5,17821,1848
VGCA,0.27208823,0.364997,5,17821,1848
YSCG,0.2720415,0.22930868,5,17821,1848
VYGC,0.27107427,0.4595366,5,17821,1848
WHMG,0.27054495,0.3072687,5,17821,1848
MSFG,0.26849043,0.27833903,5,17821,1848
WNMG,0.26594073,0.27227798,5,17821,1848
QNLG,0.25857225,0.2615826,5,17821,1848
CIAA,0.258486,0.34915817,5,17821,1848
YWGT,0.25342056,0.05618238,5,17821,1848
WVMT,0.25189248,0.19317824,5,17821,1848
LYAC,0.25155985,0.26817763,5,17821,1848
WHAA,0.25134745,0.30383584,5,17821,1848
VLCA,0.25128016,0.28053463,5,17821,1848
LTCG,0.24194954,0.15369774,5,17821,1848
ENLG,0.2396635,0.4269741,5,17821,1848
MWCC,0.23493232,0.2967448,5,17821,1848
WIMT,0.23319067,0.18859461,5,17821,1848
ARLT,0.23294657,0.22437032,5,17821,1848
MKFG,0.2307647,0.196166,5,17821,1848
ASAA,0.2304465,0.18406418,5,17821,1848
VWLA,0.22920154,0.15240376,5,17821,1848
MHFG,0.22827394,0.24890415,5,17821,1848
CVAA,0.22716966,0.3162486,5,17821,1848
YEAA,0.2269596,0.133137,5,17821,1848
MVLT,0.22689347,0.25549498,5,17821,1848
VVAC,0.2257116,0.29242495,5,17821,1848
WKMT,0.2217119,0.15688507,5,17821,1848
HWLT,0.22074123,0.067930736,5,17821,1848
LNAG,0.22015657,0.22488205,5,17821,1848
VWCC,0.21922834,0.2149608,5,17821,1848
AHFG,0.21896671,0.27892253,5,17821,1848
VYAC,0.21410255,0.33996227,5,17821,1848
YIAS,0.21238856,0.20725076,5,17821,1848
MKLT,0.21079616,0.22810946,5,17821,1848
LTFG,0.20948642,0.21976866,5,17821,1848
WAFV,0.20675725,0.55706453,5,17821,1848
EHLG,0.20617901,0.36890936,5,17821,1848
QNCG,0.20308836,0.22137347,5,17821,1848
MTLG,0.20262761,0.17741285,5,17821,1848
WQMT,0.20010473,0.102870315,5,17821,1848
WGMA,0.19713598,0.13413301,5,17821,1848
HICA,0.19698566,0.47719464,5,17821,1848
FIGC,0.19456434,0.20101303,5,17821,1848
HMAA,0.19358404,0.10130609,5,17821,1848
YKAG,0.18819325,0.14467478,5,17821,1848
IHGC,0.18633687,0.35479277,5,17821,1848
KRLT,0.18565516,0.04394925,5,17821,1848
WHLM,0.18324979,0.0051309895,5,17821,1848
MQFG,0.18271992,0.18900329,5,17821,1848
MYGL,0.18184961,0.28121305,5,17821,1848
IRLA,0.18157704,0.12018502,5,17821,1848
VYGS,0.17870748,0.14699703,5,17821,1848
WVAC,0.17722668,0.07033867,5,17821,1848
EDLG,0.17012782,0.34149757,5,17821,1848
HSCA,0.16992767,0.4179194,5,17821,1848
VYMG,0.16939203,0.14221041,5,17821,1848
WLMT,0.16908374,0.07434309,5,17821,1848
VRGT,0.16647844,0.10734856,5,17821,1848
MELG,0.16511835,0.13559864,5,17821,1848
MYAC,0.1646448,0.16949955,5,17821,1848
LEFG,0.1644796,0.17108454,5,17821,1848
HWLA,0.16447707,0.06391372,5,17821,1848
YYAN,0.16186671,0.0025535538,5,17821,1848
VYCC,0.15961988,0.21366225,5,17821,1848
YRGT,0.15658657,0.17933789,5,17821,1848
HICG,0.15622365,0.27064893,5,17821,1848
LMAC,0.1533422,0.1446318,5,17821,1848
WCMT,0.15271886,0.092017844,5,17821,1848
VRSG,0.15026511,0.024824627,5,17821,1848
HNCG,0.14984514,0.21276739,5,17821,1848
IWFA,0.14530325,0.25202686,5,17821,1848
RNCG,0.14411126,0.11404797,5,17821,1848
VLGT,0.14357536,0.03465987,5,17821,1848
FIPA,0.13842143,0.00065559056,5,17821,1848
APLG,0.13744107,0.015640516,5,17821,1848
NRLT,0.1372496,0.001339988,5,17821,1848
MELT,0.13444643,0.067228995,5,17821,1848
HFGC,0.13427153,0.27154705,5,17821,1848
WGAA,0.13162321,0.112746365,5,17821,1848
VVLT,0.13117398,0.17265077,5,17821,1848
VVAP,0.12531127,0.002380596,5,17821,1848
WVPA,0.1252767,0.0012527446,5,17821,1848
WCMV,0.12414166,0.08690232,5,17821,1848
VHMG,0.122404605,0.2131625,5,17821,1848
VFGT,0.12189542,0.11124019,5,17821,1848
IHCC,0.11692804,0.2224429,5,17821,1848
NHCA,0.11605987,0.19089451,5,17821,1848
VICC,0.11497168,0.24600677,5,17821,1848
WAPA,0.10077451,0.0021809998,5,17821,1848
AVMT,0.09882568,0.03727102,5,17821,1848
VHCC,0.09615284,0.24980769,5,17821,1848
YYCL,0.09231375,0.008920447,5,17821,1848
YDAS,0.086522445,0.018151699,5,17821,1848
VGGT,0.08183035,0.018016292,5,17821,1848
NSCG,0.07867031,0.039283156,5,17821,1848
KELG,0.07633574,0.043351088,5,17821,1848
WLMI,0.075525224,0.023295,5,17821,1848
NWLS,0.06629224,0.0006015583,5,17821,1848
FEGP,0.063443735,0.003450114,5,17821,1848
YRLQ,0.06039447,0.00055666594,5,17821,1848
GACG,0.059674043,0.0019775366,5,17821,1848
FRMS,0.056263257,0.042229395,5,17821,1848
WAPG,0.055993542,0.0015390754,5,17821,1848
YIAK,0.05375204,0.00043146254,5,17821,1848
LVHC,0.05259301,0.0018247269,5,17821,1848
YWVC,0.049209554,0.0020420852,5,17821,1848
DSFT,0.0460254,0.002247739,5,17821,1848
MNLD,0.04579738,0.0062562064,5,17821,1848
HSGF,0.04119829,0.048195727,5,17821,1848
KRLN,0.0403844,0.00079549797,5,17821,1848
WAPV,0.03834018,0.00035915262,5,17821,1848
ENRG,0.036288667,0.00020947115,5,17821,1848
CCGL,0.033903908,0.05419184,5,17821,1848
MLLY,0.0335224,0.00039537362,5,17821,1848
EMRG,0.0328571,0.0003046854,5,17821,1848
YIAR,0.031777408,0.0004668811,5,17821,1848
KNFM,0.030736636,0.00014349098,5,17821,1848
YKLH,0.027316947,0.0015684083,5,17821,1848
MNMN,0.023977902,0.0012267071,5,17821,1848
ISLM,0.023914356,0.0029009227,5,17821,1848
YKNT,0.02321994,0.00070136844,5,17821,1848
IIDC,0.023141123,0.0004985025,5,17821,1848
MMEC,0.023133714,0.0,5,17821,1848
PAGI,0.021770645,0.0016908665,5,17821,1848
KLGD,0.020592997,0.0019550645,5,17821,1848
QNYN,0.020221762,0.0007274659,5,17821,1848
EVAM,0.018608801,0.063227616,5,17821,1848
WAPM,0.0182135,0.00030394527,5,17821,1848
VGPG,0.018161017,0.0,5,17821,1848
HHAN,0.017425518,0.0004991654,5,17821,1848
MQIC,0.01698767,0.00043146254,5,17821,1848
EWVW,0.014977429,0.0014549318,5,17821,1848
CADC,0.014703166,0.00036586003,5,17821,1848
EFVV,0.01309998,0.00039101296,5,17821,1848
KAIY,0.013037089,0.000108426466,5,17821,1848
KYRL,0.012857541,0.0001203117,5,17821,1848
EWYE,0.011908051,0.0,5,17821,1848
ICDC,0.010781486,0.0010172693,5,17821,1848
LFAN,0.010405574,0.0020274743,5,17821,1848
YNPW,0.010357793,0.0008072524,5,17821,1848
HNYH,0.009683952,0.0,5,17821,1848
INDP,0.009298269,0.00053764274,5,17821,1848
HSVA,0.008785699,0.000656464,5,17821,1848
YPYT,0.00822017,0.00016207791,5,17821,1848
WITP,0.0076141916,0.00021553303,5,17821,1848
KNQH,0.007088419,0.00052720844,5,17821,1848
FNEW,0.0069693364,0.0,5,17821,1848
GAYY,0.0069391206,0.0,5,17821,1848
LCCR,0.006233085,0.0010457323,5,17821,1848
RSGN,0.0061740763,0.002793575,5,17821,1848
KCMK,0.006172657,0.0,5,17821,1848
MAFH,0.005838353,0.000392649,5,17821,1848
RMGN,0.005449023,0.00068768894,5,17821,1848
EMHG,0.0053089447,0.0,5,17821,1848
GKAW,0.0051361695,0.0001067612,5,17821,1848
EMRH,0.004991833,0.00043146254,5,17821,1848
VKDH,0.0048981085,8.861482e-05,5,17821,1848
ELMP,0.004887888,0.00044687188,5,17821,1848
EGIQ,0.0044842996,0.00033277692,5,17821,1848
TREP,0.004348533,0.0007692057,5,17821,1848
PASQ,0.0042016134,0.00028523736,5,17821,1848
CPVG,0.004177917,0.00287774,5,17821,1848
IKHE,0.0038933046,0.0004437026,5,17821,1848
TGNL,0.0038663447,0.00039101296,5,17821,1848
KLNC,0.0038143396,0.00037092133,5,17821,1848
SPSC,0.0037560537,0.0006670478,5,17821,1848
RDYP,0.003679812,0.0004270448,5,17821,1848
SNES,0.003627576,0.00028997476,5,17821,1848
DENH,0.0036080405,0.0,5,17821,1848
KRDD,0.0033775922,0.0,5,17821,1848
TPKH,0.003035929,0.0,5,17821,1848
ENSP,0.0025059022,0.000363733,5,17821,1848
IPYR,0.002352409,0.00031789672,5,17821,1848
LVRD,0.0021068528,0.008689175,5,17821,1848
NNET,0.0020201206,0.0,5,17821,1848
STDH,0.0018330794,0.00023214129,5,17821,1848
VWDE,0.0015688576,0.0,5,17821,1848
SAQQ,0.0009579733,0.0,5,17821,1848
PQWC,0.0008600615,0.0,5,17821,1848
EDKV,0.0006425753,0.0,5,17821,1848
SCEY,0.00051928684,0.0,5,17821,1848
HSDY,0.00024248846,0.00012979678,5,17821,1848
SQDC,0.00013767555,0.0011693845,5,17821,1848
SDFM,-7.513538e-05,0.00032415582,5,17821,1848
VTKQ,-0.0001225546,0.0,5,17821,1848
NVWA,-0.00016405061,0.0008735841,5,17821,1848
GFGQ,-0.00039691105,0.00045665746,5,17821,1848
YCKH,-0.00063707307,0.0006383884,5,17821,1848
MCDN,-0.00068768114,0.0002731968,5,17821,1848
RTDQ,-0.00091495365,0.00032516665,5,17821,1848
IPNP,-0.0010730848,0.0002569284,5,17821,1848
REED,-0.0011423621,0.0,5,17821,1848
ICQK,-0.0012607686,0.0025024826,5,17821,1848
MVMW,-0.0016343333,0.0002780536,5,17821,1848
DNDL,-0.0017838664,0.00020715912,5,17821,1848
NREI,-0.002891779,0.00030369931,5,17821,1848
RERE,-0.0029177666,0.00039378172,5,17821,1848
QFRL,-0.003266722,0.00032471665,5,17821,1848
DMHH,-0.003487559,0.0,5,17821,1848
GQWV,-0.0036258698,0.00023171137,5,17821,1848
YRRK,-0.003835868,0.0006685485,5,17821,1848
SLDC,-0.0040574176,0.0009031269,5,17821,1848
MEMF,-0.0045231916,0.0014218651,5,17821,1848
PPHS,-0.0045989677,0.0,5,17821,1848
EYST,-0.004868323,0.0005128038,5,17821,1848
CECN,-0.004980836,0.0009852294,5,17821,1848
TGML,-0.005243033,0.0004170804,5,17821,1848
DQFN,-0.0055445135,0.0,5,17821,1848
LMDV,-0.0058698244,0.00031597007,5,17821,1848
MGRS,-0.0060520135,0.0002205997,5,17821,1848
IYKS,-0.0060520954,0.00032584413,5,17821,1848
NKIR,-0.006128993,0.0003581798,5,17821,1848
STQP,-0.0063536875,0.00043903207,5,17821,1848
RTSW,-0.0064489096,0.00014225837,5,17821,1848
CPWV,-0.0067646466,0.0005094631,5,17821,1848
RCNP,-0.006802909,0.0012836709,5,17821,1848
TQTN,-0.007154949,0.0,5,17821,1848
EWWY,-0.007287618,0.0,5,17821,1848
SHKS,-0.008046005,0.00038460284,5,17821,1848
YIVI,-0.008227479,0.0016256284,5,17821,1848
FRQP,-0.008982342,0.0,5,17821,1848
NMEV,-0.009017728,0.00018400609,5,17821,1848
MEPV,-0.009119429,0.00033635524,5,17821,1848
FPYF,-0.009577632,0.0,5,17821,1848
YQLR,-0.00964823,0.0002951041,5,17821,1848
VWPT,-0.010207456,0.00021425364,5,17821,1848
GWVC,-0.010216031,0.00063194,5,17821,1848
TFPI,-0.011157047,0.0,5,17821,1848
GQRI,-0.011488259,0.0,5,17821,1848
RAMD,-0.013498154,0.0,5,17821,1848
NHFP,-0.014571998,0.00040979515,5,17821,1848
RMWY,-0.015394803,0.0003177206,5,17821,1848
YGIV,-0.015511941,0.00060805463,5,17821,1848
ILPR,-0.016233765,0.00026227813,5,17821,1848
NWVW,-0.017555363,0.0,5,17821,1848
VFIY,-0.017912243,0.00034311923,5,17821,1848
CFFY,-0.018118959,0.0021951601,5,17821,1848
NCAG,-0.01921855,0.00086891756,5,17821,1848
IRQM,-0.019647602,0.00037687994,5,17821,1848
SYYK,-0.02294885,0.0,5,17821,1848
YWFQ,-0.023412388,0.00040624719,5,17821,1848
VMQV,-0.02745388,0.0011072932,5,17821,1848
FSTF,-0.028005186,0.00022028893,5,17821,1848
RYYR,-0.031046096,7.9798534e-05,5,17821,1848
MPIL,-0.03134219,0.00028502074,5,17821,1848
FVVK,-0.032014538,0.00036693297,5,17821,1848
GQVM,-0.034413245,0.0008286367,5,17821,1848
PYWM,-0.0345742,0.0,5,17821,1848
CMIK,-0.03945991,0.00043903207,5,17821,1848
WGWF,-0.043395888,0.0005027309,5,17821,1848
KWWV,-0.052346695,0.004731585,5,17821,1848
FGVS,-0.08034596,0.0007612641,5,17821,1848
MFII,-0.08366832,0.00025894897,5,17821,1848
