{"run_id": "21:29:44-05/18/2022", "exp_name": "BO_EVO_proposal-function=UCB", "encoder_name": "georgiev", "model_name": "GPyTorch", "landscape_name": "GB1_combo", "rounds": 5, "expmt_queries_per_round": 384, "model_queries_per_round": 3072}
sequence,model_score,true_score,round,model_cost,measurement_cost
FWAM,,0.07447865,0,0,1
QEVL,-0.45728928,0.0002650935,1,3460,357
KFLE,-0.45728928,0.0,1,3460,357
GRFP,-0.45728928,0.00092526374,1,3460,357
CGFP,-0.45728928,0.0017098957,1,3460,357
CGFF,-0.45728928,0.0010172693,1,3460,357
HGFF,-0.45728928,0.0,1,3460,357
HIFF,-0.45728928,0.00032755014,1,3460,357
HIDF,-0.45728928,0.00039101296,1,3460,357
HIDG,-0.45728928,0.00014283576,1,3460,357
HMDI,-0.45728928,0.00040624719,1,3460,357
HMNI,-0.45728928,0.0,1,3460,357
YQNI,-0.45728928,0.0011374921,1,3460,357
YQDI,-0.45728928,0.00065624545,1,3460,357
YQMI,-0.45728928,0.007896183,1,3460,357
YKSP,-0.45728928,0.0002865041,1,3460,357
AKSP,-0.45728928,0.00042850728,1,3460,357
AKYS,-0.45728928,0.0,1,3460,357
YPYW,-0.45728928,0.0,1,3460,357
WPFW,-0.45728928,0.0001890093,1,3460,357
HPQW,-0.45728928,0.0,1,3460,357
HPQP,-0.45728928,0.00010712688,1,3460,357
HPMP,-0.45728928,0.00047601567,1,3460,357
DRFP,-0.45728928,0.000511128,1,3460,357
ARFP,-0.45728928,0.013949649,1,3460,357
WRWP,-0.45728928,0.000517653,1,3460,357
MRVQ,-0.45728928,0.0003621135,1,3460,357
VQKT,-0.45728928,0.0,1,3460,357
VQKF,-0.45728928,0.0022343595,1,3460,357
VQKR,-0.45728928,0.00086891756,1,3460,357
VQNR,-0.45728928,0.0,1,3460,357
MQNF,-0.45728928,0.00034374764,1,3460,357
MQYF,-0.45728928,0.0007109326,1,3460,357
MEYF,-0.45728928,0.0002502483,1,3460,357
MINF,-0.45728928,0.0009654639,1,3460,357
MRNQ,-0.45728928,0.00067090685,1,3460,357
MRSQ,-0.45728928,0.00024996264,1,3460,357
WEWP,-0.45728928,0.00019611935,1,3460,357
CRNQ,-0.45728928,0.0011585568,1,3460,357
DRNP,-0.45728928,0.0002463073,1,3460,357
HENP,-0.45728928,0.000530187,1,3460,357
HECP,-0.45728928,0.000724098,1,3460,357
ARCP,-0.45728928,0.002760091,1,3460,357
FRWP,-0.45728928,0.001533384,1,3460,357
NRWP,-0.45728928,0.00032001061,1,3460,357
TIWP,-0.45728928,0.0012899395,1,3460,357
TEWP,-0.45728928,0.0021573126,1,3460,357
HIMN,-0.45728928,0.00055201823,1,3460,357
HIYN,-0.45728928,0.00038858427,1,3460,357
DRKQ,-0.45728928,0.0022343595,1,3460,357
NESS,-0.45728928,0.0004258557,1,3460,357
PESC,-0.45728928,0.0,1,3460,357
PELC,-0.45728928,0.00033635524,1,3460,357
DILY,-0.45728928,0.0,1,3460,357
DIDY,-0.45728928,0.0,1,3460,357
DRDY,-0.45728928,0.0,1,3460,357
DYKQ,-0.45728928,0.0,1,3460,357
QETI,-0.45728928,0.00027682327,1,3460,357
QYHQ,-0.45728928,0.0,1,3460,357
QYKQ,-0.45728928,0.0,1,3460,357
QYDQ,-0.45728928,0.00088115584,1,3460,357
QYDC,-0.45728928,0.00037239326,1,3460,357
QYDI,-0.45728928,0.00088115584,1,3460,357
EPDI,-0.45728928,0.0,1,3460,357
EIDI,-0.45728928,0.00037687994,1,3460,357
EQDI,-0.45728928,0.0025024826,1,3460,357
RNVI,-0.45728928,0.0001390268,1,3460,357
NEFI,-0.45728928,0.0014720486,1,3460,357
WEYP,-0.45728928,0.00034264012,1,3460,357
EIGN,-0.45728928,0.0011064031,1,3460,357
WRHD,-0.45728928,0.0013033764,1,3460,357
LIGN,-0.45728928,0.052183107,1,3460,357
IIGY,-0.45728928,0.0037412532,1,3460,357
IIKY,-0.45728928,0.00024438306,1,3460,357
IVKY,-0.45728928,0.00044475397,1,3460,357
IRKY,-0.45728928,0.001237103,1,3460,357
IRVS,-0.45728928,0.0005930813,1,3460,357
NRVS,-0.45728928,0.00043608947,1,3460,357
VRYH,-0.45728928,0.00045833015,1,3460,357
DEYP,-0.45728928,0.0034756702,1,3460,357
TSES,-0.45728928,0.00043445878,1,3460,357
THYS,-0.45728928,0.0022343595,1,3460,357
THYP,-0.45728928,0.0020854021,1,3460,357
TEYP,-0.45728928,0.0,1,3460,357
DQKT,-0.45728928,0.0,1,3460,357
DQTT,-0.45728928,0.0,1,3460,357
KVTT,-0.45728928,0.0003344189,1,3460,357
WREQ,-0.45728928,0.00027625912,1,3460,357
AVDP,-0.45728928,0.00048124668,1,3460,357
LVDP,-0.45728928,0.0002714189,1,3460,357
IVDP,-0.45728928,0.00037687994,1,3460,357
IYGK,-0.45728928,0.001669806,1,3460,357
IYGP,-0.45728928,0.003277236,1,3460,357
IYDP,-0.45728928,0.0002380596,1,3460,357
WDDT,-0.45728928,0.00021640967,1,3460,357
WDTQ,-0.45728928,0.00013780195,1,3460,357
WQEQ,-0.45728928,0.0007428213,1,3460,357
WRNQ,-0.45728928,8.9630455e-05,1,3460,357
AVSP,-0.45728928,0.0003934721,1,3460,357
WRWQ,-0.45728928,0.00032449202,1,3460,357
WYWG,-0.45728928,0.017300682,1,3460,357
WRWG,-0.45728928,0.0282584,1,3460,357
WQWG,-0.45728928,0.010948362,1,3460,357
WQWP,-0.45728928,0.00038272064,1,3460,357
WIWP,-0.45728928,0.00089101616,1,3460,357
WIGP,-0.45728928,0.003052117,1,3460,357
WQGP,-0.45728928,0.0014864502,1,3460,357
WQGL,-0.45728928,0.036410496,1,3460,357
AVYP,-0.45728928,0.009775323,1,3460,357
AVSM,-0.45728928,0.0013033764,1,3460,357
LLKL,-0.45728928,0.00027704617,1,3460,357
YGNG,-0.45728928,0.0002606753,1,3460,357
FQAG,-0.45728928,0.15405068,1,3460,357
FQDG,-0.45728928,0.0,1,3460,357
FFGK,-0.45728928,0.00032755014,1,3460,357
VFGK,-0.45728928,0.0022924636,1,3460,357
VFGP,-0.45728928,0.0027589719,1,3460,357
YEKS,-0.45728928,0.0,1,3460,357
YEDS,-0.45728928,0.00036024224,1,3460,357
YEDP,-0.45728928,0.00034299382,1,3460,357
YENP,-0.45728928,0.00043295548,1,3460,357
YYEG,-0.45728928,0.0,1,3460,357
AGSM,-0.45728928,0.0019550645,1,3460,357
YHMG,-0.45728928,0.2577557,1,3460,357
YHDG,-0.45728928,0.0010256077,1,3460,357
NHDQ,-0.45728928,0.0,1,3460,357
MESD,-0.45728928,0.0,1,3460,357
MNSD,-0.45728928,0.0,1,3460,357
MGSL,-0.45728928,0.003130628,1,3460,357
MGSM,-0.45728928,0.00053586357,1,3460,357
LDKL,-0.45728928,0.000106398045,1,3460,357
LDVL,-0.45728928,0.00058984914,1,3460,357
KVCM,-0.45728928,0.014197664,1,3460,357
RLYI,-0.45728928,0.0005727513,1,3460,357
RLNI,-0.45728928,0.00024925126,1,3460,357
RLQP,-0.45728928,0.00030869443,1,3460,357
RLIH,-0.45728928,0.0003918292,1,3460,357
NLIH,-0.45728928,0.00022749839,1,3460,357
SLIN,-0.45728928,0.00043500809,1,3460,357
SLIA,-0.45728928,0.00025454734,1,3460,357
SLDF,-0.45728928,0.00028144883,1,3460,357
SLDD,-0.45728928,0.0,1,3460,357
SLFP,-0.45728928,0.00042164157,1,3460,357
DLHS,-0.45728928,0.0004965243,1,3460,357
IDHQ,-0.45728928,0.0,1,3460,357
IDVC,-0.45728928,0.003051808,1,3460,357
INVD,-0.45728928,0.0,1,3460,357
WNVD,-0.45728928,0.0,1,3460,357
WNGD,-0.45728928,0.0013033764,1,3460,357
HNGD,-0.45728928,0.0026067528,1,3460,357
RLFI,-0.45728928,0.00095286005,1,3460,357
LLDP,-0.45728928,0.00025286118,1,3460,357
LDVS,-0.45728928,0.00062410766,1,3460,357
GVLP,-0.45728928,0.0003047492,1,3460,357
LDDS,-0.45728928,5.153387e-05,1,3460,357
GDKS,-0.45728928,0.00019860978,1,3460,357
GHKQ,-0.45728928,0.0,1,3460,357
CHII,-0.45728928,0.0,1,3460,357
GQTI,-0.45728928,0.0,1,3460,357
GMMR,-0.45728928,6.1335326e-05,1,3460,357
GKSR,-0.45728928,0.00015531789,1,3460,357
GVLR,-0.45728928,0.00014601563,1,3460,357
GLLP,-0.45728928,0.00021658484,1,3460,357
LCDP,-0.45728928,0.0009004552,1,3460,357
GLDP,-0.45728928,0.00030369931,1,3460,357
GIDP,-0.45728928,0.0,1,3460,357
GRDP,-0.45728928,4.9573693e-05,1,3460,357
GIGP,-0.45728928,0.00015994687,1,3460,357
VIDP,-0.45728928,0.00011528635,1,3460,357
LIDP,-0.45728928,0.00018068468,1,3460,357
LIDG,-0.45728928,0.00039429872,1,3460,357
PIDP,-0.45728928,4.973142e-05,1,3460,357
VCDP,-0.45728928,0.00082499423,1,3460,357
RNQR,-0.45728928,0.00029603505,1,3460,357
VEQR,-0.45728928,0.0,1,3460,357
VESR,-0.45728928,0.00025226633,1,3460,357
DLDS,-0.45728928,0.00067126687,1,3460,357
QCHA,-0.45728928,0.0033236097,1,3460,357
NCHA,-0.45728928,0.0,1,3460,357
NFHQ,-0.45728928,0.0,1,3460,357
NFVQ,-0.45728928,0.000420444,1,3460,357
NFQT,-0.45728928,0.00089374377,1,3460,357
NFDT,-0.45728928,9.450459e-05,1,3460,357
LFDT,-0.45728928,0.0004060179,1,3460,357
LLDT,-0.45728928,0.00019309274,1,3460,357
DLDT,-0.45728928,0.00013143296,1,3460,357
DLVS,-0.45728928,0.0003800855,1,3460,357
EIDK,-0.45728928,0.0,1,3460,357
DLVI,-0.45728928,0.00013254675,1,3460,357
DLMI,-0.45728928,0.0,1,3460,357
DLMF,-0.45728928,0.00073602435,1,3460,357
DEAF,-0.45728928,0.0,1,3460,357
HENV,-0.45728928,0.0,1,3460,357
HVNV,-0.45728928,0.00030743034,1,3460,357
HLNV,-0.45728928,0.00052661676,1,3460,357
DLLV,-0.45728928,0.0,1,3460,357
DILV,-0.45728928,0.0,1,3460,357
KIHA,-0.45728928,0.00034374764,1,3460,357
AIMV,-0.45728928,0.0009479101,1,3460,357
KING,-0.45728928,0.00012219153,1,3460,357
WNWS,-0.45728928,0.0011470746,1,3460,357
WNWW,-0.45728928,0.00043749693,1,3460,357
WNVW,-0.45728928,0.00030399446,1,3460,357
WVVW,-0.45728928,0.00036623256,1,3460,357
NVCQ,-0.45728928,0.0013964747,1,3460,357
DMCQ,-0.45728928,0.0004887661,1,3460,357
DMCR,-0.45728928,0.00061738887,1,3460,357
CICR,-0.45728928,0.0012210069,1,3460,357
CINR,-0.45728928,0.0009177809,1,3460,357
LING,-0.45728928,0.037625354,1,3460,357
EEYK,-0.45728928,0.00061335356,1,3460,357
LTNG,-0.45728928,0.0030985929,1,3460,357
PRNK,-0.45728928,0.00021874852,1,3460,357
PNNN,-0.45728928,0.0007029445,1,3460,357
PNNR,-0.45728928,0.00024343214,1,3460,357
PENR,-0.45728928,0.0003128103,1,3460,357
LENR,-0.45728928,0.00023460774,1,3460,357
TNSR,-0.45728928,0.0005347185,1,3460,357
PNSR,-0.45728928,0.00019489737,1,3460,357
PEYR,-0.45728928,0.0,1,3460,357
DIMV,-0.45728928,0.0005902082,1,3460,357
LIMV,-0.45728928,0.04102765,1,3460,357
WNYN,-0.45728928,0.0009282206,1,3460,357
FLWY,-0.45728928,0.0004862337,1,3460,357
EGQS,-0.45728928,0.0002601333,1,3460,357
EGVS,-0.45728928,0.00026944285,1,3460,357
NGVS,-0.45728928,0.00036937007,1,3460,357
NIVS,-0.45728928,0.0003343939,1,3460,357
IIAS,-0.45728928,0.3098535,1,3460,357
EITS,-0.45728928,0.00033635524,1,3460,357
IIST,-0.45728928,0.005649309,1,3460,357
IISI,-0.45728928,0.0031519819,1,3460,357
FISI,-0.45728928,0.0017828568,1,3460,357
NLWY,-0.45728928,0.00045116874,1,3460,357
HGQS,-0.45728928,0.00034001126,1,3460,357
LLWY,-0.45728928,0.008613096,1,3460,357
SLWY,-0.45728928,0.0002606753,1,3460,357
WLWY,-0.45728928,0.011420756,1,3460,357
WLDY,-0.45728928,0.00018631984,1,3460,357
WRDY,-0.45728928,0.00021951603,1,3460,357
WEDY,-0.45728928,0.00017849373,1,3460,357
RWCY,-0.45728928,0.0008482991,1,3460,357
EFAK,-0.45728928,0.0013902682,1,3460,357
GHKF,-0.45728928,0.0,1,3460,357
HLQS,-0.45728928,0.00041363345,1,3460,357
HGNS,-0.45728928,0.00027600906,1,3460,357
STMV,-0.45728928,0.00013070069,1,3460,357
HNKV,-0.45728928,0.00025640195,1,3460,357
NNKV,-0.45728928,0.0,1,3460,357
NRKV,-0.45728928,0.0005257317,1,3460,357
NRVV,-0.45728928,0.00023149703,1,3460,357
NRVR,-0.45728928,0.00024148064,1,3460,357
VPRW,-0.45728928,0.0,1,3460,357
HYNS,-0.45728928,0.0005808149,1,3460,357
VCDW,-0.45728928,0.0005846922,1,3460,357
VLDW,-0.45728928,0.0001915165,1,3460,357
VLDC,-0.45728928,0.00073029654,1,3460,357
GYDE,-0.45728928,0.0,1,3460,357
GYDL,-0.45728928,0.0,1,3460,357
GYDI,-0.45728928,0.0,1,3460,357
GYKI,-0.45728928,0.0,1,3460,357
GYDM,-0.45728928,0.0,1,3460,357
HYNM,-0.45728928,0.0,1,3460,357
WNYF,-0.45728928,0.00050291047,1,3460,357
WQYV,-0.45728928,0.0041112215,1,3460,357
QEAI,-0.45728928,0.00065624545,1,3460,357
YGSE,-0.45728928,0.0001247914,1,3460,357
IDRF,-0.45728928,0.00030971316,1,3460,357
FDRQ,-0.45728928,0.0,1,3460,357
FDNQ,-0.45728928,0.0016463702,1,3460,357
YTNS,-0.45728928,0.00022383562,1,3460,357
YTWS,-0.45728928,0.00067391805,1,3460,357
YTDS,-0.45728928,0.00032001061,1,3460,357
YTVS,-0.45728928,0.00041073922,1,3460,357
YTVP,-0.45728928,0.00025521943,1,3460,357
YISP,-0.45728928,0.000537093,1,3460,357
YGSG,-0.45728928,0.00036837326,1,3460,357
IYRP,-0.45728928,0.00025663569,1,3460,357
YWYG,-0.45728928,0.11353856,1,3460,357
YWDG,-0.45728928,0.00036801217,1,3460,357
NWDG,-0.45728928,0.0,1,3460,357
LWDG,-0.45728928,0.00032471665,1,3460,357
LWDP,-0.45728928,0.00032779528,1,3460,357
IRHP,-0.45728928,0.00027487724,1,3460,357
CRHP,-0.45728928,0.0010172693,1,3460,357
CVHP,-0.45728928,0.0013311078,1,3460,357
CFHY,-0.45728928,0.0011479278,1,3460,357
IDRC,-0.45728928,0.00042271666,1,3460,357
QYVP,-0.45728928,7.592486e-05,1,3460,357
WFDA,-0.45728928,0.00035865593,1,3460,357
DWQP,-0.45728928,0.0,1,3460,357
PLKI,-0.45728928,0.0003418692,1,3460,357
PLMI,-0.45728928,0.00035345802,1,3460,357
ALMI,-0.45728928,0.0037916403,1,3460,357
LLMI,-0.45728928,0.00456914,1,3460,357
LLDI,-0.45728928,0.000427157,1,3460,357
DLDI,-0.45728928,0.000530187,1,3460,357
DEMI,-0.45728928,0.0,1,3460,357
DWRI,-0.45728928,0.0,1,3460,357
AWCP,-0.45728928,0.0,1,3460,357
QYGP,-0.45728928,0.0012275986,1,3460,357
IWRP,-0.45728928,0.00023000763,1,3460,357
IIRP,-0.45728928,0.00031125403,1,3460,357
IERP,-0.45728928,0.00046572255,1,3460,357
LERP,-0.45728928,0.0003720526,1,3460,357
LVRP,-0.45728928,0.00027772444,1,3460,357
LVVP,-0.45728928,0.00030748066,1,3460,357
LVWQ,-0.45728928,0.00033317078,1,3460,357
LVWP,-0.45728928,0.0004003694,1,3460,357
LVGP,-0.45728928,0.001158825,1,3460,357
IFHY,-0.45728928,0.0003128103,1,3460,357
WFDP,-0.45728928,0.00024411063,1,3460,357
WQYR,-0.45728928,0.00037320107,1,3460,357
LEVI,-0.45728928,0.00023475451,1,3460,357
DNIH,-0.45728928,0.00045334827,1,3460,357
DNDH,-0.45728928,0.0004668811,1,3460,357
DNSH,-0.45728928,0.0,1,3460,357
DWVH,-0.45728928,0.0,1,3460,357
DEVH,-0.45728928,0.0,1,3460,357
DAVV,-0.45728928,0.00025226633,1,3460,357
DMVE,-0.45728928,0.0,1,3460,357
DMVI,-0.45728928,0.0,1,3460,357
LMVI,-0.45728928,0.0007674704,1,3460,357
LEYI,-0.45728928,0.0,1,3460,357
DDIS,-0.45728928,0.0013033764,1,3460,357
CTYL,-0.45728928,0.00045702804,1,3460,357
CSML,-0.45728928,0.001069437,1,3460,357
PSCP,-0.45728928,0.0014401332,1,3460,357
PSNP,-0.45728928,0.00042100987,1,3460,357
WSNP,-0.45728928,0.00021874852,1,3460,357
WNHP,-0.45728928,0.00048259663,1,3460,357
WNHG,-0.45728928,0.00049132516,1,3460,357
WQHP,-0.45728928,0.00020181316,1,3460,357
WQHR,-0.45728928,0.00023697753,1,3460,357
DDII,-0.45728928,0.0,1,3460,357
CDIS,-0.45728928,0.00093937037,1,3460,357
WADG,-0.45728928,0.00022490855,1,3460,357
IQKV,-0.45728928,0.0,1,3460,357
WAFL,-0.45728928,0.004941515,1,3460,357
WANL,-0.45728928,0.00045319193,1,3460,357
IVND,-0.45728928,0.0,1,3460,357
IRNI,-0.45728928,0.00066353707,1,3460,357
IRKI,-0.45728928,0.0007567991,1,3460,357
IIKI,-0.45728928,0.0,1,3460,357
IIKV,-0.45728928,0.00040801347,1,3460,357
GQKV,-0.45728928,0.0,1,3460,357
TQYS,-0.45728928,0.0020854021,1,3460,357
GVKV,-0.45728928,0.0,1,3460,357
GNWV,-0.45728928,0.00013088297,1,3460,357
GNKV,-0.45728928,0.0001709346,1,3460,357
GNHV,-0.45728928,0.00015562706,1,3460,357
TYHP,-0.45728928,0.0,1,3460,357
TYHV,-0.45728928,0.0,1,3460,357
TFSV,-0.45728928,0.0005213506,1,3460,357
TFSS,-0.45728928,0.00027439505,1,3460,357
TQSS,-0.45728928,0.0,1,3460,357
FWAG,-0.45728928,0.7429245,1,3460,357
YGWT,-0.21756934,0.00045756833,2,6931,722
WQII,-0.21756934,0.00011374925,2,6931,722
KFCF,-0.21756934,0.0032927403,2,6931,722
KKEF,-0.21756934,0.00032083108,2,6931,722
KRER,-0.21756934,0.00039953238,2,6931,722
KKER,-0.21756934,0.00036801217,2,6931,722
KVER,-0.21756934,0.00022793721,2,6931,722
KEER,-0.21756934,0.00018123422,2,6931,722
KLER,-0.21756934,0.00023904716,2,6931,722
KLCR,-0.21756934,0.0005925619,2,6931,722
NLCR,-0.21756934,0.00085084414,2,6931,722
NLNR,-0.21756934,0.00037870498,2,6931,722
NLDR,-0.21756934,0.00017739717,2,6931,722
NQDR,-0.21756934,0.0002463073,2,6931,722
NIYR,-0.21756934,0.0005331994,2,6931,722
NIGR,-0.21756934,0.00031811217,2,6931,722
FWLR,-0.21756934,0.00062147743,2,6931,722
FRNR,-0.21756934,0.00063194,2,6931,722
WRNR,-0.21756934,0.0004807055,2,6931,722
WRAR,-0.21756934,0.00035440415,2,6931,722
WYAR,-0.21756934,0.00056531985,2,6931,722
WYAF,-0.21756934,0.01704116,2,6931,722
WDAF,-0.21756934,0.0011292791,2,6931,722
KRCF,-0.21756934,0.0018653827,2,6931,722
IRYP,-0.21756934,0.008400117,2,6931,722
NRCP,-0.21756934,0.0015539174,2,6931,722
EHVE,-0.21756934,0.00084543333,2,6931,722
IIFL,-0.21756934,0.0009699545,2,6931,722
IIDL,-0.21756934,0.00049521425,2,6931,722
AIDL,-0.21756934,0.00037687994,2,6931,722
NIDL,-0.21756934,0.0001571911,2,6931,722
KIDG,-0.21756934,0.00031125403,2,6931,722
DIDG,-0.21756934,0.0,2,6931,722
EHDG,-0.21756934,0.0,2,6931,722
EHNG,-0.21756934,0.0014895729,2,6931,722
EHYG,-0.21756934,0.08192652,2,6931,722
YHVG,-0.21756934,0.04977875,2,6931,722
NRCS,-0.21756934,0.0017857283,2,6931,722
YVVG,-0.21756934,0.039539393,2,6931,722
DVVG,-0.21756934,0.0006093708,2,6931,722
EQVQ,-0.21756934,0.00022832867,2,6931,722
LQVQ,-0.21756934,0.0005056979,2,6931,722
LQCQ,-0.21756934,0.0005626085,2,6931,722
NQCQ,-0.21756934,0.0006383884,2,6931,722
WQCQ,-0.21756934,0.00085904356,2,6931,722
FQCL,-0.21756934,0.0012512413,2,6931,722
FDYF,-0.21756934,0.0,2,6931,722
FFYF,-0.21756934,0.00047395506,2,6931,722
WFYF,-0.21756934,0.00023697753,2,6931,722
GVIN,-0.21756934,0.0,2,6931,722
KCKT,-0.21756934,0.0,2,6931,722
KCVT,-0.21756934,0.0024150799,2,6931,722
KCVP,-0.21756934,0.00090592424,2,6931,722
YGLP,-0.21756934,0.0003478086,2,6931,722
PGIP,-0.21756934,0.00059501966,2,6931,722
PGIN,-0.21756934,0.0,2,6931,722
NGIN,-0.21756934,0.0,2,6931,722
AGIN,-0.21756934,0.0,2,6931,722
AVIN,-0.21756934,0.0,2,6931,722
GVDN,-0.21756934,0.0,2,6931,722
YCNR,-0.21756934,0.0011585568,2,6931,722
GVMN,-0.21756934,0.00037993153,2,6931,722
GLMN,-0.21756934,0.0002463073,2,6931,722
VLMN,-0.21756934,0.00055505,2,6931,722
VFMN,-0.21756934,0.0017989093,2,6931,722
VFEN,-0.21756934,0.00040103888,2,6931,722
VFNN,-0.21756934,0.00052259484,2,6931,722
PFNA,-0.21756934,6.874953e-05,2,6931,722
HFRA,-0.21756934,0.00038329378,2,6931,722
HFWA,-0.21756934,0.0005328966,2,6931,722
KCNT,-0.21756934,0.0014895729,2,6931,722
YLNF,-0.21756934,0.0001919082,2,6931,722
WFMF,-0.21756934,0.0012880425,2,6931,722
NAEE,-0.21756934,0.0010880359,2,6931,722
IDMF,-0.21756934,0.00085701456,2,6931,722
IHMF,-0.21756934,0.0009479101,2,6931,722
IQMF,-0.21756934,0.0,2,6931,722
IQYR,-0.21756934,0.0,2,6931,722
ISQR,-0.21756934,0.00028308624,2,6931,722
ISNR,-0.21756934,0.00020207383,2,6931,722
IANR,-0.21756934,0.00020512156,2,6931,722
IAEE,-0.21756934,0.0,2,6931,722
TAEE,-0.21756934,0.0014895729,2,6931,722
NDES,-0.21756934,0.00040493242,2,6931,722
YLDF,-0.21756934,0.000121009834,2,6931,722
NDTS,-0.21756934,0.00042850728,2,6931,722
GDTS,-0.21756934,6.410046e-05,2,6931,722
GITS,-0.21756934,0.00038070226,2,6931,722
DISS,-0.21756934,0.00037687994,2,6931,722
DIAS,-0.21756934,0.00017773318,2,6931,722
YLTS,-0.21756934,0.0003804216,2,6931,722
YLTQ,-0.21756934,0.00012681504,2,6931,722
YLVQ,-0.21756934,0.00029545254,2,6931,722
YLVF,-0.21756934,0.0002532877,2,6931,722
MIAV,-0.21756934,0.028418375,2,6931,722
MRNV,-0.21756934,0.0011818099,2,6931,722
MRDV,-0.21756934,0.00021425364,2,6931,722
THNF,-0.21756934,0.0,2,6931,722
CENQ,-0.21756934,0.0011804163,2,6931,722
YSNG,-0.21756934,0.0007274659,2,6931,722
YSNF,-0.21756934,0.00012315364,2,6931,722
YRNF,-0.21756934,0.000263975,2,6931,722
YRNS,-0.21756934,0.0006241521,2,6931,722
YRNV,-0.21756934,0.00018012112,2,6931,722
MRNF,-0.21756934,0.00028096733,2,6931,722
WRNF,-0.21756934,0.00045610257,2,6931,722
LRNF,-0.21756934,0.00032755014,2,6931,722
RQNT,-0.21756934,0.00027279975,2,6931,722
LENQ,-0.21756934,0.00017773318,2,6931,722
RQKT,-0.21756934,0.000106398045,2,6931,722
RQYT,-0.21756934,0.0038449604,2,6931,722
WQYT,-0.21756934,0.017472595,2,6931,722
WNTT,-0.21756934,0.00019140488,2,6931,722
CNTT,-0.21756934,0.0010765938,2,6931,722
SNTM,-0.21756934,0.00018675238,2,6931,722
SNTR,-0.21756934,0.00014332663,2,6931,722
SATR,-0.21756934,0.000420444,2,6931,722
SRTR,-0.21756934,0.00017105146,2,6931,722
LEQQ,-0.21756934,0.0007447865,2,6931,722
SRYR,-0.21756934,0.0004549969,2,6931,722
IQNQ,-0.21756934,0.0010603741,2,6931,722
FELG,-0.21756934,0.17378351,2,6931,722
FRLG,-0.21756934,0.5054508,2,6931,722
FRLR,-0.21756934,0.00086578075,2,6931,722
FELR,-0.21756934,0.0,2,6931,722
FHAT,-0.21756934,0.10659209,2,6931,722
FQAT,-0.21756934,0.010841722,2,6931,722
FQAP,-0.21756934,0.0007820258,2,6931,722
FQYP,-0.21756934,0.00086891756,2,6931,722
IQMQ,-0.21756934,0.0011306398,2,6931,722
LENP,-0.21756934,5.8035264e-05,2,6931,722
IRFQ,-0.21756934,0.00035246235,2,6931,722
DRFQ,-0.21756934,0.0,2,6931,722
DRFN,-0.21756934,0.0007447865,2,6931,722
DRFG,-0.21756934,0.00044057798,2,6931,722
DEFG,-0.21756934,0.0010427011,2,6931,722
DEFV,-0.21756934,0.0,2,6931,722
DEDV,-0.21756934,0.0,2,6931,722
KEDV,-0.21756934,0.00016334747,2,6931,722
KENV,-0.21756934,0.0003460291,2,6931,722
WRYR,-0.21756934,0.0002468833,2,6931,722
SIYR,-0.21756934,0.00014790084,2,6931,722
MRWV,-0.21756934,0.008146103,2,6931,722
PCHP,-0.21756934,0.0026067528,2,6931,722
GDMF,-0.21756934,0.0,2,6931,722
GDMV,-0.21756934,0.0,2,6931,722
DDMV,-0.21756934,0.0,2,6931,722
DCMR,-0.21756934,0.00065168814,2,6931,722
DCMP,-0.21756934,0.00066555385,2,6931,722
DCNP,-0.21756934,0.0,2,6931,722
DCCP,-0.21756934,0.00043445878,2,6931,722
DCKP,-0.21756934,0.0,2,6931,722
DCHP,-0.21756934,0.0,2,6931,722
PIHP,-0.21756934,0.00025226633,2,6931,722
QDRF,-0.21756934,0.00035213173,2,6931,722
PIMP,-0.21756934,0.00011354279,2,6931,722
VNMP,-0.21756934,0.0028374388,2,6931,722
VNGP,-0.21756934,0.001321456,2,6931,722
MYCP,-0.21756934,0.002303354,2,6931,722
MRCP,-0.21756934,0.0014355223,2,6931,722
MRDP,-0.21756934,0.0003383766,2,6931,722
MRDL,-0.21756934,0.00039733414,2,6931,722
MRWL,-0.21756934,0.0008886657,2,6931,722
MSWV,-0.21756934,0.0059230356,2,6931,722
QDMF,-0.21756934,0.0,2,6931,722
SDSR,-0.21756934,0.00025523963,2,6931,722
NNFV,-0.21756934,0.00033817333,2,6931,722
NDFR,-0.21756934,0.0003462845,2,6931,722
NDFN,-0.21756934,0.0,2,6931,722
NIFG,-0.21756934,0.02734856,2,6931,722
NRFG,-0.21756934,0.006073179,2,6931,722
VMFG,-0.21756934,0.13950244,2,6931,722
VMFR,-0.21756934,0.00028204208,2,6931,722
SNFC,-0.21756934,0.00072465715,2,6931,722
SNFR,-0.21756934,0.00030186767,2,6931,722
SNFV,-0.21756934,0.0008819841,2,6931,722
NAFV,-0.21756934,0.00082535704,2,6931,722
MAFY,-0.21756934,0.0005846922,2,6931,722
MAGH,-0.21756934,0.0083292695,2,6931,722
AAGH,-0.21756934,0.0037537238,2,6931,722
AAFH,-0.21756934,0.0,2,6931,722
LAKH,-0.21756934,0.0005930054,2,6931,722
GYKH,-0.21756934,0.0,2,6931,722
ARKH,-0.21756934,0.0,2,6931,722
HEWA,-0.21756934,0.00045116874,2,6931,722
HEMA,-0.21756934,0.004698337,2,6931,722
HQMA,-0.21756934,0.016230725,2,6931,722
NSHP,-0.21756934,0.00050453277,2,6931,722
PIEI,-0.21756934,0.0,2,6931,722
LIEI,-0.21756934,0.00011500376,2,6931,722
AIEI,-0.21756934,0.0,2,6931,722
ATSI,-0.21756934,0.0013902682,2,6931,722
ATSP,-0.21756934,0.00092913955,2,6931,722
NTSP,-0.21756934,0.00029417896,2,6931,722
NYSP,-0.21756934,0.00070634595,2,6931,722
NSKP,-0.21756934,0.0006015583,2,6931,722
NSGP,-0.21756934,0.00047288032,2,6931,722
PKEY,-0.21756934,0.00040103888,2,6931,722
TSVP,-0.21756934,0.00030174633,2,6931,722
TRVP,-0.21756934,0.00065993745,2,6931,722
YRDA,-0.21756934,0.00046565465,2,6931,722
RLDA,-0.21756934,0.00031494384,2,6931,722
WLDA,-0.21756934,0.00031712677,2,6931,722
WYDA,-0.21756934,0.00027044126,2,6931,722
WYVA,-0.21756934,0.006581384,2,6931,722
WYNA,-0.21756934,0.00084258674,2,6931,722
WYNV,-0.21756934,0.000363733,2,6931,722
PIEY,-0.21756934,0.00018509488,2,6931,722
PVEY,-0.21756934,0.0001737835,2,6931,722
NCEV,-0.21756934,0.00076295197,2,6931,722
PTML,-0.21756934,5.0698556e-05,2,6931,722
WDMN,-0.21756934,0.0008178047,2,6931,722
WDMG,-0.21756934,0.18265587,2,6931,722
WDMV,-0.21756934,0.081013836,2,6931,722
WYMF,-0.21756934,0.0029556882,2,6931,722
WYMK,-0.21756934,0.0,2,6931,722
LYMK,-0.21756934,0.000347567,2,6931,722
LTMK,-0.21756934,8.762189e-05,2,6931,722
NTMK,-0.21756934,0.0,2,6931,722
ATMK,-0.21756934,0.0,2,6931,722
ATML,-0.21756934,0.0,2,6931,722
DVLY,-0.21756934,0.0,2,6931,722
ATMR,-0.21756934,0.0006951341,2,6931,722
ATMP,-0.21756934,0.0,2,6931,722
AVMP,-0.21756934,0.0012512413,2,6931,722
LVMP,-0.21756934,0.027245222,2,6931,722
DVMP,-0.21756934,0.00039101296,2,6931,722
DELE,-0.21756934,0.0,2,6931,722
DELP,-0.21756934,0.0004668811,2,6931,722
DYLP,-0.21756934,0.00030971316,2,6931,722
NYNV,-0.21756934,0.0004887661,2,6931,722
YCIG,-0.21756934,0.016283277,2,6931,722
DQAN,-0.21756934,0.0,2,6931,722
IQLW,-0.21756934,0.0,2,6931,722
WRAC,-0.21756934,0.09057026,2,6931,722
WRFV,-0.21756934,0.6383704,2,6931,722
WQFW,-0.21756934,0.0014036361,2,6931,722
QPYW,-0.21756934,0.00020051938,2,6931,722
QPYG,-0.21756934,0.004771683,2,6931,722
QPYP,-0.21756934,0.00019399094,2,6931,722
QPMP,-0.21756934,0.00018133933,2,6931,722
GNYT,-0.21756934,0.011517703,2,6931,722
HQQR,-0.21756934,0.000823185,2,6931,722
KCLY,-0.21756934,0.0005828764,2,6931,722
WRDS,-0.21756934,0.00028399655,2,6931,722
KHIQ,-0.21756934,0.00025640195,2,6931,722
KKIQ,-0.21756934,0.0001787487,2,6931,722
MWNI,-0.21756934,0.00043086827,2,6931,722
NDMQ,-0.21756934,0.0,2,6931,722
NHER,-0.21756934,0.00030971316,2,6931,722
QMCP,-0.21756934,0.0008879777,2,6931,722
SPFE,-0.21756934,0.0003574975,2,6931,722
TVME,-0.21756934,0.0,2,6931,722
TYNL,-0.21756934,0.00071910414,2,6931,722
WRAY,-0.21756934,0.00039998992,2,6931,722
WRKP,-0.21756934,0.00025605212,2,6931,722
MSIG,-0.21756934,0.005346213,2,6931,722
QEYS,-0.21756934,0.00084049505,2,6931,722
MVMG,-0.21756934,0.21610348,2,6931,722
MVSG,-0.21756934,0.007497107,2,6931,722
NQSG,-0.21756934,0.0007447865,2,6931,722
NLYS,-0.21756934,0.0005557544,2,6931,722
NRYS,-0.21756934,0.00040103888,2,6931,722
MCYS,-0.21756934,0.0066215326,2,6931,722
MEYS,-0.21756934,0.0012031167,2,6931,722
MEYV,-0.21756934,0.0033176853,2,6931,722
QEYI,-0.21756934,0.0015409376,2,6931,722
WDKP,-0.21756934,0.00024269772,2,6931,722
WEMI,-0.21756934,0.024453646,2,6931,722
WEKI,-0.21756934,0.0002308563,2,6931,722
GEKI,-0.21756934,0.0,2,6931,722
FDKV,-0.21756934,0.0011585568,2,6931,722
KDKG,-0.21756934,0.0,2,6931,722
GDKG,-0.21756934,0.0,2,6931,722
GDKP,-0.21756934,0.00012267077,2,6931,722
DVKP,-0.21756934,0.00030667684,2,6931,722
DIKP,-0.21756934,0.001804675,2,6931,722
DQMN,-0.21756934,0.0,2,6931,722
CQAN,-0.21756934,0.0008319423,2,6931,722
HYMA,-0.21756934,0.03258441,2,6931,722
AFRG,-0.21756934,0.0,2,6931,722
FKKY,-0.21756934,0.0,2,6931,722
TKAY,-0.21756934,0.0,2,6931,722
TKAC,-0.21756934,0.0052135056,2,6931,722
TPWC,-0.21756934,0.0017378351,2,6931,722
TPWG,-0.21756934,0.0,2,6931,722
QQWG,-0.21756934,0.0021662766,2,6931,722
QQQG,-0.21756934,0.00021425364,2,6931,722
QQMG,-0.21756934,0.028454434,2,6931,722
QFRG,-0.21756934,0.00025431736,2,6931,722
AFMG,-0.21756934,0.12744124,2,6931,722
MRKY,-0.21756934,0.00065624545,2,6931,722
IFMG,-0.21756934,0.07165753,2,6931,722
IVMG,-0.21756934,0.101529576,2,6931,722
IEMG,-0.21756934,0.026247304,2,6931,722
YQNH,-0.21756934,0.0,2,6931,722
YSDN,-0.21756934,0.00023460774,2,6931,722
YDSN,-0.21756934,0.00065338967,2,6931,722
DDSN,-0.21756934,0.0,2,6931,722
DESN,-0.21756934,0.0,2,6931,722
FHKY,-0.21756934,0.0,2,6931,722
MRQK,-0.21756934,0.0,2,6931,722
RKDN,-0.21756934,0.00043103786,2,6931,722
WCHM,-0.21756934,0.002161235,2,6931,722
HYVA,-0.21756934,0.00072440284,2,6931,722
HAMA,-0.21756934,0.02118399,2,6931,722
YCKM,-0.21756934,0.0006951341,2,6931,722
WCKM,-0.21756934,0.0023171136,2,6931,722
WCCM,-0.21756934,0.0428997,2,6931,722
VCHM,-0.21756934,0.002018131,2,6931,722
MIDK,-0.21756934,0.00017282343,2,6931,722
ECSM,-0.21756934,0.0031281032,2,6931,722
ECSI,-0.21756934,0.0,2,6931,722
KHSI,-0.21756934,0.0,2,6931,722
KMWI,-0.21756934,0.00020715912,2,6931,722
MMWK,-0.21756934,0.0001747544,2,6931,722
MAWK,-0.21756934,0.0,2,6931,722
MVMK,-0.21756934,0.00025431736,2,6931,722
MVDK,-0.21756934,0.00019429214,2,6931,722
MRDK,-0.21756934,0.00010749494,2,6931,722
RMDT,-0.21756934,0.00026703323,2,6931,722
TQMN,-0.21756934,0.0,2,6931,722
NEVH,-0.21756934,0.0004416146,2,6931,722
FMYR,-0.21756934,0.0,2,6931,722
FDYC,-0.21756934,0.0,2,6931,722
FIYC,-0.21756934,0.004241496,2,6931,722
LIYC,-0.21756934,0.010619391,2,6931,722
LIHC,-0.21756934,0.0020854021,2,6931,722
LEHH,-0.21756934,0.00064496975,2,6931,722
NEHH,-0.21756934,0.0,2,6931,722
NVVH,-0.21756934,0.00036901401,2,6931,722
YAYM,-0.21756934,0.000823185,2,6931,722
LWHL,-0.21756934,0.000874994,2,6931,722
LEHL,-0.21756934,0.00023519574,2,6931,722
NEHL,-0.21756934,0.00035345802,2,6931,722
NEHF,-0.21756934,0.0006951341,2,6931,722
NWHY,-0.21756934,0.0,2,6931,722
NWHR,-0.21756934,0.0,2,6931,722
NWHC,-0.21756934,0.0,2,6931,722
NWMC,-0.21756934,0.0016463702,2,6931,722
NQMC,-0.21756934,0.00076295197,2,6931,722
YVYM,-0.21756934,0.00070136844,2,6931,722
NMDS,-0.21756934,0.00043954613,2,6931,722
QDRL,-0.21756934,0.0002474495,2,6931,722
PHDV,-0.21756934,0.00066555385,2,6931,722
PHDR,-0.21756934,0.000544018,2,6931,722
PHDS,-0.21756934,0.00015333842,2,6931,722
PELS,-0.21756934,0.00020246621,2,6931,722
PEYS,-0.21756934,0.00040103888,2,6931,722
PEMK,-0.21756934,0.0,2,6931,722
PEYK,-0.21756934,0.0,2,6931,722
QEYK,-0.21756934,0.0005213506,2,6931,722
QRYK,-0.21756934,0.00021798625,2,6931,722
MDML,-0.21756934,0.0008363912,2,6931,722
GVYT,-0.21756934,0.010311795,2,6931,722
LDML,-0.21756934,0.0013749904,2,6931,722
WDML,-0.21756934,0.002528706,2,6931,722
CDMF,-0.21756934,0.0004926147,2,6931,722
RDME,-0.21756934,8.031075e-05,2,6931,722
RVME,-0.21756934,0.00021936207,2,6931,722
LVMQ,-0.21756934,0.0004006109,2,6931,722
LVDQ,-0.21756934,0.00013425332,2,6931,722
LVYQ,-0.21756934,0.00016528952,2,6931,722
RVYT,-0.21756934,0.015274093,2,6931,722
FHLG,-0.21756934,0.45448607,2,6931,722
WGWY,0.061682776,0.0020646814,3,10404,1069
VWSW,0.061682776,0.0006256207,3,10404,1069
PRPW,0.061682776,0.0,3,10404,1069
PRCW,0.061682776,0.0009624933,3,10404,1069
PRNW,0.061682776,0.0005347185,3,10404,1069
SMNW,0.061682776,0.0002495827,3,10404,1069
AMNW,0.061682776,0.0015640517,3,10404,1069
ARIW,0.061682776,0.0028437304,3,10404,1069
NRIW,0.061682776,0.00066555385,3,10404,1069
GRIC,0.061682776,0.00046001514,3,10404,1069
NRIC,0.061682776,0.0018096466,3,10404,1069
NRMC,0.061682776,0.0001967361,3,10404,1069
NIMC,0.061682776,0.00037687994,3,10404,1069
NIMS,0.061682776,0.00025745708,3,10404,1069
NVMR,0.061682776,0.00021535989,3,10404,1069
NCMP,0.061682776,0.002932597,3,10404,1069
NVMP,0.061682776,0.00037973945,3,10404,1069
NSMF,0.061682776,0.0,3,10404,1069
MIMK,0.061682776,0.0001967361,3,10404,1069
MRMK,0.061682776,0.000796969,3,10404,1069
NRMK,0.061682776,0.0,3,10404,1069
NRMP,0.061682776,0.0005747172,3,10404,1069
VRDW,0.061682776,0.00072326086,3,10404,1069
VWDW,0.061682776,0.0009775322,3,10404,1069
VWVW,0.061682776,0.00027083146,3,10404,1069
NHCP,0.061682776,0.0005487901,3,10404,1069
SDNA,0.061682776,0.010593843,3,10404,1069
SDNP,0.061682776,0.00024186366,3,10404,1069
SAQP,0.061682776,0.00045054982,3,10404,1069
SAMP,0.061682776,0.0003271219,3,10404,1069
MIMP,0.061682776,0.0042772023,3,10404,1069
MQMP,0.061682776,0.0004965243,3,10404,1069
NQMP,0.061682776,0.0002628658,3,10404,1069
WQMP,0.061682776,0.0017791694,3,10404,1069
WHCP,0.061682776,0.0028629075,3,10404,1069
NKPP,0.061682776,0.0006800224,3,10404,1069
VGMW,0.061682776,0.0012031167,3,10404,1069
NKMP,0.061682776,0.00033277692,3,10404,1069
GIMN,0.061682776,0.0002406233,3,10404,1069
GEMN,0.061682776,0.00022028893,3,10404,1069
DYEN,0.061682776,0.0,3,10404,1069
DIEN,0.061682776,0.0,3,10404,1069
DIEP,0.061682776,0.00030971316,3,10404,1069
GRMN,0.061682776,0.0001564052,3,10404,1069
HRMR,0.061682776,0.0001529635,3,10404,1069
LRMR,0.061682776,0.00026793178,3,10404,1069
WQER,0.061682776,0.0003899683,3,10404,1069
DQSC,0.061682776,0.0,3,10404,1069
WQSC,0.061682776,0.0031444808,3,10404,1069
WRSC,0.061682776,0.008189605,3,10404,1069
WSSQ,0.061682776,0.00020527346,3,10404,1069
WNST,0.061682776,0.000981016,3,10404,1069
WNVT,0.061682776,0.004383737,3,10404,1069
WRVT,0.061682776,0.0056567043,3,10404,1069
WRER,0.061682776,0.0003930181,3,10404,1069
WVER,0.061682776,0.00027252137,3,10404,1069
WEER,0.061682776,0.0001255426,3,10404,1069
WIER,0.061682776,0.00031757395,3,10404,1069
AIER,0.061682776,0.0,3,10404,1069
DIEG,0.061682776,0.0,3,10404,1069
DTGG,0.061682776,0.0004668811,3,10404,1069
DTDG,0.061682776,0.0,3,10404,1069
NTDG,0.061682776,0.00015333842,3,10404,1069
LTDG,0.061682776,0.000183646,3,10404,1069
ATDG,0.061682776,0.0,3,10404,1069
LQKC,0.061682776,0.0009479101,3,10404,1069
LHQC,0.061682776,0.0010786563,3,10404,1069
NRMR,0.061682776,0.00022132808,3,10404,1069
DVAQ,0.061682776,0.00027682327,3,10404,1069
NRVD,0.061682776,0.0,3,10404,1069
WVCD,0.061682776,0.008937438,3,10404,1069
DARQ,0.061682776,0.0010256077,3,10404,1069
KHQC,0.061682776,0.00035147226,3,10404,1069
CACQ,0.061682776,0.0006383884,3,10404,1069
CVCQ,0.061682776,0.0007429566,3,10404,1069
CICQ,0.061682776,0.0006735151,3,10404,1069
PICM,0.061682776,0.0013033764,3,10404,1069
GICE,0.061682776,0.0,3,10404,1069
KHCE,0.061682776,0.00031919425,3,10404,1069
SINP,0.061682776,0.00020647547,3,10404,1069
SIDP,0.061682776,0.00041401372,3,10404,1069
SIVP,0.061682776,0.00033055997,3,10404,1069
GECR,0.061682776,9.507912e-05,3,10404,1069
NRNR,0.061682776,0.00068249524,3,10404,1069
ARNR,0.061682776,0.0,3,10404,1069
ARNF,0.061682776,0.0,3,10404,1069
ARNS,0.061682776,0.0,3,10404,1069
FRNA,0.061682776,0.0022343595,3,10404,1069
TRNR,0.061682776,0.00084543333,3,10404,1069
TRCR,0.061682776,0.00060543936,3,10404,1069
SNCR,0.061682776,0.0008182162,3,10404,1069
GNCR,0.061682776,0.00011893929,3,10404,1069
GECP,0.061682776,0.0,3,10404,1069
NKYR,0.061682776,0.0003934721,3,10404,1069
GEDP,0.061682776,0.0,3,10404,1069
AEDP,0.061682776,0.0,3,10404,1069
DEDP,0.061682776,0.0,3,10404,1069
NEDP,0.061682776,0.00061820226,3,10404,1069
NEKP,0.061682776,0.00083788484,3,10404,1069
DTDL,0.061682776,0.0,3,10404,1069
DTDP,0.061682776,0.00079528044,3,10404,1069
DTHK,0.061682776,0.0014895729,3,10404,1069
NQHK,0.061682776,0.0012512413,3,10404,1069
NRYR,0.061682776,0.00022667414,3,10404,1069
NKMC,0.061682776,0.0,3,10404,1069
GQKK,0.061682776,0.0,3,10404,1069
DRMK,0.061682776,0.0,3,10404,1069
CRLK,0.061682776,0.0014523336,3,10404,1069
CRDK,0.061682776,0.00089374377,3,10404,1069
SADK,0.061682776,0.00030818747,3,10404,1069
IADK,0.061682776,0.0,3,10404,1069
IAMK,0.061682776,0.00086891756,3,10404,1069
LAMK,0.061682776,0.0,3,10404,1069
LRMK,0.061682776,0.0005140076,3,10404,1069
ARMK,0.061682776,0.0,3,10404,1069
DRYK,0.061682776,0.0009775322,3,10404,1069
DKMC,0.061682776,0.0,3,10404,1069
DRYR,0.061682776,0.0,3,10404,1069
FNYR,0.061682776,0.0,3,10404,1069
FDYR,0.061682776,0.0,3,10404,1069
FRYR,0.061682776,0.0004622813,3,10404,1069
FRYS,0.061682776,0.001338226,3,10404,1069
FIDS,0.061682776,0.00037239326,3,10404,1069
FHKS,0.061682776,0.0012767769,3,10404,1069
FHMS,0.061682776,0.023260254,3,10404,1069
DHMS,0.061682776,0.0,3,10404,1069
GQHK,0.061682776,0.0,3,10404,1069
FQKA,0.061682776,0.0010427011,3,10404,1069
SIVH,0.061682776,0.00012042743,3,10404,1069
DGKP,0.061682776,0.0,3,10404,1069
GQKC,0.061682776,0.0,3,10404,1069
GQMC,0.061682776,0.0010427011,3,10404,1069
GQDC,0.061682776,0.0031281032,3,10404,1069
GQHC,0.061682776,0.0,3,10404,1069
AGKP,0.061682776,0.0,3,10404,1069
FSMF,0.061682776,0.0006800224,3,10404,1069
CWKK,0.061682776,0.0012512413,3,10404,1069
CIKK,0.061682776,0.0011916584,3,10404,1069
CMKV,0.061682776,0.0004887661,3,10404,1069
CMDV,0.061682776,0.0006864177,3,10404,1069
AMDV,0.061682776,0.0,3,10404,1069
AMDP,0.061682776,0.0,3,10404,1069
AVDG,0.061682776,0.0,3,10404,1069
AVCG,0.061682776,0.18393247,3,10404,1069
SVVH,0.061682776,0.00025490948,3,10404,1069
NQKF,0.061682776,0.0,3,10404,1069
LYMF,0.061682776,0.0015135984,3,10404,1069
NQKA,0.061682776,0.0,3,10404,1069
LTDL,0.061682776,0.00025526065,3,10404,1069
NVKA,0.061682776,0.00018843991,3,10404,1069
NVNF,0.061682776,0.00022343594,3,10404,1069
NINF,0.061682776,0.0,3,10404,1069
NINS,0.061682776,0.00042850728,3,10404,1069
NENS,0.061682776,0.0006015583,3,10404,1069
NRNS,0.061682776,0.00065854803,3,10404,1069
NEDS,0.061682776,0.0006015583,3,10404,1069
NADS,0.061682776,0.00031125403,3,10404,1069
LADS,0.061682776,0.0005495317,3,10404,1069
LTDC,0.061682776,0.0006821409,3,10404,1069
NYMF,0.061682776,0.0,3,10404,1069
LTDR,0.061682776,0.00015798498,3,10404,1069
LTDP,0.061682776,0.0001319875,3,10404,1069
LTYP,0.061682776,0.0006460798,3,10404,1069
DTYP,0.061682776,0.0,3,10404,1069
QTCF,0.061682776,0.0007447865,3,10404,1069
QELF,0.061682776,0.00049411104,3,10404,1069
NELF,0.061682776,0.0005347185,3,10404,1069
NYLF,0.061682776,0.0,3,10404,1069
ARDG,0.061682776,0.0,3,10404,1069
SADN,0.061682776,0.00012171607,3,10404,1069
MRIF,0.061682776,0.00028963923,3,10404,1069
DRDT,0.061682776,0.0,3,10404,1069
WRDT,0.061682776,0.00029255112,3,10404,1069
WKCA,0.061682776,0.4774548,3,10404,1069
LKCA,0.061682776,0.54097366,3,10404,1069
LICA,0.061682776,0.56887084,3,10404,1069
LIYA,0.061682776,0.041282453,3,10404,1069
LIDA,0.061682776,0.00058143184,3,10404,1069
LIIG,0.061682776,0.026768157,3,10404,1069
LRIG,0.061682776,0.018725853,3,10404,1069
MRMF,0.061682776,0.0008905632,3,10404,1069
FRAT,0.061682776,0.02229935,3,10404,1069
MRYS,0.061682776,0.0035567356,3,10404,1069
MQYS,0.061682776,0.0014778441,3,10404,1069
MRYR,0.061682776,0.0003337452,3,10404,1069
MRDR,0.061682776,0.0001571911,3,10404,1069
MYPR,0.061682776,0.00035147226,3,10404,1069
MIPR,0.061682776,0.00012767763,3,10404,1069
MVKR,0.061682776,0.00016420493,3,10404,1069
MYKN,0.061682776,0.0002650935,3,10404,1069
WYVN,0.061682776,0.0013267167,3,10404,1069
DRAT,0.061682776,0.00013143296,3,10404,1069
LRAR,0.061682776,0.00041455368,3,10404,1069
WRMN,0.061682776,0.0024758605,3,10404,1069
DVDE,0.061682776,0.000823185,3,10404,1069
DDTE,0.061682776,0.0,3,10404,1069
DRTE,0.061682776,0.0,3,10404,1069
WLTE,0.061682776,0.00032352717,3,10404,1069
WRTE,0.061682776,0.00037491598,3,10404,1069
WRYE,0.061682776,0.0004668811,3,10404,1069
ARNE,0.061682776,0.0,3,10404,1069
LRNE,0.061682776,8.546735e-05,3,10404,1069
IRRE,0.061682776,0.00030768232,3,10404,1069
DRDE,0.061682776,0.0,3,10404,1069
NRAR,0.061682776,0.00029031123,3,10404,1069
DRME,0.061682776,0.0,3,10404,1069
TRQE,0.061682776,0.0,3,10404,1069
THME,0.061682776,0.0,3,10404,1069
TRME,0.061682776,0.0,3,10404,1069
TRDE,0.061682776,0.0011585568,3,10404,1069
FMAE,0.061682776,0.00020993977,3,10404,1069
DRAE,0.061682776,0.0009479101,3,10404,1069
NRAE,0.061682776,0.00020312359,3,10404,1069
WRVN,0.061682776,0.00043559313,3,10404,1069
IRMK,0.061682776,0.00026140138,3,10404,1069
DVEE,0.061682776,0.0021573126,3,10404,1069
HLTV,0.061682776,0.00033900625,3,10404,1069
DTYT,0.061682776,0.00041159257,3,10404,1069
HTKT,0.061682776,9.8990575e-05,3,10404,1069
DTKT,0.061682776,0.0,3,10404,1069
GTKT,0.061682776,0.0,3,10404,1069
GQKT,0.061682776,0.0,3,10404,1069
DQGL,0.061682776,0.017706245,3,10404,1069
GISG,0.061682776,0.00014349098,3,10404,1069
GKEI,0.061682776,0.00020051938,3,10404,1069
HWHW,0.061682776,0.0009479101,3,10404,1069
NPGI,0.061682776,0.0,3,10404,1069
IRTQ,0.061682776,0.00015825148,3,10404,1069
KHVT,0.061682776,0.000559894,3,10404,1069
LRMR,0.061682776,0.00026793178,3,10404,1069
NPFH,0.061682776,0.0004036262,3,10404,1069
QEIS,0.061682776,0.00027005209,3,10404,1069
SFEW,0.061682776,0.000189582,3,10404,1069
VHLE,0.061682776,0.00030971316,3,10404,1069
VVPG,0.061682776,0.00045334827,3,10404,1069
NQYI,0.061682776,0.000823185,3,10404,1069
APGI,0.061682776,0.0,3,10404,1069
HRMV,0.061682776,0.0010933176,3,10404,1069
LLYM,0.061682776,0.000362889,3,10404,1069
HMEV,0.061682776,0.00022585582,3,10404,1069
HARV,0.061682776,0.00028698196,3,10404,1069
HKKG,0.061682776,0.0,3,10404,1069
QKKQ,0.061682776,0.00040103888,3,10404,1069
PKKM,0.061682776,0.0,3,10404,1069
DKDM,0.061682776,0.0012767769,3,10404,1069
DLIM,0.061682776,0.0007820258,3,10404,1069
DLYM,0.061682776,0.0,3,10404,1069
LLMM,0.061682776,0.002226538,3,10404,1069
ARGH,0.061682776,0.0034280585,3,10404,1069
NLMM,0.061682776,0.0006427609,3,10404,1069
NLYM,0.061682776,0.0,3,10404,1069
NIYM,0.061682776,0.0017706245,3,10404,1069
NICT,0.061682776,0.0046405927,3,10404,1069
NGPH,0.061682776,0.00021798625,3,10404,1069
NDGH,0.061682776,0.0007820258,3,10404,1069
NIGH,0.061682776,0.0014549318,3,10404,1069
NRGH,0.061682776,0.00060793525,3,10404,1069
DVHE,0.061682776,0.0,3,10404,1069
DVNV,0.061682776,0.0,3,10404,1069
KHDN,0.061682776,0.0,3,10404,1069
WRMI,0.061682776,0.15970796,3,10404,1069
FEAQ,0.061682776,0.0,3,10404,1069
FDAI,0.061682776,0.0036494539,3,10404,1069
FDGG,0.061682776,0.098157726,3,10404,1069
FILG,0.061682776,0.486748,3,10404,1069
FILI,0.061682776,0.003421363,3,10404,1069
FIDI,0.061682776,0.0,3,10404,1069
FIMI,0.061682776,0.016891757,3,10404,1069
LIMI,0.061682776,0.04396253,3,10404,1069
LRMI,0.061682776,0.029861972,3,10404,1069
WELC,0.061682776,0.20536864,3,10404,1069
AISS,0.061682776,0.00048124668,3,10404,1069
FWLC,0.061682776,0.3888556,3,10404,1069
FWNC,0.061682776,0.0,3,10404,1069
LWNC,0.061682776,0.0016179844,3,10404,1069
DWAC,0.061682776,0.0,3,10404,1069
DCTC,0.061682776,0.0025024826,3,10404,1069
ACTS,0.061682776,0.0,3,10404,1069
SMTS,0.061682776,0.0003143822,3,10404,1069
LMTS,0.061682776,0.00050250656,3,10404,1069
FIHS,0.061682776,0.0033948408,3,10404,1069
LVTS,0.061682776,0.0014131062,3,10404,1069
ASKY,0.061682776,0.0,3,10404,1069
KHNN,0.061682776,0.00042850728,3,10404,1069
YHNG,0.061682776,0.0015838498,3,10404,1069
GHSG,0.061682776,0.0002606753,3,10404,1069
GVSG,0.061682776,0.0002003054,3,10404,1069
GESY,0.061682776,8.937435e-05,3,10404,1069
NEWY,0.061682776,0.00028181108,3,10404,1069
NSKY,0.061682776,0.00067271036,3,10404,1069
CGKY,0.061682776,0.000544018,3,10404,1069
WIKI,0.061682776,0.0010923535,3,10404,1069
CGWQ,0.061682776,0.0007372635,3,10404,1069
CGWS,0.061682776,0.001022813,3,10404,1069
LGWS,0.061682776,0.00027044126,3,10404,1069
LGDS,0.061682776,0.00037870498,3,10404,1069
LIDS,0.061682776,0.00035175463,3,10404,1069
LIII,0.061682776,0.00017330209,3,10404,1069
LINI,0.061682776,0.0005161886,3,10404,1069
WINI,0.061682776,0.00073936983,3,10404,1069
WIDI,0.061682776,0.00036586003,3,10404,1069
LRTS,0.061682776,0.0011620601,3,10404,1069
LVEE,0.061682776,8.0002595e-05,3,10404,1069
EVDR,0.061682776,0.00027439505,3,10404,1069
DIVL,0.061682776,0.00029031123,3,10404,1069
DINL,0.061682776,0.00025226633,3,10404,1069
DLEL,0.061682776,0.0001967361,3,10404,1069
QLEC,0.061682776,0.0014218651,3,10404,1069
QGPC,0.061682776,0.0011763063,3,10404,1069
QRPC,0.061682776,0.00084543333,3,10404,1069
ERWC,0.061682776,0.0,3,10404,1069
ERDC,0.061682776,0.00043749693,3,10404,1069
EQDC,0.061682776,0.0,3,10404,1069
GVDR,0.061682776,0.0,3,10404,1069
SIVL,0.061682776,0.00026863482,3,10404,1069
AVNR,0.061682776,0.0,3,10404,1069
MSNR,0.061682776,0.0002006802,3,10404,1069
DSNR,0.061682776,0.0,3,10404,1069
DINR,0.061682776,0.00028698196,3,10404,1069
WVNR,0.061682776,0.0002756038,3,10404,1069
WVWS,0.061682776,0.0011870252,3,10404,1069
DVWS,0.061682776,0.00017977609,3,10404,1069
DVNS,0.061682776,0.00065854803,3,10404,1069
DDNS,0.061682776,0.0010786563,3,10404,1069
AIVL,0.061682776,0.00043445878,3,10404,1069
SIIL,0.061682776,0.00026622156,3,10404,1069
LREE,0.061682776,0.00011985073,3,10404,1069
NYAE,0.061682776,0.0,3,10404,1069
GDYE,0.061682776,0.0,3,10404,1069
GDME,0.061682776,0.0,3,10404,1069
GDFE,0.061682776,0.00025431736,3,10404,1069
GDCE,0.061682776,0.0,3,10404,1069
QVAE,0.061682776,0.00041834815,3,10404,1069
QIAE,0.061682776,0.0005739639,3,10404,1069
GKAE,0.061682776,7.5194774e-05,3,10404,1069
GYAE,0.061682776,0.0,3,10404,1069
NYQV,0.061682776,0.0,3,10404,1069
SKIL,0.061682776,0.00027858428,3,10404,1069
NVQV,0.061682776,0.00011759781,3,10404,1069
NVDV,0.061682776,0.00030029792,3,10404,1069
NSQV,0.061682776,0.0001919082,3,10404,1069
NSKV,0.061682776,0.0004036262,3,10404,1069
NSKG,0.061682776,0.00025640195,3,10404,1069
KEYG,0.061682776,0.027770536,3,10404,1069
KVKG,0.061682776,0.0004842265,3,10404,1069
SVIG,0.061682776,0.00033797038,3,10404,1069
NRLK,0.061682776,0.00028897033,3,10404,1069
WADG,-0.13006109,0.00022490855,4,13944,1419
AWCS,-0.29149482,0.03128103,4,13944,1419
AYTS,-0.29149482,0.0,4,13944,1419
AYFS,-0.29149482,0.0025024826,4,13944,1419
DYFS,-0.29149482,0.00028437306,4,13944,1419
GYPS,-0.29149482,0.00047395506,4,13944,1419
FWPS,-0.29149482,0.0,4,13944,1419
YWIS,-0.29149482,0.000530187,4,13944,1419
YWNS,-0.29149482,0.00054244563,4,13944,1419
AWNS,-0.29149482,0.0,4,13944,1419
AWYS,-0.29149482,0.0022343595,4,13944,1419
LWHS,-0.29149482,0.008937438,4,13944,1419
LWHP,-0.29149482,0.00031811217,4,13944,1419
AIWP,-0.29149482,0.0,4,13944,1419
WINV,-0.29149482,0.00043486143,4,13944,1419
LYDM,-0.29149482,0.00035546624,4,13944,1419
NDDP,-0.29149482,0.00037687994,4,13944,1419
ADDP,-0.29149482,0.0,4,13944,1419
ADMP,-0.29149482,0.0,4,13944,1419
NDMR,-0.29149482,0.00012926049,4,13944,1419
NDDR,-0.29149482,0.0,4,13944,1419
GFDN,-0.29149482,0.0,4,13944,1419
GPDM,-0.29149482,0.0,4,13944,1419
EIDR,-0.29149482,0.0003450114,4,13944,1419
WKCH,-0.29149482,0.00087332836,4,13944,1419
IDDR,-0.29149482,0.000568746,4,13944,1419
DDMR,-0.29149482,0.0,4,13944,1419
DRMR,-0.29149482,0.00056531985,4,13944,1419
DRMP,-0.29149482,0.00045008678,4,13944,1419
DCMS,-0.29149482,0.0006800224,4,13944,1419
AIMS,-0.29149482,0.027070124,4,13944,1419
AKMC,-0.29149482,0.0031281032,4,13944,1419
AKEH,-0.29149482,0.0,4,13944,1419
AKCH,-0.29149482,0.0,4,13944,1419
WIFV,-0.29149482,0.5623276,4,13944,1419
WIAQ,-0.29149482,0.0005298278,4,13944,1419
NWYP,-0.29149482,0.0012031167,4,13944,1419
MIRW,-0.29149482,0.00040624719,4,13944,1419
NMDI,-0.29149482,0.00019429214,4,13944,1419
NRQI,-0.29149482,0.0,4,13944,1419
NQMI,-0.29149482,0.0,4,13944,1419
NQCI,-0.29149482,0.0,4,13944,1419
NVCR,-0.29149482,0.001274087,4,13944,1419
SNDR,-0.29149482,0.00024248862,4,13944,1419
SRDR,-0.29149482,0.00037568875,4,13944,1419
MREN,-0.29149482,0.00061335356,4,13944,1419
MCTW,-0.29149482,0.0003495088,4,13944,1419
MVRW,-0.29149482,0.0009775322,4,13944,1419
WMDI,-0.29149482,0.00034478097,4,13944,1419
NDLW,-0.29149482,0.00020051938,4,13944,1419
WDLW,-0.29149482,0.0013953157,4,13944,1419
WYLW,-0.29149482,0.0006405672,4,13944,1419
WILW,-0.29149482,0.0017813799,4,13944,1419
WNKW,-0.29149482,0.00036801217,4,13944,1419
LNWS,-0.29149482,0.001627631,4,13944,1419
LNWG,-0.29149482,0.0021009648,4,13944,1419
INWG,-0.29149482,0.0014974963,4,13944,1419
INDG,-0.29149482,0.0005213506,4,13944,1419
AMDI,-0.29149482,0.0,4,13944,1419
WMHI,-0.29149482,0.0001890093,4,13944,1419
WNAT,-0.29149482,0.009412407,4,13944,1419
FNET,-0.29149482,0.00029791455,4,13944,1419
GNEN,-0.29149482,0.00017672895,4,13944,1419
GNMN,-0.29149482,0.0,4,13944,1419
GNDR,-0.29149482,0.00024016152,4,13944,1419
WNCR,-0.29149482,0.0010758738,4,13944,1419
DECR,-0.29149482,0.0018958201,4,13944,1419
HLCR,-0.29149482,0.00061289134,4,13944,1419
DWSS,-0.29149482,0.0007507448,4,13944,1419
WIHV,-0.29149482,0.0010340837,4,13944,1419
DWDS,-0.29149482,0.000823185,4,13944,1419
DWDP,-0.29149482,0.0,4,13944,1419
DWYS,-0.29149482,0.0,4,13944,1419
VNDQ,-0.29149482,0.00022185125,4,13944,1419
VNDV,-0.29149482,0.0007876519,4,13944,1419
VNCV,-0.29149482,0.018445022,4,13944,1419
KNHV,-0.29149482,0.0003375651,4,13944,1419
KIHV,-0.29149482,0.00019132133,4,13944,1419
DIHV,-0.29149482,0.0,4,13944,1419
NDYP,-0.29149482,0.0,4,13944,1419
NEMP,-0.29149482,0.0006608669,4,13944,1419
WVQS,-0.29149482,0.0004086405,4,13944,1419
LDIV,-0.29149482,0.00028265998,4,13944,1419
DMPA,-0.29149482,0.00039101296,4,13944,1419
NMPA,-0.29149482,0.00021874852,4,13944,1419
NFMA,-0.29149482,0.0004208211,4,13944,1419
DFMA,-0.29149482,0.000530187,4,13944,1419
DIMA,-0.29149482,0.00045334827,4,13944,1419
LIMA,-0.29149482,0.3941022,4,13944,1419
LIKA,-0.29149482,0.012375749,4,13944,1419
LIKG,-0.29149482,0.0014006433,4,13944,1419
LMQE,-0.29149482,0.00025226633,4,13944,1419
LDDV,-0.29149482,0.00045554905,4,13944,1419
IYPP,-0.29149482,0.00029125725,4,13944,1419
LQDV,-0.29149482,0.0008319423,4,13944,1419
LNAM,-0.29149482,0.026076563,4,13944,1419
LRAM,-0.29149482,0.024139391,4,13944,1419
SMAM,-0.29149482,0.00035081533,4,13944,1419
SRAM,-0.29149482,0.0034939826,4,13944,1419
SRYM,-0.29149482,0.00032083108,4,13944,1419
SRMM,-0.29149482,0.00021135827,4,13944,1419
SRDM,-0.29149482,0.00027731413,4,13944,1419
TRDF,-0.29149482,0.0,4,13944,1419
DYPP,-0.29149482,0.0,4,13944,1419
IRPP,-0.29149482,0.00035521403,4,13944,1419
LEDF,-0.29149482,0.0007403795,4,13944,1419
GKKA,-0.29149482,0.00043647958,4,13944,1419
KVCG,-0.29149482,0.14576316,4,13944,1419
KECG,-0.29149482,0.032025818,4,13944,1419
KICG,-0.29149482,0.16250607,4,13944,1419
VRIG,-0.29149482,0.010792533,4,13944,1419
VRYG,-0.29149482,0.16907597,4,13944,1419
ARYG,-0.29149482,0.08445879,4,13944,1419
YYYG,-0.29149482,0.03704333,4,13944,1419
GYYG,-0.29149482,0.013821851,4,13944,1419
GYKG,-0.29149482,0.0,4,13944,1419
YCYA,-0.29149482,0.02139219,4,13944,1419
DRDS,-0.29149482,0.00041159257,4,13944,1419
YYYA,-0.29149482,0.009348354,4,13944,1419
YYPA,-0.29149482,0.0007447865,4,13944,1419
YCLA,-0.29149482,0.22975984,4,13944,1419
QCVA,-0.29149482,0.006890364,4,13944,1419
QQYA,-0.29149482,0.0055373255,4,13944,1419
QQDA,-0.29149482,0.00022832867,4,13944,1419
QRDA,-0.29149482,0.000388343,4,13944,1419
QRYS,-0.29149482,0.0019864964,4,13944,1419
QRDS,-0.29149482,0.00046411023,4,13944,1419
HEDF,-0.29149482,0.0014006433,4,13944,1419
LEDP,-0.29149482,0.00035081533,4,13944,1419
NEVP,-0.29149482,0.00028096733,4,13944,1419
ARDP,-0.29149482,0.0006951341,4,13944,1419
FQNC,-0.29149482,0.0,4,13944,1419
HGNC,-0.29149482,0.00060739875,4,13944,1419
DGNC,-0.29149482,0.0,4,13944,1419
FGNT,-0.29149482,0.0,4,13944,1419
FGDT,-0.29149482,0.00056531985,4,13944,1419
NFDS,-0.29149482,0.0002406233,4,13944,1419
WRWS,-0.29149482,0.001273227,4,13944,1419
WRTP,-0.29149482,0.00030680216,4,13944,1419
IRRP,-0.29149482,0.00029615182,4,13944,1419
DFDA,-0.29149482,0.00013541573,4,13944,1419
MDIC,-0.29149482,0.0009654639,4,13944,1419
DFKV,-0.29149482,0.0005213506,4,13944,1419
DRKV,-0.29149482,0.0,4,13944,1419
DRKS,-0.29149482,0.000530187,4,13944,1419
DRKP,-0.29149482,0.0011585568,4,13944,1419
DRVC,-0.29149482,0.0009133148,4,13944,1419
DPVM,-0.29149482,0.0008341609,4,13944,1419
DIVM,-0.29149482,0.0,4,13944,1419
DRVM,-0.29149482,0.00034374764,4,13944,1419
DRYM,-0.29149482,0.0,4,13944,1419
FQIC,-0.29149482,0.0,4,13944,1419
MYIA,-0.29149482,0.00045008678,4,13944,1419
WEDP,-0.29149482,0.00025721284,4,13944,1419
NMDG,-0.29149482,0.000724098,4,13944,1419
WENI,-0.29149482,0.00061486056,4,13944,1419
DENI,-0.29149482,0.0,4,13944,1419
WRNI,-0.29149482,0.00042271666,4,13944,1419
DRNI,-0.29149482,0.0017706245,4,13944,1419
ARSS,-0.29149482,0.0007567991,4,13944,1419
IRQS,-0.29149482,0.00041819565,4,13944,1419
IRDS,-0.29149482,0.00020331214,4,13944,1419
IRDG,-0.29149482,0.00041267852,4,13944,1419
SMDG,-0.29149482,0.00031406662,4,13944,1419
HEDG,-0.29149482,0.0,4,13944,1419
TMQP,-0.29149482,0.0,4,13944,1419
HRDG,-0.29149482,0.0005283958,4,13944,1419
HEDS,-0.29149482,0.00064630236,4,13944,1419
HIDS,-0.29149482,0.00052937126,4,13944,1419
NRDS,-0.29149482,0.00030429018,4,13944,1419
NQDS,-0.29149482,0.00026966404,4,13944,1419
NEDR,-0.29149482,0.0004044961,4,13944,1419
NIDR,-0.29149482,0.0,4,13944,1419
YIDP,-0.29149482,0.00014006435,4,13944,1419
AIDP,-0.29149482,0.0,4,13944,1419
QLIS,-0.29149482,0.00024790442,4,13944,1419
YSHM,-0.29149482,0.0,4,13944,1419
GGFS,-0.29149482,0.0,4,13944,1419
EDHR,-0.29149482,0.00012820092,4,13944,1419
EMWN,-0.29149482,0.0,4,13944,1419
EQFI,-0.29149482,0.00086891756,4,13944,1419
ETQG,-0.29149482,0.00030369931,4,13944,1419
FCWA,-0.29149482,0.003181122,4,13944,1419
FEWH,-0.29149482,0.0,4,13944,1419
FFRC,-0.29149482,0.0012512413,4,13944,1419
GEWL,-0.29149482,0.00014549315,4,13944,1419
GQGK,-0.29149482,0.0007537599,4,13944,1419
DDFK,-0.29149482,0.0,4,13944,1419
GYIG,-0.29149482,0.00126815,4,13944,1419
HCIS,-0.29149482,0.0015594651,4,13944,1419
HFRR,-0.29149482,0.000324285,4,13944,1419
HGRY,-0.29149482,0.0004926147,4,13944,1419
HNPK,-0.29149482,0.0,4,13944,1419
HVVA,-0.29149482,0.00088543695,4,13944,1419
HWDE,-0.29149482,0.00040624719,4,13944,1419
IFPD,-0.29149482,0.0,4,13944,1419
KDIV,-0.29149482,0.00010805189,4,13944,1419
DIAA,-0.29149482,0.00084543333,4,13944,1419
CTDT,-0.29149482,0.0005743693,4,13944,1419
KNDA,-0.29149482,0.0007177293,4,13944,1419
YSYN,-0.29149482,0.00039596242,4,13944,1419
RIGD,-0.29149482,0.0,4,13944,1419
RQGD,-0.29149482,0.0028437304,4,13944,1419
YQDP,-0.29149482,0.0004437026,4,13944,1419
YRYN,-0.29149482,0.00065168814,4,13944,1419
CKHI,-0.29149482,0.0002463073,4,13944,1419
AIYC,-0.29149482,0.0,4,13944,1419
AKFE,-0.29149482,0.0,4,13944,1419
ALGI,-0.29149482,0.0019798123,4,13944,1419
ALHK,-0.29149482,0.0,4,13944,1419
AMSL,-0.29149482,0.0,4,13944,1419
KMCP,-0.29149482,0.00059340714,4,13944,1419
KWYA,-0.29149482,0.03128103,4,13944,1419
NEMS,-0.29149482,0.00040757042,4,13944,1419
VDTG,-0.29149482,0.0014382084,4,13944,1419
SRNT,-0.29149482,0.00047575717,4,13944,1419
TFCT,-0.29149482,0.003775297,4,13944,1419
TKQK,-0.29149482,0.0022343595,4,13944,1419
TKTM,-0.29149482,0.0,4,13944,1419
TRVN,-0.29149482,0.0005722141,4,13944,1419
TWVE,-0.29149482,0.0,4,13944,1419
TYKC,-0.29149482,0.0024062332,4,13944,1419
TYKG,-0.29149482,0.0,4,13944,1419
VTDC,-0.29149482,0.0013719752,4,13944,1419
SKYE,-0.29149482,0.0005362462,4,13944,1419
WGMC,-0.29149482,0.007227469,4,13944,1419
WPYA,-0.29149482,0.00049367483,4,13944,1419
WRFD,-0.29149482,0.015640516,4,13944,1419
WSQK,-0.29149482,0.0003656224,4,13944,1419
WYAL,-0.29149482,0.034539472,4,13944,1419
WYNY,-0.29149482,0.00024248862,4,13944,1419
YAIN,-0.29149482,0.0,4,13944,1419
YNQL,-0.29149482,0.00033635524,4,13944,1419
YRYQ,-0.29149482,0.00036163037,4,13944,1419
SLQG,-0.29149482,0.00033160104,4,13944,1419
SKFG,-0.29149482,0.04230049,4,13944,1419
KYHR,-0.29149482,0.0005213506,4,13944,1419
NMFY,-0.29149482,0.0001818665,4,13944,1419
LMCY,-0.29149482,0.001135615,4,13944,1419
LMMI,-0.29149482,0.0067578177,4,13944,1419
LSYC,-0.29149482,0.012248066,4,13944,1419
MAYQ,-0.29149482,0.00047395506,4,13944,1419
NDCL,-0.29149482,0.00032755014,4,13944,1419
NFME,-0.29149482,0.00041159257,4,13944,1419
NFRC,-0.29149482,0.0004668811,4,13944,1419
NGLD,-0.29149482,0.0,4,13944,1419
NMCR,-0.29149482,0.0010755656,4,13944,1419
PKIA,-0.29149482,9.393703e-05,4,13944,1419
SHWR,-0.29149482,0.00037150865,4,13944,1419
PPFK,-0.29149482,0.0008089922,4,13944,1419
PVCA,-0.29149482,0.010103825,4,13944,1419
QPAW,-0.29149482,0.0001560151,4,13944,1419
QQAI,-0.29149482,0.00092913955,4,13944,1419
QTVI,-0.29149482,0.00036082827,4,13944,1419
RAIH,-0.29149482,0.00044135496,4,13944,1419
RAYW,-0.29149482,0.00033583926,4,13944,1419
RENF,-0.29149482,0.00015259042,4,13944,1419
NIMP,-0.29149482,0.00025640195,4,13944,1419
SYPN,-0.29149482,0.00047039147,4,13944,1419
VNAQ,-0.29149482,0.0004965243,4,13944,1419
NDNP,-0.29149482,0.00017573613,4,13944,1419
WDNP,-0.29149482,0.0003566242,4,13944,1419
WDIA,-0.29149482,0.0008334663,4,13944,1419
CDIA,-0.29149482,0.0009575826,4,13944,1419
CDNA,-0.29149482,0.019100808,4,13944,1419
CDNG,-0.29149482,0.0025852092,4,13944,1419
DHMM,-0.29149482,0.0,4,13944,1419
LHMM,-0.29149482,0.009865557,4,13944,1419
DVAS,-0.29149482,0.00036946105,4,13944,1419
VRAQ,-0.29149482,0.0006093708,4,13944,1419
DEMP,-0.29149482,0.00076295197,4,13944,1419
ARAQ,-0.29149482,0.0,4,13944,1419
DRAQ,-0.29149482,0.00033635524,4,13944,1419
AKAN,-0.29149482,0.0,4,13944,1419
KKAT,-0.29149482,0.000924027,4,13944,1419
NKAT,-0.29149482,0.0004354668,4,13944,1419
LKCT,-0.29149482,0.09647244,4,13944,1419
NKCT,-0.29149482,0.0019249866,4,13944,1419
DKCT,-0.29149482,0.00055364653,4,13944,1419
AKCT,-0.29149482,0.020019861,4,13944,1419
DFMP,-0.29149482,0.0007598632,4,13944,1419
DENV,-0.29149482,0.0,4,13944,1419
LKWG,-0.29149482,0.0013631643,4,13944,1419
EITG,-0.29149482,0.0007109326,4,13944,1419
SRPN,-0.29149482,0.000425014,4,13944,1419
SSKN,-0.29149482,0.00032927407,4,13944,1419
LQKN,-0.29149482,0.0,4,13944,1419
MIKN,-0.29149482,0.00043445878,4,13944,1419
MVMN,-0.29149482,0.0006874953,4,13944,1419
CVMP,-0.29149482,0.002232391,4,13944,1419
VRDG,-0.29149482,0.0004255923,4,13944,1419
SNAG,-0.29149482,0.005144223,4,13944,1419
ENTG,-0.29149482,0.00022667414,4,13944,1419
EIFK,-0.29149482,0.001590561,4,13944,1419
TENV,-0.29149482,0.0,4,13944,1419
EEFK,-0.29149482,0.00055364653,4,13944,1419
EEFG,-0.29149482,0.05438308,4,13944,1419
EFNG,-0.29149482,0.0,4,13944,1419
EFNP,-0.29149482,0.0,4,13944,1419
QESV,-0.29149482,0.00023330667,4,13944,1419
QYSV,-0.29149482,0.00023697753,4,13944,1419
TFNV,-0.29149482,0.0,4,13944,1419
TINV,-0.29149482,0.0,4,13944,1419
TRNV,-0.29149482,0.0010200337,4,13944,1419
NKWG,-0.29149482,0.0006751302,4,13944,1419
LKWP,-0.29149482,0.00024411063,4,13944,1419
NIVP,-0.29149482,0.00035379117,4,13944,1419
DCYV,-0.29149482,0.0,4,13944,1419
TWDR,-0.29149482,0.0,4,13944,1419
TRDR,-0.29149482,0.0002673593,4,13944,1419
LRRR,-0.29149482,0.00032218295,4,13944,1419
DRRR,-0.29149482,0.00012315364,4,13944,1419
DRRS,-0.29149482,0.00095151435,4,13944,1419
DLRP,-0.29149482,0.00060543936,4,13944,1419
DQRP,-0.29149482,0.00035147226,4,13944,1419
DQYP,-0.29149482,0.0,4,13944,1419
DTYS,-0.29149482,0.0007029445,4,13944,1419
NEDE,-0.29149482,0.0002673593,4,13944,1419
DCMV,-0.29149482,0.0,4,13944,1419
DCIT,-0.29149482,0.0,4,13944,1419
DQIT,-0.29149482,0.0,4,13944,1419
NQIT,-0.29149482,0.00060739875,4,13944,1419
NAIT,-0.29149482,0.0007498878,4,13944,1419
NRIT,-0.29149482,0.00014218647,4,13944,1419
NRNT,-0.29149482,0.0,4,13944,1419
NNDG,-0.29149482,0.00027682327,4,13944,1419
NKDE,-0.29149482,0.00027682327,4,13944,1419
LKSP,-0.29149482,0.00032828673,4,13944,1419
NTNR,-0.29149482,0.00013780195,4,13944,1419
CISP,-0.29149482,0.0008807129,4,13944,1419
DISP,-0.29149482,0.0002463073,4,13944,1419
DIVG,-0.29149482,0.00020715912,4,13944,1419
NIES,-0.29149482,0.00010712688,4,13944,1419
HINS,-0.29149482,0.00012512409,4,13944,1419
HINR,-0.29149482,0.00042655953,4,13944,1419
HTFR,-0.29149482,9.615069e-05,4,13944,1419
HTDR,-0.29149482,0.00011893929,4,13944,1419
HTNR,-0.29149482,6.874953e-05,4,13944,1419
NTNS,-0.29149482,0.00031597007,4,13944,1419
NKGE,-0.29149482,0.00041295093,4,13944,1419
VCNL,-0.29149482,0.0022288696,4,13944,1419
ACNL,-0.29149482,0.0,4,13944,1419
FPNL,-0.29149482,0.00021425364,4,13944,1419
LPNL,-0.29149482,4.9029866e-05,4,13944,1419
LPCL,-0.29149482,0.0012788931,4,13944,1419
NPCL,-0.29149482,0.00069734786,4,13944,1419
HPCV,-0.29149482,0.0006298194,4,13944,1419
HDLV,-0.29149482,0.00071273244,4,13944,1419
DKGE,-0.29149482,0.0007274659,4,13944,1419
FIDG,-0.29149482,0.0002628658,4,13944,1419
FWLG,0.5424635,0.83459085,5,17511,1789
FCLG,0.3470348,0.34880835,5,17511,1789
FVLG,0.3436587,0.45488518,5,17511,1789
FMLG,0.34121105,0.25958344,5,17511,1789
FKLG,0.33652377,0.44359335,5,17511,1789
FALG,0.3332882,0.43968728,5,17511,1789
FTLG,0.33242244,0.21550119,5,17511,1789
FWFG,0.33132213,0.5904295,5,17511,1789
FSLG,0.33055338,0.41240323,5,17511,1789
FWYG,0.3279541,0.14029069,5,17511,1789
FFLG,0.32586294,0.42795283,5,17511,1789
FGLG,0.32401544,0.109150834,5,17511,1789
FYLG,0.32288104,0.47551516,5,17511,1789
FNLG,0.32151598,0.4539977,5,17511,1789
LWCA,0.31661695,0.8250044,5,17511,1789
LCCA,0.31595623,0.3244682,5,17511,1789
LSCA,0.3119227,0.60022575,5,17511,1789
LGCA,0.30845395,0.47345433,5,17511,1789
LACA,0.30751783,0.62093276,5,17511,1789
LTCA,0.30734032,0.3105389,5,17511,1789
LNCA,0.30730957,0.6548965,5,17511,1789
FWHG,0.30715853,0.0,5,17511,1789
LLCA,0.3071135,0.36188638,5,17511,1789
LHCA,0.3063452,0.5504935,5,17511,1789
WICA,0.30502507,0.45192945,5,17511,1789
LDCA,0.30355954,0.47518802,5,17511,1789
LFCA,0.30208033,0.50789636,5,17511,1789
LRCA,0.3015598,0.67232937,5,17511,1789
LECA,0.29780108,0.28839788,5,17511,1789
YKCA,0.2921828,0.428997,5,17511,1789
LMCA,0.29097158,0.36836377,5,17511,1789
FWPG,0.28656867,0.00061335356,5,17511,1789
LQCA,0.28649417,0.49401647,5,17511,1789
FKCA,0.284533,0.36811882,5,17511,1789
LPCA,0.28248072,0.40361398,5,17511,1789
IKCA,0.2815391,0.39989305,5,17511,1789
FQLG,0.27929527,0.2819155,5,17511,1789
MKCA,0.2772869,0.44953647,5,17511,1789
FCAG,0.27656668,0.20819265,5,17511,1789
VKCA,0.27648634,0.45618823,5,17511,1789
FAAG,0.27600184,0.20027052,5,17511,1789
RKCA,0.27543563,0.21197626,5,17511,1789
SKCA,0.2746857,0.21701217,5,17511,1789
AKCA,0.27411985,0.38073486,5,17511,1789
QKCA,0.27302408,0.3965121,5,17511,1789
FHMG,0.27149832,0.17853077,5,17511,1789
CKCA,0.26808482,0.082675174,5,17511,1789
FGAG,0.2680592,0.06804997,5,17511,1789
FPAG,0.2667836,0.009228876,5,17511,1789
HKCA,0.26367855,0.40340886,5,17511,1789
LKMA,0.26342332,0.3306246,5,17511,1789
NKCA,0.25717843,0.11263746,5,17511,1789
IICA,0.24893479,0.37211794,5,17511,1789
FNAG,0.24763642,0.2982817,5,17511,1789
DKCA,0.2476144,0.012009682,5,17511,1789
YICA,0.2443672,0.57992053,5,17511,1789
FICG,0.241172,0.2979441,5,17511,1789
AICA,0.23276605,0.5128443,5,17511,1789
KICA,0.23240991,0.41516492,5,17511,1789
FRCG,0.23083915,0.31433624,5,17511,1789
TICA,0.23052125,0.3023104,5,17511,1789
VICA,0.22903232,0.45383906,5,17511,1789
MICA,0.22696376,0.4131574,5,17511,1789
SICA,0.22630544,0.32408744,5,17511,1789
FHCG,0.22522947,0.30606344,5,17511,1789
FIMG,0.22508435,0.38368142,5,17511,1789
WRLG,0.22288187,0.6054324,5,17511,1789
QICA,0.22243387,0.4202862,5,17511,1789
FVMG,0.22066298,0.20743345,5,17511,1789
WCCA,0.21686994,0.33520392,5,17511,1789
FWAL,0.20925598,0.026443759,5,17511,1789
WILG,0.20905112,0.51203835,5,17511,1789
WTCA,0.20748332,0.28836584,5,17511,1789
TWLG,0.2074505,0.15805154,5,17511,1789
YHLG,0.20703629,0.4543304,5,17511,1789
FWDG,0.2059623,0.0018400607,5,17511,1789
IWLG,0.20528458,0.5572929,5,17511,1789
FWAT,0.20511355,0.092961945,5,17511,1789
GICA,0.20478903,0.030530289,5,17511,1789
WGCA,0.2042014,0.3357067,5,17511,1789
WHCA,0.20345181,0.531147,5,17511,1789
EWLG,0.20323922,0.5695898,5,17511,1789
FHFG,0.20265418,0.34065044,5,17511,1789
FHYG,0.20259938,0.13159607,5,17511,1789
WLCA,0.20212142,0.34774083,5,17511,1789
YILG,0.20180862,0.50562584,5,17511,1789
WMCA,0.2013055,0.26351792,5,17511,1789
WHLG,0.19980232,0.4671613,5,17511,1789
FIFG,0.19972238,0.5218745,5,17511,1789
WWFG,0.19956808,0.7239811,5,17511,1789
FWCA,0.19822715,0.862211,5,17511,1789
MRLG,0.19739234,0.42533386,5,17511,1789
WRFG,0.19509089,0.6260269,5,17511,1789
WWMG,0.19366522,0.5610956,5,17511,1789
WQCA,0.19244288,0.38756627,5,17511,1789
FKMG,0.19050342,0.24302956,5,17511,1789
AILG,0.19027576,0.36598808,5,17511,1789
FRHG,0.18980315,0.0,5,17511,1789
MHLG,0.18844138,0.33212158,5,17511,1789
WVCA,0.18767832,0.46001425,5,17511,1789
WKCV,0.18632182,0.13785447,5,17511,1789
FTLC,0.18610865,0.08239488,5,17511,1789
FALC,0.18571337,0.18867925,5,17511,1789
TILG,0.18507984,0.10823791,5,17511,1789
YCLG,0.18504833,0.3937409,5,17511,1789
TRLG,0.18425775,0.096491225,5,17511,1789
LCMA,0.1838883,0.28315055,5,17511,1789
FYMG,0.18100299,0.32391006,5,17511,1789
FHEG,0.1804812,0.0007274659,5,17511,1789
FHQG,0.18042466,0.0,5,17511,1789
FPMG,0.1802821,0.0002650935,5,17511,1789
LICN,0.17954843,0.003523413,5,17511,1789
FGMG,0.17941354,0.008618244,5,17511,1789
LICC,0.17932305,0.30127224,5,17511,1789
FHTG,0.17803119,0.0005213506,5,17511,1789
FFLC,0.17734157,0.12364098,5,17511,1789
LKEA,0.17696099,0.0006383884,5,17511,1789
FACG,0.17658289,0.1763798,5,17511,1789
LNMA,0.17654413,0.39796197,5,17511,1789
LKTA,0.17545885,0.008375656,5,17511,1789
WKLG,0.17505011,0.46646938,5,17511,1789
LHLG,0.1734356,0.44001988,5,17511,1789
LKVA,0.171655,0.0021651718,5,17511,1789
LDMA,0.17142719,0.28232396,5,17511,1789
LLMA,0.17022072,0.19014639,5,17511,1789
LICV,0.17002887,0.14833795,5,17511,1789
WCLG,0.16998938,0.4229525,5,17511,1789
LKSA,0.16870427,0.16550098,5,17511,1789
WWCG,0.16854255,0.5226267,5,17511,1789
LWAA,0.16790967,0.6879151,5,17511,1789
FHSG,0.16530094,0.011783951,5,17511,1789
FHIG,0.16461779,0.006471938,5,17511,1789
LKHA,0.16448887,0.0007138825,5,17511,1789
LICK,0.16437478,0.001623583,5,17511,1789
SHLG,0.16376,0.08453765,5,17511,1789
LEMA,0.16132379,0.15821528,5,17511,1789
YHCA,0.1597914,0.5306223,5,17511,1789
WICG,0.15901294,0.29087386,5,17511,1789
FIYG,0.15721448,0.1463377,5,17511,1789
NRLG,0.1568986,0.013429132,5,17511,1789
FIQG,0.1562966,0.0010427011,5,17511,1789
YSCA,0.15368058,0.488287,5,17511,1789
LIEA,0.15237914,0.0009531617,5,17511,1789
WHFG,0.15066005,0.48309675,5,17511,1789
ACLG,0.1489232,0.2743106,5,17511,1789
ICCA,0.14775316,0.3271752,5,17511,1789
VCLG,0.14752154,0.36852717,5,17511,1789
YGCA,0.14706276,0.20834802,5,17511,1789
YMCA,0.14535409,0.27658254,5,17511,1789
YRCA,0.14503016,0.54376394,5,17511,1789
SWCA,0.14461496,0.18061878,5,17511,1789
FAYG,0.14455126,0.10515752,5,17511,1789
QWCA,0.14413199,0.41894597,5,17511,1789
YFCA,0.14412351,0.4438067,5,17511,1789
ASCA,0.14406618,0.5875927,5,17511,1789
MCCA,0.14380023,0.20183137,5,17511,1789
FCCA,0.14368603,0.2008733,5,17511,1789
FGCA,0.14334776,0.1560092,5,17511,1789
YALG,0.14315228,0.41026834,5,17511,1789
FWAR,0.1425028,0.0024534143,5,17511,1789
AGCA,0.14239042,0.1382951,5,17511,1789
FIWG,0.14238806,0.012759369,5,17511,1789
RCCA,0.14206965,0.09269804,5,17511,1789
FACA,0.141974,0.4606481,5,17511,1789
YTLG,0.140961,0.232336,5,17511,1789
YSLG,0.14077882,0.42860368,5,17511,1789
ICLG,0.14065813,0.30793983,5,17511,1789
AACA,0.14000647,0.4270541,5,17511,1789
YFLG,0.1398357,0.37533733,5,17511,1789
YQCA,0.13950372,0.33568117,5,17511,1789
YDLG,0.13893129,0.28881636,5,17511,1789
YLLG,0.13880573,0.30893338,5,17511,1789
ANCA,0.13821043,0.86246276,5,17511,1789
MHCA,0.13818222,0.4258257,5,17511,1789
YYCA,0.13777344,0.5254483,5,17511,1789
MSCA,0.13710049,0.52999365,5,17511,1789
LICQ,0.13680671,0.0005675994,5,17511,1789
ESCA,0.13610591,0.51967615,5,17511,1789
AFCA,0.1357557,0.45878848,5,17511,1789
MACA,0.13549899,0.5333416,5,17511,1789
KHCA,0.1351562,0.41426232,5,17511,1789
IMCA,0.13477618,0.20752117,5,17511,1789
FNYG,0.1346909,0.033143,5,17511,1789
MLLG,0.13445781,0.21982343,5,17511,1789
TVLG,0.13390385,0.099635884,5,17511,1789
FMCA,0.13389415,0.19923769,5,17511,1789
YPLG,0.13379158,0.032958645,5,17511,1789
QHCA,0.13347916,0.48749307,5,17511,1789
VNCA,0.13299628,0.61976725,5,17511,1789
FIIG,0.13233949,0.0172585,5,17511,1789
LIIA,0.13215823,0.00085995963,5,17511,1789
WTLC,0.1317076,0.25012985,5,17511,1789
ASLG,0.13150609,0.31553042,5,17511,1789
QCLG,0.13089007,0.22731796,5,17511,1789
MRCA,0.13031238,0.53068256,5,17511,1789
CSCA,0.12999304,0.03649048,5,17511,1789
AECA,0.1297533,0.17204568,5,17511,1789
WSFG,0.12960678,0.57841396,5,17511,1789
FKHG,0.12909015,0.0,5,17511,1789
RDCA,0.12856387,0.18341425,5,17511,1789
AKCG,0.12835371,0.20332672,5,17511,1789
MPLG,0.1279113,0.096539736,5,17511,1789
WWYG,0.12740801,0.2190137,5,17511,1789
FAHG,0.125988,0.0,5,17511,1789
FHLS,0.1257332,0.021048142,5,17511,1789
SYCA,0.12465108,0.22704342,5,17511,1789
RQCA,0.12361995,0.15320377,5,17511,1789
MPCA,0.123111136,0.4229525,5,17511,1789
CDCA,0.122639455,0.058104325,5,17511,1789
HLLG,0.12100058,0.16545409,5,17511,1789
HACA,0.12069733,0.38279834,5,17511,1789
VKCG,0.118921086,0.2157834,5,17511,1789
WWCV,0.118870646,0.31811738,5,17511,1789
YQLG,0.11839656,0.31262273,5,17511,1789
VDLG,0.11800624,0.3589689,5,17511,1789
FPEG,0.117918044,0.00027200894,5,17511,1789
HDCA,0.11653953,0.25832078,5,17511,1789
YWAA,0.11610352,0.6473334,5,17511,1789
FILF,0.11581819,0.0010712683,5,17511,1789
DSCA,0.11455818,0.031640586,5,17511,1789
LKDA,0.11451281,0.00029132515,5,17511,1789
YKCG,0.11432401,0.24223956,5,17511,1789
QVCA,0.11406066,0.40960646,5,17511,1789
DHCA,0.113555074,0.08133069,5,17511,1789
FNEG,0.11307195,0.0,5,17511,1789
WTLA,0.112468414,0.22988525,5,17511,1789
LCFA,0.11124328,0.2261701,5,17511,1789
HQCA,0.1110635,0.31434372,5,17511,1789
EPLG,0.11104033,0.08006648,5,17511,1789
GSLG,0.110727586,0.008286041,5,17511,1789
IKCG,0.110402614,0.2359763,5,17511,1789
GLLG,0.10753428,0.001076262,5,17511,1789
QWYG,0.106598094,0.1592863,5,17511,1789
WKCY,0.105973564,0.0017135298,5,17511,1789
RWAA,0.10416879,0.0016828404,5,17511,1789
ATAG,0.103756964,0.0027200899,5,17511,1789
LTAG,0.1033277,0.070623286,5,17511,1789
VWAA,0.10272706,0.6989077,5,17511,1789
CWAA,0.1027259,0.24984722,5,17511,1789
EWAA,0.10206077,0.005272084,5,17511,1789
KWQG,0.09872992,0.0,5,17511,1789
FCLF,0.0974544,0.0030271967,5,17511,1789
WWSG,0.09624986,0.0018240166,5,17511,1789
YCLT,0.09428855,0.24125347,5,17511,1789
LNEA,0.08819729,0.00068199926,5,17511,1789
LAEA,0.087390825,0.0005726505,5,17511,1789
RPFV,0.08444121,0.0005373776,5,17511,1789
FFLL,0.08422232,0.0028236757,5,17511,1789
VWAV,0.08351173,0.028857853,5,17511,1789
LAVA,0.08200016,0.003985907,5,17511,1789
PWAA,0.0812516,0.0010271383,5,17511,1789
LWCV,0.08071003,0.11431223,5,17511,1789
LVEA,0.08007019,0.0009094715,5,17511,1789
FQEG,0.07817078,0.0,5,17511,1789
VWAN,0.07517777,0.003986798,5,17511,1789
LHIA,0.07167236,0.0009816223,5,17511,1789
VTLA,0.06989635,0.03992369,5,17511,1789
WQCG,0.069302045,0.237956,5,17511,1789
VWAW,0.06879809,0.010251767,5,17511,1789
EWAW,0.06715035,0.0,5,17511,1789
FWYW,0.067104034,0.0,5,17511,1789
KTLA,0.06453966,0.0012633697,5,17511,1789
HTLA,0.06254228,0.0070681926,5,17511,1789
NALC,0.062312678,0.00060993654,5,17511,1789
YKCW,0.060441352,0.00075924833,5,17511,1789
QWLT,0.055014357,0.104442455,5,17511,1789
EWAR,0.048540518,0.0,5,17511,1789
SCLN,0.047376163,0.0014943168,5,17511,1789
LKAL,0.044318028,0.04920964,5,17511,1789
VRYI,0.043666422,0.0006287645,5,17511,1789
VFAA,0.03724511,0.49002174,5,17511,1789
LHAL,0.03549459,0.06492468,5,17511,1789
CKLN,0.0304643,0.0016769213,5,17511,1789
FCFT,0.028062368,0.14950493,5,17511,1789
FHSK,0.026593665,0.0,5,17511,1789
EIQG,0.02574321,0.0010090655,5,17511,1789
TAQA,0.023314523,0.0,5,17511,1789
PLAA,0.02003474,0.00058944116,5,17511,1789
YNCI,0.018331097,0.050741583,5,17511,1789
MQLK,0.015985029,0.0004255923,5,17511,1789
NCAP,0.015608864,0.00023519574,5,17511,1789
LLFF,0.015297847,0.00080325466,5,17511,1789
IVCR,0.01331597,0.0007945717,5,17511,1789
FDSC,0.01279431,0.003554663,5,17511,1789
FGSH,0.012486601,0.00015333842,5,17511,1789
YHQI,0.012392858,0.0,5,17511,1789
NFAH,0.012283007,0.00024534142,5,17511,1789
MELF,0.011129076,0.00026622156,5,17511,1789
SFCR,0.011104578,0.001049059,5,17511,1789
NNDI,0.009335097,0.0,5,17511,1789
INCQ,0.009075889,0.0007904954,5,17511,1789
NNDL,0.008692421,0.00042733652,5,17511,1789
AVNL,0.008383485,0.0,5,17511,1789
EMCK,0.0077335034,0.00061335356,5,17511,1789
NNDK,0.007605899,0.00079192495,5,17511,1789
TTAQ,0.007379854,0.00061335356,5,17511,1789
NNDQ,0.005804809,0.0,5,17511,1789
YQQN,0.005454043,0.00028698196,5,17511,1789
PHFM,0.004906768,0.0,5,17511,1789
YLES,0.0045831148,0.00020639981,5,17511,1789
NGAE,0.004482353,9.993945e-05,5,17511,1789
LTIV,0.0039368887,0.00032415582,5,17511,1789
PPWG,0.0034103338,0.0002606753,5,17511,1789
MGPL,0.0028438363,0.00021760722,5,17511,1789
RCEL,0.0025563184,0.00064496975,5,17511,1789
MSYS,0.0021524671,0.0025345874,5,17511,1789
KGRS,0.0011278931,0.00037371853,5,17511,1789
PLGN,0.0008487273,0.0005260717,5,17511,1789
NFDR,0.00075159036,0.0,5,17511,1789
AFIC,0.00066260435,0.0,5,17511,1789
DEIC,0.00058359094,0.0,5,17511,1789
LSQY,0.00018368103,0.00024438306,5,17511,1789
SRNS,-9.0708956e-05,0.0005273643,5,17511,1789
DKVS,-0.00019503199,0.00043749693,5,17511,1789
SRGE,-0.00027593784,0.00050351763,5,17511,1789
EDWV,-0.00037195347,0.00041431835,5,17511,1789
RVKT,-0.0006935578,0.00025413773,5,17511,1789
CNIS,-0.0008804109,0.0007091418,5,17511,1789
KNGR,-0.0013547223,0.00023130825,5,17511,1789
QFMP,-0.0013729464,0.0002628658,5,17511,1789
DWVE,-0.0014395621,0.0013902682,5,17511,1789
RQKK,-0.0017314088,0.0,5,17511,1789
VPHC,-0.0021326598,0.0,5,17511,1789
DCWV,-0.0021330025,0.0014895729,5,17511,1789
DHTH,-0.0023887511,0.0,5,17511,1789
NERY,-0.0026812684,0.00042414956,5,17511,1789
VSQF,-0.0028804522,0.0005393282,5,17511,1789
ECQL,-0.0031536575,0.0,5,17511,1789
HYRH,-0.0032076072,0.000113337126,5,17511,1789
FSDL,-0.003275862,0.0002634192,5,17511,1789
LMWW,-0.0034214016,0.00030369931,5,17511,1789
DYYM,-0.0034736525,0.0,5,17511,1789
KLRK,-0.0039914306,0.000318382,5,17511,1789
GAKI,-0.0042467844,0.00031597007,5,17511,1789
NFMQ,-0.00427871,0.0005846922,5,17511,1789
QSHN,-0.0042975377,0.00040757042,5,17511,1789
HVEK,-0.0046223085,0.00059469644,5,17511,1789
IQDY,-0.004658995,0.0,5,17511,1789
IEIP,-0.004905751,7.291617e-05,5,17511,1789
DMRE,-0.004941663,0.0,5,17511,1789
GPHN,-0.0051085856,0.0,5,17511,1789
VIDC,-0.0056416225,0.00079192495,5,17511,1789
KLVF,-0.006050369,0.00028988323,5,17511,1789
WLNP,-0.0060506966,0.000311677,5,17511,1789
EEHQ,-0.006154014,0.0,5,17511,1789
KTNT,-0.0062714424,0.00030202378,5,17511,1789
ESSY,-0.0062759947,0.0005408824,5,17511,1789
MYTW,-0.0064193066,0.00025745708,5,17511,1789
EIEY,-0.006553715,0.0,5,17511,1789
GTRH,-0.006794302,0.00034054002,5,17511,1789
GRPS,-0.007037556,0.00018939072,5,17511,1789
NRQF,-0.007194234,0.00039596242,5,17511,1789
HEEI,-0.0073002484,0.0005487901,5,17511,1789
MMDE,-0.0076359566,0.00024155242,5,17511,1789
GDYH,-0.007930705,0.0,5,17511,1789
GCIK,-0.007949991,0.00061335356,5,17511,1789
STDG,-0.008007964,0.00045147882,5,17511,1789
EPLR,-0.008361002,0.0003838164,5,17511,1789
KFVM,-0.008607088,0.0005283958,5,17511,1789
SERE,-0.0089326035,7.762048e-05,5,17511,1789
PIRC,-0.010707548,0.00080552016,5,17511,1789
TIIQ,-0.011120936,0.0,5,17511,1789
DITR,-0.012126787,0.00044057798,5,17511,1789
GAIL,-0.0124889,0.0,5,17511,1789
LEIG,-0.013193464,0.003339902,5,17511,1789
VRSR,-0.013685679,0.00021315868,5,17511,1789
HVIE,-0.013745574,0.00041431835,5,17511,1789
THSE,-0.014198018,0.0,5,17511,1789
AIIE,-0.015436692,0.0,5,17511,1789
WHDW,-0.02138958,9.930489e-05,5,17511,1789
