{"run_id": "15:09:49-05/18/2022", "exp_name": "BO_EVO_proposal-function=UCB", "encoder_name": "onehot", "model_name": "GPyTorch", "landscape_name": "GB1_combo", "rounds": 1, "expmt_queries_per_round": 1536, "model_queries_per_round": 12288}
sequence,model_score,true_score,round,model_cost,measurement_cost
NHGL,,0.0994094,0,0,1
NHML,-0.38060716,0.0,1,13021,1537
NRGL,-0.38060716,0.034879435,1,13021,1537
NHYL,-0.38060716,0.00023835024,1,13021,1537
DHGL,-0.38060716,0.13436718,1,13021,1537
VHGL,-0.38060716,0.2463582,1,13021,1537
YHGL,-0.38060716,0.11711111,1,13021,1537
NHGK,-0.38060716,0.00041266615,1,13021,1537
NEGL,-0.38060716,0.006458075,1,13021,1537
NMGL,-0.38060716,0.014185736,1,13021,1537
NHDL,-0.38060716,0.00030383116,1,13021,1537
NSGL,-0.38060716,0.03093382,1,13021,1537
NGGL,-0.38060716,0.0048730387,1,13021,1537
NHGR,-0.38060716,0.00037062506,1,13021,1537
NHGG,-0.38060716,0.0033238793,1,13021,1537
NHGW,-0.38060716,0.064769484,1,13021,1537
NHSL,-0.38060716,0.0,1,13021,1537
NPGL,-0.38060716,0.0002965884,1,13021,1537
NIGL,-0.38060716,0.026497748,1,13021,1537
NHHL,-0.38060716,0.00054213003,1,13021,1537
NHGY,-0.38060716,0.0011318154,1,13021,1537
NHGS,-0.38060716,0.005122716,1,13021,1537
NHGE,-0.38060716,0.0013534296,1,13021,1537
NHGV,-0.38060716,0.018363643,1,13021,1537
THGL,-0.38060716,0.230479,1,13021,1537
QHGL,-0.38060716,0.124631524,1,13021,1537
NHGF,-0.38060716,0.019992089,1,13021,1537
NHGN,-0.38060716,0.013497758,1,13021,1537
EHGL,-0.38060716,0.2085582,1,13021,1537
AHGL,-0.38060716,0.104164615,1,13021,1537
NHGA,-0.38060716,0.004007048,1,13021,1537
HHGL,-0.38060716,0.09622178,1,13021,1537
NHKL,-0.38060716,0.0,1,13021,1537
NHGH,-0.38060716,0.0074634342,1,13021,1537
NHQL,-0.38060716,0.0,1,13021,1537
NVGL,-0.38060716,0.03014066,1,13021,1537
NHGM,-0.38060716,0.18773189,1,13021,1537
LHGL,-0.38060716,0.15812993,1,13021,1537
NHRL,-0.38060716,0.00031562365,1,13021,1537
NHGQ,-0.38060716,0.0051268986,1,13021,1537
NHFL,-0.38060716,0.00011765375,1,13021,1537
NHGP,-0.38060716,0.00035446967,1,13021,1537
NKGL,-0.38060716,0.013992223,1,13021,1537
NFGL,-0.38060716,0.12838219,1,13021,1537
NHGT,-0.3806072,0.007773886,1,13021,1537
WHGL,-0.3806072,0.13280843,1,13021,1537
NHEL,-0.3806072,0.0,1,13021,1537
NHPL,-0.3806072,0.00037874837,1,13021,1537
MHGL,-0.3806072,0.15884075,1,13021,1537
NHLL,-0.3806072,0.00030438858,1,13021,1537
NHVL,-0.3806072,0.00015890023,1,13021,1537
KHGL,-0.3806072,0.18722676,1,13021,1537
NHGD,-0.3806072,0.006134913,1,13021,1537
RHGL,-0.3806072,0.18205042,1,13021,1537
NHGC,-0.3806072,0.08943731,1,13021,1537
NHWL,-0.3806072,0.00031780035,1,13021,1537
GHGL,-0.3806072,0.013866592,1,13021,1537
IHGL,-0.3806072,0.22831587,1,13021,1537
NDGL,-0.3806072,0.005230822,1,13021,1537
CHGL,-0.3806072,0.17759137,1,13021,1537
FHGL,-0.3806072,0.12450804,1,13021,1537
NHNL,-0.3806072,0.0,1,13021,1537
NHTL,-0.3806072,0.00017173064,1,13021,1537
NCGL,-0.3806072,0.042489443,1,13021,1537
NHGI,-0.3806072,0.015936365,1,13021,1537
PHGL,-0.3806072,0.011769351,1,13021,1537
NWGL,-0.3806072,0.2169223,1,13021,1537
NAGL,-0.3806072,0.034053475,1,13021,1537
NHCL,-0.3806072,0.0006010572,1,13021,1537
NLGL,-0.3806072,0.0069446093,1,13021,1537
NYGL,-0.3806072,0.1972113,1,13021,1537
NQGL,-0.3806072,0.013439335,1,13021,1537
NNGL,-0.3806072,0.02291323,1,13021,1537
NTGL,-0.3806072,0.0118215,1,13021,1537
NHIL,-0.3806072,0.0007899609,1,13021,1537
SHGL,-0.38060722,0.15594767,1,13021,1537
NQGM,-0.4085443,0.03170715,1,13021,1537
NGGD,-0.4085443,0.002356461,1,13021,1537
NYGC,-0.4085443,0.08458607,1,13021,1537
NYGM,-0.4085443,0.2740177,1,13021,1537
NHKR,-0.4085443,0.0,1,13021,1537
NVQL,-0.4085443,0.00019244991,1,13021,1537
NHIS,-0.4085443,0.0,1,13021,1537
NYPL,-0.4085443,0.0,1,13021,1537
NHDA,-0.4085443,0.00022850114,1,13021,1537
NHDW,-0.4085443,0.0,1,13021,1537
NHDG,-0.4085443,0.0,1,13021,1537
NEGE,-0.4085443,0.00055297266,1,13021,1537
QHDL,-0.4085443,0.00014301013,1,13021,1537
QHIL,-0.4085443,0.00022060078,1,13021,1537
NCGS,-0.4085443,0.006943154,1,13021,1537
NERL,-0.4085443,0.0003326707,1,13021,1537
NAGS,-0.4085443,0.0028506597,1,13021,1537
LEGL,-0.4085443,0.021437978,1,13021,1537
NHDT,-0.4085443,0.00022478565,1,13021,1537
NNQL,-0.4085443,0.0006912158,1,13021,1537
NNPL,-0.4085443,9.124957e-05,1,13021,1537
NEGG,-0.4085443,0.00015890023,1,13021,1537
NEGM,-0.4085443,0.017098496,1,13021,1537
NGGE,-0.4085443,0.0002003524,1,13021,1537
NSGA,-0.4085443,0.0022763882,1,13021,1537
NAGE,-0.4085443,0.00044026482,1,13021,1537
NAGI,-0.4085443,0.004331619,1,13021,1537
MHVL,-0.4085443,0.00035954014,1,13021,1537
DHFL,-0.4085443,0.0,1,13021,1537
IHFL,-0.4085443,0.0012464548,1,13021,1537
AHSL,-0.4085443,0.0018432421,1,13021,1537
NQSL,-0.4085443,0.00033392067,1,13021,1537
NLSL,-0.4085443,0.00026394872,1,13021,1537
NLCL,-0.4085443,0.00062634447,1,13021,1537
NLYL,-0.4085443,0.000113082315,1,13021,1537
NRYL,-0.4085443,0.0,1,13021,1537
NVYL,-0.4085443,0.00020480469,1,13021,1537
NGYL,-0.4085443,0.00018808589,1,13021,1537
NGDL,-0.4085443,0.0001679067,1,13021,1537
VHFL,-0.4085443,0.001776619,1,13021,1537
VHNL,-0.4085443,0.00079564407,1,13021,1537
CHNL,-0.4085443,0.00044594568,1,13021,1537
MHYL,-0.4085443,0.00070532225,1,13021,1537
MHWL,-0.4085443,0.0008378374,1,13021,1537
MHKL,-0.4085443,0.00028212892,1,13021,1537
NSGG,-0.4085443,0.0011682521,1,13021,1537
NAGH,-0.4085443,0.00033800284,1,13021,1537
NVGH,-0.4085443,0.0012768463,1,13021,1537
NVGG,-0.4085443,0.0016974367,1,13021,1537
NRGG,-0.4085443,0.0018253466,1,13021,1537
NNGG,-0.4085443,0.001194694,1,13021,1537
NSGP,-0.4085443,0.00041796872,1,13021,1537
NHEG,-0.4085443,0.0,1,13021,1537
GHPL,-0.4085443,0.00029729717,1,13021,1537
NMGH,-0.4085443,0.0004253636,1,13021,1537
NQGH,-0.4085443,0.00054213003,1,13021,1537
NQGP,-0.4085443,0.00032432415,1,13021,1537
NQGG,-0.4085443,0.0023365042,1,13021,1537
NQGV,-0.4085443,0.004201508,1,13021,1537
GHYL,-0.4085443,0.0,1,13021,1537
NHKG,-0.4085443,0.0,1,13021,1537
NQGR,-0.4085443,0.00017666856,1,13021,1537
NHET,-0.4085443,0.00021943364,1,13021,1537
NMRL,-0.4085443,0.00044816983,1,13021,1537
NVGV,-0.4085443,0.014217371,1,13021,1537
NANL,-0.4085443,0.0006855033,1,13021,1537
TIGL,-0.4085443,0.061312865,1,13021,1537
NTDL,-0.4085443,6.241223e-05,1,13021,1537
NHHQ,-0.4085443,0.0,1,13021,1537
NHNW,-0.4085443,0.0029103823,1,13021,1537
NSGV,-0.4085443,0.007758124,1,13021,1537
NRGS,-0.4085443,0.004076269,1,13021,1537
NLGS,-0.4085443,0.0009062322,1,13021,1537
NLGV,-0.4085443,0.0022058745,1,13021,1537
NFVL,-0.4085443,0.00046945843,1,13021,1537
NIVL,-0.4085443,0.00045232938,1,13021,1537
NIKL,-0.4085443,0.00038136047,1,13021,1537
NAKL,-0.4085443,0.0,1,13021,1537
NVKL,-0.4085443,0.00031562365,1,13021,1537
NQYL,-0.4085443,0.0002684333,1,13021,1537
NCAL,-0.4085443,0.0011520264,1,13021,1537
NVAL,-0.4085443,0.00063372764,1,13021,1537
NIAL,-0.4085443,0.0005734531,1,13021,1537
NVGP,-0.4085443,0.00024931142,1,13021,1537
LYGL,-0.4085443,0.26391286,1,13021,1537
LHGS,-0.4085443,0.14045201,1,13021,1537
NIGF,-0.4085443,0.007972305,1,13021,1537
NHCP,-0.4085443,0.00048506376,1,13021,1537
NHDR,-0.4085443,0.00023835024,1,13021,1537
YHYL,-0.4085443,0.00079825445,1,13021,1537
WHYL,-0.4085443,0.0011321638,1,13021,1537
WHPL,-0.4085443,0.00023190836,1,13021,1537
PTGL,-0.4085443,0.0020464342,1,13021,1537
PKGL,-0.4085443,0.0017525405,1,13021,1537
NVGF,-0.4085443,0.0136069525,1,13021,1537
NIGG,-0.4085443,0.0007203051,1,13021,1537
NHVP,-0.4085443,0.000103359416,1,13021,1537
NDGG,-0.4085443,0.00061271206,1,13021,1537
NDGI,-0.4085443,0.0017648063,1,13021,1537
NMGI,-0.4085443,0.0023698828,1,13021,1537
NLGD,-0.4085443,0.0,1,13021,1537
NEGD,-0.4085443,0.0036167847,1,13021,1537
NEGN,-0.4085443,0.0005760131,1,13021,1537
NNGI,-0.4085443,0.0029657702,1,13021,1537
NIGI,-0.4085443,0.005936324,1,13021,1537
NKKL,-0.4085443,0.0008463867,1,13021,1537
NMCL,-0.4085443,0.0013205317,1,13021,1537
NHER,-0.4085443,0.0002737488,1,13021,1537
NTCL,-0.4085443,0.0008971533,1,13021,1537
SHSL,-0.4085443,0.00035266113,1,13021,1537
NNGR,-0.4085443,0.00016817907,1,13021,1537
NKGR,-0.4085443,0.00031780035,1,13021,1537
NIGR,-0.4085443,0.0002811725,1,13021,1537
NHDE,-0.4085443,0.0,1,13021,1537
NHDP,-0.4085443,0.0006912158,1,13021,1537
SHWL,-0.4085443,0.00023234142,1,13021,1537
AHCL,-0.4085443,0.0054932414,1,13021,1537
AHML,-0.4085443,0.002500927,1,13021,1537
DHKL,-0.4085443,0.0,1,13021,1537
VHIL,-0.4085443,0.0,1,13021,1537
VHEL,-0.4085443,0.0012172353,1,13021,1537
VHCL,-0.4085443,0.004073236,1,13021,1537
LHCL,-0.4085443,0.0120962765,1,13021,1537
VHYL,-0.4085443,0.0005474977,1,13021,1537
LHML,-0.4085443,0.0012829992,1,13021,1537
NYGD,-0.4085443,0.0080523165,1,13021,1537
NDGV,-0.4085443,0.0011729843,1,13021,1537
NHSR,-0.4085443,9.909909e-05,1,13021,1537
NQGY,-0.4085443,0.0,1,13021,1537
NEGY,-0.4085443,0.00019962911,1,13021,1537
NHMM,-0.4085443,0.0,1,13021,1537
WHCL,-0.4085443,0.015056186,1,13021,1537
NQCL,-0.4085443,0.00036379782,1,13021,1537
NRPL,-0.4085443,0.00021041576,1,13021,1537
LSGL,-0.4085443,0.084952906,1,13021,1537
PMGL,-0.4085443,0.0010442012,1,13021,1537
PIGL,-0.4085443,0.0021366794,1,13021,1537
QDGL,-0.4085443,0.008353588,1,13021,1537
THDL,-0.4085443,0.0,1,13021,1537
THCL,-0.4085443,0.0014178787,1,13021,1537
WHEL,-0.4085443,0.0004690626,1,13021,1537
NHMD,-0.4085443,0.0009492718,1,13021,1537
WHML,-0.4085443,0.004985819,1,13021,1537
GHLL,-0.4085443,0.00027284838,1,13021,1537
CHGQ,-0.4085443,0.017186988,1,13021,1537
VHGQ,-0.4085443,0.043063357,1,13021,1537
VHGP,-0.4085443,0.0018314265,1,13021,1537
AHGC,-0.4085443,0.1589367,1,13021,1537
GHGC,-0.4085443,0.030508835,1,13021,1537
NAGF,-0.4085443,0.0020108095,1,13021,1537
CHDL,-0.4085443,0.00097297237,1,13021,1537
NVML,-0.4085443,0.00016335968,1,13021,1537
MHSL,-0.4085443,0.0015089923,1,13021,1537
NKGF,-0.4085443,0.0014730829,1,13021,1537
NHPQ,-0.4085443,0.0004189187,1,13021,1537
LHHL,-0.4085443,0.00087773433,1,13021,1537
LHTL,-0.4085443,0.00031266623,1,13021,1537
THGK,-0.4085443,0.0009534011,1,13021,1537
LHGF,-0.4085443,0.10486344,1,13021,1537
VHGS,-0.4085443,0.11683777,1,13021,1537
VHGH,-0.4085443,0.028818382,1,13021,1537
NRGW,-0.4085443,0.00035333712,1,13021,1537
NMGW,-0.4085443,0.0,1,13021,1537
NEGH,-0.4085443,0.0004547473,1,13021,1537
NMGS,-0.4085443,0.0013906116,1,13021,1537
NMGC,-0.4085443,0.008617756,1,13021,1537
NTGS,-0.4085443,0.0015199509,1,13021,1537
NTGH,-0.4085443,0.0005047418,1,13021,1537
NHYH,-0.4085443,0.0,1,13021,1537
NKGW,-0.4085443,0.0008064184,1,13021,1537
NVGW,-0.4085443,0.00032212,1,13021,1537
NYGR,-0.4085443,0.0005011837,1,13021,1537
NVGR,-0.4085443,0.0002181639,1,13021,1537
NVGQ,-0.4085443,0.0030052862,1,13021,1537
NVDL,-0.4085443,9.490373e-05,1,13021,1537
KLGL,-0.4085443,0.035480116,1,13021,1537
NWGV,-0.4085443,0.018491123,1,13021,1537
GHGY,-0.4085443,0.013434899,1,13021,1537
NMHL,-0.4085443,0.0,1,13021,1537
NLHL,-0.4085443,0.00031241393,1,13021,1537
NLEL,-0.4085443,0.00015591337,1,13021,1537
NLML,-0.4085443,0.00023234142,1,13021,1537
NRML,-0.4085443,0.0,1,13021,1537
NYYL,-0.4085443,0.00029729717,1,13021,1537
NYNL,-0.4085443,0.00021770572,1,13021,1537
NYDL,-0.4085443,0.00036864838,1,13021,1537
NTNL,-0.4085443,0.00020108093,1,13021,1537
AQGL,-0.4085443,0.014161495,1,13021,1537
ACGL,-0.4085443,0.055297263,1,13021,1537
PCGL,-0.4085443,0.00829459,1,13021,1537
MEGL,-0.4085443,0.022351125,1,13021,1537
NCNL,-0.4085443,0.00031418898,1,13021,1537
NCDL,-0.4085443,0.0,1,13021,1537
NCEL,-0.4085443,0.0006010572,1,13021,1537
NAGG,-0.4085443,0.0011401498,1,13021,1537
NFGG,-0.4085443,0.0030873162,1,13021,1537
KVGL,-0.4085443,0.08836991,1,13021,1537
AVGL,-0.4085443,0.020773046,1,13021,1537
YHVL,-0.4085443,0.0003458354,1,13021,1537
QHVL,-0.4085443,0.00032056388,1,13021,1537
NHHK,-0.4085443,0.0,1,13021,1537
NHYK,-0.4085443,0.0,1,13021,1537
YHGI,-0.4085443,0.030832885,1,13021,1537
YHGD,-0.4085443,0.0055297264,1,13021,1537
EHGI,-0.4085443,0.090626076,1,13021,1537
NRGI,-0.4085443,0.0057631712,1,13021,1537
NVGI,-0.4085443,0.00562532,1,13021,1537
NAGV,-0.4085443,0.007946631,1,13021,1537
NHVF,-0.4085443,0.0,1,13021,1537
FHGF,-0.4085443,0.13015088,1,13021,1537
VHGF,-0.4085443,0.31134763,1,13021,1537
VHGV,-0.4085443,0.31081796,1,13021,1537
VHGI,-0.4085443,0.12572852,1,13021,1537
GHKL,-0.4085443,0.00041266615,1,13021,1537
GHQL,-0.4085443,0.0,1,13021,1537
GHML,-0.4085443,0.00031780035,1,13021,1537
NHLF,-0.4085443,0.0,1,13021,1537
NCKL,-0.4085443,0.0007275955,1,13021,1537
NCCL,-0.4085443,0.00829459,1,13021,1537
YHGK,-0.4085443,0.0009816082,1,13021,1537
LHVL,-0.4085443,0.00045768995,1,13021,1537
NTGV,-0.4085443,0.003099154,1,13021,1537
LHFL,-0.4085443,0.0015323339,1,13021,1537
NSGS,-0.4085443,0.0029560192,1,13021,1537
WHVL,-0.4085443,0.00063611084,1,13021,1537
NEGK,-0.4085443,0.0,1,13021,1537
NHDI,-0.4085443,0.0,1,13021,1537
NHDY,-0.4085443,0.0,1,13021,1537
NHKY,-0.4085443,0.0,1,13021,1537
NHMV,-0.4085443,0.0,1,13021,1537
NHNV,-0.4085443,0.0,1,13021,1537
NHPV,-0.4085443,0.0,1,13021,1537
NHNG,-0.4085443,0.0011059452,1,13021,1537
NTGQ,-0.4085443,0.0014551912,1,13021,1537
NHVG,-0.4085443,0.0024042288,1,13021,1537
NHNR,-0.4085443,0.00036864838,1,13021,1537
NHYD,-0.4085443,0.0032685776,1,13021,1537
VWGL,-0.4085443,0.36913234,1,13021,1537
NRFL,-0.4085443,0.00014307185,1,13021,1537
LLGL,-0.4085443,0.031592067,1,13021,1537
IRGL,-0.4085443,0.10088871,1,13021,1537
PHFL,-0.4085443,0.00033717847,1,13021,1537
YHGY,-0.4085443,0.04925906,1,13021,1537
PHGP,-0.4085443,0.0004349223,1,13021,1537
QHGP,-0.4085443,0.0010452229,1,13021,1537
WHGR,-0.4085443,0.00075793854,1,13021,1537
MHGE,-0.4085443,0.0012413671,1,13021,1537
NHMR,-0.4085443,0.0,1,13021,1537
NHFP,-0.4085443,0.00036220913,1,13021,1537
NHQS,-0.4085443,0.0006743568,1,13021,1537
NHCN,-0.4085443,0.0006912158,1,13021,1537
NHCV,-0.4085443,0.0008378374,1,13021,1537
NHCI,-0.4085443,0.00070893933,1,13021,1537
NHWP,-0.4085443,0.00019749023,1,13021,1537
LHNL,-0.4085443,0.000694372,1,13021,1537
LHGR,-0.4085443,0.0010123069,1,13021,1537
NHNE,-0.4085443,0.0,1,13021,1537
NDGH,-0.4085443,0.0006912158,1,13021,1537
NMGE,-0.4085443,0.00031300337,1,13021,1537
NMGA,-0.4085443,0.001162405,1,13021,1537
NKGA,-0.4085443,0.0023687733,1,13021,1537
NVGA,-0.4085443,0.0025841163,1,13021,1537
NHVD,-0.4085443,0.004600287,1,13021,1537
NHSD,-0.4085443,0.0025403053,1,13021,1537
NHSN,-0.4085443,0.00025135124,1,13021,1537
CHGR,-0.4085443,0.0015398372,1,13021,1537
WHGF,-0.4085443,0.10555685,1,13021,1537
QHGR,-0.4085443,0.00044997773,1,13021,1537
KMGL,-0.4085443,0.061131537,1,13021,1537
DHAL,-0.4085443,0.00035446967,1,13021,1537
DHPL,-0.4085443,0.0,1,13021,1537
DHYL,-0.4085443,0.0,1,13021,1537
DHNL,-0.4085443,0.0,1,13021,1537
AHNL,-0.4085443,0.0,1,13021,1537
PHNL,-0.4085443,0.00035446967,1,13021,1537
PHQL,-0.4085443,0.0,1,13021,1537
YHHL,-0.4085443,0.00022724905,1,13021,1537
YHML,-0.4085443,0.0038498095,1,13021,1537
YHRL,-0.4085443,0.0005017421,1,13021,1537
GHRL,-0.4085443,0.0,1,13021,1537
SHDL,-0.4085443,0.00016074789,1,13021,1537
NQKL,-0.4085443,0.00044594568,1,13021,1537
NFDL,-0.4085443,0.00013389168,1,13021,1537
NAML,-0.4085443,0.0,1,13021,1537
NHCD,-0.4085443,0.00528356,1,13021,1537
NTGG,-0.4085443,0.0005194941,1,13021,1537
NTGM,-0.4085443,0.020305635,1,13021,1537
AMGL,-0.4085443,0.02048961,1,13021,1537
NHSM,-0.4085443,0.0,1,13021,1537
NFNL,-0.4085443,8.060828e-05,1,13021,1537
FHDL,-0.4085443,0.00011472459,1,13021,1537
FHKL,-0.4085443,0.0,1,13021,1537
GHAL,-0.4085443,0.00029729717,1,13021,1537
AHGE,-0.4085443,0.0,1,13021,1537
LHGE,-0.4085443,0.0020671876,1,13021,1537
NDGP,-0.4085443,0.00016731395,1,13021,1537
NMGK,-0.4085443,0.00023732735,1,13021,1537
AHGG,-0.4085443,0.010368237,1,13021,1537
FHGV,-0.4085443,0.28283805,1,13021,1537
IHGV,-0.4085443,0.28927898,1,13021,1537
DHGV,-0.4085443,0.023962148,1,13021,1537
QHYL,-0.4085443,0.0006076623,1,13021,1537
AHYL,-0.4085443,0.001254723,1,13021,1537
GHNL,-0.4085443,0.0013166015,1,13021,1537
THGR,-0.4085443,0.0017127472,1,13021,1537
AHGS,-0.4085443,0.03357334,1,13021,1537
AHGK,-0.4085443,0.0,1,13021,1537
NGGS,-0.4085443,0.0005871824,1,13021,1537
NDGS,-0.4085443,0.0019801408,1,13021,1537
NYGA,-0.4085443,0.005763612,1,13021,1537
LHGK,-0.4085443,0.0022083572,1,13021,1537
YHAL,-0.4085443,0.015322094,1,13021,1537
QHAL,-0.4085443,0.002901184,1,13021,1537
RIGL,-0.4085443,0.07311699,1,13021,1537
FHNL,-0.4085443,0.0006583008,1,13021,1537
SMGL,-0.4085443,0.025165625,1,13021,1537
SYGL,-0.4085443,0.27008685,1,13021,1537
DPGL,-0.4085443,0.00014325717,1,13021,1537
GRGL,-0.4085443,0.0062946947,1,13021,1537
ARGL,-0.4085443,0.030374553,1,13021,1537
MCGL,-0.4085443,0.06783301,1,13021,1537
VHDL,-0.4085443,0.0014224376,1,13021,1537
PHDL,-0.4085443,0.00013893783,1,13021,1537
PHIL,-0.4085443,0.00016263903,1,13021,1537
AHGF,-0.4085443,0.27899984,1,13021,1537
PHKL,-0.4085443,0.0,1,13021,1537
EHKL,-0.4085443,0.0013824316,1,13021,1537
VHKL,-0.4085443,0.0,1,13021,1537
IHGG,-0.4085443,0.09866196,1,13021,1537
YHGA,-0.4085443,0.3914665,1,13021,1537
YHGP,-0.4085443,0.023634264,1,13021,1537
GHGR,-0.4085443,0.0002701821,1,13021,1537
HHGF,-0.4085443,0.10249284,1,13021,1537
NHCF,-0.4085443,0.0,1,13021,1537
NHFK,-0.4085443,0.0006743568,1,13021,1537
NHCR,-0.4085443,0.00050731434,1,13021,1537
AHWL,-0.4085443,0.002314549,1,13021,1537
WHHL,-0.4085443,0.000713002,1,13021,1537
GHHL,-0.4085443,0.00029729717,1,13021,1537
AHHL,-0.4085443,0.0028207381,1,13021,1537
WHDL,-0.4085443,0.00039498045,1,13021,1537
IHAL,-0.4085443,0.10769179,1,13021,1537
LHKL,-0.4085443,0.00042104517,1,13021,1537
WHKL,-0.4085443,0.0010109993,1,13021,1537
AHKL,-0.4085443,0.0023166772,1,13021,1537
PHWL,-0.4085443,0.0,1,13021,1537
WHNL,-0.4085443,0.0003390579,1,13021,1537
PHML,-0.4085443,0.00019891108,1,13021,1537
RHML,-0.4085443,0.00026001845,1,13021,1537
EHHL,-0.4085443,0.00058826874,1,13021,1537
EHYL,-0.4085443,0.0,1,13021,1537
EHEL,-0.4085443,0.0013999307,1,13021,1537
EHDL,-0.4085443,0.0010634089,1,13021,1537
EHSL,-0.4085443,0.0007825085,1,13021,1537
EHML,-0.4085443,0.0012379985,1,13021,1537
WHRL,-0.4085443,0.0010461037,1,13021,1537
SHKL,-0.4085443,0.00010800247,1,13021,1537
NIGW,-0.4085443,0.00029944372,1,13021,1537
EVGL,-0.4085443,0.08511811,1,13021,1537
NHME,-0.4085443,0.0,1,13021,1537
NHMP,-0.4085443,0.00052167237,1,13021,1537
NHKP,-0.4085443,0.0,1,13021,1537
NHRE,-0.4085443,0.0002583984,1,13021,1537
AFGL,-0.4085443,0.16573988,1,13021,1537
LFGL,-0.4085443,0.18911326,1,13021,1537
DFGL,-0.4085443,0.13636413,1,13021,1537
DVGL,-0.4085443,0.024525147,1,13021,1537
IVGL,-0.4085443,0.0815387,1,13021,1537
SHML,-0.4085443,0.00037162143,1,13021,1537
WVGL,-0.4085443,0.064853095,1,13021,1537
WHIL,-0.4085443,0.0004091043,1,13021,1537
DHIL,-0.4085443,0.00043886717,1,13021,1537
DHEL,-0.4085443,0.00074726035,1,13021,1537
AHEL,-0.4085443,0.0,1,13021,1537
AHQL,-0.4085443,0.0029550781,1,13021,1537
AHVL,-0.4085443,0.0,1,13021,1537
KHML,-0.4085443,0.00018556125,1,13021,1537
IHML,-0.4085443,0.0012480285,1,13021,1537
IHKL,-0.4085443,0.00081319513,1,13021,1537
IHGQ,-0.4085443,0.036976896,1,13021,1537
NYGP,-0.4085443,0.0007563455,1,13021,1537
NGGG,-0.4085443,0.00044684662,1,13021,1537
NHCW,-0.4085443,0.0,1,13021,1537
NGGF,-0.4085443,7.99093e-05,1,13021,1537
NLGY,-0.4085443,0.00034134116,1,13021,1537
NRGK,-0.4085443,0.0004007048,1,13021,1537
NRGV,-0.4085443,0.008113902,1,13021,1537
NRGP,-0.4085443,0.00032352138,1,13021,1537
NKGP,-0.4085443,0.00016311879,1,13021,1537
NNGP,-0.4085443,0.00025749605,1,13021,1537
IHGF,-0.4085443,0.28667882,1,13021,1537
VHGE,-0.4085443,0.01912537,1,13021,1537
SHGS,-0.4085443,0.049943395,1,13021,1537
SHGQ,-0.4085443,0.015386653,1,13021,1537
SIGL,-0.4085443,0.026437802,1,13021,1537
FIGL,-0.4085443,0.064220235,1,13021,1537
NTGI,-0.4085443,0.002186171,1,13021,1537
NQGI,-0.4085443,0.0011148641,1,13021,1537
NQGS,-0.4085443,0.001875661,1,13021,1537
NLGT,-0.4085443,0.0010514269,1,13021,1537
NGGT,-0.4085443,0.0008035663,1,13021,1537
NGGM,-0.4085443,0.0024883768,1,13021,1537
NKGC,-0.4085443,0.029523116,1,13021,1537
NHMF,-0.4085443,0.0007899609,1,13021,1537
NHMS,-0.4085443,0.0,1,13021,1537
RTGL,-0.4085443,0.038105413,1,13021,1537
NHAS,-0.4085443,0.0006032429,1,13021,1537
NHAN,-0.4085443,0.00029103828,1,13021,1537
NHLE,-0.4085443,0.00046081058,1,13021,1537
NHIE,-0.4085443,0.0,1,13021,1537
NHHH,-0.4085443,0.0,1,13021,1537
NHKH,-0.4085443,0.0012021145,1,13021,1537
NLGF,-0.4085443,0.00056425773,1,13021,1537
NLGW,-0.4085443,0.00046975835,1,13021,1537
NNGW,-0.4085443,0.0021856627,1,13021,1537
NAGK,-0.4085443,0.0005120117,1,13021,1537
NKGK,-0.4085443,0.00010512788,1,13021,1537
NVGK,-0.4085443,0.0002946568,1,13021,1537
NKGM,-0.4085443,0.047564123,1,13021,1537
NKGI,-0.4085443,0.002633203,1,13021,1537
NHVE,-0.4085443,0.00016756746,1,13021,1537
NHTE,-0.4085443,0.0,1,13021,1537
NHTR,-0.4085443,0.00024042286,1,13021,1537
NHQD,-0.4085443,0.025513185,1,13021,1537
NVPL,-0.4085443,9.712634e-05,1,13021,1537
NVSL,-0.4085443,0.0002573296,1,13021,1537
NESL,-0.4085443,0.0002699308,1,13021,1537
NDSL,-0.4085443,0.0001513611,1,13021,1537
NRDL,-0.4085443,0.00050679775,1,13021,1537
NPIL,-0.4085443,0.00024908676,1,13021,1537
NHNF,-0.4085443,0.0,1,13021,1537
NHQP,-0.4085443,0.0,1,13021,1537
NHND,-0.4085443,0.027376471,1,13021,1537
NHKS,-0.4085443,0.0,1,13021,1537
NHKD,-0.4085443,0.033439554,1,13021,1537
NHKK,-0.4085443,0.0,1,13021,1537
NHDK,-0.4085443,0.0,1,13021,1537
NHQQ,-0.4085443,0.0,1,13021,1537
NHWQ,-0.4085443,0.0,1,13021,1537
NHEQ,-0.4085443,0.0010634089,1,13021,1537
NHDQ,-0.4085443,0.0,1,13021,1537
NHNQ,-0.4085443,0.0011520264,1,13021,1537
NEPL,-0.4085443,0.0,1,13021,1537
NEAL,-0.4085443,0.0002781553,1,13021,1537
NQDL,-0.4085443,0.0,1,13021,1537
NQLL,-0.4085443,0.00017799549,1,13021,1537
AHGP,-0.4085443,0.0010240235,1,13021,1537
DHGP,-0.4085443,0.0008463867,1,13021,1537
DHLL,-0.4085443,0.0,1,13021,1537
NRHL,-0.4085443,0.00019678741,1,13021,1537
NNHL,-0.4085443,0.00015446165,1,13021,1537
NEQL,-0.4085443,0.0,1,13021,1537
NRQL,-0.4085443,0.00019608955,1,13021,1537
NQQL,-0.4085443,0.0002583984,1,13021,1537
NQML,-0.4085443,0.00023040529,1,13021,1537
NIML,-0.4085443,0.00031658742,1,13021,1537
NIDL,-0.4085443,0.00013893783,1,13021,1537
NIPL,-0.4085443,0.0,1,13021,1537
NIWL,-0.4085443,0.00024576558,1,13021,1537
NYWL,-0.4085443,0.00037363017,1,13021,1537
NEWL,-0.4085443,0.00017389082,1,13021,1537
NTEL,-0.4085443,0.00020945935,1,13021,1537
NQGN,-0.4085443,0.0017554687,1,13021,1537
NHNS,-0.4085443,0.00037363017,1,13021,1537
NHKN,-0.4085443,0.0,1,13021,1537
NHTS,-0.4085443,0.00019608955,1,13021,1537
NGTL,-0.4085443,0.0003106588,1,13021,1537
NQGD,-0.4085443,0.005848368,1,13021,1537
NNDL,-0.4085443,0.0003777136,1,13021,1537
NDVL,-0.4085443,0.000110153866,1,13021,1537
NAVL,-0.4085443,0.00024306492,1,13021,1537
NTVL,-0.4085443,0.00023305361,1,13021,1537
NLVL,-0.4085443,0.00020684765,1,13021,1537
NRVL,-0.4085443,0.00021903244,1,13021,1537
NGVL,-0.4085443,0.0002583984,1,13021,1537
NGSL,-0.4085443,0.0001921951,1,13021,1537
NHYN,-0.4085443,0.0,1,13021,1537
NDNL,-0.4085443,0.0,1,13021,1537
NDML,-0.4085443,0.000107582215,1,13021,1537
NHYR,-0.4085443,0.0015576695,1,13021,1537
NHYP,-0.4085443,0.00031418898,1,13021,1537
NHKF,-0.4085443,0.0,1,13021,1537
NHKC,-0.4085443,0.0,1,13021,1537
NHDC,-0.4085443,0.0009874512,1,13021,1537
NHTC,-0.4085443,0.00064299145,1,13021,1537
NQGF,-0.4085443,0.0010634089,1,13021,1537
NSGF,-0.4085443,0.0032975434,1,13021,1537
NMGR,-0.4085443,8.3656974e-05,1,13021,1537
NMGP,-0.4085443,0.0002764863,1,13021,1537
NHYM,-0.4085443,0.0,1,13021,1537
NHNM,-0.4085443,0.0011520264,1,13021,1537
NHEF,-0.4085443,0.0,1,13021,1537
NHEN,-0.4085443,0.0,1,13021,1537
NHSY,-0.4085443,0.0,1,13021,1537
NHCY,-0.4085443,0.0,1,13021,1537
NHYY,-0.4085443,0.0,1,13021,1537
NHYQ,-0.4085443,0.0015360351,1,13021,1537
NHDF,-0.4085443,0.00061441405,1,13021,1537
NLGN,-0.4085443,0.000688756,1,13021,1537
NVGN,-0.4085443,0.003243905,1,13021,1537
NAGN,-0.4085443,0.0012480285,1,13021,1537
NPGM,-0.4085443,0.00080725935,1,13021,1537
NIGM,-0.4085443,0.045280844,1,13021,1537
NPGH,-0.4085443,0.00049498834,1,13021,1537
NPGP,-0.4085443,0.00015125074,1,13021,1537
NEGP,-0.4085443,9.231593e-05,1,13021,1537
NTGW,-0.4085443,0.0004547473,1,13021,1537
NKRL,-0.4085443,0.0004253636,1,13021,1537
NQGW,-0.4085443,0.0,1,13021,1537
NTGR,-0.4085443,0.00030262183,1,13021,1537
LVGL,-0.4085443,0.07861046,1,13021,1537
LTGL,-0.4085443,0.044006936,1,13021,1537
NHYN,-0.4085443,0.0,1,13021,1537
LAGL,-0.4085443,0.08663238,1,13021,1537
YAGL,-0.4085443,0.071146905,1,13021,1537
NAGR,-0.4085443,0.00022958536,1,13021,1537
NLGR,-0.4085443,0.000250301,1,13021,1537
HVGL,-0.4085443,0.05012035,1,13021,1537
NYGF,-0.4085443,0.11222092,1,13021,1537
NKML,-0.4085443,0.000115684634,1,13021,1537
NKNL,-0.4085443,0.00015275492,1,13021,1537
NEGR,-0.4085443,0.00025719655,1,13021,1537
NCEL,-0.4085443,0.0006010572,1,13021,1537
NWGN,-0.4085443,0.015404238,1,13021,1537
NRGN,-0.4085443,0.0024015517,1,13021,1537
NSNL,-0.4085443,7.658905e-05,1,13021,1537
LWGL,-0.4085443,0.29315907,1,13021,1537
VNGL,-0.4085443,0.08864639,1,13021,1537
VRGL,-0.4085443,0.09654703,1,13021,1537
PVGL,-0.4085443,0.0030391787,1,13021,1537
IHGP,-0.4085443,0.0012038029,1,13021,1537
DHGI,-0.4085443,0.03891289,1,13021,1537
DAGL,-0.4085443,0.034387987,1,13021,1537
NRAL,-0.4085443,0.00044086654,1,13021,1537
NRCL,-0.4085443,0.0011546992,1,13021,1537
NVCL,-0.4085443,0.0014213495,1,13021,1537
NVVL,-0.4085443,0.00021698636,1,13021,1537
HRGL,-0.4085443,0.05238628,1,13021,1537
SNGL,-0.4085443,0.035512295,1,13021,1537
LDGL,-0.4085443,0.028502788,1,13021,1537
NRGM,-0.4085443,0.061899923,1,13021,1537
LQGL,-0.4085443,0.052748557,1,13021,1537
VQGL,-0.4085443,0.05994796,1,13021,1537
PWGL,-0.4085443,0.026930487,1,13021,1537
PRGL,-0.4085443,0.0031467322,1,13021,1537
NRGF,-0.4085443,0.0029228553,1,13021,1537
LGGL,-0.4085443,0.024055406,1,13021,1537
NEVL,-0.4085443,0.00025160535,1,13021,1537
NHRR,-0.4085443,0.00038294503,1,13021,1537
NECL,-0.4085443,0.00038534682,1,13021,1537
IDGL,-0.4085443,0.022036782,1,13021,1537
FVGL,-0.4085443,0.072338834,1,13021,1537
DHDL,-0.4085443,0.0,1,13021,1537
AHDL,-0.4085443,0.0,1,13021,1537
AHGR,-0.4085443,0.0,1,13021,1537
DHGR,-0.4085443,0.00054213003,1,13021,1537
HEGL,-0.4085443,0.009491322,1,13021,1537
DGGL,-0.4085443,0.0035981096,1,13021,1537
NHRA,-0.4085443,0.00017780473,1,13021,1537
PHGR,-0.4085443,0.00033717847,1,13021,1537
DHGC,-0.4085443,0.06032429,1,13021,1537
MHGE,-0.4085443,0.0012413671,1,13021,1537
PHGC,-0.4085443,0.010784928,1,13021,1537
WHGG,-0.4085443,0.08647138,1,13021,1537
NHYG,-0.4085443,0.016829602,1,13021,1537
DHCL,-0.4085443,0.00092162105,1,13021,1537
DHTL,-0.4085443,0.0,1,13021,1537
NHCS,-0.4085443,0.002880066,1,13021,1537
NHCC,-0.4085443,0.024433674,1,13021,1537
DRGL,-0.4085443,0.02726031,1,13021,1537
NEGS,-0.4085443,0.0018312731,1,13021,1537
NYGS,-0.4085443,0.0043370402,1,13021,1537
NIGS,-0.4085443,0.0045376453,1,13021,1537
NSKL,-0.4085443,0.00011765375,1,13021,1537
NRNL,-0.4085443,0.0004176531,1,13021,1537
NINL,-0.4085443,9.874511e-05,1,13021,1537
NLWL,-0.4085443,0.00020480469,1,13021,1537
NQWL,-0.4085443,0.0002032988,1,13021,1537
NQPL,-0.4085443,0.00044594568,1,13021,1537
NTPL,-0.4085443,0.000307207,1,13021,1537
NDPL,-0.4085443,0.00019002493,1,13021,1537
NFQL,-0.4085443,0.0,1,13021,1537
NHYS,-0.4085443,0.0,1,13021,1537
NHYC,-0.4085443,0.0019749023,1,13021,1537
LRGL,-0.4085443,0.101335086,1,13021,1537
IHGR,-0.4085443,0.0010793761,1,13021,1537
NTML,-0.4085443,0.0004374784,1,13021,1537
WHGA,-0.4085443,0.20248558,1,13021,1537
HHGS,-0.4085443,0.19490767,1,13021,1537
HHGV,-0.4085443,0.08165658,1,13021,1537
EHGV,-0.4085443,0.12927206,1,13021,1537
AHGV,-0.4085443,0.060563672,1,13021,1537
AHGN,-0.4085443,0.04147295,1,13021,1537
YHGN,-0.4085443,0.0813569,1,13021,1537
AHGA,-0.4085443,0.12441885,1,13021,1537
LHGA,-0.4085443,0.3339849,1,13021,1537
NVNL,-0.4085443,0.00016556072,1,13021,1537
NDGA,-0.4085443,0.0008086647,1,13021,1537
NPGI,-0.4085443,0.0,1,13021,1537
EYGL,-0.4085443,0.21699409,1,13021,1537
QVGL,-0.4085443,0.056780957,1,13021,1537
NHWF,-0.4085443,0.0,1,13021,1537
QIGL,-0.4085443,0.04560494,1,13021,1537
LNGL,-0.4085443,0.07878782,1,13021,1537
EHGS,-0.4085443,0.01001762,1,13021,1537
NENL,-0.4085443,0.00038669413,1,13021,1537
QMGL,-0.4085443,0.03036152,1,13021,1537
SHGH,-0.4085443,0.095102854,1,13021,1537
NTGP,-0.4085443,0.0004065975,1,13021,1537
NSGR,-0.4085443,0.00035608085,1,13021,1537
NRGR,-0.4085443,0.00035752542,1,13021,1537
EHGR,-0.4085443,0.00045889846,1,13021,1537
EHGP,-0.4085443,0.0013761763,1,13021,1537
CHGP,-0.4085443,0.0018103272,1,13021,1537
CHGH,-0.4085443,0.016837707,1,13021,1537
AHGH,-0.4085443,0.04147295,1,13021,1537
NEDL,-0.4085443,0.00018618608,1,13021,1537
LHGH,-0.4085443,0.0060836882,1,13021,1537
LHGI,-0.4085443,0.12180144,1,13021,1537
GHGI,-0.4085443,0.0028117255,1,13021,1537
GHGP,-0.4085443,9.185594e-05,1,13021,1537
GHGN,-0.4085443,0.00041266615,1,13021,1537
GHGF,-0.4085443,0.0225484,1,13021,1537
EHGF,-0.4085443,0.110973276,1,13021,1537
QTGL,-0.4085443,0.030975694,1,13021,1537
QEGL,-0.4085443,0.01421646,1,13021,1537
QRGL,-0.4085443,0.06043975,1,13021,1537
NHFF,-0.4085443,0.0006583008,1,13021,1537
NHWK,-0.4085443,0.0,1,13021,1537
THKL,-0.4085443,0.0,1,13021,1537
WCGL,-0.4085443,0.077611454,1,13021,1537
ICGL,-0.4085443,0.10464109,1,13021,1537
IAGL,-0.4085443,0.13994776,1,13021,1537
ALGL,-0.4085443,0.008507271,1,13021,1537
AWGL,-0.4085443,0.21451525,1,13021,1537
QYGL,-0.4085443,0.22884989,1,13021,1537
CVGL,-0.4085443,0.06603087,1,13021,1537
CRGL,-0.4085443,0.055650152,1,13021,1537
CIGL,-0.4085443,0.057682507,1,13021,1537
DIGL,-0.4085443,0.012641705,1,13021,1537
DEGL,-0.4085443,0.0074058836,1,13021,1537
NCVL,-0.4085443,0.0012526888,1,13021,1537
NARL,-0.4085443,0.00020650426,1,13021,1537
PYGL,-0.4085443,0.028818944,1,13021,1537
NQVL,-0.4085443,0.00010779194,1,13021,1537
LHYL,-0.4085443,0.0012601253,1,13021,1537
FHYL,-0.4085443,0.0,1,13021,1537
WYGL,-0.4085443,0.25245315,1,13021,1537
AAGL,-0.4085443,0.047555648,1,13021,1537
NHWC,-0.4085443,0.0005027024,1,13021,1537
VAGL,-0.4085443,0.12260582,1,13021,1537
PAGL,-0.4085443,0.002020255,1,13021,1537
PQGL,-0.4085443,0.0013389168,1,13021,1537
ENGL,-0.4085443,0.071277864,1,13021,1537
AEGL,-0.4085443,0.008945146,1,13021,1537
NHMK,-0.4085443,0.0,1,13021,1537
WHYA,-0.4120297,0.06425444,1,13021,1537
DYLL,-0.4120297,0.00047670057,1,13021,1537
WLKL,-0.4120297,0.0002701821,1,13021,1537
WLTL,-0.4120297,0.00020470684,1,13021,1537
NEYY,-0.4120297,0.00037874837,1,13021,1537
NWDQ,-0.4120297,0.0,1,13021,1537
NTHQ,-0.4120297,0.00058826874,1,13021,1537
WRPL,-0.4120297,0.00028449428,1,13021,1537
WQWL,-0.4120297,0.00063474244,1,13021,1537
DEHL,-0.4120297,0.0,1,13021,1537
DRHL,-0.4120297,0.0,1,13021,1537
WIWL,-0.4120297,0.0007993868,1,13021,1537
TIWL,-0.4120297,0.0002211891,1,13021,1537
WHYG,-0.4120297,0.0999243,1,13021,1537
AVGK,-0.4120297,0.0,1,13021,1537
LHYA,-0.4120297,0.044786997,1,13021,1537
FHYA,-0.4120297,0.019118736,1,13021,1537
QFML,-0.4120297,0.00015489431,1,13021,1537
WFML,-0.4120297,0.007081851,1,13021,1537
WFFL,-0.4120297,0.0029503494,1,13021,1537
WFNL,-0.4120297,0.00055575144,1,13021,1537
WIHL,-0.4120297,0.00039183177,1,13021,1537
WADL,-0.4120297,0.00030278042,1,13021,1537
DRDL,-0.4120297,0.00017837832,1,13021,1537
VRDL,-0.4120297,0.0008417617,1,13021,1537
VRKL,-0.4120297,0.00017780473,1,13021,1537
VQKL,-0.4120297,0.0,1,13021,1537
SQML,-0.4120297,0.00035266113,1,13021,1537
SYML,-0.4120297,0.000433704,1,13021,1537
IHDF,-0.4120297,0.00026585226,1,13021,1537
IHNF,-0.4120297,0.0006999654,1,13021,1537
NFNC,-0.4120297,0.0,1,13021,1537
NCNS,-0.4120297,0.0004189187,1,13021,1537
LHCS,-0.4120297,0.13449723,1,13021,1537
LHNS,-0.4120297,0.0028754578,1,13021,1537
LHDS,-0.4120297,0.00022616463,1,13021,1537
NACS,-0.4120297,0.0017926794,1,13021,1537
NLWS,-0.4120297,8.735744e-05,1,13021,1537
NLDS,-0.4120297,0.00020541328,1,13021,1537
NFDS,-0.4120297,0.00021268176,1,13021,1537
QFWL,-0.4120297,0.00028875854,1,13021,1537
SQVL,-0.4120297,0.00027311256,1,13021,1537
SHYC,-0.4120297,0.00066623214,1,13021,1537
NVWF,-0.4120297,9.309309e-05,1,13021,1537
DHYA,-0.4120297,0.0,1,13021,1537
DHVA,-0.4120297,0.00039782203,1,13021,1537
AHVA,-0.4120297,0.0024395853,1,13021,1537
VEGH,-0.4120297,0.002194336,1,13021,1537
AHRA,-0.4120297,0.0021268178,1,13021,1537
VYGH,-0.4120297,0.044676963,1,13021,1537
PIGR,-0.4120297,0.00035752542,1,13021,1537
LIGF,-0.4120297,0.07451021,1,13021,1537
QDGF,-0.4120297,0.014910513,1,13021,1537
NVDF,-0.4120297,0.00011239282,1,13021,1537
NVWP,-0.4120297,0.00031170953,1,13021,1537
SHYV,-0.4120297,0.00014945211,1,13021,1537
NSMD,-0.4120297,0.00037501784,1,13021,1537
LKGR,-0.4120297,0.00048791707,1,13021,1537
PTGC,-0.4120297,0.0019542226,1,13021,1537
PIGC,-0.4120297,0.0046081054,1,13021,1537
PMGC,-0.4120297,0.0020169215,1,13021,1537
TMGI,-0.4120297,0.019630529,1,13021,1537
AIGK,-0.4120297,0.0,1,13021,1537
VIGK,-0.4120297,0.00038136047,1,13021,1537
VVGK,-0.4120297,0.00088052975,1,13021,1537
SHYG,-0.4120297,0.023545932,1,13021,1537
NLCS,-0.4120297,0.0010044436,1,13021,1537
NVPS,-0.4120297,0.00032566118,1,13021,1537
KAGV,-0.4120297,0.055415057,1,13021,1537
DHDR,-0.4120297,0.0011059452,1,13021,1537
PVLL,-0.4120297,0.00024671594,1,13021,1537
EAGK,-0.4120297,0.00021268176,1,13021,1537
PVKL,-0.4120297,0.00030383116,1,13021,1537
PVGW,-0.4120297,0.00039839532,1,13021,1537
TTGP,-0.4120297,0.0001067515,1,13021,1537
TTKL,-0.4120297,0.0,1,13021,1537
IPNL,-0.4120297,0.0001872368,1,13021,1537
ISRL,-0.4120297,0.00042259696,1,13021,1537
DPKL,-0.4120297,0.0013824316,1,13021,1537
DNDL,-0.4120297,0.00018310349,1,13021,1537
VHLN,-0.4120297,0.0010913934,1,13021,1537
VHPE,-0.4120297,0.0,1,13021,1537
VHQY,-0.4120297,0.0002572029,1,13021,1537
DHYV,-0.4120297,0.0,1,13021,1537
DFNL,-0.4120297,0.00022207742,1,13021,1537
NVCR,-0.4120297,0.0011261381,1,13021,1537
VKGM,-0.4120297,0.18002975,1,13021,1537
PKGC,-0.4120297,0.0038927677,1,13021,1537
DAGH,-0.4120297,0.0004253636,1,13021,1537
CYGA,-0.4120297,0.06962581,1,13021,1537
KHEI,-0.4120297,0.00044594568,1,13021,1537
KHVW,-0.4120297,0.0005147352,1,13021,1537
KHWR,-0.4120297,6.103446e-05,1,13021,1537
VVGE,-0.4120297,0.008155352,1,13021,1537
KVYL,-0.4120297,0.0004595919,1,13021,1537
CLGP,-0.4120297,0.00097000843,1,13021,1537
NYLH,-0.4120297,0.00025135124,1,13021,1537
NWYY,-0.4120297,0.0,1,13021,1537
WHLD,-0.4120297,0.01256756,1,13021,1537
NVLP,-0.4120297,0.00020961056,1,13021,1537
TMYL,-0.4120297,0.00014706719,1,13021,1537
THVG,-0.4120297,0.019233832,1,13021,1537
THPP,-0.4120297,0.0,1,13021,1537
THFP,-0.4120297,0.0007899609,1,13021,1537
GHWN,-0.4120297,0.0,1,13021,1537
GHLK,-0.4120297,0.0,1,13021,1537
GHEY,-0.4120297,0.0,1,13021,1537
RPGE,-0.4120297,0.0003108334,1,13021,1537
RIQL,-0.4120297,0.00015243907,1,13021,1537
GPGE,-0.4120297,0.00010971677,1,13021,1537
RHRN,-0.4120297,0.000112851514,1,13021,1537
RSHL,-0.4120297,0.00029729717,1,13021,1537
GQTL,-0.4120297,0.00028212892,1,13021,1537
RDGA,-0.4120297,0.0017714524,1,13021,1537
RCGC,-0.4120297,0.066681996,1,13021,1537
QVSL,-0.4120297,0.0004908805,1,13021,1537
FLDL,-0.4120297,0.0003327152,1,13021,1537
SEVL,-0.4120297,0.00020352901,1,13021,1537
HEIL,-0.4120297,0.00026415894,1,13021,1537
HHQP,-0.4120297,0.00026083618,1,13021,1537
HIGC,-0.4120297,0.11749267,1,13021,1537
QQGG,-0.4120297,0.0020894397,1,13021,1537
EWNL,-0.4120297,0.0006583008,1,13021,1537
QHVY,-0.4120297,0.00029676524,1,13021,1537
EQIL,-0.4120297,0.0,1,13021,1537
QHSF,-0.4120297,0.00016756746,1,13021,1537
EPGF,-0.4120297,0.0,1,13021,1537
QHNY,-0.4120297,0.0,1,13021,1537
QHLS,-0.4120297,0.004800241,1,13021,1537
TDGA,-0.4120297,0.019058766,1,13021,1537
IAGC,-0.4120297,0.2644698,1,13021,1537
ICGR,-0.4120297,0.0026999603,1,13021,1537
THDI,-0.4120297,0.0,1,13021,1537
CHVQ,-0.4120297,0.00070201606,1,13021,1537
RNGG,-0.4120297,0.0020387056,1,13021,1537
NTFQ,-0.4120297,0.00012288279,1,13021,1537
WTGD,-0.4120297,0.0012197926,1,13021,1537
GRGF,-0.4120297,0.009197286,1,13021,1537
NFRV,-0.4120297,0.0001933471,1,13021,1537
GVGF,-0.4120297,0.004534376,1,13021,1537
NSTH,-0.4120297,0.00047262618,1,13021,1537
NFQV,-0.4120297,0.0,1,13021,1537
NDQK,-0.4120297,0.0,1,13021,1537
NDCR,-0.4120297,0.00014628902,1,13021,1537
NCQA,-0.4120297,0.0,1,13021,1537
NCDH,-0.4120297,0.0,1,13021,1537
MHFV,-0.4120297,0.070293136,1,13021,1537
MSNL,-0.4120297,0.00038696476,1,13021,1537
MHVN,-0.4120297,0.00045624803,1,13021,1537
LRGI,-0.4120297,0.08337825,1,13021,1537
AEML,-0.4120297,0.0017280395,1,13021,1537
NIPS,-0.4120297,0.0001553294,1,13021,1537
MHSP,-0.4120297,0.00029103828,1,13021,1537
YAGI,-0.4120297,0.018604152,1,13021,1537
MHMT,-0.4120297,0.06716471,1,13021,1537
ATPL,-0.4120297,0.0,1,13021,1537
AHFW,-0.4120297,0.008562254,1,13021,1537
AGGW,-0.4120297,0.00829459,1,13021,1537
TRGF,-0.4120297,0.0378491,1,13021,1537
WVTL,-0.4120297,0.0003473067,1,13021,1537
AIYL,-0.4120297,0.00048506376,1,13021,1537
MHES,-0.4120297,0.0,1,13021,1537
NRLQ,-0.4120297,0.00013378373,1,13021,1537
NQHC,-0.4120297,0.0010240235,1,13021,1537
NPWN,-0.4120297,0.0003291504,1,13021,1537
LGGN,-0.4120297,0.0030999982,1,13021,1537
LHIT,-0.4120297,0.0007340345,1,13021,1537
NPVT,-0.4120297,0.00030085558,1,13021,1537
NIVS,-0.4120297,0.0002955636,1,13021,1537
LHNG,-0.4120297,0.016945936,1,13021,1537
NMMS,-0.4120297,0.000262487,1,13021,1537
APQL,-0.4120297,0.0,1,13021,1537
QMGW,-0.4120297,0.0003604105,1,13021,1537
MHLG,-0.4120297,0.2935551,1,13021,1537
NKPE,-0.4120297,0.00025135124,1,13021,1537
DRGV,-0.4120297,0.003323153,1,13021,1537
NIYQ,-0.4120297,0.0008507271,1,13021,1537
NIYY,-0.4120297,0.00035907316,1,13021,1537
NKFT,-0.4120297,0.0013166015,1,13021,1537
QLDN,-0.41246456,0.00021899906,1,13021,1537
QNPK,-0.41246456,0.00015275492,1,13021,1537
QIDI,-0.41246456,0.00011866362,1,13021,1537
QRDV,-0.41246456,0.0002825725,1,13021,1537
QIIV,-0.41246456,0.00036864838,1,13021,1537
QPQG,-0.41246456,0.0,1,13021,1537
QFNT,-0.41246456,7.922244e-05,1,13021,1537
QNPT,-0.41246456,0.000379268,1,13021,1537
QIRY,-0.41246456,0.00023161157,1,13021,1537
MPAN,-0.41246456,0.00062365335,1,13021,1537
QKEW,-0.41246456,0.00021268176,1,13021,1537
MPYW,-0.41246456,0.0004189187,1,13021,1537
QNFC,-0.41246456,0.0072759558,1,13021,1537
QMPT,-0.41246456,0.00036416642,1,13021,1537
QMEK,-0.41246456,0.00078621705,1,13021,1537
QKSI,-0.41246456,0.00029476153,1,13021,1537
QMCP,-0.41246456,0.0007848644,1,13021,1537
MPKE,-0.41246456,0.0028602034,1,13021,1537
MPQF,-0.41246456,0.00049966364,1,13021,1537
RCAA,-0.41246456,0.021562928,1,13021,1537
QRLE,-0.41246456,0.00042881924,1,13021,1537
REET,-0.41246456,0.00016237856,1,13021,1537
RMMC,-0.41246456,0.0005146108,1,13021,1537
RMCS,-0.41246456,0.0021427046,1,13021,1537
RLMN,-0.41246456,0.00022593363,1,13021,1537
RLEK,-0.41246456,0.00023332184,1,13021,1537
RKRC,-0.41246456,0.0008308437,1,13021,1537
RKAK,-0.41246456,0.00025771032,1,13021,1537
RIDM,-0.41246456,0.00013487138,1,13021,1537
RIAP,-0.41246456,0.00029807675,1,13021,1537
RGCH,-0.41246456,0.0006101954,1,13021,1537
MMSR,-0.41246456,0.00019803425,1,13021,1537
RFEE,-0.41246456,7.99093e-05,1,13021,1537
RDYK,-0.41246456,0.00036063432,1,13021,1537
QRLQ,-0.41246456,0.00024074495,1,13021,1537
MNMI,-0.41246456,0.022077639,1,13021,1537
RCKY,-0.41246456,0.0012343139,1,13021,1537
MNPA,-0.41246456,0.0013166015,1,13021,1537
RCCF,-0.41246456,0.0010702696,1,13021,1537
QFFM,-0.41246456,0.0005760131,1,13021,1537
QYKS,-0.41246456,0.0,1,13021,1537
QWTV,-0.41246456,0.00081662624,1,13021,1537
QVTC,-0.41246456,0.0005113804,1,13021,1537
QVSC,-0.41246456,0.0015986733,1,13021,1537
QTTY,-0.41246456,0.00066438486,1,13021,1537
QTKV,-0.41246456,0.000121000536,1,13021,1537
MQKT,-0.41246456,0.0009534011,1,13021,1537
QAVI,-0.41246456,0.00045004854,1,13021,1537
QFFH,-0.41246456,0.0,1,13021,1537
PREI,-0.41246456,0.00019608955,1,13021,1537
PQVQ,-0.41246456,0.0006098963,1,13021,1537
PQKA,-0.41246456,0.0004253636,1,13021,1537
PQHC,-0.41246456,0.0,1,13021,1537
RMSI,-0.41246456,0.0003708239,1,13021,1537
MYDA,-0.41246456,0.00023136927,1,13021,1537
MYKF,-0.41246456,0.00032527806,1,13021,1537
PPVV,-0.41246456,0.00030438858,1,13021,1537
PPFW,-0.41246456,0.00025135124,1,13021,1537
PPDA,-0.41246456,0.000113780385,1,13021,1537
PMVM,-0.41246456,0.00026458022,1,13021,1537
PLCC,-0.41246456,0.0010040007,1,13021,1537
PKVK,-0.41246456,0.00010433449,1,13021,1537
PILP,-0.41246456,0.00013460871,1,13021,1537
PIKQ,-0.41246456,0.0,1,13021,1537
PIFK,-0.41246456,0.0,1,13021,1537
PFEP,-0.41246456,0.00017173064,1,13021,1537
PDWS,-0.41246456,0.0,1,13021,1537
PDPV,-0.41246456,0.00031780035,1,13021,1537
PDIM,-0.41246456,0.00043200987,1,13021,1537
PDFK,-0.41246456,0.0,1,13021,1537
PDAD,-0.41246456,0.008594368,1,13021,1537
PCRR,-0.41246456,0.0008053,1,13021,1537
PCNW,-0.41246456,0.0012859829,1,13021,1537
PCIH,-0.41246456,0.0011659062,1,13021,1537
PCFM,-0.41246456,0.002835757,1,13021,1537
PAWR,-0.41246456,0.00063414295,1,13021,1537
PAKF,-0.41246456,0.0,1,13021,1537
PAIN,-0.41246456,0.00023234142,1,13021,1537
PAED,-0.41246456,0.03839293,1,13021,1537
PQWY,-0.41246456,0.00076801755,1,13021,1537
PRIH,-0.41246456,0.0001876604,1,13021,1537
MRAF,-0.41246456,0.001758356,1,13021,1537
PRLV,-0.41246456,0.0005322732,1,13021,1537
QEPD,-0.41246456,0.0016855465,1,13021,1537
QEFD,-0.41246456,0.0053913025,1,13021,1537
MRIS,-0.41246456,0.00041113212,1,13021,1537
QDRW,-0.41246456,0.00034821953,1,13021,1537
MRKM,-0.41246456,0.00024686282,1,13021,1537
MRPG,-0.41246456,0.00071351306,1,13021,1537
MSAP,-0.41246456,0.00059803383,1,13021,1537
QDIM,-0.41246456,0.0002620723,1,13021,1537
QDDE,-0.41246456,0.0,1,13021,1537
QATW,-0.41246456,0.0002832852,1,13021,1537
PYNW,-0.41246456,0.0,1,13021,1537
PYHD,-0.41246456,0.1744041,1,13021,1537
PWSW,-0.41246456,0.00034560793,1,13021,1537
PWKH,-0.41246456,0.002513512,1,13021,1537
MSKK,-0.41246456,0.0005566838,1,13021,1537
PVQS,-0.41246456,0.0002764863,1,13021,1537
MSLD,-0.41246456,0.0029103823,1,13021,1537
MSSG,-0.41246456,0.0028838804,1,13021,1537
MTTR,-0.41246456,0.00020292576,1,13021,1537
PTSD,-0.41246456,0.001437739,1,13021,1537
PTFC,-0.41246456,0.00056812254,1,13021,1537
PTAC,-0.41246456,0.00061899924,1,13021,1537
MVLR,-0.41246456,0.0004142692,1,13021,1537
MWNS,-0.41246456,0.0027919698,1,13021,1537
PSVH,-0.41246456,0.00023234142,1,13021,1537
PSHS,-0.41246456,0.0004030413,1,13021,1537
PSDP,-0.41246456,0.00023586514,1,13021,1537
PRYY,-0.41246456,0.00048224357,1,13021,1537
PRVC,-0.41246456,0.0009993482,1,13021,1537
YYTE,-0.41246456,0.0,1,13021,1537
RYNT,-0.41246456,0.00014904921,1,13021,1537
RNNI,-0.41246456,0.00042405876,1,13021,1537
WDYQ,-0.41246456,0.00024360027,1,13021,1537
VWFN,-0.41246456,0.011599714,1,13021,1537
VYDK,-0.41246456,0.00013893783,1,13021,1537
VYYE,-0.41246456,0.00042866098,1,13021,1537
WAKH,-0.41246456,0.00011815652,1,13021,1537
WAMD,-0.41246456,0.0030720702,1,13021,1537
WATG,-0.41246456,0.00026575392,1,13021,1537
WATN,-0.41246456,0.00024237996,1,13021,1537
WDSH,-0.41246456,0.00022512884,1,13021,1537
WFIA,-0.41246456,0.00057518674,1,13021,1537
WRFA,-0.41246456,0.5088827,1,13021,1537
WFMM,-0.41246456,0.045119364,1,13021,1537
WIAK,-0.41246456,0.00044978637,1,13021,1537
WIEC,-0.41246456,0.0004300899,1,13021,1537
WLNH,-0.41246456,0.00024205998,1,13021,1537
WMEH,-0.41246456,0.00031367975,1,13021,1537
WNPW,-0.41246456,0.00018310349,1,13021,1537
WNQK,-0.41246456,0.0,1,13021,1537
WQPS,-0.41246456,0.00023553881,1,13021,1537
VWCW,-0.41246456,0.0024738251,1,13021,1537
VVKQ,-0.41246456,0.0,1,13021,1537
VTMN,-0.41246456,0.0010164938,1,13021,1537
VRAH,-0.41246456,0.0004673008,1,13021,1537
VGRP,-0.41246456,0.0004279974,1,13021,1537
VGTI,-0.41246456,0.00027106507,1,13021,1537
VINV,-0.41246456,0.0009445185,1,13021,1537
VLEP,-0.41246456,0.00027800267,1,13021,1537
VLHV,-0.41246456,0.0004147295,1,13021,1537
VLSC,-0.41246456,0.00559491,1,13021,1537
VLTN,-0.41246456,0.00035401582,1,13021,1537
VMEE,-0.41246456,0.0,1,13021,1537
VMFM,-0.41246456,0.0005266406,1,13021,1537
VMRR,-0.41246456,0.0002455837,1,13021,1537
VNID,-0.41246456,0.003340861,1,13021,1537
VNSD,-0.41246456,0.0046081054,1,13021,1537
VPIM,-0.41246456,0.00033513492,1,13021,1537
VPTY,-0.41246456,0.0,1,13021,1537
VQHD,-0.41246456,0.029584697,1,13021,1537
VQLG,-0.41246456,0.18182491,1,13021,1537
VQSR,-0.41246456,0.00019891108,1,13021,1537
WRAP,-0.41246456,0.0006290181,1,13021,1537
WRKI,-0.41246456,0.0007235868,1,13021,1537
VFVK,-0.41246456,0.00023095516,1,13021,1537
YPMV,-0.41246456,0.0001514993,1,13021,1537
YIDA,-0.41246456,0.00022442068,1,13021,1537
YMKS,-0.41246456,0.000308349,1,13021,1537
YMPG,-0.41246456,0.00021544386,1,13021,1537
YMSQ,-0.41246456,0.00016051455,1,13021,1537
YNAC,-0.41246456,0.054210637,1,13021,1537
YNDF,-0.41246456,0.0006999654,1,13021,1537
YNMC,-0.41246456,0.046290513,1,13021,1537
YNYY,-0.41246456,0.00061441405,1,13021,1537
YPTT,-0.41246456,8.880714e-05,1,13021,1537
WRTK,-0.41246456,0.00024874206,1,13021,1537
YQSH,-0.41246456,0.0001333535,1,13021,1537
YRMF,-0.41246456,0.00096824,1,13021,1537
YSPR,-0.41246456,0.0002321789,1,13021,1537
YTHF,-0.41246456,0.00018681504,1,13021,1537
YTLN,-0.41246456,0.00047988284,1,13021,1537
YVAG,-0.41246456,0.228368,1,13021,1537
YVTE,-0.41246456,0.0001380131,1,13021,1537
YWNP,-0.41246456,0.0005283178,1,13021,1537
YGVH,-0.41246456,0.0001740276,1,13021,1537
YGIE,-0.41246456,0.00057362305,1,13021,1537
YGCI,-0.41246456,0.0016137335,1,13021,1537
YEVQ,-0.41246456,0.00031871622,1,13021,1537
WRYD,-0.41246456,0.0014551912,1,13021,1537
WSPD,-0.41246456,0.0,1,13021,1537
WSTT,-0.41246456,0.00021906967,1,13021,1537
WTNE,-0.41246456,0.00014811772,1,13021,1537
WVTP,-0.41246456,0.00025940855,1,13021,1537
WWHI,-0.41246456,0.000524974,1,13021,1537
WWHW,-0.41246456,0.00048720054,1,13021,1537
WWPW,-0.41246456,0.000281411,1,13021,1537
WYDP,-0.41246456,0.00024522067,1,13021,1537
WYHK,-0.41246456,0.00042866098,1,13021,1537
WYLG,-0.41246456,0.42908934,1,13021,1537
YADI,-0.41246456,0.0001417879,1,13021,1537
YADP,-0.41246456,0.00019977336,1,13021,1537
YCES,-0.41246456,0.0008694539,1,13021,1537
YCSV,-0.41246456,0.0020452414,1,13021,1537
YDIP,-0.41246456,6.776627e-05,1,13021,1537
YDYA,-0.41246456,0.0063877874,1,13021,1537
VGAV,-0.41246456,0.014278636,1,13021,1537
VERK,-0.41246456,0.0,1,13021,1537
RNVS,-0.41246456,0.00022721013,1,13021,1537
SKCA,-0.41246456,0.19181238,1,13021,1537
SCNC,-0.41246456,0.00033717847,1,13021,1537
SCRM,-0.41246456,0.0008861741,1,13021,1537
SCTE,-0.41246456,0.00094525237,1,13021,1537
SCTT,-0.41246456,0.00097012747,1,13021,1537
SDQE,-0.41246456,0.00032149578,1,13021,1537
SGIK,-0.41246456,0.0,1,13021,1537
SGNI,-0.41246456,0.00029413437,1,13021,1537
SITP,-0.41246456,0.00030118335,1,13021,1537
SKCK,-0.41246456,0.0012480285,1,13021,1537
SPSP,-0.41246456,0.0002459975,1,13021,1537
SKLM,-0.41246456,0.00031598436,1,13021,1537
SKPN,-0.41246456,0.00035221182,1,13021,1537
SLKS,-0.41246456,0.00024004336,1,13021,1537
SLSM,-0.41246456,0.00018831195,1,13021,1537
SMPP,-0.41246456,0.00033219243,1,13021,1537
SMVY,-0.41246456,0.00016844246,1,13021,1537
SNRN,-0.41246456,0.00015731798,1,13021,1537
SNTN,-0.41246456,0.00030550975,1,13021,1537
SCKK,-0.41246456,0.00076801755,1,13021,1537
SAEC,-0.41246456,0.0003434613,1,13021,1537
RYSC,-0.41246456,0.00032432415,1,13021,1537
MMQI,-0.41246456,0.0,1,13021,1537
RPCG,-0.41246456,0.002535677,1,13021,1537
RPDT,-0.41246456,0.00019273449,1,13021,1537
RPIT,-0.41246456,0.00025021384,1,13021,1537
RPSC,-0.41246456,0.0008219247,1,13021,1537
RQAE,-0.41246456,0.00016137332,1,13021,1537
RQKT,-0.41246456,9.4042945e-05,1,13021,1537
RRNC,-0.41246456,0.00031521247,1,13021,1537
RRQH,-0.41246456,0.00025749605,1,13021,1537
RSEF,-0.41246456,0.0003249595,1,13021,1537
RTHF,-0.41246456,0.0003463294,1,13021,1537
RTNR,-0.41246456,0.00019483342,1,13021,1537
RTVC,-0.41246456,0.00074931484,1,13021,1537
RVID,-0.41246456,0.0,1,13021,1537
RVLI,-0.41246456,0.00048832287,1,13021,1537
RWPC,-0.41246456,0.0008463867,1,13021,1537
RWWE,-0.41246456,0.0006454934,1,13021,1537
RYAC,-0.41246456,0.0,1,13021,1537
SPAI,-0.41246456,0.000104729625,1,13021,1537
SRNA,-0.41246456,0.019419502,1,13021,1537
VEMS,-0.41246456,0.0024983704,1,13021,1537
TSTS,-0.41246456,0.00047835003,1,13021,1537
TLMY,-0.41246456,0.0,1,13021,1537
TLYS,-0.41246456,0.00065311725,1,13021,1537
TPNF,-0.41246456,0.0,1,13021,1537
TQPD,-0.41246456,0.007730431,1,13021,1537
TRAC,-0.41246456,0.009854958,1,13021,1537
TREK,-0.41246456,0.0,1,13021,1537
TRHP,-0.41246456,0.0,1,13021,1537
TRRD,-0.41246456,0.0015043494,1,13021,1537
TTYI,-0.41246456,0.0,1,13021,1537
STEN,-0.41246456,0.00025135124,1,13021,1537
TVSV,-0.41246456,0.0003027222,1,13021,1537
TVYR,-0.41246456,0.0,1,13021,1537
TWWY,-0.41246456,0.0,1,13021,1537
TWYN,-0.41246456,0.0012079346,1,13021,1537
VASS,-0.41246456,0.010732035,1,13021,1537
VCKD,-0.41246456,0.013589835,1,13021,1537
VCYA,-0.41246456,0.051078156,1,13021,1537
VEMR,-0.41246456,0.00017067052,1,13021,1537
TLIK,-0.41246456,0.00066356716,1,13021,1537
TLFK,-0.41246456,0.00031418898,1,13021,1537
TKTT,-0.41246456,0.00019200434,1,13021,1537
TKKP,-0.41246456,0.0,1,13021,1537
SWLW,-0.41246456,0.0005167969,1,13021,1537
SWYC,-0.41246456,0.0010885288,1,13021,1537
SYEF,-0.41246456,0.0,1,13021,1537
SYQF,-0.41246456,0.0,1,13021,1537
TAAM,-0.41246456,0.007741617,1,13021,1537
TATG,-0.41246456,0.0,1,13021,1537
TCCK,-0.41246456,0.0,1,13021,1537
TCWA,-0.41246456,0.0017280395,1,13021,1537
TENC,-0.41246456,0.00134311,1,13021,1537
TEPT,-0.41246456,0.0012021145,1,13021,1537
TEVH,-0.41246456,0.00061441405,1,13021,1537
TEVI,-0.41246456,0.0,1,13021,1537
TGFW,-0.41246456,0.0,1,13021,1537
TGQR,-0.41246456,0.0,1,13021,1537
TGWK,-0.41246456,0.0,1,13021,1537
TIMS,-0.41246456,0.0014724124,1,13021,1537
TKDC,-0.41246456,0.0012021145,1,13021,1537
MMSF,-0.41246456,0.0002455474,1,13021,1537
LRTD,-0.41246456,0.0,1,13021,1537
MLYP,-0.41246456,0.001277878,1,13021,1537
ECVW,-0.41246456,0.00064299145,1,13021,1537
DTNV,-0.41246456,0.0,1,13021,1537
DWQD,-0.41246456,0.025477763,1,13021,1537
DYQA,-0.41246456,0.00081858336,1,13021,1537
DYTK,-0.41246456,0.0,1,13021,1537
EAFY,-0.41246456,0.00039498045,1,13021,1537
EAWR,-0.41246456,0.00015275492,1,13021,1537
ECLT,-0.41246456,0.1435945,1,13021,1537
ECQI,-0.41246456,0.0025176108,1,13021,1537
EDPF,-0.41246456,0.00017280396,1,13021,1537
EKIM,-0.41246456,0.0,1,13021,1537
EDSP,-0.41246456,0.00014864853,1,13021,1537
EDVM,-0.41246456,0.00080979255,1,13021,1537
EELH,-0.41246456,0.00013755541,1,13021,1537
EFDA,-0.41246456,0.00026083618,1,13021,1537
EFHY,-0.41246456,0.0,1,13021,1537
EIDW,-0.41246456,0.0,1,13021,1537
EIMV,-0.41246456,0.0005566838,1,13021,1537
EINV,-0.41246456,0.0,1,13021,1537
DTFR,-0.41246456,0.0001105945,1,13021,1537
DSFS,-0.41246456,0.00026585226,1,13021,1537
DSFH,-0.41246456,0.00073241413,1,13021,1537
DSCM,-0.41246456,0.00090651255,1,13021,1537
DFVG,-0.41246456,9.66735e-05,1,13021,1537
DIQK,-0.41246456,0.0053279903,1,13021,1537
DKLI,-0.41246456,0.00046081058,1,13021,1537
DKRH,-0.41246456,0.0012682859,1,13021,1537
DLAM,-0.41246456,0.00060544454,1,13021,1537
DLKA,-0.41246456,0.00058826874,1,13021,1537
DLKI,-0.41246456,0.0008378374,1,13021,1537
DLQK,-0.41246456,0.0,1,13021,1537
DNCN,-0.41246456,0.0,1,13021,1537
DNEI,-0.41246456,0.0014551912,1,13021,1537
DNVG,-0.41246456,0.00063414295,1,13021,1537
DPKE,-0.41246456,0.0,1,13021,1537
DQDQ,-0.41246456,0.0019749023,1,13021,1537
DQRY,-0.41246456,0.0006912158,1,13021,1537
DQWM,-0.41246456,0.0005340962,1,13021,1537
DRPG,-0.41246456,0.00037363017,1,13021,1537
DRRD,-0.41246456,0.0013768259,1,13021,1537
EKHF,-0.41246456,0.00089189137,1,13021,1537
EKLR,-0.41246456,0.00037363017,1,13021,1537
MLQR,-0.41246456,6.894925e-05,1,13021,1537
FFCY,-0.41246456,0.0012426352,1,13021,1537
FAPH,-0.41246456,0.00024042286,1,13021,1537
FCCT,-0.41246456,0.0107373325,1,13021,1537
FCFI,-0.41246456,0.0133476155,1,13021,1537
FCSN,-0.41246456,0.0017723483,1,13021,1537
FDAD,-0.41246456,0.004320413,1,13021,1537
FDQG,-0.41246456,0.0,1,13021,1537
FDQT,-0.41246456,0.0006583008,1,13021,1537
FEDM,-0.41246456,0.0,1,13021,1537
FFRM,-0.41246456,0.0010164938,1,13021,1537
ELID,-0.41246456,0.0044764546,1,13021,1537
FFTG,-0.41246456,0.0013339253,1,13021,1537
FFVP,-0.41246456,0.00047835003,1,13021,1537
FGDQ,-0.41246456,0.0020866892,1,13021,1537
FLAI,-0.41246456,0.0036902693,1,13021,1537
FLPA,-0.41246456,0.0006221565,1,13021,1537
FLSR,-0.41246456,0.00027307292,1,13021,1537
FMAM,-0.41246456,0.00816293,1,13021,1537
FNAW,-0.41246456,0.0007275955,1,13021,1537
FAMT,-0.41246456,0.029512584,1,13021,1537
FADR,-0.41246456,0.0011520264,1,13021,1537
EWTT,-0.41246456,0.0,1,13021,1537
EVEC,-0.41246456,0.000980448,1,13021,1537
EMDV,-0.41246456,0.0,1,13021,1537
EMIK,-0.41246456,0.0,1,13021,1537
EMPH,-0.41246456,0.0,1,13021,1537
ENMH,-0.41246456,0.00021770572,1,13021,1537
ENMY,-0.41246456,0.00024467814,1,13021,1537
ENRG,-0.41246456,0.00018514704,1,13021,1537
ENSM,-0.41246456,0.00062837807,1,13021,1537
EPCD,-0.41246456,0.0029901667,1,13021,1537
EPCI,-0.41246456,0.0020230706,1,13021,1537
EPSK,-0.41246456,0.0,1,13021,1537
EQLA,-0.41246456,0.114960104,1,13021,1537
EQNT,-0.41246456,0.0,1,13021,1537
EQYD,-0.41246456,0.0037884342,1,13021,1537
ERLI,-0.41246456,0.0016320373,1,13021,1537
ETAD,-0.41246456,0.00054515665,1,13021,1537
ETRP,-0.41246456,0.0002369883,1,13021,1537
EVDA,-0.41246456,0.00030383116,1,13021,1537
DFAE,-0.41246456,0.0,1,13021,1537
DEYW,-0.41246456,0.0010930423,1,13021,1537
DEIY,-0.41246456,0.0,1,13021,1537
ATVG,-0.41246456,0.0023698828,1,13021,1537
ARMA,-0.41246456,0.09499787,1,13021,1537
ASWM,-0.41246456,0.0,1,13021,1537
ATCM,-0.41246456,0.0055297264,1,13021,1537
ATDS,-0.41246456,0.0,1,13021,1537
ATLN,-0.41246456,0.0,1,13021,1537
ATQY,-0.41246456,0.00046650678,1,13021,1537
ATRY,-0.41246456,0.0,1,13021,1537
ATSG,-0.41246456,0.0,1,13021,1537
AVEY,-0.41246456,0.0,1,13021,1537
DEEP,-0.41246456,0.0,1,13021,1537
AVIA,-0.41246456,0.0004937255,1,13021,1537
AVPC,-0.41246456,0.0017280395,1,13021,1537
AVSK,-0.41246456,0.0,1,13021,1537
AWYT,-0.41246456,0.006143304,1,13021,1537
AYTQ,-0.41246456,0.0033395747,1,13021,1537
CACP,-0.41246456,0.0008367349,1,13021,1537
CAFC,-0.41246456,0.047595147,1,13021,1537
CAHQ,-0.41246456,0.0009787127,1,13021,1537
AQRN,-0.41246456,0.0010967137,1,13021,1537
AQPE,-0.41246456,0.0038245055,1,13021,1537
AQIY,-0.41246456,0.0011676227,1,13021,1537
AQAN,-0.41246456,0.0,1,13021,1537
ACAY,-0.41246456,0.0014377834,1,13021,1537
ACHP,-0.41246456,0.0065420875,1,13021,1537
ACLQ,-0.41246456,0.0,1,13021,1537
AEMK,-0.41246456,0.0013723276,1,13021,1537
AFHD,-0.41246456,0.042807534,1,13021,1537
AGEQ,-0.41246456,0.0,1,13021,1537
AGFP,-0.41246456,0.0,1,13021,1537
AIIH,-0.41246456,0.0,1,13021,1537
AKLE,-0.41246456,0.0,1,13021,1537
AKTE,-0.41246456,0.0,1,13021,1537
ALQQ,-0.41246456,0.0014551912,1,13021,1537
AMHP,-0.41246456,0.0,1,13021,1537
AMLG,-0.41246456,0.11635466,1,13021,1537
AMLH,-0.41246456,0.00053170446,1,13021,1537
AMRW,-0.41246456,0.0,1,13021,1537
ANIN,-0.41246456,0.0016263901,1,13021,1537
ANKC,-0.41246456,0.0035916355,1,13021,1537
CANH,-0.41246456,0.0014138505,1,13021,1537
CCED,-0.41246456,0.0016749668,1,13021,1537
CCLW,-0.41246456,0.0002835757,1,13021,1537
CQSD,-0.41246456,0.002181207,1,13021,1537
CRWY,-0.41246456,0.0010186338,1,13021,1537
CTEM,-0.41246456,0.0002684333,1,13021,1537
CTIR,-0.41246456,0.00096129347,1,13021,1537
CTWK,-0.41246456,0.0012180015,1,13021,1537
CVTY,-0.41246456,0.00088576856,1,13021,1537
CWKP,-0.41246456,0.0007788347,1,13021,1537
CWSP,-0.41246456,0.0009905273,1,13021,1537
CWTP,-0.41246456,0.00055575144,1,13021,1537
CYEG,-0.41246456,0.0,1,13021,1537
CYEH,-0.41246456,0.00030383116,1,13021,1537
CYHW,-0.41246456,0.0017837827,1,13021,1537
CYIG,-0.41246456,0.0050418093,1,13021,1537
DAVV,-0.41246456,0.0002229728,1,13021,1537
DCSH,-0.41246456,0.0004007048,1,13021,1537
DCVT,-0.41246456,0.0012180015,1,13021,1537
DDDN,-0.41246456,0.00090130174,1,13021,1537
DDFH,-0.41246456,0.0017280395,1,13021,1537
CQSR,-0.41246456,0.00068417285,1,13021,1537
CPRR,-0.41246456,0.0012637187,1,13021,1537
CDEG,-0.41246456,0.00090949447,1,13021,1537
CNYM,-0.41246456,0.0014230913,1,13021,1537
CDVS,-0.41246456,0.0007484502,1,13021,1537
CELC,-0.41246456,0.0021474666,1,13021,1537
CESP,-0.41246456,0.00039993197,1,13021,1537
CFEM,-0.41246456,0.0012343139,1,13021,1537
CFVM,-0.41246456,0.0013006749,1,13021,1537
CFYV,-0.41246456,0.0022154353,1,13021,1537
CGFI,-0.41246456,0.0037657635,1,13021,1537
CGKC,-0.41246456,0.00039498045,1,13021,1537
CGRG,-0.41246456,0.0012237292,1,13021,1537
CIIF,-0.41246456,0.0011729723,1,13021,1537
CIYA,-0.41246456,0.016943648,1,13021,1537
CKFW,-0.41246456,0.0017723483,1,13021,1537
CKNC,-0.41246456,0.001642493,1,13021,1537
CLMT,-0.41246456,0.005310834,1,13021,1537
CLSW,-0.41246456,0.001078043,1,13021,1537
CLWM,-0.41246456,0.0012360564,1,13021,1537
CMRE,-0.41246456,0.0014657106,1,13021,1537
FNRC,-0.41246456,0.0010240235,1,13021,1537
FNSM,-0.41246456,0.00093197636,1,13021,1537
FRRD,-0.41246456,0.0024120053,1,13021,1537
KGRT,-0.41246456,0.00022508444,1,13021,1537
KDIT,-0.41246456,6.400145e-05,1,13021,1537
KECI,-0.41246456,0.00089914247,1,13021,1537
KECS,-0.41246456,0.0017215577,1,13021,1537
KEEE,-0.41246456,0.00018189891,1,13021,1537
KEEK,-0.41246456,0.0,1,13021,1537
KFNR,-0.41246456,0.00020945935,1,13021,1537
KFWN,-0.41246456,0.0,1,13021,1537
KGKI,-0.41246456,0.0001399931,1,13021,1537
KILW,-0.41246456,0.0005626175,1,13021,1537
IMCF,-0.41246456,0.0010809136,1,13021,1537
KLWM,-0.41246456,0.00043541152,1,13021,1537
KMPA,-0.41246456,0.00026193442,1,13021,1537
KNAD,-0.41246456,0.0,1,13021,1537
KPDA,-0.41246456,0.0002051847,1,13021,1537
KPQV,-0.41246456,0.0,1,13021,1537
KRDT,-0.41246456,0.00032869,1,13021,1537
KSCE,-0.41246456,0.00031418898,1,13021,1537
KSMS,-0.41246456,0.00053170446,1,13021,1537
KCVY,-0.41246456,0.00037195472,1,13021,1537
KCVV,-0.41246456,0.0009169189,1,13021,1537
KCFN,-0.41246456,0.0030720702,1,13021,1537
KALR,-0.41246456,0.0003160212,1,13021,1537
IMWQ,-0.41246456,0.0003822392,1,13021,1537
INKF,-0.41246456,0.00025135124,1,13021,1537
INYR,-0.41246456,0.00033717847,1,13021,1537
IPDK,-0.41246456,0.0004893563,1,13021,1537
IPEK,-0.41246456,0.0012760907,1,13021,1537
IPEQ,-0.41246456,0.0,1,13021,1537
IQSA,-0.41246456,0.1289675,1,13021,1537
ITLC,-0.41246456,0.016010344,1,13021,1537
ITYQ,-0.41246456,0.0,1,13021,1537
IVCW,-0.41246456,0.0010151765,1,13021,1537
IVMG,-0.41246456,0.08973981,1,13021,1537
IVVE,-0.41246456,0.0004183904,1,13021,1537
IWQD,-0.41246456,0.013122339,1,13021,1537
IWQR,-0.41246456,0.0,1,13021,1537
IYHC,-0.41246456,0.0004065975,1,13021,1537
KAFF,-0.41246456,0.00024288698,1,13021,1537
KAKW,-0.41246456,0.00024467814,1,13021,1537
KVCW,-0.41246456,0.0009316934,1,13021,1537
KWFN,-0.41246456,0.00061441405,1,13021,1537
KYRM,-0.41246456,0.0,1,13021,1537
LSAV,-0.41246456,0.022982037,1,13021,1537
LSKN,-0.41246456,0.00014288696,1,13021,1537
LSPK,-0.41246456,7.5336866e-05,1,13021,1537
LTPS,-0.41246456,0.00028685734,1,13021,1537
LTQP,-0.41246456,0.00020633308,1,13021,1537
LVQT,-0.41246456,0.0040960936,1,13021,1537
LWCV,-0.41246456,0.10103812,1,13021,1537
LYMC,-0.41246456,0.08100302,1,13021,1537
MAHE,-0.41246456,0.0,1,13021,1537
MAMG,-0.41246456,0.15701851,1,13021,1537
MCWA,-0.41246456,0.0029352999,1,13021,1537
MDIM,-0.41246456,0.00014251875,1,13021,1537
MDTV,-0.41246456,0.00065569876,1,13021,1537
MECE,-0.41246456,0.0,1,13021,1537
MEPV,-0.41246456,0.00029729717,1,13021,1537
MGFS,-0.41246456,0.00091734016,1,13021,1537
MIKF,-0.41246456,0.0,1,13021,1537
MLQD,-0.41246456,0.0022359209,1,13021,1537
LSFS,-0.41246456,0.016196046,1,13021,1537
LRAK,-0.41246456,0.0005020504,1,13021,1537
LAVT,-0.41246456,0.0028715197,1,13021,1537
LQYH,-0.41246456,0.0,1,13021,1537
LCIF,-0.41246456,0.00052167237,1,13021,1537
LCSE,-0.41246456,0.0019127985,1,13021,1537
LDKN,-0.41246456,0.00053170446,1,13021,1537
LDRS,-0.41246456,0.0003368361,1,13021,1537
LEHK,-0.41246456,0.00043200987,1,13021,1537
LFAN,-0.41246456,0.001792041,1,13021,1537
LIQR,-0.41246456,0.0,1,13021,1537
LIVQ,-0.41246456,0.00021626489,1,13021,1537
LIVS,-0.41246456,0.00059678353,1,13021,1537
LKIF,-0.41246456,0.0,1,13021,1537
LKRA,-0.41246456,0.017714897,1,13021,1537
LKSK,-0.41246456,0.00020210988,1,13021,1537
LLCP,-0.41246456,0.0009788382,1,13021,1537
LMYQ,-0.41246456,0.00032087386,1,13021,1537
LPFD,-0.41246456,0.0,1,13021,1537
LQMG,-0.41246456,0.19431926,1,13021,1537
LQQT,-0.41246456,0.0014425373,1,13021,1537
IMDY,-0.41246456,0.00020218382,1,13021,1537
ILKN,-0.41246456,0.00023332184,1,13021,1537
FSDM,-0.41246456,0.0,1,13021,1537
GNWH,-0.41246456,0.0,1,13021,1537
GKMH,-0.41246456,0.0,1,13021,1537
GKQN,-0.41246456,0.00023835024,1,13021,1537
GLEW,-0.41246456,0.0,1,13021,1537
GLLT,-0.41246456,0.00064801483,1,13021,1537
GLVC,-0.41246456,0.0002875786,1,13021,1537
GNCW,-0.41246456,0.0,1,13021,1537
GNDT,-0.41246456,0.000121000536,1,13021,1537
GNFH,-0.41246456,0.0004157689,1,13021,1537
GPND,-0.41246456,0.026480202,1,13021,1537
IKKH,-0.41246456,0.00048506376,1,13021,1537
GQAC,-0.41246456,0.0,1,13021,1537
GRDN,-0.41246456,0.00012021148,1,13021,1537
GSPE,-0.41246456,0.00028503741,1,13021,1537
GTLD,-0.41246456,0.0,1,13021,1537
GTTM,-0.41246456,0.00014034839,1,13021,1537
GVCC,-0.41246456,0.0033932412,1,13021,1537
GWDC,-0.41246456,0.0,1,13021,1537
GWLS,-0.41246456,0.0002737488,1,13021,1537
GKDQ,-0.41246456,0.00014706719,1,13021,1537
GIYW,-0.41246456,0.00037874837,1,13021,1537
GIVF,-0.41246456,0.00020866888,1,13021,1537
GGYW,-0.41246456,0.0,1,13021,1537
FTDF,-0.41246456,0.0,1,13021,1537
FVPI,-0.41246456,0.00029729717,1,13021,1537
FVWT,-0.41246456,0.01160131,1,13021,1537
FWIM,-0.41246456,0.0,1,13021,1537
FWNV,-0.41246456,0.0,1,13021,1537
FWYS,-0.41246456,0.0026083614,1,13021,1537
FYQR,-0.41246456,0.0012021145,1,13021,1537
FYQS,-0.41246456,0.001256756,1,13021,1537
GCVV,-0.41246456,0.0002353075,1,13021,1537
GDCV,-0.41246456,0.0012343139,1,13021,1537
GDNK,-0.41246456,0.0,1,13021,1537
GEEN,-0.41246456,0.0,1,13021,1537
GEQS,-0.41246456,0.0,1,13021,1537
GFDC,-0.41246456,0.00023234142,1,13021,1537
GFLI,-0.41246456,0.00031241393,1,13021,1537
GFLR,-0.41246456,0.00034134116,1,13021,1537
GFRG,-0.41246456,0.0,1,13021,1537
GYKS,-0.41246456,0.0,1,13021,1537
HASM,-0.41246456,0.00015844488,1,13021,1537
HCDY,-0.41246456,0.0,1,13021,1537
HSVK,-0.41246456,0.00045079293,1,13021,1537
HTWR,-0.41246456,0.00028981795,1,13021,1537
HWMS,-0.41246456,0.0043401923,1,13021,1537
HWTA,-0.41246456,0.00046273865,1,13021,1537
HWWV,-0.41246456,0.032072414,1,13021,1537
HYAM,-0.41246456,0.0099616395,1,13021,1537
HYIA,-0.41246456,0.00026022244,1,13021,1537
HYLR,-0.41246456,0.00027429202,1,13021,1537
IAPN,-0.41246456,0.0,1,13021,1537
IAPP,-0.41246456,0.00022976704,1,13021,1537
IDQY,-0.41246456,0.0027648632,1,13021,1537
IDTS,-0.41246456,0.00035087098,1,13021,1537
IELM,-0.41246456,0.00052167237,1,13021,1537
IENH,-0.41246456,0.0,1,13021,1537
IGRQ,-0.41246456,0.000113780385,1,13021,1537
IGSC,-0.41246456,0.018432422,1,13021,1537
IIIA,-0.41246456,0.00067005615,1,13021,1537
IIVA,-0.41246456,0.0035750438,1,13021,1537
HTRN,-0.41246456,0.00016756746,1,13021,1537
HSQM,-0.41246456,0.00085732195,1,13021,1537
HCHE,-0.41246456,0.0018432421,1,13021,1537
HQYH,-0.41246456,0.0,1,13021,1537
HCKG,-0.41246456,0.0010054049,1,13021,1537
HDFV,-0.41246456,0.0033717845,1,13021,1537
HDTH,-0.41246456,0.00076801755,1,13021,1537
HEHH,-0.41246456,0.0,1,13021,1537
HEPK,-0.41246456,0.0,1,13021,1537
HFWQ,-0.41246456,0.0012327415,1,13021,1537
HIAN,-0.41246456,0.00056756724,1,13021,1537
HILT,-0.41246456,0.14022069,1,13021,1537
HLQV,-0.41246456,0.0,1,13021,1537
HLSN,-0.41246456,0.00016291281,1,13021,1537
HMAI,-0.41246456,0.00022724905,1,13021,1537
HMQE,-0.41246456,0.00041266615,1,13021,1537
HNHW,-0.41246456,0.0,1,13021,1537
HNLE,-0.41246456,0.0002737488,1,13021,1537
HNPN,-0.41246456,0.0,1,13021,1537
HQSN,-0.41246456,0.00014034839,1,13021,1537
HQTQ,-0.41246456,0.00035446967,1,13021,1537
YYWC,-0.41246456,0.0009874512,1,13021,1537
