{"run_id": "21:33:53-05/18/2022", "exp_name": "BO_EVO_proposal-function=UCB", "encoder_name": "TAPE_unirep", "model_name": "GPyTorch", "landscape_name": "GB1_combo", "rounds": 5, "expmt_queries_per_round": 384, "model_queries_per_round": 3072}
sequence,model_score,true_score,round,model_cost,measurement_cost
STCA,,0.1212257,0,0,1
YKHM,0.5780395,0.0,1,3459,349
EHVN,0.5780395,0.00028181108,1,3459,349
LVGS,0.5780395,0.09247153,1,3459,349
WEGS,0.5780395,0.046149112,1,3459,349
WEGP,0.5780395,0.0007351594,1,3459,349
NEGP,0.5780395,0.000104444145,1,3459,349
NEGA,0.5780395,0.0014029699,1,3459,349
NEMA,0.5780395,0.00021647768,1,3459,349
NLMH,0.5780395,0.00013659835,1,3459,349
NLMV,0.5780395,0.0,1,3459,349
CLAV,0.5780395,0.0023984378,1,3459,349
CLAS,0.5780395,0.0028126324,1,3459,349
HRAS,0.5780395,0.011879287,1,3459,349
HEAS,0.5780395,0.0014448514,1,3459,349
KETS,0.5780395,0.0003120302,1,3459,349
KITS,0.5780395,0.00034291027,1,3459,349
NIQS,0.5780395,0.0,1,3459,349
NIIA,0.5780395,0.00025959357,1,3459,349
NRIA,0.5780395,0.0004887661,1,3459,349
NRIV,0.5780395,0.0005468712,1,3459,349
NRDV,0.5780395,0.0,1,3459,349
NHDV,0.5780395,0.00039101296,1,3459,349
NKDM,0.5780395,0.0,1,3459,349
LVGG,0.5780395,0.044145007,1,3459,349
LVRG,0.5780395,0.004912444,1,3459,349
WVRG,0.5780395,0.006629519,1,3459,349
GVHG,0.5780395,0.00037239326,1,3459,349
NVVF,0.5780395,0.00021936207,1,3459,349
HSVF,0.5780395,0.0004576118,1,3459,349
HSVP,0.5780395,0.00020107988,1,3459,349
HAVP,0.5780395,0.00023787859,1,3459,349
KAGP,0.5780395,0.00076009985,1,3459,349
GAGP,0.5780395,0.0001709346,1,3459,349
GIGP,0.5780395,0.00015994687,1,3459,349
GIHP,0.5780395,0.0,1,3459,349
GVHP,0.5780395,0.0001564052,1,3459,349
TAHG,0.5780395,0.0,1,3459,349
WVRT,0.5780395,0.01222254,1,3459,349
WVHG,0.5780395,0.0021056256,1,3459,349
WVHH,0.5780395,0.00027757915,1,3459,349
WVDH,0.5780395,0.00030150393,1,3459,349
WVDV,0.5780395,0.00018303198,1,3459,349
WVKV,0.5780395,0.0027186305,1,3459,349
WVKP,0.5780395,0.00038121777,1,3459,349
WEKP,0.5780395,0.0002628658,1,3459,349
WVVC,0.5780395,0.006132556,1,3459,349
WVDC,0.5780395,0.0006064491,1,3459,349
IFDM,0.5780395,0.00062030373,1,3459,349
IFYM,0.5780395,0.00046862967,1,3459,349
IFGM,0.5780395,0.40047374,1,3459,349
TMTV,0.5780395,0.0,1,3459,349
DNGI,0.5780395,0.005159758,1,3459,349
ANGI,0.5780395,0.016219795,1,3459,349
VWGI,0.5780395,0.2198396,1,3459,349
VWHA,0.5780395,0.00065854803,1,3459,349
VWMI,0.5780395,0.0019798123,1,3459,349
NWMI,0.5780395,0.0,1,3459,349
VMMI,0.5780395,0.000997005,1,3459,349
QMTN,0.5780395,0.00035345802,1,3459,349
DMTV,0.5780395,0.0002406233,1,3459,349
QEDL,0.5780395,0.00039721944,1,3459,349
DQTV,0.5780395,0.0,1,3459,349
DQYF,0.5780395,0.0,1,3459,349
DSLF,0.5780395,0.0,1,3459,349
DHLR,0.5780395,0.0,1,3459,349
DVLS,0.5780395,0.0007141788,1,3459,349
TVLS,0.5780395,0.0014022532,1,3459,349
TVDS,0.5780395,0.00033635524,1,3459,349
VMDS,0.5780395,0.0006322762,1,3459,349
HNGI,0.5780395,0.008147618,1,3459,349
QGDL,0.5780395,0.00047022314,1,3459,349
KDVW,0.5780395,0.0001919082,1,3459,349
MRVR,0.5780395,0.00021791035,1,3459,349
ANPP,0.5780395,0.0,1,3459,349
ARIC,0.5780395,0.0028437304,1,3459,349
ARCC,0.5780395,0.028301887,1,3459,349
ARVC,0.5780395,0.0026067528,1,3459,349
ARYR,0.5780395,0.0,1,3459,349
MIVR,0.5780395,0.0002606753,1,3459,349
TYDL,0.5780395,0.0,1,3459,349
MIVG,0.5780395,0.0229138,1,3459,349
MIVI,0.5780395,0.0015101188,1,3459,349
HEVI,0.5780395,0.0002951041,1,3459,349
YEKW,0.5780395,0.0,1,3459,349
QFMF,0.5780395,0.0,1,3459,349
QRMF,0.5780395,0.00040310613,1,3459,349
LRMF,0.5780395,0.0026496875,1,3459,349
LRML,0.5780395,0.0029989805,1,3459,349
TYML,0.5780395,0.0011374921,1,3459,349
NQVF,0.5780395,0.0,1,3459,349
LQVF,0.5780395,0.00036909778,1,3459,349
HQVF,0.5780395,0.00036801217,1,3459,349
DEDR,0.5780395,0.0,1,3459,349
DGDL,0.5780395,0.0,1,3459,349
SGDC,0.5780395,0.00030667684,1,3459,349
SGDR,0.5780395,0.00037190138,1,3459,349
YGIT,0.5780395,0.00039162478,1,3459,349
YSIR,0.5780395,0.00035955207,1,3459,349
YPII,0.5780395,0.00013964743,1,3459,349
YPKI,0.5780395,0.00050453277,1,3459,349
YPKH,0.5780395,0.0,1,3459,349
AIKH,0.5780395,0.0,1,3459,349
LINH,0.5780395,0.00046001514,1,3459,349
AINH,0.5780395,0.0,1,3459,349
AINF,0.5780395,0.0,1,3459,349
PQGK,0.5780395,0.00030971316,1,3459,349
DQGK,0.5780395,0.0,1,3459,349
AQGK,0.5780395,0.0,1,3459,349
AQGR,0.5780395,0.0,1,3459,349
ASKR,0.5780395,0.0,1,3459,349
YEGP,0.5780395,0.0014950493,1,3459,349
AKVR,0.5780395,0.0,1,3459,349
WYKF,0.5780395,0.00021874852,1,3459,349
SVCA,0.5780395,0.29063123,1,3459,349
PVTA,0.5780395,0.00014218647,1,3459,349
PVMA,0.5780395,0.00044901008,1,3459,349
NDMA,0.5780395,0.0004208211,1,3459,349
LDMA,0.5780395,0.28232396,1,3459,349
VHVA,0.5780395,0.004842265,1,3459,349
VEVL,0.5780395,0.00038334593,1,3459,349
WEVL,0.5780395,0.00033117077,1,3459,349
WEKF,0.5780395,0.0,1,3459,349
FCKR,0.5780395,0.0011171798,1,3459,349
YRGP,0.5780395,0.02667151,1,3459,349
DCKR,0.5780395,0.0,1,3459,349
DCCF,0.5780395,0.0,1,3459,349
DCMF,0.5780395,0.0,1,3459,349
DCVF,0.5780395,0.0007274659,1,3459,349
DCWS,0.5780395,0.0,1,3459,349
NCWP,0.5780395,0.0,1,3459,349
NVWP,0.5780395,0.00035266104,1,3459,349
NRWP,0.5780395,0.00032001061,1,3459,349
ASVR,0.5780395,0.000530187,1,3459,349
AKYR,0.5780395,0.0,1,3459,349
CKVF,0.5780395,0.0015412187,1,3459,349
HEHF,0.5780395,0.00061335356,1,3459,349
DHNQ,0.5780395,0.0,1,3459,349
LENQ,0.5780395,0.00017773318,1,3459,349
NENR,0.5780395,0.00021874852,1,3459,349
QEHK,0.5780395,0.0005487901,1,3459,349
HETP,0.5780395,0.0003574975,1,3459,349
HETG,0.5780395,0.0,1,3459,349
HEKG,0.5780395,0.0,1,3459,349
HEFS,0.5780395,0.000530187,1,3459,349
DHWS,0.5780395,0.0,1,3459,349
HCNS,0.5780395,0.00090017356,1,3459,349
MSNS,0.5780395,0.003170954,1,3459,349
CSYS,0.5780395,0.0027168973,1,3459,349
CRYS,0.5780395,0.0036133206,1,3459,349
DRYS,0.5780395,0.0006383884,1,3459,349
DEYS,0.5780395,0.0,1,3459,349
WEYS,0.5780395,0.0003198061,1,3459,349
WEVE,0.5780395,0.00026377256,1,3459,349
CKVN,0.5780395,0.0013964747,1,3459,349
DHNS,0.5780395,0.0,1,3459,349
DIWS,0.5780395,0.0,1,3459,349
AKYS,0.5780395,0.0,1,3459,349
SECM,0.5780395,0.0004991654,1,3459,349
AKLN,0.5780395,0.0017378351,1,3459,349
AKLF,0.5780395,0.0,1,3459,349
WKLF,0.5780395,0.0023418956,1,3459,349
WKLS,0.5780395,0.095578246,1,3459,349
WILS,0.5780395,0.15087906,1,3459,349
SILW,0.5780395,8.167368e-05,1,3459,349
SYLW,0.5780395,0.000568746,1,3459,349
SRLM,0.5780395,0.0004513857,1,3459,349
SELM,0.5780395,0.0002400079,1,3459,349
NECC,0.5780395,0.0039512883,1,3459,349
KIWS,0.5780395,0.0004137703,1,3459,349
KHCC,0.5780395,0.053624626,1,3459,349
KTIC,0.5780395,0.00056463963,1,3459,349
KTNC,0.5780395,0.00028567153,1,3459,349
KINC,0.5780395,0.00044057798,1,3459,349
KINP,0.5780395,0.00042600624,1,3459,349
KSNV,0.5780395,0.00036739474,1,3459,349
KSNS,0.5780395,0.00030045814,1,3459,349
KDNS,0.5780395,0.00041456794,1,3459,349
KINS,0.5780395,0.00017943235,1,3459,349
FWWQ,0.5780395,0.002979146,1,3459,349
SPVD,0.5780395,0.0013600449,1,3459,349
GEVR,0.5780395,0.0,1,3459,349
GRVR,0.5780395,0.00015010091,1,3459,349
FWVR,0.5780395,0.00060543936,1,3459,349
SLMD,0.5780395,0.0,1,3459,349
ADIA,0.5780395,0.0,1,3459,349
ADMA,0.5780395,0.051390268,1,3459,349
VETV,0.5780395,0.00017573613,1,3459,349
VEAC,0.5780395,0.10244538,1,3459,349
NIMI,0.5780395,0.0,1,3459,349
VWFR,0.5780395,0.0005253303,1,3459,349
STIF,0.5780395,0.0004668811,1,3459,349
RITF,0.5780395,0.0007052084,1,3459,349
RVTF,0.5780395,0.00023390607,1,3459,349
RVWF,0.5780395,0.00020837676,1,3459,349
RVVF,0.5780395,0.0003391765,1,3459,349
NEVF,0.5780395,0.00020784742,1,3459,349
NEYF,0.5780395,0.0006015583,1,3459,349
LEYF,0.5780395,0.0,1,3459,349
MEMF,0.5780395,0.0014218651,1,3459,349
SEMF,0.5780395,0.0,1,3459,349
HQIF,0.5780395,0.0007109326,1,3459,349
QIMI,0.5780395,0.00047395506,1,3459,349
HQWR,0.5780395,0.0,1,3459,349
VQWR,0.5780395,0.00044687188,1,3459,349
VQWI,0.5780395,0.0,1,3459,349
GQWI,0.5780395,0.00065168814,1,3459,349
NQWI,0.5780395,0.0,1,3459,349
NRWI,0.5780395,0.00047395506,1,3459,349
NRNI,0.5780395,0.0,1,3459,349
QRYI,0.5780395,0.00076089,1,3459,349
QRMI,0.5780395,0.00021041055,1,3459,349
VNWR,0.5780395,0.0005213506,1,3459,349
VWNR,0.5780395,0.0003951288,1,3459,349
RADR,0.5780395,0.00011860113,1,3459,349
VKWM,0.5780395,0.0013483204,1,3459,349
CVRE,0.5780395,0.0006753859,1,3459,349
CVRV,0.5780395,0.0008981853,1,3459,349
CVRC,0.5780395,0.00093575736,1,3459,349
VVRG,0.5780395,0.00015878698,1,3459,349
VDRK,0.5780395,0.0,1,3459,349
VCRP,0.5780395,0.0011014448,1,3459,349
VERP,0.5780395,0.00050250656,1,3459,349
VERF,0.5780395,0.0005393282,1,3459,349
VKRM,0.5780395,0.00022832867,1,3459,349
VKGM,0.5780395,0.20368156,1,3459,349
CTRF,0.5780395,0.0018802807,1,3459,349
LKGM,0.5780395,0.17874354,1,3459,349
LKGG,0.5780395,0.032225575,1,3459,349
LIGG,0.5780395,0.044940777,1,3459,349
LRGG,0.5780395,0.04602446,1,3459,349
LYEG,0.5780395,0.00030768232,1,3459,349
LAEG,0.5780395,0.000724098,1,3459,349
LAER,0.5780395,0.0002502483,1,3459,349
LAEF,0.5780395,0.00020312359,1,3459,349
CGRE,0.5780395,0.000823185,1,3459,349
YENR,0.5780395,0.0,1,3459,349
LHCY,0.5780395,0.0010786563,1,3459,349
YRNR,0.5780395,0.00029710616,1,3459,349
YRNP,0.5780395,0.00020661186,1,3459,349
YRNG,0.5780395,0.0010786563,1,3459,349
YRNS,0.5780395,0.0006241521,1,3459,349
QVGS,0.5780395,0.024673013,1,3459,349
GVGS,0.5780395,0.00037664105,1,3459,349
GHGV,0.5780395,0.007253573,1,3459,349
PHIV,0.5780395,0.00035955207,1,3459,349
PHCV,0.5780395,0.0010256077,1,3459,349
LLCY,0.5780395,0.0010747957,1,3459,349
CVGH,0.5780395,0.0069330386,1,3459,349
LYCY,0.5780395,0.00037687994,1,3459,349
LYKV,0.5780395,0.0002909863,1,3459,349
AYKR,0.5780395,0.0,1,3459,349
AYLR,0.5780395,0.0,1,3459,349
ALYG,0.5780395,0.05021429,1,3459,349
AVYG,0.5780395,0.20250353,1,3459,349
AVDG,0.5780395,0.0,1,3459,349
CVDG,0.5780395,0.0006346876,1,3459,349
RATF,0.5780395,0.000312186,1,3459,349
RAWR,0.5780395,0.00020283884,1,3459,349
AIDM,0.5780395,0.0,1,3459,349
WQWQ,0.5780395,0.0005757246,1,3459,349
REVP,0.5780395,0.00026713093,1,3459,349
REKP,0.5780395,0.00037103408,1,3459,349
REYP,0.5780395,0.00046001514,1,3459,349
AEYP,0.5780395,0.0,1,3459,349
AVGI,0.5780395,0.004634227,1,3459,349
AVGF,0.5780395,0.10744355,1,3459,349
LEHF,0.5780395,0.0,1,3459,349
WEWQ,0.5780395,0.0004091081,1,3459,349
WQMQ,0.5780395,0.00045665746,1,3459,349
RECS,0.5780395,0.0012288977,1,3459,349
WNMQ,0.5780395,0.00045334827,1,3459,349
WNQQ,0.5780395,0.00011171797,1,3459,349
WNQF,0.5780395,0.00013841163,1,3459,349
WNQR,0.5780395,0.00014261868,1,3459,349
WNKR,0.5780395,0.0003149097,1,3459,349
AVKR,0.5780395,0.0,1,3459,349
FPKH,0.5780395,0.0,1,3459,349
FIKH,0.5780395,0.0,1,3459,349
FIEI,0.5780395,0.0006256207,1,3459,349
RECP,0.5780395,0.00091510685,1,3459,349
REAS,0.5780395,0.00032118638,1,3459,349
FIDI,0.5780395,0.0,1,3459,349
CIQF,0.5780395,0.0,1,3459,349
LIDW,0.5780395,0.00033277692,1,3459,349
LKDP,0.5780395,0.00011596302,1,3459,349
LRDP,0.5780395,0.00027302653,1,3459,349
LKDA,0.5780395,0.00029132515,1,3459,349
GKHC,0.5780395,0.0011730387,1,3459,349
CIHC,0.5780395,0.00025640195,1,3459,349
CIHF,0.5780395,0.0016124244,1,3459,349
CIMF,0.5780395,0.0012450162,1,3459,349
CLQF,0.5780395,0.0011715742,1,3459,349
REAE,0.5780395,0.00027840715,1,3459,349
NLQF,0.5780395,0.0,1,3459,349
NLVF,0.5780395,0.00028593265,1,3459,349
NCVV,0.5780395,0.0023519574,1,3459,349
NCMV,0.5780395,0.0,1,3459,349
NCNV,0.5780395,0.00065168814,1,3459,349
NCDV,0.5780395,0.0,1,3459,349
NCLE,0.5780395,0.00088115584,1,3459,349
RCWE,0.5780395,0.0018317722,1,3459,349
FINI,0.5780395,0.00042850728,1,3459,349
KIEI,0.5780395,0.00041340574,1,3459,349
DAWR,0.5780395,0.0011585568,1,3459,349
YYNW,0.5780395,0.00084543333,1,3459,349
ARDC,0.5780395,0.0,1,3459,349
WRDR,0.5780395,0.00028390982,1,3459,349
GRDR,0.5780395,0.00020937767,1,3459,349
NRCR,0.5780395,0.0008182162,1,3459,349
YKTR,0.5780395,0.00021760722,1,3459,349
YKMR,0.5780395,0.00033708007,1,3459,349
YKNR,0.5780395,0.00046001514,1,3459,349
YINR,0.5780395,0.0004715734,1,3459,349
YQNW,0.5780395,0.0,1,3459,349
AECS,0.5780395,0.0024062332,1,3459,349
YQCW,0.5780395,0.0006751302,1,3459,349
YRCW,0.5780395,0.0010811416,1,3459,349
YYCW,0.5780395,0.0029590167,1,3459,349
YYMW,0.5780395,0.00065168814,1,3459,349
YYYW,0.5780395,0.0010427011,1,3459,349
DDVW,0.5780395,0.0,1,3459,349
DRVW,0.5780395,0.0,1,3459,349
DRWW,0.5780395,0.0,1,3459,349
DAWY,0.5780395,0.0012031167,1,3459,349
WECS,0.5780395,0.0218323,1,3459,349
KINI,0.5780395,0.00020579628,1,3459,349
NGQC,0.5780395,0.0,1,3459,349
KINV,0.5780395,0.0002835139,1,3459,349
KRNV,0.5780395,0.00016795182,1,3459,349
EWNV,0.5780395,0.0,1,3459,349
DWNV,0.5780395,0.00089374377,1,3459,349
KWNI,0.5780395,0.0,1,3459,349
KGFT,0.5780395,0.00058217085,1,3459,349
KGGH,0.5780395,0.0004674878,1,3459,349
NGGH,0.5780395,0.00018546067,1,3459,349
NGGC,0.5780395,0.0043108137,1,3459,349
NVQC,0.5780395,0.0006015583,1,3459,349
WECP,0.5780395,0.0011643845,1,3459,349
NDVN,0.5780395,0.00041159257,1,3459,349
NRVN,0.5780395,0.0005229352,1,3459,349
NRDN,0.5780395,0.0006471938,1,3459,349
NLDN,0.5780395,0.0,1,3459,349
NKSN,0.5780395,0.00014825132,1,3459,349
RKEN,0.5780395,0.0005194267,1,3459,349
REAN,0.5780395,0.00034280584,1,3459,349
DEAN,0.5780395,0.0,1,3459,349
WECN,0.5780395,0.00092990685,1,3459,349
SRCA,0.5780395,0.25000498,1,3459,349
IFGL,0.2605793,0.29183206,2,7014,720
VFGM,0.2515475,0.4603561,2,7014,720
IFGV,0.24606559,0.36149943,2,7014,720
IYGM,0.2456831,0.43074977,2,7014,720
IFGA,0.24558917,0.16794693,2,7014,720
IFGI,0.24512413,0.205734,2,7014,720
IFGF,0.24344537,0.3307624,2,7014,720
IWGM,0.23802805,0.596812,2,7014,720
VFGL,0.23511449,0.30407527,2,7014,720
IYGL,0.22957279,0.4231932,2,7014,720
LFGM,0.22934994,0.32706174,2,7014,720
VFGA,0.22682823,0.19494195,2,7014,720
IWGL,0.22637595,0.44703865,2,7014,720
IFGT,0.22417678,0.13498135,2,7014,720
VFGF,0.22093114,0.3296385,2,7014,720
IYGA,0.22048292,0.2779306,2,7014,720
VFGV,0.22040693,0.34861454,2,7014,720
VYGM,0.22038122,0.41184446,2,7014,720
VFGI,0.21843222,0.1766908,2,7014,720
IWGI,0.21550003,0.33820778,2,7014,720
LFGL,0.21529092,0.21395843,2,7014,720
MFGM,0.21521138,0.25669795,2,7014,720
IYGV,0.2151166,0.5007718,2,7014,720
IWGV,0.21429645,0.424594,2,7014,720
IFGY,0.21416973,0.017083088,2,7014,720
IYGI,0.21372874,0.34710515,2,7014,720
VWGM,0.21344928,0.57096875,2,7014,720
ILGM,0.21281078,0.06456351,2,7014,720
IMGM,0.21274114,0.13031083,2,7014,720
IYGF,0.21158823,0.38396037,2,7014,720
IWGF,0.2087437,0.65875995,2,7014,720
IWGA,0.2072189,0.26774034,2,7014,720
IIGM,0.20718691,0.10710814,2,7014,720
LYGM,0.20485765,0.42442068,2,7014,720
FFGM,0.20333551,0.23995323,2,7014,720
MFGL,0.20233744,0.20859493,2,7014,720
VYGA,0.20046,0.27459565,2,7014,720
LFGA,0.2000357,0.28232238,2,7014,720
IFGQ,0.19899738,0.07217114,2,7014,720
ILGL,0.19805102,0.03173212,2,7014,720
LFGF,0.19770439,0.19963679,2,7014,720
IMGL,0.19765408,0.0566961,2,7014,720
IFGS,0.19763371,0.093272895,2,7014,720
IYGT,0.19616835,0.20569745,2,7014,720
IAGM,0.19388899,0.263361,2,7014,720
VFGY,0.19308528,0.017165137,2,7014,720
MFGA,0.1921102,0.100975506,2,7014,720
LYGL,0.19049296,0.298585,2,7014,720
VWGV,0.19041973,0.44527233,2,7014,720
MYGM,0.19018805,0.29329517,2,7014,720
VLGM,0.19012547,0.080436945,2,7014,720
IIGL,0.18967457,0.07489795,2,7014,720
LWGM,0.18958476,0.46459895,2,7014,720
VFGW,0.18739858,0.110909596,2,7014,720
IMGA,0.18688065,0.11089393,2,7014,720
MFGF,0.1868507,0.15196463,2,7014,720
VFGC,0.18581575,0.42268115,2,7014,720
IWGT,0.18575287,0.18967178,2,7014,720
IIGA,0.18557392,0.2385549,2,7014,720
IVGL,0.18539804,0.09225103,2,7014,720
ILGV,0.18405697,0.062371083,2,7014,720
ILGA,0.18379991,0.08197589,2,7014,720
IRGM,0.18374696,0.23034215,2,7014,720
IMGV,0.1836144,0.09330144,2,7014,720
ILGF,0.18352646,0.0585046,2,7014,720
IYGY,0.18311432,0.019725906,2,7014,720
ILGI,0.18310635,0.018400608,2,7014,720
IDGM,0.18297327,0.05698328,2,7014,720
VVGM,0.18285275,0.14925046,2,7014,720
IYGC,0.18187413,0.511957,2,7014,720
FFGA,0.1810258,0.50475836,2,7014,720
LWGL,0.18071337,0.33167347,2,7014,720
VFGQ,0.17992799,0.051477436,2,7014,720
IWGY,0.17968015,0.058052223,2,7014,720
VFGS,0.17923293,0.090880625,2,7014,720
IAGL,0.17893246,0.1583337,2,7014,720
IYGW,0.17887282,0.07712255,2,7014,720
LYGV,0.1774248,0.5792421,2,7014,720
MYGL,0.17734593,0.28121305,2,7014,720
IQGM,0.17695227,0.16463701,2,7014,720
FFGF,0.17633624,0.21066515,2,7014,720
IIGF,0.17573777,0.12991294,2,7014,720
ISGM,0.17561722,0.25236216,2,7014,720
IFGE,0.1756088,0.026480036,2,7014,720
FYGM,0.17535876,0.30045238,2,7014,720
IIGV,0.17529736,0.18758535,2,7014,720
IYGQ,0.1732193,0.13410763,2,7014,720
IFGN,0.17306797,0.3268676,2,7014,720
IWGC,0.17196529,0.45091173,2,7014,720
IHGL,0.1718731,0.2583114,2,7014,720
IDGL,0.17165276,0.024931911,2,7014,720
FWGM,0.17147604,0.38319266,2,7014,720
IGGM,0.17136766,0.07085518,2,7014,720
IDGA,0.17126381,0.17252378,2,7014,720
LWGV,0.17031722,0.46176404,2,7014,720
IVGV,0.17027946,0.191506,2,7014,720
IRGL,0.17007464,0.114143185,2,7014,720
VVGA,0.16968377,0.20103197,2,7014,720
LLGM,0.16950957,0.07682027,2,7014,720
IHGA,0.16921741,0.27726182,2,7014,720
VFGR,0.1677921,0.0010546539,2,7014,720
IKGL,0.1667079,0.079254046,2,7014,720
IEGM,0.1665385,0.09890327,2,7014,720
IWGQ,0.1664933,0.10620209,2,7014,720
MYGV,0.16534299,0.31949022,2,7014,720
IDMA,0.1652323,0.08592862,2,7014,720
IRGA,0.16486377,0.2885036,2,7014,720
IMGT,0.1647153,0.06422527,2,7014,720
VRGM,0.1646297,0.27089092,2,7014,720
VHGM,0.16432828,0.5449108,2,7014,720
IQGL,0.16416612,0.06436822,2,7014,720
ITGA,0.16384146,0.07641028,2,7014,720
LIGM,0.16381882,0.16587736,2,7014,720
IIGT,0.16376019,0.15664345,2,7014,720
LVGM,0.16317122,0.1814584,2,7014,720
FLGM,0.16277497,0.05823521,2,7014,720
IAGF,0.16219696,0.2550149,2,7014,720
IWGS,0.16213539,0.18738931,2,7014,720
IAGI,0.16184717,0.10403096,2,7014,720
VYGC,0.1617357,0.4595366,2,7014,720
LWGA,0.16163236,0.31352186,2,7014,720
FMGM,0.16126424,0.08217899,2,7014,720
LDGL,0.16124946,0.032247405,2,7014,720
ICGL,0.16015296,0.11838855,2,7014,720
VWGY,0.15947424,0.086083464,2,7014,720
IKGA,0.15924585,0.22982831,2,7014,720
VFGE,0.15760578,0.019254787,2,7014,720
FIGM,0.15726045,0.14492226,2,7014,720
FYGA,0.15725295,0.6209354,2,7014,720
ILGY,0.15688676,0.0010192279,2,7014,720
IFGG,0.15626246,0.06817871,2,7014,720
IRGI,0.15533257,0.05959105,2,7014,720
IHGF,0.15532365,0.3243419,2,7014,720
IWGR,0.15499164,0.003142068,2,7014,720
IMGC,0.15475753,0.118634984,2,7014,720
IEGL,0.15418759,0.032078,2,7014,720
IDGF,0.15379773,0.09588317,2,7014,720
IKGI,0.1520631,0.037080087,2,7014,720
ICGA,0.15202977,0.18697695,2,7014,720
FWGI,0.15179886,0.11754085,2,7014,720
ILGW,0.15159622,0.002870917,2,7014,720
VRGL,0.15151712,0.10923111,2,7014,720
FVGM,0.15096967,0.14294244,2,7014,720
IYGE,0.15072721,0.04905318,2,7014,720
VHGL,0.15057185,0.27872404,2,7014,720
VHGA,0.15023822,0.3182933,2,7014,720
FWGF,0.15001848,0.5427259,2,7014,720
FWGA,0.14951818,0.5652011,2,7014,720
IGGV,0.14937785,0.061574243,2,7014,720
IGGA,0.14931035,0.01916427,2,7014,720
IWGH,0.14894065,0.052183438,2,7014,720
LHGL,0.14868334,0.1789046,2,7014,720
LDGI,0.14863296,0.053898606,2,7014,720
FMGL,0.14717272,0.03828425,2,7014,720
IQGF,0.14712787,0.1390268,2,7014,720
IWGE,0.1469774,0.040712032,2,7014,720
ISGI,0.14685011,0.07612839,2,7014,720
ISGF,0.1466215,0.23068357,2,7014,720
IVGC,0.14584893,0.23379499,2,7014,720
FFGC,0.1456764,0.49830684,2,7014,720
IVGY,0.14524293,0.0080062775,2,7014,720
LIGA,0.14511497,0.21531375,2,7014,720
IYGN,0.1449941,0.41903988,2,7014,720
MIGA,0.14455597,0.13906255,2,7014,720
IAGC,0.14406724,0.2992151,2,7014,720
IEGV,0.14326453,0.057639353,2,7014,720
FAGM,0.14260238,0.17589171,2,7014,720
FMGA,0.14217967,0.2259734,2,7014,720
FFGQ,0.1421168,0.01815417,2,7014,720
LLGA,0.14208385,0.095072754,2,7014,720
VCGA,0.14052904,0.16577016,2,7014,720
FIGL,0.140177,0.07265731,2,7014,720
IRGT,0.13960743,0.19596611,2,7014,720
VRGV,0.1394673,0.18779708,2,7014,720
IIGS,0.13845314,0.14115462,2,7014,720
VNGL,0.13670838,0.100292504,2,7014,720
FDGM,0.13669413,0.046647154,2,7014,720
FLGF,0.13663602,0.02392079,2,7014,720
IKGC,0.1366258,0.2245829,2,7014,720
LWGW,0.13626863,0.17020854,2,7014,720
VRGI,0.13606551,0.051597007,2,7014,720
FYGT,0.1355872,0.5087132,2,7014,720
VLGW,0.13436632,0.005905265,2,7014,720
VEGL,0.1341502,0.032124713,2,7014,720
LDGC,0.13413362,0.116566114,2,7014,720
MLGF,0.13386627,0.017933847,2,7014,720
IQGC,0.13377853,0.14143816,2,7014,720
IEGC,0.13370171,0.08331725,2,7014,720
FLGI,0.13369174,0.0054316437,2,7014,720
FMGI,0.13162248,0.007936979,2,7014,720
MHGL,0.13115612,0.17970881,2,7014,720
LDGT,0.1302024,0.08190112,2,7014,720
MFGN,0.12981464,0.2408014,2,7014,720
LAGF,0.12941603,0.10218871,2,7014,720
FIGF,0.12923262,0.08167825,2,7014,720
FAGL,0.12902781,0.085728355,2,7014,720
FAGA,0.1281428,0.5183027,2,7014,720
IKGY,0.1267854,0.0061072493,2,7014,720
TFGV,0.12665688,0.30765817,2,7014,720
TFGF,0.1265492,0.19925229,2,7014,720
MDGA,0.12593985,0.07172294,2,7014,720
IDVA,0.12583786,0.0040578023,2,7014,720
FFGE,0.12507178,0.0021622835,2,7014,720
FYGC,0.12350942,0.49820766,2,7014,720
FFGN,0.12348364,0.5139576,2,7014,720
LDVC,0.12319994,0.0014699734,2,7014,720
IQGY,0.123187155,0.0066353707,2,7014,720
LDGW,0.12180324,0.017861655,2,7014,720
VRGC,0.121478826,0.2590044,2,7014,720
MKGA,0.12146488,0.12567292,2,7014,720
MCGA,0.121420175,0.097504966,2,7014,720
IAGS,0.120791465,0.16356744,2,7014,720
LNGF,0.120619535,0.103306875,2,7014,720
IDMG,0.12048264,0.062294707,2,7014,720
ILGE,0.1203101,0.0012827475,2,7014,720
FCGA,0.12029812,0.29450986,2,7014,720
LDVT,0.11960885,0.0022476155,2,7014,720
VAGW,0.119538724,0.06369956,2,7014,720
IMGE,0.119337425,0.0023097808,2,7014,720
FSGL,0.11769599,0.06291553,2,7014,720
MSGA,0.117213085,0.14393511,2,7014,720
FNGL,0.11643723,0.06319459,2,7014,720
ILGN,0.11617544,0.012608367,2,7014,720
MRGI,0.11605586,0.099752724,2,7014,720
FAGF,0.116010204,0.11899059,2,7014,720
LDTC,0.11405887,0.0013600449,2,7014,720
IDGR,0.11274281,0.00045054982,2,7014,720
FRGF,0.110094815,0.08126448,2,7014,720
IDTC,0.10812399,0.002579879,2,7014,720
FSGV,0.10784459,0.17006308,2,7014,720
IDGK,0.10717504,0.00045008678,2,7014,720
SVYA,0.10612175,0.0021539365,2,7014,720
TYGF,0.10535741,0.3626909,2,7014,720
MDMG,0.10488248,0.11339375,2,7014,720
YLGF,0.104732156,0.023636019,2,7014,720
LDGR,0.10426521,0.0003582849,2,7014,720
IAGE,0.104108095,0.0062921615,2,7014,720
IHGH,0.104043126,0.018507944,2,7014,720
FDMS,0.1034846,0.0077186963,2,7014,720
IDMR,0.10333727,0.0005661725,2,7014,720
WIGA,0.101409614,0.13998692,2,7014,720
ISGH,0.100786895,0.00723848,2,7014,720
LDVR,0.100223646,0.00020792412,2,7014,720
IDIC,0.099672526,0.0015771949,2,7014,720
ISGE,0.09956467,0.008883971,2,7014,720
SVFA,0.09914352,0.0116802575,2,7014,720
IKAA,0.09853546,0.5018167,2,7014,720
IDFT,0.09796983,0.03386758,2,7014,720
SVWA,0.096538916,0.00060504896,2,7014,720
IPGY,0.09519994,0.00014549315,2,7014,720
LDVP,0.09305478,0.00025009434,2,7014,720
TFGE,0.09163028,0.0062562064,2,7014,720
IRGN,0.090005875,0.048876613,2,7014,720
IDYC,0.08847307,0.0043903203,2,7014,720
VPGC,0.08831653,0.19540489,2,7014,720
IDCG,0.08700438,0.2697989,2,7014,720
MDMR,0.08583353,0.0002951041,2,7014,720
LPGC,0.085296854,0.07585923,2,7014,720
ISFA,0.08450033,0.22028792,2,7014,720
SVHA,0.083556086,0.0007762043,2,7014,720
IDFV,0.083271384,0.008902112,2,7014,720
IPGQ,0.08008562,0.0007652852,2,7014,720
IWAF,0.07978584,0.061563734,2,7014,720
SVMA,0.07793686,0.008033927,2,7014,720
IDTR,0.0747183,0.0,2,7014,720
FDAI,0.07438543,0.0036494539,2,7014,720
MSVA,0.073821574,0.0030410844,2,7014,720
IWAG,0.07357901,0.54407376,2,7014,720
SVAS,0.07349369,0.0014128202,2,7014,720
ISGD,0.07184906,0.007820258,2,7014,720
FSFA,0.070936084,0.22675334,2,7014,720
FPVA,0.07089575,0.00036243626,2,7014,720
TMGY,0.07049517,0.00023519574,2,7014,720
VSFA,0.070330195,0.26731294,2,7014,720
FDSC,0.07013728,0.003554663,2,7014,720
FDAW,0.06926373,0.0007820258,2,7014,720
EICR,0.06909564,0.0005487901,2,7014,720
SVYS,0.06661354,0.00041677165,2,7014,720
LVMA,0.065323725,0.35103813,2,7014,720
FWAT,0.06340855,0.092961945,2,7014,720
WLFS,0.06302945,0.01214002,2,7014,720
IWCG,0.062855706,0.5480553,2,7014,720
FDQM,0.06195047,0.0,2,7014,720
SYHA,0.060974803,0.00035546624,2,7014,720
FDCM,0.060966086,0.02488264,2,7014,720
MSYA,0.060415145,0.06612607,2,7014,720
FWAS,0.060310077,0.35359445,2,7014,720
LNMF,0.059016254,0.0016249886,2,7014,720
SWAS,0.058634754,0.0010398127,2,7014,720
FDNM,0.052431162,0.0014218651,2,7014,720
INHA,0.05130979,0.00047757296,2,7014,720
VDCR,0.048701745,0.00037239326,2,7014,720
HVCW,0.047975738,0.0016137041,2,7014,720
VDKM,0.046411972,0.0,2,7014,720
SRVC,0.041921955,0.0008968816,2,7014,720
TDGF,0.040531393,0.012943876,2,7014,720
FVLM,0.04052144,0.003453101,2,7014,720
ISLW,0.037667777,0.0006970704,2,7014,720
WMME,0.037549254,0.00023413947,2,7014,720
WTGE,0.036100578,0.00034497408,2,7014,720
IIPE,0.03567366,0.0,2,7014,720
QMPA,0.034712967,0.00068224716,2,7014,720
VMCP,0.032573264,0.001486427,2,7014,720
LSFY,0.031746026,0.0007523096,2,7014,720
MFMT,0.030482452,0.02368803,2,7014,720
HIRA,0.02899218,0.0010211436,2,7014,720
FGLN,0.027108278,0.0005930054,2,7014,720
SKSR,0.026983615,0.0003753724,2,7014,720
VQCS,0.026101064,0.022930587,2,7014,720
KTCI,0.024074595,0.0012031167,2,7014,720
FSKC,0.023878809,0.0014895729,2,7014,720
EMGT,0.023846593,0.0025887752,2,7014,720
HCCY,0.023754444,0.00057927833,2,7014,720
TTSM,0.023615088,0.00064496975,2,7014,720
SLMS,0.023003746,0.0005172668,2,7014,720
DKCS,0.022710625,0.0026067528,2,7014,720
EKRA,0.0206387,0.00075751793,2,7014,720
CGYG,0.020097692,0.016683217,2,7014,720
HDTC,0.018123131,0.0006015583,2,7014,720
SMMF,0.017803896,0.00019489737,2,7014,720
VASE,0.015920442,0.00028181108,2,7014,720
WDKY,0.014925939,0.00033348647,2,7014,720
MFRY,0.014734951,0.00025852097,2,7014,720
PCCL,0.014574085,0.00087938644,2,7014,720
FQLL,0.014314366,0.0010975801,2,7014,720
DFVC,0.013364554,0.00018293007,2,7014,720
HVWT,0.010358435,0.007696127,2,7014,720
QGGS,0.006337148,0.0019257034,2,7014,720
GIPH,0.0063227015,0.00013541573,2,7014,720
SDQR,0.005822678,0.00022667414,2,7014,720
MKSK,0.0047585936,0.00011759781,2,7014,720
PQCL,0.0046856673,0.0005156214,2,7014,720
VLKC,0.004162905,0.0006015583,2,7014,720
AAIP,0.0038082274,0.0,2,7014,720
HHDC,0.0036927434,0.0007723712,2,7014,720
RQGP,0.0033249306,0.0005280267,2,7014,720
LCVV,0.0032256367,0.0065676626,2,7014,720
TPYK,0.0029568719,0.0,2,7014,720
LTKE,0.0027120234,0.00022667414,2,7014,720
LRLY,0.002644849,0.0011187164,2,7014,720
TKYY,0.002614406,0.0,2,7014,720
FHIM,0.0006502541,0.0,2,7014,720
HVVW,0.0002958523,0.00031460807,2,7014,720
DNYC,0.00010680873,0.0,2,7014,720
DHYN,-0.00038775336,0.0,2,7014,720
EYKS,-0.0010702899,0.0010427011,2,7014,720
KTEW,-0.0014515622,0.00035546624,2,7014,720
KAKN,-0.0016285134,0.00010392371,2,7014,720
DDRK,-0.0022547236,0.0,2,7014,720
NTDF,-0.0038087023,0.00028698196,2,7014,720
EMQL,-0.003981593,0.00065168814,2,7014,720
NHMF,-0.0040585054,0.00089374377,2,7014,720
LQER,-0.0040883897,0.00036163037,2,7014,720
GEFQ,-0.0045768274,0.0,2,7014,720
AGLR,-0.0054228036,0.0,2,7014,720
KLQF,-0.0057598045,0.00015959707,2,7014,720
YKKR,-0.005780327,0.0006912935,2,7014,720
CNTQ,-0.0060167043,0.00044475397,2,7014,720
RGMI,-0.0061942143,0.00021773345,2,7014,720
NNPE,-0.008326436,0.00028181108,2,7014,720
KLNP,-0.00981095,0.0003838164,2,7014,720
MMDR,-0.010460216,0.000144374,2,7014,720
GSEN,-0.013256188,0.00017000557,2,7014,720
CIDN,-0.013542871,0.0013510081,2,7014,720
NTMY,-0.014011282,0.00020715912,2,7014,720
CIQH,-0.014840986,0.0014481959,2,7014,720
CKHK,-0.015050116,0.00023519574,2,7014,720
PPRE,-0.01735608,0.0001604156,2,7014,720
QYLW,-0.018081833,0.0,2,7014,720
PYIF,-0.020974029,0.0,2,7014,720
MRHN,-0.023341078,0.0007274659,2,7014,720
FYGS,0.45042378,0.6046794,3,10574,1089
FWGC,0.4476697,0.3926309,3,10574,1089
LYGC,0.44664252,0.49482542,3,10574,1089
FYGN,0.446539,0.6271282,3,10574,1089
VWGF,0.4314632,0.61524236,3,10574,1089
VWGL,0.4089042,0.41762793,3,10574,1089
VWGC,0.3949566,0.48381332,3,10574,1089
FWGS,0.38836777,0.614051,3,10574,1089
LYGA,0.38296473,0.39765438,3,10574,1089
FWGN,0.3774278,0.5388869,3,10574,1089
FYGV,0.37319934,0.4693883,3,10574,1089
LWGC,0.3718704,0.39989865,3,10574,1089
FWGT,0.3593179,0.4165591,3,10574,1089
FWAG,0.3538792,0.7429245,3,10574,1089
FWGV,0.34621254,0.36303622,3,10574,1089
IRAA,0.3407927,0.6273102,3,10574,1089
FWGG,0.3395568,0.30759683,3,10574,1089
YYGC,0.3344358,0.4485669,3,10574,1089
FVGA,0.33266175,0.33634284,3,10574,1089
FYGG,0.3288709,0.22318769,3,10574,1089
FRGA,0.32677025,0.4141819,3,10574,1089
LYGF,0.32350907,0.3161193,3,10574,1089
MWGF,0.31530973,0.27880922,3,10574,1089
FYGF,0.30742723,0.32186535,3,10574,1089
VWGA,0.30515978,0.22980253,3,10574,1089
VHGC,0.3050081,0.36045098,3,10574,1089
VHGV,0.3047896,0.35165235,3,10574,1089
VHGF,0.3035593,0.35225162,3,10574,1089
LKAA,0.30184352,0.4508477,3,10574,1089
YWGC,0.3007213,0.4286347,3,10574,1089
VYAG,0.2987001,0.48266482,3,10574,1089
MFGC,0.29400504,0.2835723,3,10574,1089
LYGT,0.2937531,0.30650678,3,10574,1089
MWGL,0.29158178,0.29696038,3,10574,1089
FWAA,0.29080433,1.0,3,10574,1089
LHGM,0.2893865,0.3213415,3,10574,1089
FAGC,0.28902018,0.29062924,3,10574,1089
FYGH,0.28658423,0.05890152,3,10574,1089
FIGA,0.2858446,0.36269388,3,10574,1089
FAAA,0.28583705,0.4602508,3,10574,1089
FAGS,0.2849105,0.45574728,3,10574,1089
LYAA,0.28412557,0.5585195,3,10574,1089
FYGL,0.28250572,0.28931865,3,10574,1089
FFGV,0.28012222,0.41093242,3,10574,1089
LHGA,0.2793287,0.37786293,3,10574,1089
FKGA,0.27716315,0.3211826,3,10574,1089
LRAA,0.275303,0.5304516,3,10574,1089
FWGY,0.2746778,0.034890383,3,10574,1089
VHAA,0.27419886,0.58327365,3,10574,1089
LYCG,0.27241924,0.41106611,3,10574,1089
IWAA,0.26967144,0.68958014,3,10574,1089
FWGH,0.2666616,0.021327976,3,10574,1089
VAAA,0.26612705,0.7077334,3,10574,1089
LHAA,0.2657112,0.4673964,3,10574,1089
IWTG,0.2653823,0.000922497,3,10574,1089
FFGG,0.26450944,0.18166682,3,10574,1089
VAGC,0.26193827,0.31959417,3,10574,1089
FYAN,0.26135036,0.0026812314,3,10574,1089
LWAA,0.2606408,0.6879151,3,10574,1089
FWAN,0.26045302,0.0037537238,3,10574,1089
LVAA,0.26012105,0.4534292,3,10574,1089
VFGN,0.25756404,0.3531486,3,10574,1089
VHGT,0.25644955,0.14398573,3,10574,1089
VYAA,0.25625768,0.58855724,3,10574,1089
VYGT,0.25535846,0.1651994,3,10574,1089
VRGA,0.2543281,0.24983145,3,10574,1089
MYGA,0.2542198,0.15771797,3,10574,1089
FTGA,0.25407177,0.23438106,3,10574,1089
IFAG,0.25359502,0.28311986,3,10574,1089
FVGS,0.2515581,0.3547911,3,10574,1089
LQAA,0.25122365,0.3253322,3,10574,1089
WYGA,0.25111154,0.26074025,3,10574,1089
FFAG,0.2501183,0.650981,3,10574,1089
FYGQ,0.24801159,0.04492489,3,10574,1089
IWGG,0.24775149,0.110002495,3,10574,1089
VFAG,0.24753328,0.37397417,3,10574,1089
FWSG,0.24677698,0.007910146,3,10574,1089
IYAC,0.24644871,0.3616277,3,10574,1089
IRAG,0.24644138,0.3911564,3,10574,1089
VHGI,0.24488097,0.14224638,3,10574,1089
FYCG,0.24456316,0.4027433,3,10574,1089
FYGR,0.24370942,0.0019798123,3,10574,1089
VAGM,0.24210815,0.2837117,3,10574,1089
VWGN,0.24148466,0.2766813,3,10574,1089
FLGC,0.23948725,0.09448586,3,10574,1089
FVAA,0.23838697,0.46047157,3,10574,1089
FWTG,0.23826075,0.0021823975,3,10574,1089
FEGA,0.23788796,0.11462101,3,10574,1089
LWFG,0.23671603,0.5568024,3,10574,1089
IYAN,0.2360791,0.003208311,3,10574,1089
LEAA,0.23373836,0.19542639,3,10574,1089
FWSN,0.23373537,0.0,3,10574,1089
LWGT,0.2332715,0.23741205,3,10574,1089
LKMA,0.23122339,0.3306246,3,10574,1089
IWAC,0.22460724,0.46862304,3,10574,1089
IHAG,0.224351,0.3408474,3,10574,1089
IYSC,0.22381774,0.009398029,3,10574,1089
FRGT,0.22367556,0.33746228,3,10574,1089
VSAA,0.22332843,0.6215546,3,10574,1089
LAGC,0.2205527,0.24343516,3,10574,1089
FRGS,0.22002025,0.36499092,3,10574,1089
FAGN,0.21924211,0.16285998,3,10574,1089
VWGT,0.21669136,0.12522312,3,10574,1089
VWIG,0.21579663,0.014109743,3,10574,1089
INAA,0.21403494,0.56966865,3,10574,1089
VYAN,0.2126141,0.003665746,3,10574,1089
LHGI,0.21220963,0.13780338,3,10574,1089
LFAG,0.2117538,0.1479881,3,10574,1089
LWGG,0.21155648,0.07409833,3,10574,1089
IWSF,0.21135178,0.00085467304,3,10574,1089
YYAA,0.21120927,0.79677707,3,10574,1089
FCGS,0.20903097,0.2965442,3,10574,1089
LYAS,0.20828818,0.10296265,3,10574,1089
FCGT,0.20683433,0.24054036,3,10574,1089
YHGC,0.20653735,0.29829317,3,10574,1089
YWAA,0.20438735,0.6473334,3,10574,1089
IIAA,0.20361282,0.47720215,3,10574,1089
VAGF,0.20302045,0.18500496,3,10574,1089
WWGA,0.20280091,0.29767716,3,10574,1089
IWAM,0.20144552,0.37449124,3,10574,1089
IYFG,0.20106941,0.10262921,3,10574,1089
IHCG,0.1989856,0.35555074,3,10574,1089
IAAG,0.19841315,0.4073305,3,10574,1089
IYAM,0.19808398,0.15738016,3,10574,1089
MYGT,0.19674005,0.122566655,3,10574,1089
VFAA,0.19661827,0.49002174,3,10574,1089
VWSF,0.1963661,0.0006932085,3,10574,1089
IYGG,0.19548094,0.12855014,3,10574,1089
VSGF,0.19519329,0.22079703,3,10574,1089
FKGC,0.1946429,0.13951895,3,10574,1089
LAGM,0.1914574,0.2118579,3,10574,1089
LKFA,0.19093156,0.13450451,3,10574,1089
FWSF,0.19045024,0.0011171798,3,10574,1089
IEAG,0.18939246,0.12957653,3,10574,1089
IRSA,0.18894932,0.29218313,3,10574,1089
LYFG,0.18803293,0.27740878,3,10574,1089
LWAM,0.1872362,0.087777525,3,10574,1089
MRGC,0.18674672,0.17006108,3,10574,1089
IAAC,0.18537673,0.3376888,3,10574,1089
FCGN,0.18495406,0.07535885,3,10574,1089
ICGM,0.18446425,0.1888419,3,10574,1089
LVVA,0.18266974,0.003377346,3,10574,1089
VRTA,0.18216322,0.0066526793,3,10574,1089
VAGT,0.18207206,0.110748656,3,10574,1089
MFAG,0.18132354,0.09906572,3,10574,1089
IRAM,0.18045078,0.25277093,3,10574,1089
IHAT,0.1803901,0.061027125,3,10574,1089
VWGW,0.1791888,0.26905528,3,10574,1089
VQGM,0.17907396,0.18671624,3,10574,1089
VALA,0.17901349,0.19351825,3,10574,1089
FKGS,0.17880182,0.3396639,3,10574,1089
IHAC,0.17770813,0.34323043,3,10574,1089
MYAC,0.17745359,0.16949955,3,10574,1089
YFAA,0.17649737,0.63923013,3,10574,1089
YWAN,0.17596127,0.00028181108,3,10574,1089
SYGV,0.17572676,0.17367534,3,10574,1089
FTGS,0.1753665,0.24368934,3,10574,1089
VHSA,0.17480607,0.26575452,3,10574,1089
FVAS,0.17478013,0.13709253,3,10574,1089
YFAG,0.17475073,0.2618047,3,10574,1089
IWSV,0.1746952,0.0029206548,3,10574,1089
VFGT,0.1745932,0.11124019,3,10574,1089
VEAG,0.17417933,0.12986368,3,10574,1089
FVAG,0.17343777,0.29739517,3,10574,1089
IYTG,0.17324087,0.0018727004,3,10574,1089
FHGF,0.17315704,0.14724974,3,10574,1089
MHGT,0.17219971,0.12202601,3,10574,1089
IWSA,0.17206077,0.07103108,3,10574,1089
IYTC,0.17001669,0.0010954447,3,10574,1089
FFGI,0.16989087,0.074147634,3,10574,1089
IFYG,0.16986312,0.014829527,3,10574,1089
LYSV,0.16975267,0.0020420852,3,10574,1089
YWSA,0.16884927,0.023175364,3,10574,1089
FKAG,0.16866347,0.22643992,3,10574,1089
YYAC,0.16785775,0.09621888,3,10574,1089
LEGA,0.16716956,0.057537284,3,10574,1089
YFAN,0.16655596,0.0021801933,3,10574,1089
FDGA,0.16586232,0.19777685,3,10574,1089
IAAM,0.16549124,0.22434677,3,10574,1089
IYAT,0.16502106,0.03929844,3,10574,1089
YYSA,0.16400827,0.042065542,3,10574,1089
FWHG,0.16341613,0.0,3,10574,1089
IAFG,0.16335821,0.34566802,3,10574,1089
FYCN,0.1633199,0.0052135056,3,10574,1089
FWIG,0.16331652,0.027805362,3,10574,1089
FCAG,0.1632014,0.20819265,3,10574,1089
VWSA,0.16245836,0.026316686,3,10574,1089
FYHA,0.16128348,0.0,3,10574,1089
VWSV,0.15830038,0.004097952,3,10574,1089
IKYG,0.15782648,0.066577874,3,10574,1089
FHGI,0.1551636,0.051981717,3,10574,1089
ILCG,0.15256274,0.16409059,3,10574,1089
FNGT,0.15180011,0.31006858,3,10574,1089
FYHN,0.15054671,0.0,3,10574,1089
IHYG,0.15009587,0.23699982,3,10574,1089
FMAS,0.14972192,0.030792266,3,10574,1089
MWSF,0.14753227,0.00061135576,3,10574,1089
WWGL,0.14744523,0.3195995,3,10574,1089
LFVG,0.14673339,0.02895927,3,10574,1089
IYSA,0.1456875,0.056782097,3,10574,1089
FVAN,0.14479549,0.0011585568,3,10574,1089
FTMA,0.14471178,0.07793749,3,10574,1089
LKMG,0.1447004,0.25822598,3,10574,1089
MWSG,0.14401545,0.005753195,3,10574,1089
FFQN,0.14302208,0.0,3,10574,1089
IYIG,0.14270128,0.008428501,3,10574,1089
LVFG,0.14248973,0.44987708,3,10574,1089
LKWA,0.14227256,0.0014669179,3,10574,1089
FSAG,0.1415799,0.2689275,3,10574,1089
FVAC,0.14047799,0.13246709,3,10574,1089
IIAC,0.14005794,0.35056776,3,10574,1089
FWMS,0.1385756,0.029014291,3,10574,1089
IVAT,0.1384293,0.07014901,3,10574,1089
VYTA,0.13663812,0.0014344852,3,10574,1089
MEAG,0.13582659,0.03375262,3,10574,1089
VAIA,0.13492729,0.00088364497,3,10574,1089
LKFG,0.13262299,0.32718697,3,10574,1089
ISAC,0.13151036,0.39700383,3,10574,1089
MHGS,0.13001381,0.11973085,3,10574,1089
FYMN,0.12996167,0.0022343595,3,10574,1089
VEGC,0.12977532,0.07820258,3,10574,1089
LMFG,0.12954918,0.1843728,3,10574,1089
LYGP,0.12920573,0.00287498,3,10574,1089
FMAC,0.12762149,0.042256832,3,10574,1089
THGI,0.12584595,0.122280404,3,10574,1089
IVFG,0.12557638,0.27936077,3,10574,1089
LYLS,0.124112025,0.013354792,3,10574,1089
FCAC,0.12404261,0.048659384,3,10574,1089
VIGT,0.12299548,0.09943775,3,10574,1089
FFMN,0.12207472,0.0024695552,3,10574,1089
IQWG,0.121053725,0.0,3,10574,1089
MWSA,0.120217904,0.060449958,3,10574,1089
LFMC,0.12017928,0.053301975,3,10574,1089
FCFG,0.119120896,0.39031258,3,10574,1089
MYTG,0.11909087,0.000990802,3,10574,1089
FVGQ,0.1190582,0.0049778135,3,10574,1089
WVAA,0.118971944,0.30695146,3,10574,1089
VCFG,0.11789991,0.44999462,3,10574,1089
HYGC,0.11720584,0.38453203,3,10574,1089
LCFG,0.116018966,0.368293,3,10574,1089
IFAT,0.11371474,0.022552108,3,10574,1089
VWSI,0.113365084,0.0018715147,3,10574,1089
VWLN,0.112607226,0.0017023692,3,10574,1089
VAGN,0.11085002,0.13555114,3,10574,1089
LWGK,0.1100311,0.011836067,3,10574,1089
VAIG,0.109678194,0.0067634666,3,10574,1089
VEFG,0.10956887,0.20778063,3,10574,1089
MYIG,0.10809372,0.005233329,3,10574,1089
FSGF,0.10753542,0.07111647,3,10574,1089
IWTL,0.10672717,0.00055169367,3,10574,1089
FLFG,0.10622705,0.3171038,3,10574,1089
VDGM,0.10535215,0.066839896,3,10574,1089
MQGM,0.10512824,0.08311069,3,10574,1089
MMAG,0.10487047,0.05666279,3,10574,1089
VYFN,0.10001278,0.0089208875,3,10574,1089
FVTN,0.09934207,0.00041159257,3,10574,1089
MRSA,0.09857153,0.16459817,3,10574,1089
FDGC,0.09827497,0.052854158,3,10574,1089
IFQN,0.09705936,0.0011693845,3,10574,1089
WIGS,0.096651755,0.2488064,3,10574,1089
YFMA,0.096079275,0.14002597,3,10574,1089
FKRA,0.095432326,0.00681369,3,10574,1089
LWNG,0.09523544,0.007558913,3,10574,1089
MKGT,0.09308111,0.09111221,3,10574,1089
YFQN,0.092044264,0.0,3,10574,1089
MWTF,0.09170336,0.00010357961,3,10574,1089
IIAM,0.09098187,0.2392683,3,10574,1089
LYDC,0.08980562,0.0006800224,3,10574,1089
VWPA,0.088555396,0.0011713161,3,10574,1089
LAFM,0.08609317,0.0025506073,3,10574,1089
MKVG,0.083356075,0.012008636,3,10574,1089
MWSS,0.08184316,0.011711049,3,10574,1089
IAFQ,0.08157921,0.0007430174,3,10574,1089
VWPL,0.08143275,0.00030727935,3,10574,1089
FLTN,0.078131095,0.00021425364,3,10574,1089
VRSF,0.07579697,0.0006874953,3,10574,1089
LGTA,0.07002172,0.00079814217,3,10574,1089
MWTL,0.06999238,0.00047653372,3,10574,1089
CYAS,0.067418516,0.011969783,3,10574,1089
LWVT,0.06559316,0.005035956,3,10574,1089
YHSG,0.062118065,0.002771737,3,10574,1089
YWNV,0.059556525,0.0,3,10574,1089
WLAC,0.055004258,0.017885976,3,10574,1089
CYTN,0.04975051,0.0019906112,3,10574,1089
LWVK,0.047803394,0.00028231976,3,10574,1089
MVLE,0.04607151,0.00043934034,3,10574,1089
LFRM,0.04099885,0.0003651482,3,10574,1089
VESF,0.03950985,0.0,3,10574,1089
YESS,0.032407116,0.00049345935,3,10574,1089
SLAF,0.031642504,0.000312186,3,10574,1089
FHMP,0.027906248,0.00080207776,3,10574,1089
TMAL,0.023286223,0.002031236,3,10574,1089
PWLG,0.023090038,0.0020138004,3,10574,1089
DIGM,0.022644734,0.014624898,3,10574,1089
GTVA,0.022207353,5.207724e-05,3,10574,1089
EICN,0.022005508,0.0014218651,3,10574,1089
NIAI,0.020255301,0.00016550807,3,10574,1089
FYKY,0.019743722,0.0,3,10574,1089
WCWD,0.01942215,0.005687461,3,10574,1089
LDPM,0.015470246,0.0,3,10574,1089
AMIS,0.014985807,0.0,3,10574,1089
WNWV,0.014126997,0.014669056,3,10574,1089
MLEC,0.013550047,0.0013217338,3,10574,1089
CTCE,0.012082901,0.00059394364,3,10574,1089
YYKR,0.010239899,0.0,3,10574,1089
NQVG,0.010206883,0.00049456174,3,10574,1089
MEKA,0.010157267,0.00037462314,3,10574,1089
QQCI,0.009930713,0.0031098104,3,10574,1089
CSRC,0.009866793,0.00070621184,3,10574,1089
QPIA,0.009709647,0.00031228986,3,10574,1089
EEVA,0.008960994,0.0035079068,3,10574,1089
CTST,0.008952681,0.0008905632,3,10574,1089
GWDM,0.008907154,0.0,3,10574,1089
KISV,0.008662745,0.00025804702,3,10574,1089
DKCI,0.007040634,0.0,3,10574,1089
KFDN,0.006546481,0.0,3,10574,1089
HVAI,0.0044785803,0.0024253684,3,10574,1089
QRSG,0.0041675908,0.001365442,3,10574,1089
DLWC,0.00407035,0.0019966618,3,10574,1089
GRPS,0.0040274453,0.00018939072,3,10574,1089
WHRQ,0.0033410066,0.00027846618,3,10574,1089
PKLP,0.0031322245,0.00038194182,3,10574,1089
PGPY,0.0026229075,0.00065168814,3,10574,1089
DMQN,0.0024531903,0.0,3,10574,1089
PHDP,0.0018376647,0.00035147226,3,10574,1089
EVPT,0.0018316633,0.0003970794,3,10574,1089
CART,0.0017050565,0.0015118055,3,10574,1089
PPFQ,0.0016378886,0.0006471938,3,10574,1089
WPWI,0.0015639779,0.00032471665,3,10574,1089
DGRV,0.0013460224,0.0,3,10574,1089
SSRI,0.0010683895,0.00038584537,3,10574,1089
NNHF,0.0009764377,0.0016908665,3,10574,1089
RCLL,0.00051393453,0.0018363036,3,10574,1089
HTSG,0.00036120927,0.00052750483,3,10574,1089
CEWM,-8.90526e-05,0.0006383884,3,10574,1089
SVNW,-0.00015974184,8.231852e-05,3,10574,1089
NDEE,-0.00028144196,0.0015640517,3,10574,1089
IVNI,-0.00038702087,9.507912e-05,3,10574,1089
HHET,-0.00048306724,0.0001709346,3,10574,1089
PYFY,-0.0006601657,0.0005004965,3,10574,1089
EASP,-0.0013525444,0.0003716125,3,10574,1089
GVRG,-0.0016197381,7.249366e-05,3,10574,1089
DAHK,-0.0018101954,0.0,3,10574,1089
SDIE,-0.0029823785,0.00086891756,3,10574,1089
NRQR,-0.0033160322,0.00023697753,3,10574,1089
SQQQ,-0.0034694183,0.00028698196,3,10574,1089
NLNG,-0.0035335193,0.00018293007,3,10574,1089
DHME,-0.0040472844,0.0,3,10574,1089
RIVL,-0.0041605704,0.00033910232,3,10574,1089
HLTF,-0.0055921446,0.0002308563,3,10574,1089
RQSI,-0.0056888456,9.699547e-05,3,10574,1089
NRWK,-0.005739881,0.00061335356,3,10574,1089
FIWI,-0.0057462617,0.0026067528,3,10574,1089
HLEA,-0.0057699266,0.00020400673,3,10574,1089
STKR,-0.00653177,0.0005235319,3,10574,1089
HLAI,-0.0070917993,0.00080310734,3,10574,1089
QTVQ,-0.008166725,0.00020165053,3,10574,1089
YEII,-0.008324463,0.00027682327,3,10574,1089
KTIH,-0.00869019,0.00050922617,3,10574,1089
SFWR,-0.008848995,0.00027083146,3,10574,1089
WESL,-0.0092526,0.00045253863,3,10574,1089
NLIE,-0.010324985,0.00033635524,3,10574,1089
IWRK,-0.012531791,0.0005184702,3,10574,1089
CMHL,-0.01937573,0.00041340574,3,10574,1089
VSNE,-0.019624408,0.00019489737,3,10574,1089
IMEV,-0.01993182,0.0005257317,3,10574,1089
YMEW,-0.02907928,0.0004965243,3,10574,1089
IMNR,-0.030305166,0.0001112215,3,10574,1089
VGSK,-0.036433358,0.0,3,10574,1089
FWCA,0.671299,0.862211,4,14126,1453
LWCA,0.65527725,0.8250044,4,14126,1453
VWAA,0.6214256,0.6989077,4,14126,1453
MWCA,0.61828995,0.66271144,4,14126,1453
FFAA,0.594471,0.7907195,4,14126,1453
VWCA,0.59303665,0.6117283,4,14126,1453
LWCG,0.5666313,0.62950265,4,14126,1453
FWCG,0.56510544,0.49672124,4,14126,1453
YAAA,0.54247665,0.44958195,4,14126,1453
MWCG,0.52695084,0.51373553,4,14126,1453
YSAA,0.5256157,0.48271856,4,14126,1453
VWCG,0.5180168,0.591604,4,14126,1453
FYCA,0.5029793,0.64126116,4,14126,1453
VKAA,0.4904747,0.526876,4,14126,1453
LYCA,0.48784256,0.600399,4,14126,1453
FYAG,0.4871788,0.74184585,4,14126,1453
VWAG,0.48561478,0.55288285,4,14126,1453
FRAA,0.4811592,0.4848846,4,14126,1453
YRAA,0.48005295,0.47462556,4,14126,1453
FWFA,0.47272873,0.27981266,4,14126,1453
LWFA,0.47172165,0.2963366,4,14126,1453
VYCA,0.46809006,0.611741,4,14126,1453
IYCA,0.46414566,0.57901025,4,14126,1453
YYCA,0.462368,0.5254483,4,14126,1453
VTAA,0.458683,0.308034,4,14126,1453
FSAA,0.45640945,0.4882421,4,14126,1453
WYAA,0.4559288,0.3613731,4,14126,1453
YKAA,0.4470024,0.3695004,4,14126,1453
VSCA,0.44518661,0.6160872,4,14126,1453
AWCG,0.44296646,0.44106257,4,14126,1453
YDAA,0.44282913,0.22585966,4,14126,1453
MWFA,0.44143295,0.20880118,4,14126,1453
IFAA,0.43896103,0.42910394,4,14126,1453
MYAA,0.43853378,0.38537142,4,14126,1453
LNAA,0.43535233,0.5037557,4,14126,1453
YFCA,0.4348564,0.4438067,4,14126,1453
LSAA,0.43355942,0.48556036,4,14126,1453
YGAA,0.4313469,0.22344549,4,14126,1453
MYCA,0.42795944,0.5147152,4,14126,1453
AFCA,0.42359543,0.45878848,4,14126,1453
LICA,0.42313004,0.56887084,4,14126,1453
MFCA,0.42209244,0.32278156,4,14126,1453
FWFG,0.4217415,0.5904295,4,14126,1453
IWCC,0.41934586,0.2956278,4,14126,1453
LWMA,0.41898727,0.5791926,4,14126,1453
MWMA,0.41897202,0.35251316,4,14126,1453
MWAG,0.41537857,0.27536595,4,14126,1453
WRAA,0.4137993,0.3500023,4,14126,1453
IFGC,0.41339493,0.36190182,4,14126,1453
AWAA,0.41031265,0.046241526,4,14126,1453
YVAA,0.408329,0.4464637,4,14126,1453
MWFG,0.40657806,0.4051261,4,14126,1453
YIAA,0.40649033,0.50642616,4,14126,1453
CWCG,0.40600204,0.08066178,4,14126,1453
YACA,0.4047203,0.506077,4,14126,1453
IICA,0.40323257,0.37211794,4,14126,1453
WFCA,0.40158463,0.5594706,4,14126,1453
LWCC,0.40121078,0.3262297,4,14126,1453
WYCA,0.40050125,0.6898266,4,14126,1453
LRCA,0.3994789,0.67232937,4,14126,1453
IYCG,0.39677048,0.44599995,4,14126,1453
IHCA,0.39575577,0.5451443,4,14126,1453
VICA,0.39302444,0.45383906,4,14126,1453
FWMA,0.3881874,0.428997,4,14126,1453
WHAA,0.38500595,0.30383584,4,14126,1453
LWYA,0.3830223,0.104512595,4,14126,1453
WSAA,0.38140488,0.29865617,4,14126,1453
YYGT,0.3810997,0.110142164,4,14126,1453
FWLA,0.37872696,0.41794935,4,14126,1453
LHCA,0.3782692,0.5504935,4,14126,1453
AHAA,0.37816238,0.27979147,4,14126,1453
IACG,0.37530136,0.3617402,4,14126,1453
AFCG,0.3749199,0.19415814,4,14126,1453
YSCA,0.3747673,0.488287,4,14126,1453
WACA,0.37472916,0.5229168,4,14126,1453
VACG,0.37221146,0.2532274,4,14126,1453
LRCG,0.3713112,0.44331962,4,14126,1453
MICA,0.37003708,0.4131574,4,14126,1453
FSGA,0.3669548,0.40135357,4,14126,1453
WWFA,0.36509323,0.6666978,4,14126,1453
AICA,0.3644371,0.5128443,4,14126,1453
FWWG,0.3639412,0.004265595,4,14126,1453
VFCG,0.3610878,0.40529338,4,14126,1453
LIFG,0.3606224,0.47889692,4,14126,1453
LWCV,0.36008072,0.11431223,4,14126,1453
IWCV,0.3575554,0.025546176,4,14126,1453
VVCG,0.3570137,0.23982126,4,14126,1453
IWAV,0.35614395,0.04828271,4,14126,1453
LRFG,0.35396194,0.43625605,4,14126,1453
WWVA,0.35139847,0.012326598,4,14126,1453
CFAA,0.3500557,0.15088499,4,14126,1453
WWGN,0.34920502,0.14422011,4,14126,1453
VRCG,0.34863663,0.31045276,4,14126,1453
MRCA,0.34811783,0.53068256,4,14126,1453
YFGA,0.34241867,0.27794477,4,14126,1453
WWGS,0.34056854,0.14371009,4,14126,1453
YRCA,0.33966446,0.54376394,4,14126,1453
TYCA,0.3377571,0.270085,4,14126,1453
WSCA,0.33327103,0.55047894,4,14126,1453
WWLA,0.33293533,0.71799904,4,14126,1453
MWMG,0.33280563,0.34075814,4,14126,1453
VTCA,0.33208084,0.2971698,4,14126,1453
FIGS,0.33140945,0.3533295,4,14126,1453
IKCA,0.32989883,0.39989305,4,14126,1453
MSAA,0.32699966,0.39892,4,14126,1453
ASAA,0.32686996,0.18406418,4,14126,1453
CYCA,0.3258171,0.061394863,4,14126,1453
WIAA,0.3252983,0.35110494,4,14126,1453
IIAG,0.32425308,0.3137064,4,14126,1453
WVCA,0.32329178,0.46001425,4,14126,1453
YICA,0.32320786,0.57992053,4,14126,1453
LWAV,0.32095718,0.043159906,4,14126,1453
YVCA,0.32081985,0.46875834,4,14126,1453
LWYG,0.31995773,0.30131325,4,14126,1453
AVAA,0.31994247,0.24414465,4,14126,1453
WWMA,0.31804276,0.70158887,4,14126,1453
LCCG,0.31789017,0.17729643,4,14126,1453
YAYA,0.3178215,0.018425813,4,14126,1453
MHCA,0.31715775,0.4258257,4,14126,1453
FIWA,0.31673813,0.0038499732,4,14126,1453
TWCG,0.31385422,0.26415095,4,14126,1453
IWCM,0.313282,0.041332778,4,14126,1453
WHCA,0.30718613,0.531147,4,14126,1453
WDCA,0.30638504,0.38204813,4,14126,1453
LMAA,0.30550003,0.27733922,4,14126,1453
FAFG,0.30490494,0.3781325,4,14126,1453
IFCC,0.30437088,0.16049303,4,14126,1453
FWCV,0.30147934,0.06256206,4,14126,1453
LDCG,0.29912186,0.2393204,4,14126,1453
FIFA,0.2983513,0.27074006,4,14126,1453
FIYA,0.29784012,0.013021291,4,14126,1453
MWFC,0.2945366,0.056962155,4,14126,1453
WMAA,0.2937889,0.14687197,4,14126,1453
LWWV,0.29185104,0.005379541,4,14126,1453
IAAV,0.29114914,0.0412208,4,14126,1453
VSGC,0.2897148,0.31616512,4,14126,1453
TICA,0.28970718,0.3023104,4,14126,1453
YCFG,0.2885933,0.38374057,4,14126,1453
FWLG,0.28614426,0.83459085,4,14126,1453
FSGT,0.285717,0.3354783,4,14126,1453
VTCG,0.28544235,0.17001699,4,14126,1453
AYAG,0.28539658,0.007820258,4,14126,1453
MWWC,0.2815094,0.0012031167,4,14126,1453
MSCA,0.2812462,0.52999365,4,14126,1453
IDCA,0.2808571,0.4713728,4,14126,1453
VGCA,0.28048325,0.364997,4,14126,1453
WKCA,0.28021622,0.4774548,4,14126,1453
IACC,0.27656174,0.21516511,4,14126,1453
FKGT,0.27646255,0.22837566,4,14126,1453
WRCG,0.2740593,0.41149583,4,14126,1453
WWCV,0.27217484,0.31811738,4,14126,1453
IVCC,0.2718315,0.19982511,4,14126,1453
FIMA,0.2714119,0.42105916,4,14126,1453
TWCC,0.27119827,0.11143868,4,14126,1453
WHGS,0.27002335,0.15109026,4,14126,1453
CWFA,0.2698784,0.23066948,4,14126,1453
WHGN,0.26858902,0.060324445,4,14126,1453
WIFG,0.2661705,0.58468354,4,14126,1453
HACA,0.2659874,0.38279834,4,14126,1453
WGCA,0.26166153,0.3357067,4,14126,1453
WLCA,0.2614708,0.34774083,4,14126,1453
IHCC,0.25798416,0.2224429,4,14126,1453
IWCL,0.25733566,0.010935981,4,14126,1453
WPAA,0.25645828,0.0039712247,4,14126,1453
MFGV,0.25218582,0.25867575,4,14126,1453
MDCA,0.25153732,0.37595984,4,14126,1453
FHGV,0.2511177,0.3199965,4,14126,1453
WHGA,0.24754715,0.22908756,4,14126,1453
VFCV,0.2462883,0.00974231,4,14126,1453
HWCG,0.24568558,0.2871352,4,14126,1453
QWCA,0.24498367,0.41894597,4,14126,1453
IRCC,0.24443436,0.22898501,4,14126,1453
CYGV,0.24411392,0.46486437,4,14126,1453
IWCF,0.2439003,0.0033366436,4,14126,1453
YWAS,0.2434578,0.3392931,4,14126,1453
CWMA,0.24281693,0.18084347,4,14126,1453
AWGV,0.24163437,0.07507448,4,14126,1453
IPCC,0.23922348,0.030351894,4,14126,1453
LLCG,0.23694229,0.21933882,4,14126,1453
AKAG,0.23258972,0.00816027,4,14126,1453
FNFG,0.2315712,0.29334658,4,14126,1453
CCCA,0.23156738,0.027619373,4,14126,1453
WSGS,0.22340775,0.16474034,4,14126,1453
VHCV,0.22001266,0.014866234,4,14126,1453
YDCG,0.21726608,0.12398664,4,14126,1453
QWCC,0.21641922,0.10572197,4,14126,1453
VSFC,0.21502304,0.05106027,4,14126,1453
VSTA,0.2147255,0.0050510447,4,14126,1453
HSCA,0.21087265,0.4179194,4,14126,1453
MRGA,0.20875931,0.18960363,4,14126,1453
FSYA,0.20814896,0.018002886,4,14126,1453
MKAG,0.2081337,0.116985604,4,14126,1453
HWAV,0.20812988,0.001197997,4,14126,1453
AHGN,0.20528793,0.046921548,4,14126,1453
ITCC,0.20525742,0.09686401,4,14126,1453
YKFG,0.20145035,0.369938,4,14126,1453
YTGT,0.20122147,0.06756248,4,14126,1453
IYCM,0.20002365,0.014448858,4,14126,1453
YNLA,0.19832993,0.2181218,4,14126,1453
ILCC,0.19730759,0.09452477,4,14126,1453
WGLA,0.19700241,0.21987991,4,14126,1453
MRGM,0.1969719,0.15170683,4,14126,1453
AWWA,0.19545746,0.0,4,14126,1453
CWLG,0.19516754,0.4738802,4,14126,1453
YTYA,0.1945839,0.0030289732,4,14126,1453
FGGA,0.19418716,0.10790604,4,14126,1453
FSTA,0.19327164,0.00080049894,4,14126,1453
WVLA,0.19118118,0.41796237,4,14126,1453
VIYG,0.18550491,0.15828203,4,14126,1453
IILG,0.18543625,0.32141125,4,14126,1453
WPLA,0.18457413,0.013846925,4,14126,1453
VPFC,0.18225479,0.0049932166,4,14126,1453
CWAV,0.18200302,0.004194105,4,14126,1453
QWGV,0.18152237,0.15148455,4,14126,1453
IPCV,0.18053055,0.0020019861,4,14126,1453
HSMA,0.17936325,0.031194542,4,14126,1453
WYWA,0.1783638,0.012105806,4,14126,1453
IPFN,0.17375565,0.00036267866,4,14126,1453
IILN,0.17247391,0.0014950493,4,14126,1453
FVFN,0.17093277,0.0047448757,4,14126,1453
VHFC,0.16987228,0.0891974,4,14126,1453
VFAL,0.16891861,0.111684784,4,14126,1453
VKAL,0.16730118,0.095808506,4,14126,1453
MWCN,0.16308975,0.007230409,4,14126,1453
YTGN,0.16233826,0.01387625,4,14126,1453
FISA,0.16199112,0.132572,4,14126,1453
VACF,0.1607933,0.0032927403,4,14126,1453
QWFA,0.15951538,0.062944315,4,14126,1453
MSFG,0.15851212,0.27833903,4,14126,1453
ANAG,0.1577797,0.020109236,4,14126,1453
VFCL,0.1577797,0.0049825585,4,14126,1453
CPFN,0.15660477,0.0012347776,4,14126,1453
WWGW,0.1563263,0.30402967,4,14126,1453
YYGW,0.15581894,0.28949898,4,14126,1453
IHCL,0.1541481,0.006830352,4,14126,1453
HPMA,0.15312576,0.0001752439,4,14126,1453
HPCV,0.15235138,0.0006298194,4,14126,1453
AMAG,0.14861679,0.0038303307,4,14126,1453
IWMV,0.14819717,0.003322597,4,14126,1453
CHGV,0.14758682,0.24561727,4,14126,1453
ITCM,0.14735031,0.005042316,4,14126,1453
QWFF,0.14609528,0.0007507448,4,14126,1453
VIYC,0.14489365,0.0036968493,4,14126,1453
ILCV,0.1444664,0.00870094,4,14126,1453
VKAS,0.14319229,0.13169114,4,14126,1453
QPFN,0.1430893,0.0004170804,4,14126,1453
IDCM,0.141819,0.0070032165,4,14126,1453
IAAE,0.14004135,0.0009836802,4,14126,1453
CVFN,0.13988113,0.0040103886,4,14126,1453
FIKN,0.13882828,0.0,4,14126,1453
HPFC,0.1375122,0.00050453277,4,14126,1453
HFFG,0.13245964,0.06230461,4,14126,1453
GPFN,0.13225937,0.00041159257,4,14126,1453
GYCC,0.12962723,0.0,4,14126,1453
HPEV,0.12760544,0.00032755014,4,14126,1453
HPDC,0.12740707,0.00043146254,4,14126,1453
LPFN,0.12725449,0.00035305903,4,14126,1453
VQFC,0.124858856,0.017187381,4,14126,1453
QWRF,0.12446213,0.0,4,14126,1453
HPDV,0.12182999,0.00035279355,4,14126,1453
QPCV,0.120853424,0.001283011,4,14126,1453
YTEA,0.11952591,0.00045008678,4,14126,1453
YDCV,0.11778641,0.025717212,4,14126,1453
RMGN,0.115600586,0.00068768894,4,14126,1453
QTAA,0.112888336,0.044775657,4,14126,1453
IHNV,0.106731415,0.00024826222,4,14126,1453
DYAV,0.104208946,0.0,4,14126,1453
HPDK,0.10192871,0.00030667684,4,14126,1453
QHFV,0.10109329,0.026002359,4,14126,1453
SCCL,0.09917259,0.012810328,4,14126,1453
PWGI,0.09578323,0.0029663048,4,14126,1453
QPCN,0.09308243,0.0009302909,4,14126,1453
FISN,0.09283829,0.00046456984,4,14126,1453
MRHA,0.08963394,0.0009831182,4,14126,1453
GIHN,0.08753586,0.0003861856,4,14126,1453
VRHA,0.085796356,0.00012562661,4,14126,1453
YDCM,0.08275223,0.03511548,4,14126,1453
FIYN,0.08195877,0.0,4,14126,1453
APCS,0.08030033,0.0033515394,4,14126,1453
EWFA,0.07844257,0.019933991,4,14126,1453
GILN,0.07704544,0.00046342274,4,14126,1453
PLCC,0.075261116,0.0011359034,4,14126,1453
NKHF,0.065693855,0.0005128038,4,14126,1453
NLRN,0.062711716,0.00045444598,4,14126,1453
QPFW,0.057128906,0.00039933232,4,14126,1453
NTMV,0.05619526,0.00013719752,4,14126,1453
IAGY,0.05256653,0.020576498,4,14126,1453
QHNV,0.049171448,0.0011306398,4,14126,1453
SPYV,0.04276848,0.00026231477,4,14126,1453
WTEF,0.037978172,0.0001601418,4,14126,1453
PYCY,0.03795433,0.0004887661,4,14126,1453
ICKW,0.03635502,0.0,4,14126,1453
ESQM,0.03370762,0.0,4,14126,1453
KRAK,0.03138542,0.00038089536,4,14126,1453
FVQC,0.029734612,0.0013311078,4,14126,1453
DSVE,0.028167725,0.00017282343,4,14126,1453
ALLS,0.02712822,0.0017062381,4,14126,1453
RNFM,0.02599907,6.9359325e-05,4,14126,1453
EAPF,0.02598095,0.0,4,14126,1453
EQQP,0.025177002,0.0006800224,4,14126,1453
VNNK,0.02365303,0.00046001514,4,14126,1453
YQVF,0.018866539,0.00025535538,4,14126,1453
QLWM,0.017513275,0.00023344054,4,14126,1453
SEKN,0.015878677,0.0,4,14126,1453
LDTC,0.015467644,0.0013600449,4,14126,1453
SPVN,0.012460709,0.00020023418,4,14126,1453
TWWQ,0.0119047165,0.0,4,14126,1453
ITMS,0.01133728,0.0027488337,4,14126,1453
QARA,0.0054273605,0.0006195811,4,14126,1453
GFHG,0.0049266815,0.0,4,14126,1453
GNLP,0.0045957565,0.00027647382,4,14126,1453
MINP,-0.00390625,0.00041471072,4,14126,1453
QRHA,-0.004070282,0.00064188166,4,14126,1453
YLFS,-0.0056552887,0.005006471,4,14126,1453
RGDC,-0.005678177,0.00054454413,4,14126,1453
DNMK,-0.007235527,0.0,4,14126,1453
HSSE,-0.0091199875,0.00022694828,4,14126,1453
RYQW,-0.009257317,0.0,4,14126,1453
IANY,-0.009703636,0.0,4,14126,1453
ADAL,-0.01334095,0.015640516,4,14126,1453
TKGQ,-0.013562202,0.0033635518,4,14126,1453
ETSS,-0.016770363,0.00022976626,4,14126,1453
PTKR,-0.020513535,0.0002673593,4,14126,1453
TSNQ,-0.021416664,0.0013033764,4,14126,1453
EQMY,-0.021418571,0.0,4,14126,1453
QECQ,-0.021808624,0.0006818754,4,14126,1453
SISD,-0.02549553,0.0,4,14126,1453
YGPV,-0.025531769,0.011133927,4,14126,1453
GFNI,-0.025846481,0.00025431736,4,14126,1453
DDKT,-0.026498795,0.0,4,14126,1453
HEHP,-0.029427528,0.0,4,14126,1453
YCQM,-0.029589653,0.0,4,14126,1453
QLLW,-0.030817032,0.0005101901,4,14126,1453
TAMM,-0.031347275,0.0,4,14126,1453
FYMT,-0.032021523,0.092936404,4,14126,1453
EHSE,-0.032051086,0.0,4,14126,1453
TELI,-0.039348602,0.0010786563,4,14126,1453
MNKH,-0.040222168,0.00029791455,4,14126,1453
TNDL,-0.04356575,0.00016207791,4,14126,1453
QLKA,-0.045220375,0.00043513032,4,14126,1453
HVSR,-0.046149254,0.00029393655,4,14126,1453
SAKQ,-0.04631424,0.0,4,14126,1453
LPTE,-0.04669571,0.00031597007,4,14126,1453
PSAG,-0.050847054,0.0002621316,4,14126,1453
HLVC,-0.053730965,0.0006971547,4,14126,1453
VGYL,-0.056215286,0.00047395506,4,14126,1453
RLHA,-0.05847454,0.00042001385,4,14126,1453
MPGH,-0.059184074,0.0023460775,4,14126,1453
GHMH,-0.066259384,0.0,4,14126,1453
FKHK,-0.07518959,0.0,4,14126,1453
EVNG,-0.08268833,0.00045554905,4,14126,1453
SWDP,-0.09076309,0.00026812317,4,14126,1453
CYEQ,-0.09139824,0.0021327976,4,14126,1453
NWSG,-0.09730911,0.00060543936,4,14126,1453
EISY,-0.100584984,0.00027083146,4,14126,1453
LGPN,-0.10201073,0.00037574812,4,14126,1453
CTIY,-0.10315323,0.0010786563,4,14126,1453
GYVY,-0.10758972,0.0,4,14126,1453
LAVM,-0.112690926,0.00026031374,4,14126,1453
FMCY,-0.11613655,0.0005213506,4,14126,1453
MAVM,-0.12937641,0.000118041666,4,14126,1453
MGHL,-0.13167763,0.0011524591,4,14126,1453
LEEH,-0.13317013,0.0,4,14126,1453
WGPW,-0.14472294,0.00014491542,4,14126,1453
FYAA,0.8753876,0.9181903,5,17715,1823
WWCA,0.7086831,0.83113,5,17715,1823
IAAA,0.6263081,0.66984814,5,17715,1823
VRAA,0.5896514,0.60893416,5,17715,1823
FYLG,0.5620056,0.47551516,5,17715,1823
ISAA,0.5616258,0.6019034,5,17715,1823
IYAA,0.5577666,0.5051164,5,17715,1823
IHAA,0.5551773,0.53790694,5,17715,1823
FIAA,0.549892,0.52513486,5,17715,1823
IACA,0.5453178,0.5905344,5,17715,1823
FRCA,0.54152316,0.4406263,5,17715,1823
YHAA,0.5335469,0.62090284,5,17715,1823
LVCA,0.526329,0.511442,5,17715,1823
VRCA,0.51030123,0.54755145,5,17715,1823
FHAA,0.50979733,0.6466067,5,17715,1823
WWFG,0.5092872,0.7239811,5,17715,1823
FACA,0.49228293,0.4606481,5,17715,1823
FSCA,0.48745102,0.43869403,5,17715,1823
WIMG,0.4851072,0.28416437,5,17715,1823
AWCA,0.48040673,0.7266824,5,17715,1823
VVAA,0.47959933,0.51389503,5,17715,1823
LAAA,0.47953454,0.500686,5,17715,1823
AVCA,0.47892052,0.4447594,5,17715,1823
WICA,0.47624114,0.45192945,5,17715,1823
IVAA,0.4707434,0.46749896,5,17715,1823
LIAA,0.46846402,0.45257053,5,17715,1823
LQCA,0.457094,0.49401647,5,17715,1823
LDCA,0.45639598,0.47518802,5,17715,1823
FVCA,0.4531227,0.40437844,5,17715,1823
LWGF,0.45031753,0.3225677,5,17715,1823
IQAA,0.44487268,0.3982291,5,17715,1823
MAAA,0.44471082,0.3945761,5,17715,1823
AYCA,0.44133115,0.7413605,5,17715,1823
WQCA,0.43524593,0.38756627,5,17715,1823
MRAA,0.43299627,0.45587415,5,17715,1823
WWAA,0.4322799,0.47498468,5,17715,1823
FYFG,0.42537907,0.30175138,5,17715,1823
WTCA,0.4221746,0.28836584,5,17715,1823
WYMG,0.4207324,0.34121627,5,17715,1823
VVCA,0.42030933,0.38084987,5,17715,1823
WWCG,0.4083446,0.5226267,5,17715,1823
YWFG,0.40570942,0.57213396,5,17715,1823
FNAA,0.40508285,0.44763997,5,17715,1823
MNAA,0.40467343,0.38780248,5,17715,1823
IDAA,0.4035999,0.44867042,5,17715,1823
LLCA,0.38874456,0.36188638,5,17715,1823
FNCA,0.3865644,0.42773414,5,17715,1823
VDAA,0.3865623,0.4745491,5,17715,1823
LDAA,0.3782411,0.35266107,5,17715,1823
FYMA,0.37792698,0.2466936,5,17715,1823
ICAA,0.37568274,0.43350628,5,17715,1823
CWFG,0.374124,0.45677555,5,17715,1823
VMAA,0.37280247,0.3308186,5,17715,1823
FCLG,0.3720468,0.34880835,5,17715,1823
FRLG,0.37185505,0.5054508,5,17715,1823
YWLA,0.36898878,0.38177755,5,17715,1823
MIAA,0.36833528,0.37812793,5,17715,1823
LRLG,0.36712176,0.5753481,5,17715,1823
MVAA,0.3662192,0.37789544,5,17715,1823
VWFG,0.36588398,0.55217224,5,17715,1823
FKAA,0.36554205,0.41305658,5,17715,1823
WWLM,0.3608524,0.0122118965,5,17715,1823
WWCR,0.35693446,0.00235679,5,17715,1823
YWCG,0.35606214,0.49675477,5,17715,1823
WICG,0.35478514,0.29087386,5,17715,1823
FHAG,0.3525141,0.42284274,5,17715,1823
YWAG,0.35235086,0.29288474,5,17715,1823
HWCA,0.35069308,0.316604,5,17715,1823
YWGS,0.34764016,0.2505724,5,17715,1823
WWCE,0.34556517,0.0017757792,5,17715,1823
YCAA,0.3442423,0.38319266,5,17715,1823
FHLG,0.3431889,0.45448607,5,17715,1823
LCAA,0.3382832,0.3283145,5,17715,1823
YTAA,0.33808628,0.3203562,5,17715,1823
WFCG,0.33755985,0.3566455,5,17715,1823
WKCG,0.3260596,0.29008862,5,17715,1823
VSCG,0.3250655,0.32305053,5,17715,1823
IFCG,0.32348078,0.3029272,5,17715,1823
WSCG,0.31992978,0.30231908,5,17715,1823
FHMG,0.31990328,0.17853077,5,17715,1823
HKCA,0.3196071,0.40340886,5,17715,1823
FLAG,0.31730786,0.1892523,5,17715,1823
WWGV,0.316026,0.042294905,5,17715,1823
VSFG,0.31256345,0.43176597,5,17715,1823
HYCA,0.31210986,0.2828604,5,17715,1823
FFMA,0.30878553,0.15140413,5,17715,1823
TVCA,0.30564296,0.24926044,5,17715,1823
FWCE,0.3054993,0.0020854021,5,17715,1823
YYMA,0.30230275,0.18015558,5,17715,1823
IEAA,0.30164543,0.24906196,5,17715,1823
LFCG,0.3012533,0.31386286,5,17715,1823
HVCA,0.29958582,0.44849092,5,17715,1823
FFLA,0.29855338,0.11337556,5,17715,1823
FFAS,0.29510352,0.41453895,5,17715,1823
MDAA,0.292739,0.2762773,5,17715,1823
YWFA,0.28971866,0.23702638,5,17715,1823
MFAA,0.282643,0.2956562,5,17715,1823
YSGA,0.2733197,0.35023883,5,17715,1823
IICG,0.27326852,0.26791385,5,17715,1823
FVLA,0.27123198,0.31443,5,17715,1823
LWGN,0.2709935,0.20290016,5,17715,1823
FFAC,0.26819083,0.26221368,5,17715,1823
FEFG,0.2596504,0.15948199,5,17715,1823
FLLA,0.25708553,0.097025156,5,17715,1823
MSAC,0.25369546,0.18117568,5,17715,1823
WSCV,0.25144616,0.09668118,5,17715,1823
LQMA,0.249378,0.26419067,5,17715,1823
AVCS,0.24771029,0.03584285,5,17715,1823
LTCG,0.24708194,0.15369774,5,17715,1823
YVCG,0.24348477,0.33125728,5,17715,1823
AICG,0.24301122,0.27823657,5,17715,1823
LWGS,0.2426137,0.15932862,5,17715,1823
IVMA,0.23959795,0.10053326,5,17715,1823
FCMA,0.2380937,0.19474965,5,17715,1823
WRCV,0.2368832,0.23287353,5,17715,1823
WWGI,0.23541465,0.004395909,5,17715,1823
YSFA,0.23295966,0.2344926,5,17715,1823
WRCK,0.23270537,0.009123635,5,17715,1823
MFCG,0.23230487,0.23431988,5,17715,1823
WRCQ,0.22963041,0.0011982849,5,17715,1823
VYCS,0.2285732,0.045332406,5,17715,1823
LRGT,0.22845092,0.18552294,5,17715,1823
WSCQ,0.22809987,0.00076652615,5,17715,1823
YSAS,0.22687158,0.047935683,5,17715,1823
AIFG,0.22566572,0.39492303,5,17715,1823
FLGA,0.22377029,0.17659925,5,17715,1823
WSCK,0.22254537,0.0054676714,5,17715,1823
ITFG,0.21616909,0.12893203,5,17715,1823
IYMA,0.21544454,0.033270396,5,17715,1823
YACS,0.21440539,0.011074205,5,17715,1823
YVGS,0.21082976,0.3281323,5,17715,1823
KYCA,0.21013844,0.1423287,5,17715,1823
YVCS,0.20864183,0.06818314,5,17715,1823
WSCL,0.20843172,0.017225282,5,17715,1823
FYSA,0.20835873,0.15079328,5,17715,1823
FFAV,0.20598987,0.046820644,5,17715,1823
YEAA,0.20506671,0.133137,5,17715,1823
IIAV,0.2032868,0.046423662,5,17715,1823
FYTA,0.20276293,0.0011730387,5,17715,1823
WILV,0.20189506,0.4168464,5,17715,1823
WDAA,0.20161632,0.16772054,5,17715,1823
FNFA,0.20010105,0.088629596,5,17715,1823
YSGS,0.19935238,0.2781142,5,17715,1823
LNFA,0.1993407,0.13237877,5,17715,1823
IHMA,0.1909039,0.15449278,5,17715,1823
FYYG,0.19010678,0.064252935,5,17715,1823
YSAT,0.18603489,0.09451086,5,17715,1823
ISCQ,0.18519196,0.0007681983,5,17715,1823
VIFA,0.18497515,0.13932517,5,17715,1823
WYLE,0.18363869,0.00067742367,5,17715,1823
YRAS,0.18307033,0.08750801,5,17715,1823
WNCM,0.18301366,0.11789674,5,17715,1823
WACK,0.18206957,0.004627248,5,17715,1823
WFLM,0.18095753,0.005959676,5,17715,1823
FIMR,0.17896812,0.00032415582,5,17715,1823
WIMM,0.17859016,0.06120969,5,17715,1823
FYVG,0.17848018,0.15739596,5,17715,1823
WFLE,0.1774211,0.0005916643,5,17715,1823
WGCG,0.17613508,0.08290724,5,17715,1823
WKCK,0.17587556,0.0049807597,5,17715,1823
WNCT,0.1750505,0.09577965,5,17715,1823
MSAT,0.17262265,0.016282136,5,17715,1823
YFCS,0.17254135,0.036098577,5,17715,1823
WIGT,0.17148426,0.25048393,5,17715,1823
GWCA,0.17036131,0.011250196,5,17715,1823
LCGM,0.17005962,0.18929724,5,17715,1823
LFGS,0.16991857,0.14476603,5,17715,1823
GVCA,0.168877,0.0124544855,5,17715,1823
YWAK,0.16866368,0.0,5,17715,1823
WYLV,0.16828376,0.2699685,5,17715,1823
YCGS,0.16296121,0.25940123,5,17715,1823
IFGD,0.16286096,0.06624219,5,17715,1823
HVAA,0.16277888,0.25875935,5,17715,1823
WVCT,0.16261207,0.123810165,5,17715,1823
FWLE,0.16158667,0.00050453277,5,17715,1823
WSVG,0.16152328,0.03334707,5,17715,1823
HRAA,0.1614244,0.26318976,5,17715,1823
CIAA,0.16075113,0.34915817,5,17715,1823
AYFG,0.15966718,0.30029792,5,17715,1823
YSAC,0.15865642,0.04204045,5,17715,1823
WVGT,0.15733054,0.22176674,5,17715,1823
IIAR,0.15514067,0.0009768055,5,17715,1823
LFGD,0.15498081,0.019662363,5,17715,1823
FVYG,0.15285215,0.10680933,5,17715,1823
AAFG,0.15073904,0.2382171,5,17715,1823
LSAR,0.1505278,0.0003321879,5,17715,1823
WVLE,0.1502791,0.0006991816,5,17715,1823
IAGG,0.14994398,0.07431942,5,17715,1823
YNAS,0.14933087,0.08424132,5,17715,1823
IASG,0.14805344,0.008692979,5,17715,1823
FIWG,0.14693695,0.012759369,5,17715,1823
WNCQ,0.14666295,0.000968453,5,17715,1823
WQCS,0.14380197,0.054556362,5,17715,1823
ALCG,0.14304717,0.15385161,5,17715,1823
HFAA,0.14148767,0.08235658,5,17715,1823
FYPA,0.14060149,0.0033277695,5,17715,1823
FYPA,0.14060098,0.0033277695,5,17715,1823
IIAT,0.13943157,0.090758726,5,17715,1823
ASFG,0.1392529,0.34409136,5,17715,1823
ATFG,0.13686992,0.33461225,5,17715,1823
WIMI,0.13568452,0.12901428,5,17715,1823
YKAS,0.1349097,0.04999057,5,17715,1823
YSAR,0.13301554,0.00025131268,5,17715,1823
FVWG,0.13179037,0.01930928,5,17715,1823
LRAR,0.12939337,0.00041455368,5,17715,1823
MSAR,0.12895903,0.00028632526,5,17715,1823
YSAL,0.1288157,0.00823829,5,17715,1823
WYLY,0.1244968,0.00066697295,5,17715,1823
WKCI,0.12182328,0.09964153,5,17715,1823
HQCV,0.1217919,0.0063087796,5,17715,1823
WYVG,0.121047586,0.13604406,5,17715,1823
MSAK,0.120327264,0.0005507224,5,17715,1823
IICR,0.119354874,0.0010503121,5,17715,1823
WWHF,0.11807582,0.0,5,17715,1823
ALFG,0.116761625,0.24288802,5,17715,1823
IICV,0.114417285,0.041290965,5,17715,1823
HHGF,0.1142098,0.11595806,5,17715,1823
WRLE,0.110729486,0.00071293296,5,17715,1823
HEAA,0.1078489,0.04360944,5,17715,1823
YILT,0.107722595,0.38603073,5,17715,1823
TILG,0.10329294,0.10823791,5,17715,1823
WIMD,0.09992783,0.010427011,5,17715,1823
KYCT,0.098096654,0.004692155,5,17715,1823
LRLR,0.09781042,0.00069814426,5,17715,1823
VIWA,0.09686524,0.0010639806,5,17715,1823
WIMN,0.0963677,0.0025004414,5,17715,1823
MSAY,0.094986945,0.0006565155,5,17715,1823
WALK,0.09218712,0.00064999546,5,17715,1823
WWKF,0.08839774,0.00090407615,5,17715,1823
NWGF,0.08643447,0.109483615,5,17715,1823
WYMH,0.082309976,0.00086891756,5,17715,1823
RHGF,0.081323296,0.12495226,5,17715,1823
EFCS,0.08042945,0.0013033764,5,17715,1823
VVCK,0.0783709,0.0010009931,5,17715,1823
INSG,0.078226596,0.018374246,5,17715,1823
FPGA,0.07646999,0.18568632,5,17715,1823
YIFT,0.07584044,0.2630323,5,17715,1823
YKAR,0.07576421,0.00028276636,5,17715,1823
WKLR,0.07136689,0.0008274269,5,17715,1823
IIFR,0.07126483,0.000394044,5,17715,1823
MWRF,0.0680494,0.00021135827,5,17715,1823
YILW,0.06764324,0.00093843095,5,17715,1823
AVYK,0.066884294,0.0,5,17715,1823
MWYA,0.06377572,0.07489047,5,17715,1823
WWDF,0.06352538,0.0006530487,5,17715,1823
HGGC,0.06324799,0.018789614,5,17715,1823
MWNF,0.062606126,0.00029603505,5,17715,1823
INST,0.06062195,0.0031575211,5,17715,1823
FYNA,0.057104874,0.000568746,5,17715,1823
AVMQ,0.053206805,0.0,5,17715,1823
YYRV,0.051206786,0.00021279609,5,17715,1823
YCLP,0.04695787,0.0046417015,5,17715,1823
WELV,0.04670048,0.133865,5,17715,1823
MRTG,0.044290114,0.0007769146,5,17715,1823
LNES,0.041671377,0.0006093708,5,17715,1823
NVGI,0.039337046,0.006364359,5,17715,1823
WIVL,0.03886326,0.00070342846,5,17715,1823
HWWF,0.03697123,0.00036801217,5,17715,1823
HCFR,0.03525488,0.001074298,5,17715,1823
WWNN,0.034612972,0.00060543936,5,17715,1823
TCWA,0.033677135,0.0019550645,5,17715,1823
HARC,0.033064745,0.0005614544,5,17715,1823
LDNE,0.031998817,0.00020579628,5,17715,1823
WELR,0.03129142,0.00045462357,5,17715,1823
WSHV,0.029965807,0.00027553245,5,17715,1823
QGCP,0.026058486,0.0010016427,5,17715,1823
VSHG,0.025853839,0.00055528467,5,17715,1823
WSVL,0.02580044,0.00043371273,5,17715,1823
LIQT,0.019894037,0.0038328539,5,17715,1823
RHFC,0.018989524,0.0032584409,5,17715,1823
CIPG,0.01893262,0.001318021,5,17715,1823
SCWF,0.018189773,0.0015384114,5,17715,1823
GCCP,0.017203208,0.0,5,17715,1823
GAIA,0.015106257,9.867831e-05,5,17715,1823
MGKN,0.01353484,0.0,5,17715,1823
DPCQ,0.010650122,0.0,5,17715,1823
MIPG,0.010384038,0.0008286367,5,17715,1823
YAHS,0.009769816,0.00051467883,5,17715,1823
EHSW,0.008970631,0.0018400607,5,17715,1823
PPFF,0.007992247,0.0009699545,5,17715,1823
QTSD,0.007875077,0.0,5,17715,1823
PEKK,0.007864466,0.0020854021,5,17715,1823
SCYC,0.007503327,0.0009983308,5,17715,1823
DTIP,0.0073497556,0.00043647958,5,17715,1823
WSDL,0.0062437914,0.00028352943,5,17715,1823
YFNV,0.0061282404,0.00033189426,5,17715,1823
QILQ,0.0056413803,0.00012943876,5,17715,1823
NGVW,0.0055587273,0.00025570323,5,17715,1823
PPII,0.0048365183,0.0,5,17715,1823
DEQS,0.004817782,0.0,5,17715,1823
SRKG,0.0045777075,0.00054307346,5,17715,1823
GVFE,0.0045075975,0.00019735662,5,17715,1823
EQGP,0.004288109,0.0007567991,5,17715,1823
THTN,0.0037872307,0.0,5,17715,1823
GCSK,0.0034666434,0.00037687994,5,17715,1823
IRSD,0.0034660958,0.0,5,17715,1823
QDPV,0.0034332369,0.00029872748,5,17715,1823
CAHG,0.0033610873,0.0013733136,5,17715,1823
GGQY,0.003197778,0.00024438306,5,17715,1823
NKRE,0.0031927247,0.00011053364,5,17715,1823
DSYH,0.0030479915,0.0,5,17715,1823
GVQC,0.0027678367,0.00046342274,5,17715,1823
WKSR,0.0024906956,0.00027666532,5,17715,1823
ICDW,0.0019506048,0.0,5,17715,1823
PVDT,0.0018852763,0.00030271962,5,17715,1823
QCFY,0.0018100105,0.0013502603,5,17715,1823
NPRF,0.0017186962,0.00023431488,5,17715,1823
WQMI,0.0017073639,0.07651678,5,17715,1823
PPAR,0.0016611777,0.00021925959,5,17715,1823
KDYC,0.0010814369,0.00096461334,5,17715,1823
RLNE,0.0009006467,0.0003442205,5,17715,1823
TSSK,0.00045248494,0.0,5,17715,1823
RRMK,0.00026558712,0.00016550807,5,17715,1823
PLSW,0.0002316609,0.00018482143,5,17715,1823
GGQT,0.0001355838,0.00038264255,5,17715,1823
SEFK,-7.9061836e-05,0.00032248482,5,17715,1823
HQRV,-0.0005669221,0.0009809383,5,17715,1823
HMSW,-0.00085333735,0.0,5,17715,1823
YQRP,-0.0009297244,0.00034895173,5,17715,1823
DMMF,-0.001409635,0.0,5,17715,1823
TMMC,-0.0015969016,0.0005393282,5,17715,1823
MPNL,-0.0024421476,0.0,5,17715,1823
EAYC,-0.002542004,0.0,5,17715,1823
QQIN,-0.002629321,0.0,5,17715,1823
ENLM,-0.003270585,0.0028301887,5,17715,1823
KYQL,-0.0038118549,0.0,5,17715,1823
RPHE,-0.004076341,0.00024343214,5,17715,1823
MQKS,-0.0046856515,0.0,5,17715,1823
FRVV,-0.0050385706,0.0028533374,5,17715,1823
PMIG,-0.0053909756,0.00027682327,5,17715,1823
LENV,-0.0058225878,9.0407564e-05,5,17715,1823
GIKA,-0.0058317427,0.00014218647,5,17715,1823
EEML,-0.0061072856,0.0003934721,5,17715,1823
RQYQ,-0.0063522123,0.00015959707,5,17715,1823
KLAE,-0.0075059943,0.00015409374,5,17715,1823
HVSI,-0.0075359717,0.00065716455,5,17715,1823
SKFL,-0.007974677,0.00030617652,5,17715,1823
SLIG,-0.008077405,0.00036701572,5,17715,1823
MVDL,-0.008376766,0.0006225082,5,17715,1823
TCII,-0.009469036,0.010427011,5,17715,1823
QPVI,-0.010214426,7.9292826e-05,5,17715,1823
WVYI,-0.010546785,0.0025391593,5,17715,1823
KFAY,-0.011201996,0.0004437026,5,17715,1823
WKDQ,-0.0126188435,0.00028372824,5,17715,1823
NKIL,-0.013119813,0.00038147604,5,17715,1823
MWRP,-0.017165378,0.00036144047,5,17715,1823
HLSQ,-0.018089946,0.00032083108,5,17715,1823
WTWE,-0.0192074,0.00024039218,5,17715,1823
VLPV,-0.021917451,0.00024826222,5,17715,1823
GWAT,-0.024762783,0.0,5,17715,1823
LESG,-0.024806637,0.0014163469,5,17715,1823
MQQI,-0.026243474,0.0,5,17715,1823
AKTP,-0.026330676,0.00042850728,5,17715,1823
WLIR,-0.02787852,0.0003890676,5,17715,1823
YEYV,-0.027938988,0.0007537599,5,17715,1823
IQQH,-0.03062534,0.0,5,17715,1823
YDIH,-0.030783031,0.00019309274,5,17715,1823
IQNH,-0.030994933,0.0011171798,5,17715,1823
CEAH,-0.03267231,0.000288748,5,17715,1823
YDYL,-0.037959594,0.0002571044,5,17715,1823
YLQT,-0.037995454,0.00025255737,5,17715,1823
LGYF,-0.04262605,0.00013254675,5,17715,1823
YWMN,-0.044640925,0.00038147604,5,17715,1823
MMPY,-0.047082927,0.0007207611,5,17715,1823
YGNE,-0.052760642,0.0,5,17715,1823
MQIY,-0.056544688,0.0003495088,5,17715,1823
VQWT,-0.069574624,0.00023878648,5,17715,1823
FCNI,-0.07826361,0.0,5,17715,1823
ITVF,-0.08436613,0.00029352182,5,17715,1823
WYSK,-0.12882945,0.00022343594,5,17715,1823
