{"run_id": "15:00:41-05/19/2022", "exp_name": "BO_EVO_proposal-function=UCB", "encoder_name": "onehot", "model_name": "GPyTorch", "landscape_name": "PhoQ_combo", "rounds": 5, "expmt_queries_per_round": 384, "model_queries_per_round": 3072}
sequence,model_score,true_score,round,model_cost,measurement_cost
TQGY,,0.034246415,0,0,1
TFGY,-0.04683505,0.00016952449,1,3187,357
PQGY,-0.046835054,2.8793653e-05,1,3187,357
TQRY,-0.046835054,0.00014613276,1,3187,357
TQWY,-0.046835054,0.013491223,1,3187,357
WQGY,-0.046835054,0.0,1,3187,357
TDGY,-0.046835054,0.085912496,1,3187,357
TKGY,-0.046835054,0.04760521,1,3187,357
GQGY,-0.046835054,0.0,1,3187,357
TGGY,-0.046835054,0.052921493,1,3187,357
SQGY,-0.046835054,0.004898129,1,3187,357
TVGY,-0.046835054,0.07808583,1,3187,357
TTGY,-0.046835054,0.15309668,1,3187,357
TQFY,-0.046835054,0.019288402,1,3187,357
TQTY,-0.046835054,0.13113683,1,3187,357
NQGY,-0.046835054,0.0,1,3187,357
TSGY,-0.046835054,0.110688,1,3187,357
TMGY,-0.046835054,0.0014032039,1,3187,357
TIGY,-0.046835054,0.039925158,1,3187,357
TQHY,-0.046835054,0.008024034,1,3187,357
TQCY,-0.046835054,0.11824085,1,3187,357
TQMY,-0.046835054,0.09382293,1,3187,357
TQLY,-0.046835054,0.073158905,1,3187,357
TQGV,-0.046835054,0.05520376,1,3187,357
TQVY,-0.046835054,0.056871843,1,3187,357
EQGY,-0.046835054,0.0,1,3187,357
TNGY,-0.046835054,0.03716112,1,3187,357
TQYY,-0.046835054,0.037040625,1,3187,357
TLGY,-0.046835054,0.02432272,1,3187,357
TQGW,-0.046835054,0.00011597304,1,3187,357
TQGP,-0.046835054,0.00013180455,1,3187,357
TQGG,-0.046835054,0.010611533,1,3187,357
TQGS,-0.046835054,0.07870696,1,3187,357
TEGY,-0.046835054,0.010164133,1,3187,357
TQNY,-0.046835054,0.04625876,1,3187,357
TCGY,-0.046835057,0.15214433,1,3187,357
VQGY,-0.046835057,0.0,1,3187,357
TQPY,-0.046835057,0.0,1,3187,357
TQGR,-0.046835057,0.0002197512,1,3187,357
TQGN,-0.046835057,0.03548483,1,3187,357
TQGA,-0.046835057,0.019269539,1,3187,357
QQGY,-0.046835057,0.0,1,3187,357
TQSY,-0.046835057,0.091802604,1,3187,357
TQGI,-0.046835057,0.06446693,1,3187,357
TQGD,-0.046835057,0.021826958,1,3187,357
TQGT,-0.046835057,0.0021392833,1,3187,357
TAGY,-0.046835057,0.25504452,1,3187,357
THGY,-0.046835057,0.10358871,1,3187,357
RQGY,-0.046835057,0.0,1,3187,357
LQGY,-0.046835057,0.0,1,3187,357
HQGY,-0.046835057,0.0,1,3187,357
TQGQ,-0.046835057,0.2093815,1,3187,357
TYGY,-0.046835057,0.0014783194,1,3187,357
TRGY,-0.046835057,0.00903494,1,3187,357
TQKY,-0.046835057,0.0,1,3187,357
KQGY,-0.046835057,0.0,1,3187,357
IQGY,-0.046835057,0.0,1,3187,357
DYGY,-0.05155588,0.0,1,3187,357
NQYY,-0.05155588,0.0,1,3187,357
RYGY,-0.05155588,0.0,1,3187,357
VWGY,-0.05155588,0.0,1,3187,357
HQYY,-0.05155588,0.0,1,3187,357
RWGY,-0.05155588,0.0,1,3187,357
HQNY,-0.05155588,0.0,1,3187,357
ASGY,-0.05155588,0.023781184,1,3187,357
NKGY,-0.05155588,0.024939654,1,3187,357
NQMY,-0.05155588,0.0,1,3187,357
ADGY,-0.05155588,0.00016273154,1,3187,357
AAGY,-0.05155588,0.0012196631,1,3187,357
DVGY,-0.05155588,0.0,1,3187,357
HEGY,-0.05155588,9.491425e-05,1,3187,357
FMGY,-0.05155588,0.00018181918,1,3187,357
TQKG,-0.05155588,0.0001355597,1,3187,357
TQIE,-0.05155588,0.00043781818,1,3187,357
TWGG,-0.05155588,0.0,1,3187,357
NQNY,-0.05155588,0.0,1,3187,357
IMGY,-0.05155588,0.0,1,3187,357
NQAY,-0.05155588,0.0001498193,1,3187,357
PGGY,-0.05155588,2.1620186e-05,1,3187,357
TNGR,-0.05155588,0.00016606251,1,3187,357
FQFY,-0.05155588,5.224775e-05,1,3187,357
IEGY,-0.05155588,0.0,1,3187,357
FQQY,-0.05155588,7.9045305e-05,1,3187,357
FQPY,-0.05155588,0.0,1,3187,357
SQKY,-0.05155588,0.000118605385,1,3187,357
VQYY,-0.05155588,0.0,1,3187,357
IYGY,-0.05155588,0.0,1,3187,357
FFGY,-0.05155588,0.0018295695,1,3187,357
TVVY,-0.05155588,0.00043801466,1,3187,357
TSNY,-0.05155588,0.059972495,1,3187,357
QQNY,-0.05155588,0.018389262,1,3187,357
THIY,-0.05155588,7.4928364e-05,1,3187,357
TDPY,-0.05155588,0.0,1,3187,357
TRPY,-0.05155588,0.001263662,1,3187,357
TVPY,-0.05155588,2.3514698e-05,1,3187,357
TVDY,-0.05155588,0.00071153877,1,3187,357
THQY,-0.05155588,0.112299055,1,3187,357
AKGY,-0.05155588,0.00016737245,1,3187,357
AYGY,-0.05155588,7.908273e-05,1,3187,357
KMGY,-0.05155588,0.0,1,3187,357
TWGR,-0.05155588,0.0,1,3187,357
EQCY,-0.05155588,0.0,1,3187,357
TIGR,-0.05155588,0.044689298,1,3187,357
TRYY,-0.05155588,8.0791884e-05,1,3187,357
TVFY,-0.05155588,0.00014298892,1,3187,357
THSY,-0.05155588,0.051997863,1,3187,357
TWAY,-0.05155588,0.005766864,1,3187,357
TYAY,-0.05155588,0.0007077961,1,3187,357
LQAY,-0.05155588,0.0,1,3187,357
VQGL,-0.05155588,0.0,1,3187,357
MQGV,-0.05155588,0.00034556122,1,3187,357
TYGE,-0.05155588,0.0,1,3187,357
TYGV,-0.05155588,0.0003365414,1,3187,357
TFGV,-0.05155588,8.918795e-05,1,3187,357
RMGY,-0.05155588,0.0,1,3187,357
RRGY,-0.05155588,0.0,1,3187,357
RAGY,-0.05155588,0.0,1,3187,357
PQGN,-0.05155588,0.0,1,3187,357
LQGI,-0.05155588,0.0,1,3187,357
WEGY,-0.05155588,0.0,1,3187,357
LCGY,-0.05155588,2.5026022e-05,1,3187,357
LRGY,-0.05155588,2.3788445e-05,1,3187,357
IPGY,-0.05155588,0.0,1,3187,357
IFGY,-0.05155588,3.6528512e-05,1,3187,357
DNGY,-0.05155588,0.0,1,3187,357
TMGQ,-0.05155588,0.03773766,1,3187,357
TIGQ,-0.05155588,0.026826575,1,3187,357
TQKR,-0.05155588,0.0,1,3187,357
TQVR,-0.05155588,0.00013353866,1,3187,357
TIGS,-0.05155588,0.11198615,1,3187,357
NQFY,-0.05155588,0.0068412367,1,3187,357
TIGI,-0.05155588,0.070220694,1,3187,357
SQFY,-0.05155588,0.0005131208,1,3187,357
TMGD,-0.05155588,0.026609786,1,3187,357
TFGD,-0.05155588,3.9578794e-05,1,3187,357
TVGD,-0.05155588,0.0015041314,1,3187,357
TVGS,-0.05155588,0.06275338,1,3187,357
TTGW,-0.05155588,0.00020074642,1,3187,357
TNGA,-0.05155588,0.03268287,1,3187,357
TTGA,-0.05155588,0.0941165,1,3187,357
TIGH,-0.05155588,0.060259584,1,3187,357
TEGI,-0.05155588,0.001240173,1,3187,357
TRGG,-0.05155588,3.958503e-05,1,3187,357
TRGN,-0.05155588,0.0002569596,1,3187,357
PQMY,-0.05155588,0.0,1,3187,357
PQTY,-0.05155588,0.0,1,3187,357
LQCY,-0.05155588,0.0,1,3187,357
YQGN,-0.05155588,0.00012377028,1,3187,357
WQCY,-0.05155588,0.0,1,3187,357
TSGS,-0.05155588,0.066522434,1,3187,357
TVGV,-0.05155588,0.04333937,1,3187,357
TAGV,-0.05155588,0.039226554,1,3187,357
THDY,-0.05155588,0.0030184677,1,3187,357
KQYY,-0.05155588,0.0,1,3187,357
YQCY,-0.05155588,0.0017919182,1,3187,357
KQCY,-0.05155588,0.00021894652,1,3187,357
AQMY,-0.05155588,0.0017513476,1,3187,357
SQMY,-0.05155588,0.0798672,1,3187,357
TQNC,-0.05155588,0.034202363,1,3187,357
TDNY,-0.05155588,0.007984512,1,3187,357
TPVY,-0.05155588,3.1342235e-05,1,3187,357
NQGF,-0.05155588,0.0,1,3187,357
TWVY,-0.05155588,0.0,1,3187,357
TQLG,-0.05155588,0.12511069,1,3187,357
TQYP,-0.05155588,0.0,1,3187,357
TQSW,-0.05155588,0.00036783016,1,3187,357
TQRW,-0.05155588,0.0,1,3187,357
TQRF,-0.05155588,9.567776e-05,1,3187,357
GQGF,-0.05155588,2.8519187e-05,1,3187,357
TCFY,-0.05155588,0.0003713857,1,3187,357
GQGP,-0.05155588,0.0,1,3187,357
TTGF,-0.05155588,0.12764761,1,3187,357
TIPY,-0.05155588,0.0001334451,1,3187,357
WNGY,-0.05155588,0.0,1,3187,357
TDYY,-0.05155588,0.00043287786,1,3187,357
TPTY,-0.05155588,0.0,1,3187,357
TLTY,-0.05155588,0.00047627246,1,3187,357
TRRY,-0.05155588,0.0024013505,1,3187,357
SLGY,-0.05155588,0.013773553,1,3187,357
HQRY,-0.05155588,0.0,1,3187,357
TQLV,-0.05155588,0.1966928,1,3187,357
TQWI,-0.05155588,0.014260754,1,3187,357
TNVY,-0.05155588,0.0001993349,1,3187,357
TQCI,-0.05155588,0.11989088,1,3187,357
TLPY,-0.05155588,8.9892255e-06,1,3187,357
TDDY,-0.05155588,0.00017856304,1,3187,357
TMGL,-0.05155588,0.058020514,1,3187,357
TWNY,-0.05155588,0.0005691861,1,3187,357
TKGL,-0.05155588,0.0067262314,1,3187,357
TLGL,-0.05155588,0.049368743,1,3187,357
TLGN,-0.05155588,0.054755334,1,3187,357
TEGN,-0.05155588,0.021683041,1,3187,357
TCGN,-0.05155588,0.014001761,1,3187,357
FWGY,-0.051555883,0.0,1,3187,357
WGGY,-0.051555883,5.479277e-05,1,3187,357
TNGW,-0.051555883,0.0001459893,1,3187,357
GVGY,-0.051555883,0.0,1,3187,357
GNGY,-0.051555883,0.0005251722,1,3187,357
SVGY,-0.051555883,0.036052797,1,3187,357
NSGY,-0.051555883,3.1687985e-05,1,3187,357
GIGY,-0.051555883,0.02754654,1,3187,357
LQGG,-0.051555883,0.0,1,3187,357
WCGY,-0.051555883,0.0,1,3187,357
LQGM,-0.051555883,0.0,1,3187,357
WRGY,-0.051555883,0.0,1,3187,357
THGV,-0.051555883,0.01168729,1,3187,357
GQYY,-0.051555883,0.0,1,3187,357
AMGY,-0.051555883,0.002125353,1,3187,357
TQMQ,-0.051555883,0.1810032,1,3187,357
YQYY,-0.051555883,0.0,1,3187,357
TMGG,-0.051555883,0.11759965,1,3187,357
TMGS,-0.051555883,0.05588938,1,3187,357
DAGY,-0.051555883,0.0,1,3187,357
YMGY,-0.051555883,0.0006068374,1,3187,357
NVGY,-0.051555883,0.0,1,3187,357
MRGY,-0.051555883,0.0,1,3187,357
TIAY,-0.051555883,0.0016650414,1,3187,357
TDMY,-0.051555883,0.05158309,1,3187,357
TQLA,-0.051555883,0.0341881,1,3187,357
QQYY,-0.051555883,0.048191663,1,3187,357
TKAY,-0.051555883,0.060333014,1,3187,357
TAMY,-0.051555883,0.13053529,1,3187,357
TLGV,-0.051555883,0.04418007,1,3187,357
TYGS,-0.051555883,0.003302911,1,3187,357
TGFY,-0.051555883,0.039029106,1,3187,357
TMYY,-0.051555883,0.00028459306,1,3187,357
TRVY,-0.051555883,0.012239385,1,3187,357
TVMY,-0.051555883,0.0005564984,1,3187,357
TLGF,-0.051555883,0.09606395,1,3187,357
TNPY,-0.051555883,0.0,1,3187,357
TMWY,-0.051555883,8.8963396e-05,1,3187,357
MQNY,-0.051555883,0.0,1,3187,357
LVGY,-0.051555883,0.0,1,3187,357
TTGP,-0.051555883,0.0001416453,1,3187,357
THVY,-0.051555883,0.007043921,1,3187,357
TCIY,-0.051555883,0.00037445468,1,3187,357
TDIY,-0.051555883,0.001577126,1,3187,357
LLGY,-0.051555883,1.2776559e-05,1,3187,357
TCTY,-0.051555883,0.11029141,1,3187,357
FYGY,-0.051555883,0.0,1,3187,357
TRLY,-0.051555883,0.03599822,1,3187,357
FQSY,-0.051555883,3.6827925e-05,1,3187,357
TNLY,-0.051555883,0.0012501035,1,3187,357
SQPY,-0.051555883,0.00010329785,1,3187,357
NYAY,-0.052144848,0.0,1,3187,357
ITGS,-0.052144848,5.3186825e-05,1,3187,357
NQWN,-0.052144848,0.0,1,3187,357
TYPG,-0.052144848,7.232987e-05,1,3187,357
TYKM,-0.052144848,0.0,1,3187,357
TEAM,-0.052144848,0.12305166,1,3187,357
THMV,-0.052144848,0.061289173,1,3187,357
THYV,-0.052144848,0.00032458975,1,3187,357
MTGW,-0.052144848,0.0,1,3187,357
TSTN,-0.052144848,0.03529922,1,3187,357
NQST,-0.052144848,4.9553022e-05,1,3187,357
TIYS,-0.052144848,0.042496633,1,3187,357
TRYP,-0.052144848,0.0,1,3187,357
THPA,-0.052144848,3.3927354e-05,1,3187,357
TEWC,-0.052144848,0.24834763,1,3187,357
MSGR,-0.052144848,1.9829944e-05,1,3187,357
TDAA,-0.052144848,0.041254714,1,3187,357
THDV,-0.052144848,0.0,1,3187,357
YQPN,-0.052144848,0.0,1,3187,357
AQPA,-0.052144848,0.0,1,3187,357
AVGL,-0.052144848,0.02877353,1,3187,357
YHGG,-0.052144848,3.9578794e-05,1,3187,357
YQYF,-0.052144848,0.0,1,3187,357
MQYS,-0.052144848,0.050499197,1,3187,357
MQVS,-0.052144848,0.00015827775,1,3187,357
DQWL,-0.052144848,0.0,1,3187,357
AQWL,-0.052144848,0.00022176601,1,3187,357
GQWL,-0.052144848,0.00010168849,1,3187,357
WQWL,-0.052144848,0.0,1,3187,357
WQWS,-0.052144848,0.0,1,3187,357
WQWF,-0.052144848,0.0,1,3187,357
WSGH,-0.052144848,0.0,1,3187,357
NMGS,-0.052144848,2.5929256e-05,1,3187,357
WQRG,-0.052144848,0.0,1,3187,357
WDDP,-0.052218325,0.0,1,3187,357
VMYI,-0.052218325,0.0,1,3187,357
RWTK,-0.052218325,0.0,1,3187,357
RVIL,-0.052218325,1.4439923e-05,1,3187,357
WDWV,-0.052218325,0.0,1,3187,357
RNEG,-0.052218325,0.0,1,3187,357
SGAE,-0.052218325,0.052999564,1,3187,357
VYVI,-0.052218325,1.27625235e-05,1,3187,357
VPNN,-0.052218325,0.0,1,3187,357
RMLG,-0.052218325,2.9716843e-05,1,3187,357
REQS,-0.052218325,0.0,1,3187,357
VRSV,-0.052218325,3.9982106e-06,1,3187,357
RYVH,-0.052218325,0.0,1,3187,357
SMRT,-0.052218325,0.0,1,3187,357
WNNP,-0.052218325,0.0,1,3187,357
VKAV,-0.052218325,3.958503e-05,1,3187,357
VHCS,-0.052218325,0.0,1,3187,357
VDAI,-0.052218325,6.330112e-05,1,3187,357
VALP,-0.052218325,2.1010017e-05,1,3187,357
SNMT,-0.052218325,0.06624835,1,3187,357
WGAK,-0.052218325,0.0,1,3187,357
YPLG,-0.052218325,1.701046e-05,1,3187,357
YKWG,-0.052218325,0.0,1,3187,357
WKAS,-0.052218325,0.0,1,3187,357
QPHL,-0.052218325,8.178494e-05,1,3187,357
WNKE,-0.052218325,0.0,1,3187,357
VTTA,-0.052218325,0.00018727516,1,3187,357
IPKQ,-0.052218325,0.0,1,3187,357
QLTT,-0.052218325,2.283032e-05,1,3187,357
IKEH,-0.052218325,0.0,1,3187,357
HVKL,-0.052218325,0.0,1,3187,357
HFNG,-0.052218325,0.0,1,3187,357
GFMV,-0.052218325,0.0,1,3187,357
GDYM,-0.052218325,0.00021894652,1,3187,357
GCAH,-0.052218325,0.0099292435,1,3187,357
FWTP,-0.052218325,0.0,1,3187,357
FTFL,-0.052218325,0.00014724933,1,3187,357
FIIC,-0.052218325,2.7396385e-05,1,3187,357
FEPS,-0.052218325,0.0,1,3187,357
EIFA,-0.052218325,0.0,1,3187,357
QIVP,-0.052218325,0.0,1,3187,357
DPQM,-0.052218325,0.0,1,3187,357
DHKL,-0.052218325,0.0,1,3187,357
DCYG,-0.052218325,0.0,1,3187,357
DATH,-0.052218325,6.330112e-05,1,3187,357
ATCR,-0.052218325,0.0482416,1,3187,357
ALSQ,-0.052218325,0.12134211,1,3187,357
ALFW,-0.052218325,0.0,1,3187,357
ADFF,-0.052218325,0.0001998963,1,3187,357
YSNN,-0.052218325,0.003123662,1,3187,357
IKHE,-0.052218325,0.0,1,3187,357
ISVM,-0.052218325,8.7104534e-05,1,3187,357
KCLI,-0.052218325,0.0,1,3187,357
KGCI,-0.052218325,0.00020330213,1,3187,357
QHWI,-0.052218325,0.0,1,3187,357
QGII,-0.052218325,0.0007292603,1,3187,357
QDFR,-0.052218325,0.0,1,3187,357
PLAV,-0.052218325,2.6281465e-05,1,3187,357
PFPP,-0.052218325,0.0020104437,1,3187,357
PESL,-0.052218325,0.0005330586,1,3187,357
PCHT,-0.052218325,0.0,1,3187,357
NWCW,-0.052218325,0.0,1,3187,357
NTCK,-0.052218325,0.0,1,3187,357
NSKV,-0.052218325,0.0,1,3187,357
NLEH,-0.052218325,0.0,1,3187,357
NIIH,-0.052218325,0.0,1,3187,357
MYTD,-0.052218325,0.0,1,3187,357
MVQR,-0.052218325,0.000146653,1,3187,357
MSNV,-0.052218325,0.00030175946,1,3187,357
MKNF,-0.052218325,0.00011856796,1,3187,357
MIMQ,-0.052218325,0.0723942,1,3187,357
MCVK,-0.052218325,8.8963396e-05,1,3187,357
LTPV,-0.052218325,9.597522e-06,1,3187,357
LTDS,-0.052218325,0.0,1,3187,357
KTKK,-0.052218325,0.0,1,3187,357
KSRW,-0.052218325,0.0,1,3187,357
KHIG,-0.052218325,0.0,1,3187,357
KHHD,-0.052218325,0.0,1,3187,357
YWDA,-0.052218325,0.0,1,3187,357
TAMQ,0.1008187,0.06243197,2,6386,707
TTMQ,0.09538955,0.22749808,2,6386,707
TALQ,0.094423,0.11345989,2,6386,707
TSMQ,0.09191651,0.10402486,2,6386,707
TAMC,0.09044344,0.109149665,2,6386,707
TACQ,0.0899672,0.112008944,2,6386,707
TCMQ,0.08977968,0.04564627,2,6386,707
TTLQ,0.08916206,0.08045241,2,6386,707
TASQ,0.0884325,0.0800887,2,6386,707
TIMQ,0.08807487,0.038461756,2,6386,707
TLMQ,0.08800311,0.0005929334,2,6386,707
TGMQ,0.0868339,0.0015793716,2,6386,707
TELQ,0.086691804,0.074900724,2,6386,707
TSLQ,0.08568878,0.122412756,2,6386,707
TATQ,0.08510084,0.041145608,2,6386,707
TTCQ,0.08467705,0.14149702,2,6386,707
TALC,0.0842622,0.1567737,2,6386,707
TCLQ,0.083509035,0.048447162,2,6386,707
THMQ,0.08344633,0.06830308,2,6386,707
TKMQ,0.083382554,0.0008757112,2,6386,707
TTSQ,0.0831253,0.12581484,2,6386,707
TEMC,0.082910605,0.14169002,2,6386,707
TQLQ,0.082266755,0.037823405,2,6386,707
TECQ,0.082189746,0.09174349,2,6386,707
TILQ,0.08181948,0.009970301,2,6386,707
TLLQ,0.08177573,0.0070170816,2,6386,707
TSMC,0.08154101,0.05781195,2,6386,707
TSCQ,0.08118672,0.15918064,2,6386,707
SAMQ,0.08096046,0.07379616,2,6386,707
TVMQ,0.08075232,0.038019482,2,6386,707
TESQ,0.08062429,0.17087463,2,6386,707
TGLQ,0.08060641,0.07465595,2,6386,707
TTQQ,0.08025832,0.16118495,2,6386,707
TSSQ,0.07965214,0.08832485,2,6386,707
TCCQ,0.07905025,0.093327954,2,6386,707
TTLC,0.079001494,0.108113095,2,6386,707
TNMQ,0.078889795,0.083408594,2,6386,707
TANQ,0.07852358,0.037519723,2,6386,707
TTAQ,0.078273125,0.06629488,2,6386,707
TAHQ,0.07822878,0.01184074,2,6386,707
TTWQ,0.07818491,0.011439207,2,6386,707
TASC,0.07813055,0.09499489,2,6386,707
TAMS,0.07761211,0.056941543,2,6386,707
TCSQ,0.07751555,0.07990895,2,6386,707
TQCQ,0.07749707,0.20775524,2,6386,707
TLCQ,0.077273674,0.0036757938,2,6386,707
THLQ,0.07720239,0.04251256,2,6386,707
TPMQ,0.07707495,0.0,2,6386,707
TELC,0.07689757,0.0849662,2,6386,707
TSQQ,0.076784916,0.035296693,2,6386,707
TFMQ,0.076729484,0.0004543608,2,6386,707
TSGQ,0.07659001,0.059570007,2,6386,707
TGMC,0.07645864,0.23863986,2,6386,707
TAMM,0.076457925,0.016465927,2,6386,707
TSTQ,0.076349206,0.119583346,2,6386,707
TAMF,0.076266594,0.14694002,2,6386,707
TGCQ,0.07607574,0.10384375,2,6386,707
TEAQ,0.07594604,0.20992528,2,6386,707
TISQ,0.07578284,0.077774666,2,6386,707
TATC,0.074939914,0.053169094,2,6386,707
TDLQ,0.074740835,0.14048664,2,6386,707
TSWQ,0.07471187,0.0501092,2,6386,707
TVLQ,0.07462365,0.011054759,2,6386,707
SALQ,0.07435078,0.13125661,2,6386,707
TAFQ,0.07429046,0.041111212,2,6386,707
TMLQ,0.07427067,0.091070026,2,6386,707
TAWC,0.07369775,0.08489354,2,6386,707
QAMQ,0.07345278,0.33202893,2,6386,707
TTNQ,0.073216386,0.01727342,2,6386,707
TKMC,0.07300753,0.5810938,2,6386,707
TYMQ,0.072875924,0.010193476,2,6386,707
TLQQ,0.07287187,0.07572635,2,6386,707
TAMI,0.07272262,0.059670325,2,6386,707
TLGQ,0.07266135,0.059418257,2,6386,707
TITQ,0.0724941,0.093678795,2,6386,707
SSMQ,0.07236285,0.08618247,2,6386,707
TLTQ,0.07233996,0.04860941,2,6386,707
TADQ,0.07228894,0.00033261158,2,6386,707
TAMH,0.07182879,0.05999389,2,6386,707
TGQQ,0.07170255,0.00026756388,2,6386,707
TLLC,0.07147402,0.009792083,2,6386,707
TALS,0.07143051,0.08182774,2,6386,707
TGGQ,0.07140822,0.026720408,2,6386,707
TSEQ,0.07128102,0.00013400649,2,6386,707
TAME,0.07126743,0.11763311,2,6386,707
TQAQ,0.07091827,0.028292231,2,6386,707
MAMQ,0.0708831,0.0011180495,2,6386,707
TAMA,0.070867606,0.041174244,2,6386,707
TIWQ,0.07084257,0.0,2,6386,707
TPLQ,0.07082743,9.254139e-05,2,6386,707
TPLQ,0.07082743,9.254139e-05,2,6386,707
TLWQ,0.070798345,0.00024151485,2,6386,707
TAML,0.07077963,0.19339713,2,6386,707
TDMC,0.07059736,0.029365705,2,6386,707
TEHQ,0.07045133,0.006561509,2,6386,707
TGLC,0.070445724,0.07504655,2,6386,707
TDCQ,0.07023866,0.15228269,2,6386,707
TTQC,0.07009751,0.018201549,2,6386,707
TGAQ,0.069770046,0.020386593,2,6386,707
TSNQ,0.069763966,0.07378827,2,6386,707
TEMS,0.069660254,0.08570248,2,6386,707
TGWQ,0.06962926,0.16905014,2,6386,707
TSHQ,0.0694483,0.08810052,2,6386,707
TSSC,0.06935043,0.0958253,2,6386,707
TSMS,0.06873507,0.19762464,2,6386,707
TMSQ,0.06826062,0.10135123,2,6386,707
TNCQ,0.0680855,0.001502048,2,6386,707
TKGQ,0.06793613,0.0007114826,2,6386,707
YAMQ,0.06783969,0.0021345227,2,6386,707
AALQ,0.06773395,0.07142325,2,6386,707
TCNQ,0.067606635,0.00014229653,2,6386,707
TLEQ,0.0673588,0.00014233394,2,6386,707
GAMQ,0.06718785,0.000687779,2,6386,707
TTDQ,0.06696541,0.00015816547,2,6386,707
TCMS,0.06657309,0.08187381,2,6386,707
TTMG,0.066543646,0.061202724,2,6386,707
TALI,0.06649775,0.1355725,2,6386,707
TPCQ,0.06634552,0.0,2,6386,707
THAQ,0.06631345,0.00040657932,2,6386,707
SSLQ,0.065919824,0.108832225,2,6386,707
TALG,0.0658899,0.07437901,2,6386,707
TLNQ,0.06582994,6.330112e-05,2,6386,707
TACM,0.065821,0.09259569,2,6386,707
DAMQ,0.06581695,0.0,2,6386,707
TALH,0.06564743,0.04648656,2,6386,707
TACF,0.06562943,0.1407255,2,6386,707
TQHQ,0.06552846,0.10354928,2,6386,707
TSFQ,0.065509744,0.051873345,2,6386,707
TCMF,0.065227576,0.19630364,2,6386,707
TIMS,0.065061994,0.05807431,2,6386,707
TQMS,0.06468696,0.033877097,2,6386,707
TALL,0.06459839,0.08979306,2,6386,707
TTEC,0.06459374,0.0001355597,2,6386,707
TTMY,0.06443507,0.057469342,2,6386,707
MALQ,0.06440634,0.098043025,2,6386,707
SALC,0.06418175,0.08993259,2,6386,707
SKMQ,0.06400306,0.09770228,2,6386,707
TIMM,0.063778825,0.016551122,2,6386,707
TDWQ,0.06376488,0.0005691861,2,6386,707
SCLQ,0.06374533,0.08111166,2,6386,707
TGMS,0.06362683,0.09584302,2,6386,707
TTMT,0.063613124,0.022245003,2,6386,707
TCFQ,0.06330902,0.00058614044,2,6386,707
TSLS,0.062722154,0.119229265,2,6386,707
SECQ,0.062386107,0.085356034,2,6386,707
TSKQ,0.061813783,4.7494552e-05,2,6386,707
TLFQ,0.0616091,0.00024319906,2,6386,707
TEMK,0.06152768,0.24332975,2,6386,707
TAGF,0.061227035,0.09911706,2,6386,707
QIMQ,0.061189484,0.0,2,6386,707
TGGC,0.061118793,0.08408352,2,6386,707
TCMG,0.06092937,0.085028574,2,6386,707
TLWC,0.06086309,0.00027670347,2,6386,707
TCRQ,0.060841274,0.0,2,6386,707
TKSC,0.060816716,0.038087685,2,6386,707
TATF,0.060762595,0.06669748,2,6386,707
TGFQ,0.06044681,0.02239035,2,6386,707
TQAC,0.06025107,0.036280934,2,6386,707
AELQ,0.060248446,0.055177815,2,6386,707
MACQ,0.060026597,0.042948175,2,6386,707
SNMQ,0.05982132,0.071000524,2,6386,707
TLVQ,0.05972631,0.00015715495,2,6386,707
YSMQ,0.059241008,0.0065511544,2,6386,707
TCLF,0.059171032,0.02486036,2,6386,707
TASE,0.05895419,0.08482105,2,6386,707
TCMY,0.058816504,0.04022291,2,6386,707
TIME,0.058588576,0.00038624412,2,6386,707
TGVQ,0.058556747,0.057860177,2,6386,707
TASL,0.058436226,0.11319775,2,6386,707
TIMA,0.058188867,0.06722727,2,6386,707
TIML,0.05810089,0.020525469,2,6386,707
TMSC,0.058014344,0.08155642,2,6386,707
TELH,0.05795903,0.08411609,2,6386,707
TLMA,0.05791123,0.00039459963,2,6386,707
TASY,0.0577801,0.081403494,2,6386,707
SLCQ,0.0577615,0.07384246,2,6386,707
SQCQ,0.05744214,0.027884679,2,6386,707
TGME,0.05734427,0.0012196631,2,6386,707
FCMQ,0.057295512,0.0076271985,2,6386,707
TATI,0.05721898,0.03888211,2,6386,707
YACQ,0.056988668,0.0013439199,2,6386,707
EACQ,0.056770038,0.0,2,6386,707
SGCQ,0.05658252,0.045034315,2,6386,707
GCMQ,0.056456756,0.04724297,2,6386,707
TALR,0.056182694,0.027069308,2,6386,707
TESF,0.056145143,0.086025655,2,6386,707
TKAC,0.056133103,0.056778084,2,6386,707
TAEF,0.05572362,0.0006858827,2,6386,707
TELK,0.055514645,0.06500509,2,6386,707
VACQ,0.05541427,0.0005260705,2,6386,707
MAGQ,0.055187296,0.027036676,2,6386,707
TSSF,0.05517311,0.07238565,2,6386,707
AESQ,0.054629397,0.03501114,2,6386,707
TACD,0.054485034,0.0006062635,2,6386,707
QSMC,0.05447502,0.07556916,2,6386,707
TTSE,0.05364723,0.040729977,2,6386,707
MTSQ,0.053607415,0.009891093,2,6386,707
TAWL,0.053605627,0.05211947,2,6386,707
SCLC,0.053576183,0.09317364,2,6386,707
TGPQ,0.0533113,0.00021535355,2,6386,707
SHCQ,0.053155016,0.15760836,2,6386,707
TESI,0.052504968,0.10101047,2,6386,707
KSLQ,0.051907968,4.8860627e-05,2,6386,707
PELQ,0.051665734,0.0,2,6386,707
TESE,0.05114622,0.14987038,2,6386,707
TTQE,0.05092151,0.04459521,2,6386,707
FAWQ,0.050812077,4.315305e-05,2,6386,707
TESA,0.05074663,0.08777206,2,6386,707
TRSC,0.050524186,0.0043468126,2,6386,707
ASTQ,0.05022962,0.026549567,2,6386,707
MTTQ,0.050198983,0.00043996397,2,6386,707
TSSE,0.050174307,0.06646291,2,6386,707
HSMC,0.050035547,0.00066609646,2,6386,707
TRMS,0.04987831,0.00031658876,2,6386,707
THPQ,0.049867224,0.0,2,6386,707
TEQI,0.049766492,0.112524964,2,6386,707
TAEK,0.04888339,0.0,2,6386,707
WAWQ,0.048416328,0.00028459306,2,6386,707
TENS,0.04770155,0.06117327,2,6386,707
TEHS,0.047406625,0.13531496,2,6386,707
TSEF,0.046943378,0.00023482794,2,6386,707
GSSQ,0.046603512,0.064744405,2,6386,707
SDQQ,0.04653735,0.0,2,6386,707
TEHM,0.0464483,0.44059053,2,6386,707
TRAC,0.045808148,0.0003291095,2,6386,707
QECC,0.04523046,0.00053363066,2,6386,707
ASCC,0.044682454,0.13599613,2,6386,707
TCNS,0.044614743,0.120741904,2,6386,707
TESP,0.043596815,9.746607e-05,2,6386,707
VPMQ,0.043181848,0.0,2,6386,707
TRMA,0.043134164,0.00022929127,2,6386,707
TRMV,0.04293401,0.024578696,2,6386,707
TSEH,0.042514157,0.00869882,2,6386,707
HHMC,0.041743707,0.0,2,6386,707
TRMK,0.0416934,0.0,2,6386,707
GVSQ,0.03588779,0.019806774,2,6386,707
TVEF,0.035877895,0.028548662,2,6386,707
GNSQ,0.03391285,0.0004877305,2,6386,707
WHTQ,0.03337283,0.0,2,6386,707
SFQC,0.03225119,0.0,2,6386,707
KALL,0.030804584,8.493672e-05,2,6386,707
FGMF,0.03007383,0.00022164124,2,6386,707
GEML,0.029715726,0.0014116872,2,6386,707
TGRH,0.029161999,0.0,2,6386,707
YEMY,0.028780648,0.000553392,2,6386,707
SETT,0.026482532,0.09449061,2,6386,707
SCAG,0.024910757,0.037116643,2,6386,707
KHFQ,0.023942659,0.0,2,6386,707
GEFC,0.0237102,0.00020049512,2,6386,707
CTSL,0.023200223,0.08680185,2,6386,707
KDGC,0.021568129,0.0,2,6386,707
YVVQ,0.020681689,0.00017792679,2,6386,707
LWEQ,0.01960058,0.0,2,6386,707
PGCS,0.018463204,3.9241953e-05,2,6386,707
RVMV,0.018437097,0.0,2,6386,707
DPYQ,0.01838977,0.0,2,6386,707
STDL,0.018110225,0.00045415497,2,6386,707
TMIT,0.01807184,0.00010675982,2,6386,707
KAGN,0.017182896,0.0,2,6386,707
REQI,0.017137239,0.0,2,6386,707
PYMS,0.015338371,0.0,2,6386,707
DAGP,0.013498852,0.0,2,6386,707
LCLN,0.0134253,0.0019387308,2,6386,707
HYMG,0.013295481,0.00028463049,2,6386,707
NEAG,0.013167689,0.021921562,2,6386,707
QWMP,0.01255686,0.0,2,6386,707
NFMV,0.012489984,0.0,2,6386,707
SQYY,0.01233978,0.0011078819,2,6386,707
LIGF,0.0122990105,0.0006324997,2,6386,707
YTTD,0.012167165,0.0,2,6386,707
YGTI,0.011211583,0.010063138,2,6386,707
WKLT,0.011173675,0.0,2,6386,707
TFID,0.01035423,0.0,2,6386,707
SHFG,0.009525368,0.00012596598,2,6386,707
KIAG,0.009301135,0.00015816547,2,6386,707
ASVH,0.009241292,0.064525604,2,6386,707
IWHC,0.00893862,0.0,2,6386,707
NLTA,0.008524129,0.0,2,6386,707
ADHF,0.00845618,7.4928364e-05,2,6386,707
REYI,0.007875392,0.0,2,6386,707
KAIE,0.0073531363,0.0,2,6386,707
SLFD,0.0072996113,5.9217444e-05,2,6386,707
MEHN,0.007226059,0.0004065294,2,6386,707
SHVE,0.007198522,3.563027e-05,2,6386,707
LVTS,0.0067017768,0.0,2,6386,707
RQYF,0.005819628,0.0,2,6386,707
IKSK,0.005598614,0.0,2,6386,707
GEIF,0.004904816,0.00034780684,2,6386,707
KDQI,0.0048157666,0.0,2,6386,707
WHQL,0.0044483636,0.0,2,6386,707
FIAD,0.0038023687,0.0,2,6386,707
HLYH,0.003759215,0.0,2,6386,707
RNSY,0.0031698442,0.0033173577,2,6386,707
WSFG,0.002714703,6.13175e-05,2,6386,707
KPAF,0.0026211238,0.0,2,6386,707
YVNF,0.002493093,0.0008804644,2,6386,707
WKTY,0.002468536,0.0,2,6386,707
HHHI,0.002334783,0.0,2,6386,707
EHSP,0.0022369123,0.0,2,6386,707
SFYT,0.0018816686,7.771042e-05,2,6386,707
HYGF,0.0018048978,0.0,2,6386,707
VNST,0.0016846156,0.0002502353,2,6386,707
EIYL,0.0015484786,0.00027840515,2,6386,707
YNAG,0.0012953973,0.0005362256,2,6386,707
PSHN,0.0012096858,0.0,2,6386,707
RTIT,0.00086779357,0.0,2,6386,707
RQSW,0.000101635465,0.0,2,6386,707
RSRY,-0.00030367612,0.0,2,6386,707
HAPP,-0.0003612542,0.0,2,6386,707
AGIK,-0.0007041001,0.027724281,2,6386,707
PNWG,-0.0010669732,0.0,2,6386,707
HRPC,-0.0011017823,0.0011036526,2,6386,707
YLFK,-0.0014604831,1.9811232e-05,2,6386,707
RCVK,-0.00167804,0.0,2,6386,707
KIND,-0.0022531056,0.0,2,6386,707
KTIN,-0.0025179887,0.0,2,6386,707
RRGI,-0.0029520297,0.0,2,6386,707
MERR,-0.0030671859,0.0,2,6386,707
QVVA,-0.0031046176,0.0,2,6386,707
QDDL,-0.003260901,0.0,2,6386,707
HYQK,-0.0039599445,0.0,2,6386,707
AQDR,-0.005010536,0.0,2,6386,707
DYQV,-0.0059189107,0.0,2,6386,707
LDRS,-0.0063739326,0.0,2,6386,707
VGIE,-0.006513169,0.0,2,6386,707
HKDK,-0.006741574,0.0,2,6386,707
MRDS,-0.006964138,0.0,2,6386,707
LSKN,-0.0076554324,0.0,2,6386,707
QCPR,-0.007887652,0.0,2,6386,707
MIPN,-0.008057168,0.0,2,6386,707
KAPW,-0.008107116,0.0,2,6386,707
QGIR,-0.008170893,0.0,2,6386,707
LQDY,-0.0081897285,0.0,2,6386,707
LSIN,-0.00844579,0.0,2,6386,707
FCKP,-0.008632472,3.1663036e-05,2,6386,707
MFVV,-0.010195663,0.0,2,6386,707
NNVI,-0.01081579,0.0,2,6386,707
KNDL,-0.011924317,0.0,2,6386,707
NRWD,-0.013204267,0.0,2,6386,707
AHPR,-0.013422301,0.0,2,6386,707
MFPL,-0.014945557,0.0,2,6386,707
YRND,-0.01602011,0.0,2,6386,707
LREN,-0.016827395,0.0,2,6386,707
NNDN,-0.017028024,0.0,2,6386,707
LFDT,-0.018312743,0.0,2,6386,707
GDPN,-0.01873677,0.0,2,6386,707
PRRV,-0.019488385,0.0,2,6386,707
LRRA,-0.020595958,0.0,2,6386,707
HRVR,-0.02356737,2.7171824e-05,2,6386,707
KRPK,-0.024007251,0.0,2,6386,707
TECC,0.10318684,0.22492589,3,9612,1065
TESC,0.10043024,0.09964541,3,9612,1065
TECM,0.09763836,0.23461403,3,9612,1065
TEHC,0.095991366,0.16540462,3,9612,1065
TESM,0.09498381,0.22464846,3,9612,1065
SEMC,0.09340977,0.13454604,3,9612,1065
TEMF,0.09285473,0.041373182,3,9612,1065
TSCC,0.092136614,0.12936778,3,9612,1065
TECS,0.09042477,0.20067444,3,9612,1065
TETC,0.089941256,0.18202724,3,9612,1065
TECF,0.08954071,0.07353339,3,9612,1065
TKCC,0.08953213,0.09783642,3,9612,1065
TSMM,0.088765375,0.1606124,3,9612,1065
TEML,0.088115446,0.21435349,3,9612,1065
TTCC,0.087981455,0.086395845,3,9612,1065
TESS,0.08784079,0.112136245,3,9612,1065
TEGC,0.087774985,0.0006324373,3,9612,1065
SEMM,0.08725523,0.24332978,3,9612,1065
SESC,0.08693289,0.13767613,3,9612,1065
TEMI,0.08657288,0.38587046,3,9612,1065
TELS,0.086565726,0.09351751,3,9612,1065
TEQC,0.08631491,0.06895985,3,9612,1065
SELC,0.08612179,0.1529825,3,9612,1065
TEMG,0.08608746,0.14320494,3,9612,1065
TKLC,0.08562636,0.14823325,3,9612,1065
TEMH,0.08531927,1.0,3,9612,1065
TTSC,0.08506655,0.07715331,3,9612,1065
TASM,0.08501314,0.099980466,3,9612,1065
TEAC,0.08499979,0.19136941,3,9612,1065
SAMC,0.08494019,0.13554466,3,9612,1065
TECL,0.08488869,0.0723329,3,9612,1065
TECK,0.08471703,0.030788146,3,9612,1065
TEMV,0.08444237,0.1513668,3,9612,1065
TETM,0.084412806,0.16792531,3,9612,1065
TCCC,0.08386301,0.08089359,3,9612,1065
TECI,0.08346104,0.017846536,3,9612,1065
TKCM,0.08297562,0.34478837,3,9612,1065
TECG,0.08290409,0.11787874,3,9612,1065
TESL,0.08230471,0.09380996,3,9612,1065
QEMC,0.08225464,0.0,3,9612,1065
TTCM,0.08211493,0.18304479,3,9612,1065
TENC,0.0816996,0.06558088,3,9612,1065
TSMF,0.08150696,0.053727143,3,9612,1065
TEMA,0.08149361,0.28886515,3,9612,1065
TECV,0.08132767,0.16633911,3,9612,1065
TEMY,0.08113121,0.09208573,3,9612,1065
TACS,0.08101057,0.1052396,3,9612,1065
TELL,0.08087944,0.12680316,3,9612,1065
TGCC,0.0808742,0.1607561,3,9612,1065
TEQM,0.08086752,0.13304874,3,9612,1065
SKMC,0.08085465,0.03976246,3,9612,1065
TQCC,0.08060574,0.48621014,3,9612,1065
TEMN,0.080521815,0.0024902266,3,9612,1065
SEMS,0.08025812,0.10667898,3,9612,1065
TESG,0.08025574,0.18653177,3,9612,1065
SEMQ,0.0802462,0.0665639,3,9612,1065
AEMC,0.080063574,0.04672124,3,9612,1065
TKSM,0.08005261,0.04896541,3,9612,1065
TKMS,0.07992148,0.0232223,3,9612,1065
TCLC,0.079891436,0.17535834,3,9612,1065
TEMT,0.07951855,0.05415669,3,9612,1065
TELI,0.079481356,0.14594954,3,9612,1065
TTSM,0.07930159,0.1108801,3,9612,1065
TKMF,0.07910227,0.086346105,3,9612,1065
TAGC,0.07888674,0.10425112,3,9612,1065
STMC,0.07870936,0.065936886,3,9612,1065
TAMK,0.07860731,0.0012196631,3,9612,1065
TSCF,0.078576796,0.073977076,3,9612,1065
TSTC,0.07856869,0.12898666,3,9612,1065
TTMS,0.078500025,0.2003528,3,9612,1065
TGSC,0.07798361,0.15123913,3,9612,1065
TASF,0.07764315,0.06690355,3,9612,1065
TNMC,0.07725119,0.26599702,3,9612,1065
TQLC,0.07677721,0.09781255,3,9612,1065
TSGC,0.07675146,0.072043724,3,9612,1065
TETQ,0.076517336,0.002565679,3,9612,1065
TEMR,0.076436274,0.09152143,3,9612,1065
SSSC,0.07638001,0.07318865,3,9612,1065
TEWM,0.07635664,0.5473734,3,9612,1065
SSLC,0.07582974,0.11396039,3,9612,1065
TKCQ,0.07571673,0.08754125,3,9612,1065
TESY,0.07543539,0.17401388,3,9612,1065
TTCS,0.07541918,0.13970928,3,9612,1065
TKCF,0.07541441,0.08173947,3,9612,1065
TELE,0.07538628,0.08409593,3,9612,1065
TDCC,0.075342886,0.09419042,3,9612,1065
TSMI,0.07532572,0.17187826,3,9612,1065
TEIC,0.07532429,0.015030248,3,9612,1065
TEMP,0.07511639,0.000109510685,3,9612,1065
TACK,0.07506155,0.08663766,3,9612,1065
SESQ,0.07499003,0.10421839,3,9612,1065
SEMK,0.07496094,0.053183943,3,9612,1065
SEML,0.07486176,0.035010945,3,9612,1065
TESN,0.07468771,0.15105735,3,9612,1065
TTCF,0.07467293,0.13219689,3,9612,1065
TICC,0.074620955,0.019895913,3,9612,1065
TSLF,0.074406855,0.06946348,3,9612,1065
TEGQ,0.0743463,0.0,3,9612,1065
TEGF,0.074201815,0.012667085,3,9612,1065
TACI,0.07415127,0.16909045,3,9612,1065
TEST,0.07367586,0.17523742,3,9612,1065
TAHS,0.073523276,0.03916549,3,9612,1065
TACG,0.07350945,0.06537956,3,9612,1065
TGHC,0.07321953,0.005853644,3,9612,1065
TTGC,0.07287335,0.06348487,3,9612,1065
AELC,0.07277893,0.06787619,3,9612,1065
TTSS,0.07267832,0.119329646,3,9612,1065
TKQC,0.07258629,0.0958141,3,9612,1065
TSCG,0.0719788,0.054789327,3,9612,1065
TECP,0.07195353,0.0002240116,3,9612,1065
TFMC,0.07181715,0.12350897,3,9612,1065
TISC,0.07172703,0.11232475,3,9612,1065
TVCC,0.071654074,0.047805417,3,9612,1065
AAMC,0.07158827,0.0006953517,3,9612,1065
TMCM,0.071387045,0.0750326,3,9612,1065
SCCC,0.071198694,0.04228517,3,9612,1065
MEMC,0.07082867,0.037187222,3,9612,1065
TSGM,0.07071518,0.1438712,3,9612,1065
TSWC,0.07052254,0.13088481,3,9612,1065
TSNC,0.07038473,0.04093767,3,9612,1065
TETI,0.070163004,0.12966986,3,9612,1065
TASH,0.07007431,0.08738816,3,9612,1065
TSLL,0.070022814,0.10496995,3,9612,1065
TACE,0.06994366,0.0009929318,3,9612,1065
NEMC,0.069766276,0.0,3,9612,1065
ASMC,0.06958603,0.09056575,3,9612,1065
SEME,0.06949257,0.000776156,3,9612,1065
TDCM,0.069449656,0.046001524,3,9612,1065
TEGL,0.0694487,0.09853612,3,9612,1065
TACY,0.06909966,0.046071887,3,9612,1065
SESK,0.0690987,0.037541937,3,9612,1065
SKHC,0.06895851,0.00017306131,3,9612,1065
TICM,0.06858181,0.0034431117,3,9612,1065
TSLI,0.06857418,0.088101804,3,9612,1065
TTCI,0.06853699,0.11833651,3,9612,1065
TLCC,0.068172686,0.016838335,3,9612,1065
TEQL,0.068127386,0.040990304,3,9612,1065
SELK,0.06811165,0.05318515,3,9612,1065
TQCS,0.06806015,0.11316174,3,9612,1065
TSLG,0.06802534,0.10823338,3,9612,1065
TGCS,0.068008654,0.09758023,3,9612,1065
FEMC,0.067898504,0.08075421,3,9612,1065
TSCA,0.06750416,0.113472246,3,9612,1065
TDHC,0.06749939,0.0,3,9612,1065
TSCY,0.06736302,0.079882406,3,9612,1065
TAMR,0.06716322,0.020148192,3,9612,1065
TTGM,0.06696104,0.21373129,3,9612,1065
VEMC,0.06671881,0.117493585,3,9612,1065
TSLV,0.06652998,0.109176934,3,9612,1065
TSCN,0.066446535,0.19908659,3,9612,1065
SSTC,0.0660746,0.07687958,3,9612,1065
TEVQ,0.06605934,0.0018973119,3,9612,1065
TNHC,0.06580948,0.00094869337,3,9612,1065
STMS,0.0657556,0.116491966,3,9612,1065
TKMT,0.06567835,0.049717527,3,9612,1065
TEAI,0.06532835,0.15293588,3,9612,1065
TQGC,0.065008394,0.005776645,3,9612,1065
TEAG,0.064824335,0.14745626,3,9612,1065
PEMC,0.06470608,0.0004065294,3,9612,1065
TSSA,0.064564936,0.084644124,3,9612,1065
SALF,0.06452774,0.07239195,3,9612,1065
TSWM,0.06433462,0.1214101,3,9612,1065
SESE,0.06399941,0.1863527,3,9612,1065
SSGC,0.06398224,0.102961406,3,9612,1065
TACR,0.063827746,0.11101381,3,9612,1065
TEEM,0.063787214,0.0007114826,3,9612,1065
QTCC,0.06371712,0.0,3,9612,1065
TEWL,0.0635817,0.16257733,3,9612,1065
TSFC,0.06317114,0.015865214,3,9612,1065
TEGA,0.06305956,0.0013060253,3,9612,1065
SELE,0.06289982,0.16091652,3,9612,1065
TSLN,0.06239056,0.12678975,3,9612,1065
SEMP,0.062294714,3.4769455e-05,3,9612,1065
SSQC,0.062276594,0.009518639,3,9612,1065
SELA,0.061994307,0.092642084,3,9612,1065
AACM,0.061743967,0.018755669,3,9612,1065
LAMC,0.061640017,0.00041853593,3,9612,1065
TEIF,0.06156706,0.07219258,3,9612,1065
TTTQ,0.061447375,0.030228285,3,9612,1065
SKGC,0.06132912,0.00027631424,3,9612,1065
TGCI,0.061046354,0.07209905,3,9612,1065
SEST,0.060974352,0.13772431,3,9612,1065
NECM,0.060655825,0.21082012,3,9612,1065
TMQC,0.060429327,0.061109133,3,9612,1065
SSTM,0.060373537,0.1600404,3,9612,1065
TTCD,0.060121767,0.03583625,3,9612,1065
AEQC,0.05980038,0.119530424,3,9612,1065
LSMC,0.059490435,0.00017678528,3,9612,1065
SFMC,0.059324495,0.0006220576,3,9612,1065
MESM,0.05931162,0.14257176,3,9612,1065
TEAN,0.059252016,0.22182696,3,9612,1065
AEAC,0.058706038,0.32592198,3,9612,1065
LESM,0.058628313,0.00023824937,3,9612,1065
MACC,0.05838894,0.0014229652,3,9612,1065
SSNC,0.058116667,0.00067757396,3,9612,1065
SSYC,0.056482546,0.0013689584,3,9612,1065
TNMG,0.056413405,0.0007668368,3,9612,1065
SSVC,0.056001894,0.07000056,3,9612,1065
TSLW,0.055676214,0.0012884843,3,9612,1065
LTMC,0.055536024,0.020468513,3,9612,1065
AEMA,0.05511879,0.19194432,3,9612,1065
TPHC,0.055021517,0.0,3,9612,1065
TEFI,0.054730646,0.06880568,3,9612,1065
LEHM,0.054480307,0.00010324794,3,9612,1065
QAMI,0.05434441,0.0005021922,3,9612,1065
SAIC,0.053716414,0.015978068,3,9612,1065
SACD,0.05354523,0.0009486185,3,9612,1065
SKVC,0.053495638,0.07406712,3,9612,1065
TIHF,0.0533235,0.00043108137,3,9612,1065
MACM,0.052479975,0.0017075583,3,9612,1065
TEEL,0.051043265,0.0004635678,3,9612,1065
SSYM,0.05073475,0.035887152,3,9612,1065
QACI,0.05071377,0.0014747265,3,9612,1065
TWCI,0.050180666,0.00010943583,3,9612,1065
AGCM,0.049087755,0.10210588,3,9612,1065
AACI,0.048465006,0.091060616,3,9612,1065
MEHS,0.047636263,0.00011387714,3,9612,1065
TSTP,0.0475943,0.00012096327,3,9612,1065
TAGP,0.04758977,5.1391096e-05,3,9612,1065
HTMQ,0.039945357,0.0004065294,3,9612,1065
YESH,0.03901004,0.00053659984,3,9612,1065
SSYK,0.038501494,3.263613e-05,3,9612,1065
AGLF,0.03769397,0.08345754,3,9612,1065
TVGE,0.032734625,0.0006098565,3,9612,1065
CTTF,0.031921618,0.0017075583,3,9612,1065
IMHC,0.03016495,0.0,3,9612,1065
TWGA,0.029898874,0.0001355597,3,9612,1065
FMCQ,0.02704405,0.0,3,9612,1065
YASA,0.026659243,0.00027538606,3,9612,1065
HGMI,0.026005976,0.0077617103,3,9612,1065
DHMQ,0.025955431,0.0,3,9612,1065
LEPQ,0.025104038,0.0,3,9612,1065
HCSK,0.025005333,0.0,3,9612,1065
RSMW,0.024219505,0.0,3,9612,1065
YSSN,0.023824446,0.00086697,3,9612,1065
IATK,0.022686474,5.584072e-05,3,9612,1065
NSTH,0.022359602,0.0,3,9612,1065
FDSF,0.021413557,0.0,3,9612,1065
ITGF,0.020186417,6.744301e-05,3,9612,1065
WAGG,0.019276373,0.00011864281,3,9612,1065
ASDI,0.019246332,0.00015417328,3,9612,1065
LCCR,0.018856041,0.0,3,9612,1065
SQDV,0.018691532,2.7156853e-05,3,9612,1065
RRSM,0.0180633,0.0,3,9612,1065
IEGP,0.016761534,0.0,3,9612,1065
ATKL,0.016628735,8.8988345e-05,3,9612,1065
QGFS,0.016492836,0.033285446,3,9612,1065
SHNA,0.016486876,0.025044518,3,9612,1065
YMWC,0.01611542,0.0,3,9612,1065
TDRP,0.016084664,3.3940723e-05,3,9612,1065
QLQF,0.015374891,0.0,3,9612,1065
MERY,0.014921181,0.0,3,9612,1065
TFVR,0.0147950575,1.8454795e-05,3,9612,1065
TPAR,0.014501803,0.0,3,9612,1065
PVQC,0.014250986,0.0,3,9612,1065
FTAK,0.013997309,5.264073e-05,3,9612,1065
KNCH,0.013962261,0.0,3,9612,1065
PLSS,0.012877934,1.4441952e-05,3,9612,1065
SVRI,0.012505762,9.229438e-05,3,9612,1065
WSQE,0.0123646185,0.0,3,9612,1065
YPMF,0.012288086,0.0,3,9612,1065
NPMK,0.011826031,0.0,3,9612,1065
FCNF,0.011667721,0.0,3,9612,1065
SWDK,0.01164674,0.0,3,9612,1065
QHTT,0.011177771,0.0,3,9612,1065
LKNV,0.01077079,0.0,3,9612,1065
DFSL,0.010488503,0.008279431,3,9612,1065
SWGW,0.010321848,0.0,3,9612,1065
TRYP,0.010235779,0.0,3,9612,1065
GNLH,0.010209076,0.0081814015,3,9612,1065
EMAS,0.009685032,9.492922e-05,3,9612,1065
VWMA,0.009547226,0.0,3,9612,1065
NLCE,0.009476416,0.0,3,9612,1065
LQAK,0.008377068,0.0,3,9612,1065
DGSW,0.008354418,0.0,3,9612,1065
YLCH,0.008162491,0.0033033602,3,9612,1065
SPVI,0.0081348345,3.812085e-05,3,9612,1065
IHGS,0.00709223,0.0,3,9612,1065
MQAH,0.006986372,0.056136616,3,9612,1065
NQTY,0.0068538114,9.491425e-05,3,9612,1065
YWSH,0.006837122,0.0,3,9612,1065
MQNL,0.00655102,0.00020330213,3,9612,1065
RDCP,0.0065121576,0.0,3,9612,1065
MYCN,0.0062820837,0.0,3,9612,1065
NCPQ,0.0061209127,0.0,3,9612,1065
GRCG,0.005859606,7.121563e-05,3,9612,1065
KLSV,0.0058102533,7.053695e-05,3,9612,1065
PHIC,0.0056395456,0.0,3,9612,1065
AGNR,0.0048842356,0.0,3,9612,1065
FWSN,0.004538767,0.0,3,9612,1065
FTDL,0.004535906,4.724504e-05,3,9612,1065
RCWG,0.0043442175,0.00010168849,3,9612,1065
LIGH,0.003935568,5.9358834e-05,3,9612,1065
WEPP,0.0037596151,4.4519125e-05,3,9612,1065
ELGF,0.0033879206,1.8301684e-05,3,9612,1065
HQAV,0.0031576082,0.0,3,9612,1065
DAWW,0.0026276037,0.0,3,9612,1065
LYLN,0.0019278452,1.556953e-05,3,9612,1065
RQIQ,0.0019011423,0.0,3,9612,1065
MRPC,0.0016136095,0.0,3,9612,1065
IMGV,0.0014922544,0.0,3,9612,1065
ICYH,0.0013976023,0.0,3,9612,1065
HSDN,0.0009682104,0.0,3,9612,1065
LKVR,0.0008466169,1.2029401e-05,3,9612,1065
FVRM,0.00080322474,7.121563e-05,3,9612,1065
RYDC,0.00010751933,0.0,3,9612,1065
PWCR,-0.00022817403,0.0,3,9612,1065
DKIA,-0.00043345243,0.0,3,9612,1065
LIWG,-0.0016977862,0.0,3,9612,1065
QPVK,-0.0017252043,0.0,3,9612,1065
QRNE,-0.0026071146,0.0,3,9612,1065
MTPD,-0.002849348,0.0,3,9612,1065
PFSR,-0.004101999,0.0,3,9612,1065
VLLP,-0.004423864,0.0004512127,3,9612,1065
GMWV,-0.004535921,0.0,3,9612,1065
DYDM,-0.004917152,0.0,3,9612,1065
KIIF,-0.005099304,0.0,3,9612,1065
KCVD,-0.005809076,0.0,3,9612,1065
DCPE,-0.005846031,0.0,3,9612,1065
WHWI,-0.0060603693,0.0,3,9612,1065
FNQT,-0.006641634,0.0,3,9612,1065
QIFP,-0.007181652,0.0,3,9612,1065
YHKF,-0.007336624,0.0,3,9612,1065
GHAY,-0.007755287,0.0,3,9612,1065
DMIH,-0.008104093,0.0,3,9612,1065
ENTW,-0.008376844,0.0,3,9612,1065
NIWT,-0.008448131,0.0,3,9612,1065
GPTI,-0.008725412,0.0,3,9612,1065
WVNV,-0.009817131,0.0,3,9612,1065
FMPV,-0.010183103,0.0,3,9612,1065
AFFT,-0.011355884,0.010348984,3,9612,1065
WQPY,-0.01263953,0.0,3,9612,1065
LVKV,-0.012771137,0.0,3,9612,1065
KGRD,-0.013398178,0.0,3,9612,1065
WFAY,-0.013468988,0.0,3,9612,1065
YNVA,-0.013473757,0.0007495082,3,9612,1065
WHWD,-0.013882168,0.0,3,9612,1065
IYWG,-0.01397682,0.0,3,9612,1065
AFKR,-0.014009245,0.0,3,9612,1065
DVDV,-0.014831789,0.0,3,9612,1065
FFAR,-0.016172178,0.0,3,9612,1065
HNKN,-0.016915567,0.0,3,9612,1065
FPVH,-0.018030412,0.0,3,9612,1065
LIFP,-0.01915384,0.00021786115,3,9612,1065
ERRH,-0.020064838,0.0,3,9612,1065
KRFK,-0.020229347,0.0,3,9612,1065
EIDP,-0.020344265,0.0,3,9612,1065
RRWT,-0.020674951,0.0,3,9612,1065
WDEA,-0.021254547,0.0,3,9612,1065
KFKE,-0.021657236,0.0,3,9612,1065
PWFE,-0.022271402,0.0,3,9612,1065
KFYR,-0.02235771,0.0,3,9612,1065
VPPK,-0.022507913,0.0,3,9612,1065
VFVP,-0.023784883,0.0,3,9612,1065
LFEY,-0.024573572,0.0,3,9612,1065
GREI,-0.02661658,0.0,3,9612,1065
RREV,-0.027726896,0.0,3,9612,1065
NRDW,-0.030106314,0.0,3,9612,1065
TELM,0.15122105,0.10303162,4,12889,1410
TECH,0.13860251,0.20720547,4,12889,1410
SECM,0.13307644,0.28573653,4,12889,1410
TESH,0.131588,0.24129242,4,12889,1410
TEGM,0.12998559,0.034115784,4,12889,1410
AECM,0.12740757,0.006008117,4,12889,1410
TENM,0.12598492,0.11760939,4,12889,1410
TSCM,0.12583329,0.19349381,4,12889,1410
TEWH,0.12544252,0.26325157,4,12889,1410
TTMM,0.12543322,0.061625972,4,12889,1410
TEVM,0.12518765,0.07949288,4,12889,1410
TEFM,0.124223724,0.024612283,4,12889,1410
TKMM,0.12400176,0.23686709,4,12889,1410
TEDM,0.12341501,0.0,4,12889,1410
TEKM,0.12308456,0.0,4,12889,1410
TEYM,0.122994676,0.0014229652,4,12889,1410
AELM,0.12290861,0.015033754,4,12889,1410
TEPM,0.12145974,0.0008639592,4,12889,1410
TERM,0.118814245,0.00017792679,4,12889,1410
TTLM,0.11876537,0.12343702,4,12889,1410
TEIM,0.118530765,0.061156813,4,12889,1410
TSSM,0.11764671,0.182516,4,12889,1410
TCMM,0.11707331,0.08869916,4,12889,1410
TQMM,0.116450086,0.4322305,4,12889,1410
TQCM,0.116367355,0.25227422,4,12889,1410
TCCM,0.11604668,0.14959088,4,12889,1410
TGMM,0.11596419,0.1196358,4,12889,1410
QELM,0.11262609,0.00091216486,4,12889,1410
AEMH,0.11249949,0.27554086,4,12889,1410
TALM,0.1118281,0.11426731,4,12889,1410
TECT,0.11100198,0.039089624,4,12889,1410
TEWS,0.110469595,0.21301575,4,12889,1410
TTWM,0.11038543,0.014268801,4,12889,1410
TQLM,0.11012603,0.17026931,4,12889,1410
TELG,0.10969497,0.20488751,4,12889,1410
DEMM,0.10962321,0.0,4,12889,1410
TGLM,0.1095822,0.20150849,4,12889,1410
TSAM,0.10957219,0.10322582,4,12889,1410
TESV,0.10933091,0.1956972,4,12889,1410
TEHH,0.109295145,0.00046742274,4,12889,1410
TECY,0.10894133,0.12147516,4,12889,1410
NEMM,0.108809486,0.0,4,12889,1410
TKWM,0.10872103,0.06118818,4,12889,1410
TMMM,0.1086209,0.04702028,4,12889,1410
FEMM,0.10857989,0.044698324,4,12889,1410
TTAM,0.10851337,0.13095066,4,12889,1410
TCSM,0.10831596,0.14130363,4,12889,1410
TEMD,0.108286634,0.011858143,4,12889,1410
TENH,0.10789849,0.06953884,4,12889,1410
TQSM,0.107650295,0.17415255,4,12889,1410
TKMH,0.10725404,0.002177601,4,12889,1410
THMM,0.1066878,0.13162579,4,12889,1410
THCM,0.1060455,0.04720805,4,12889,1410
WECM,0.10580446,0.00035577873,4,12889,1410
KELM,0.10563327,6.781728e-05,4,12889,1410
TTTM,0.10561325,0.14502117,4,12889,1410
TFCM,0.10523631,0.0067973724,4,12889,1410
AELH,0.104906335,0.088789195,4,12889,1410
TVMM,0.10488416,0.004213629,4,12889,1410
TDMM,0.10465838,0.082329616,4,12889,1410
TVCM,0.10412933,0.02079133,4,12889,1410
MELM,0.103790775,0.13252315,4,12889,1410
DELM,0.103636995,0.0,4,12889,1410
TEPH,0.103371635,0.00010168849,4,12889,1410
AESH,0.10311176,0.009773024,4,12889,1410
TAWM,0.10304238,0.070415445,4,12889,1410
TEWN,0.10272576,0.0734326,4,12889,1410
TEWF,0.10238482,0.16447292,4,12889,1410
TCWM,0.10218741,0.0016262673,4,12889,1410
TEWA,0.10206987,0.28728408,4,12889,1410
RELM,0.101866975,4.3177995e-05,4,12889,1410
TWMM,0.101455465,0.0,4,12889,1410
TGWM,0.10144879,0.0072257966,4,12889,1410
TNLM,0.1011851,0.020540701,4,12889,1410
TAAM,0.10116507,0.10210047,4,12889,1410
TEVC,0.1011603,0.078237265,4,12889,1410
SKMM,0.10105826,0.1803251,4,12889,1410
SKCM,0.10054876,0.08259613,4,12889,1410
TWCM,0.100523725,0.00047434669,4,12889,1410
THLM,0.100254074,0.09192282,4,12889,1410
TCAM,0.10022499,0.065247335,4,12889,1410
TFLM,0.09960367,0.011309592,4,12889,1410
TQAM,0.099572435,0.1910115,4,12889,1410
TGAM,0.0992849,0.097299024,4,12889,1410
TRMM,0.098675504,0.068994254,4,12889,1410
TLMM,0.09836246,0.0033328077,4,12889,1410
TRCM,0.098138586,0.092832595,4,12889,1410
TYMM,0.09764339,0.016190365,4,12889,1410
TETN,0.0976236,0.1829547,4,12889,1410
TEPC,0.09729983,3.2392858e-05,4,12889,1410
TTQM,0.097252384,0.093430676,4,12889,1410
TVSM,0.09641434,0.27924067,4,12889,1410
TSHM,0.09580733,0.06970419,4,12889,1410
TEWY,0.095669046,0.002439401,4,12889,1410
TWLM,0.094990745,0.00047437163,4,12889,1410
MEAM,0.09479977,0.07352067,4,12889,1410
SCMM,0.09470035,0.10761272,4,12889,1410
TACC,0.0945306,0.101566084,4,12889,1410
TPCM,0.09444286,0.00026455725,4,12889,1410
TELW,0.094398275,0.00020876643,4,12889,1410
NEAM,0.09399392,0.0006640629,4,12889,1410
TMWM,0.09374072,0.00034556122,4,12889,1410
TSVM,0.09358074,0.02333142,4,12889,1410
TTNM,0.093287006,0.033376317,4,12889,1410
TEWD,0.092661634,0.09728449,4,12889,1410
QESH,0.092641845,0.01494625,4,12889,1410
TTVM,0.09256531,0.025418349,4,12889,1410
TMAM,0.09188415,0.20138071,4,12889,1410
TSDM,0.091633335,0.04804131,4,12889,1410
TKVM,0.090893045,0.27445468,4,12889,1410
TTYM,0.090303436,0.075257905,4,12889,1410
THAM,0.09000303,0.1394626,4,12889,1410
TDWM,0.0899079,0.00017792679,4,12889,1410
TMTM,0.08915569,0.12821633,4,12889,1410
ACMM,0.08877517,0.105774894,4,12889,1410
LEAM,0.0886469,0.030050091,4,12889,1410
EEMC,0.08854176,0.0,4,12889,1410
TDAM,0.08802201,0.1331278,4,12889,1410
WECH,0.08751728,0.00012934687,4,12889,1410
KELH,0.08744337,0.0,4,12889,1410
TIMH,0.087176815,0.001035486,4,12889,1410
SKWM,0.08706762,0.0005420891,4,12889,1410
TIAM,0.08691503,0.07431258,4,12889,1410
TPSM,0.08674313,1.8663473e-05,4,12889,1410
AECQ,0.08635022,0.2314716,4,12889,1410
TTMF,0.086131826,0.1561567,4,12889,1410
TAVM,0.0851946,0.015043588,4,12889,1410
TTCA,0.083802715,0.07031743,4,12889,1410
TFCC,0.08260609,0.028896712,4,12889,1410
FESH,0.08259083,0.00027670848,4,12889,1410
EELC,0.08253242,0.0,4,12889,1410
GEMC,0.08216621,0.0014229652,4,12889,1410
TCYM,0.08201386,0.090387784,4,12889,1410
RESH,0.08188607,3.1678006e-05,4,12889,1410
KELC,0.08164932,0.0,4,12889,1410
TEYG,0.08144285,0.014587863,4,12889,1410
IESH,0.080802456,0.0,4,12889,1410
VSMM,0.08044006,0.016373023,4,12889,1410
TVLH,0.08041574,0.0007397568,4,12889,1410
ANMM,0.08022906,0.24439701,4,12889,1410
TSMY,0.08015038,0.09210939,4,12889,1410
TENE,0.079923406,0.06213687,4,12889,1410
TEKQ,0.07982828,0.0,4,12889,1410
TEHY,0.0796137,0.08545793,4,12889,1410
TGWC,0.078539625,0.10339143,4,12889,1410
QESS,0.07845427,0.14767279,4,12889,1410
QQCM,0.07835676,0.0005174623,4,12889,1410
VKMM,0.07813336,5.2734296e-05,4,12889,1410
KEYM,0.07789542,0.0,4,12889,1410
TKMY,0.07754351,0.17994717,4,12889,1410
TQIM,0.07708861,0.13397105,4,12889,1410
TGMF,0.0767975,0.07007488,4,12889,1410
AIMM,0.07579471,0.26586032,4,12889,1410
TDNM,0.07282497,0.00044268367,4,12889,1410
SKHM,0.07155062,0.00047681684,4,12889,1410
TQME,0.0713947,0.1284478,4,12889,1410
SKNM,0.07072307,0.0004540614,4,12889,1410
TGWS,0.06929232,0.078907914,4,12889,1410
TIDM,0.06915094,0.00031906308,4,12889,1410
TKLK,0.06872536,0.0008414657,4,12889,1410
TTAA,0.06795074,0.06982266,4,12889,1410
QFCM,0.067939535,0.00025869373,4,12889,1410
LERM,0.06563355,2.547158e-05,4,12889,1410
QEPH,0.06547476,0.0,4,12889,1410
WECQ,0.064572826,0.0,4,12889,1410
TMEM,0.063193575,0.0,4,12889,1410
HQLM,0.06315257,0.014025576,4,12889,1410
VEQC,0.059487354,0.031524554,4,12889,1410
GEAS,0.05902792,0.071569175,4,12889,1410
NEAI,0.058437835,0.0010164358,4,12889,1410
SKEM,0.05768801,0.00023538934,4,12889,1410
GEAI,0.056066524,0.07012409,4,12889,1410
TTHN,0.05469538,0.11775168,4,12889,1410
FETI,0.05435158,0.00026939777,4,12889,1410
RAAM,0.054193746,0.0,4,12889,1410
CTYM,0.050700914,0.0,4,12889,1410
KPCM,0.050405275,0.0,4,12889,1410
QEYI,0.049120676,0.10416225,4,12889,1410
TNAT,0.04663874,0.082259476,4,12889,1410
SRKM,0.044851076,5.2746775e-05,4,12889,1410
DKFM,0.044546854,0.007025975,4,12889,1410
YEAT,0.04334904,0.0003252385,4,12889,1410
YKQM,0.042869817,0.0004065294,4,12889,1410
YTLC,0.042827856,0.08430148,4,12889,1410
MEGL,0.041383516,0.051095556,4,12889,1410
AGWI,0.039564382,0.0010909524,4,12889,1410
TANK,0.038326513,0.0,4,12889,1410
YRSM,0.038302194,2.4393928e-05,4,12889,1410
EATH,0.037699472,0.0,4,12889,1410
ISMA,0.03721119,0.000105730585,4,12889,1410
GEYI,0.036997568,0.00040862532,4,12889,1410
PEQN,0.03594662,0.0,4,12889,1410
FFCC,0.035226595,0.0,4,12889,1410
YAVM,0.03331257,0.00042057692,4,12889,1410
ATYS,0.033132803,0.005691936,4,12889,1410
KPCH,0.032339346,0.0,4,12889,1410
DTSV,0.032118093,5.0881674e-05,4,12889,1410
YMMC,0.032065164,0.0010672613,4,12889,1410
DAMQ,0.031929743,0.0,4,12889,1410
CSWL,0.030705702,0.0,4,12889,1410
MPCH,0.030583631,0.0,4,12889,1410
EFDM,0.029940378,0.0,4,12889,1410
TPAD,0.029242288,0.0,4,12889,1410
MFMS,0.02878977,1.9412008e-05,4,12889,1410
DKCK,0.028718721,0.0,4,12889,1410
NRMC,0.028692972,0.0,4,12889,1410
ICMA,0.02854706,0.0006312397,4,12889,1410
GMSC,0.028514635,0.00044316272,4,12889,1410
KVKM,0.028022062,0.0,4,12889,1410
MCGH,0.027626764,0.07035938,4,12889,1410
SHTL,0.027043115,0.015605917,4,12889,1410
AWHH,0.026911508,0.0,4,12889,1410
LTSN,0.026376974,9.381637e-06,4,12889,1410
PSSQ,0.02620722,3.464314e-05,4,12889,1410
HKTS,0.025549185,0.0,4,12889,1410
SQIS,0.025516283,0.10433139,4,12889,1410
TPRS,0.024952184,1.4019621e-05,4,12889,1410
MSCW,0.02449013,6.330112e-05,4,12889,1410
PQCQ,0.024392378,0.0,4,12889,1410
IHYM,0.024336588,0.0,4,12889,1410
TDYY,0.023900758,0.00043287786,4,12889,1410
KTTF,0.023314249,0.0,4,12889,1410
FTWG,0.022652399,9.17704e-05,4,12889,1410
NFTH,0.022640001,0.0,4,12889,1410
EALD,0.021353494,0.0,4,12889,1410
FSTF,0.02133442,0.0034849173,4,12889,1410
SFHI,0.020142805,0.00010544364,4,12889,1410
IYHM,0.019658815,0.0,4,12889,1410
SCRA,0.018522035,0.00013010787,4,12889,1410
EQFC,0.017738115,0.0,4,12889,1410
YSAG,0.017461073,0.00053666224,4,12889,1410
RWMF,0.015363944,0.0,4,12889,1410
SYTE,0.014917624,0.0,4,12889,1410
LVCV,0.014426005,0.0,4,12889,1410
VKGV,0.0138800265,0.0,4,12889,1410
VKKS,0.013817084,0.0,4,12889,1410
VGMP,0.012853873,4.453784e-05,4,12889,1410
MMLY,0.012765181,6.332607e-05,4,12889,1410
WRMF,0.012412799,0.0,4,12889,1410
PILI,0.012367022,0.0,4,12889,1410
RHSQ,0.0123613,0.0016263297,4,12889,1410
NAMP,0.012209189,0.0,4,12889,1410
WFWS,0.012112391,0.0,4,12889,1410
WQYC,0.011626017,0.0,4,12889,1410
LLCI,0.011591208,3.0897867e-05,4,12889,1410
GDLQ,0.011193526,0.00046332827,4,12889,1410
HNQC,0.010576022,0.0,4,12889,1410
FPAC,0.01049639,6.4729575e-05,4,12889,1410
NKQN,0.010454905,0.0,4,12889,1410
FQWT,0.010327113,4.592263e-05,4,12889,1410
TVPP,0.009242308,0.0,4,12889,1410
WARC,0.009058726,0.0,4,12889,1410
SNEI,0.008799803,0.0016147898,4,12889,1410
LFSG,0.0074961307,0.0,4,12889,1410
VCQV,0.007099879,0.0,4,12889,1410
EHTF,0.0068204524,0.0,4,12889,1410
AIYF,0.005700362,0.0008450587,4,12889,1410
RAQF,0.0052178027,0.0,4,12889,1410
WSDA,0.005100024,0.0,4,12889,1410
ELYH,0.004508746,0.0001897786,4,12889,1410
SNEA,0.0041582705,0.00031625608,4,12889,1410
WSDL,0.0041320445,2.115028e-05,4,12889,1410
QNDI,0.0035874965,0.00028459306,4,12889,1410
DCYI,0.0028240802,0.0,4,12889,1410
VQGY,0.002209437,0.0,4,12889,1410
SPKA,0.0019543292,0.0,4,12889,1410
VLWV,0.0014069201,6.481064e-06,4,12889,1410
YWSL,0.0008766772,0.0,4,12889,1410
PFAN,0.00044561643,0.0,4,12889,1410
VPSE,0.00039030332,0.0,4,12889,1410
PSPF,-9.797793e-05,0.0,4,12889,1410
AADP,-0.00014089327,0.0,4,12889,1410
HRAN,-0.0012533544,3.563027e-05,4,12889,1410
PMQS,-0.0017797826,0.0,4,12889,1410
PMWE,-0.0020730374,0.0,4,12889,1410
YCSP,-0.0021030782,0.0,4,12889,1410
PDMW,-0.0021664975,0.0,4,12889,1410
IDTL,-0.002302873,5.0660856e-05,4,12889,1410
DSEL,-0.0041634915,4.3177995e-05,4,12889,1410
RRKC,-0.004197824,0.0,4,12889,1410
SRIY,-0.004294145,1.51204085e-05,4,12889,1410
WQRI,-0.0044915555,0.0,4,12889,1410
GKPE,-0.0047285436,0.0,4,12889,1410
NDAD,-0.005644071,0.0,4,12889,1410
GGPA,-0.007251966,0.0,4,12889,1410
PYAN,-0.0077597974,5.9333885e-05,4,12889,1410
FQNK,-0.008330571,0.0,4,12889,1410
VCIT,-0.00874685,6.781728e-05,4,12889,1410
MLTE,-0.00882076,0.0,4,12889,1410
VCIE,-0.008866536,0.0,4,12889,1410
IFTD,-0.009270894,0.0,4,12889,1410
INHA,-0.009839284,0.0,4,12889,1410
PTRY,-0.010170209,0.0,4,12889,1410
NFNG,-0.010564554,0.0,4,12889,1410
FAKD,-0.010690915,0.0,4,12889,1410
DRGA,-0.010991323,0.0,4,12889,1410
RGGW,-0.011274564,0.0,4,12889,1410
VVWP,-0.011456239,0.0,4,12889,1410
GFTR,-0.011555898,0.0,4,12889,1410
NPRC,-0.011870134,0.0,4,12889,1410
GIDI,-0.011931169,0.0007114826,4,12889,1410
RKHP,-0.01265167,0.0,4,12889,1410
MYAR,-0.013158071,0.0,4,12889,1410
RPQI,-0.013356912,0.008300767,4,12889,1410
EVFE,-0.0134079335,0.0,4,12889,1410
PQRG,-0.013562429,0.0,4,12889,1410
MNRV,-0.013643968,5.179863e-05,4,12889,1410
ERFN,-0.01378988,5.9333885e-05,4,12889,1410
VWDV,-0.013993013,0.0,4,12889,1410
PHHA,-0.014344919,0.0,4,12889,1410
KIQD,-0.014406907,0.0,4,12889,1410
GSIW,-0.01549648,0.0,4,12889,1410
WYSP,-0.015650023,6.618298e-05,4,12889,1410
WFNE,-0.015700568,0.0,4,12889,1410
ELYF,-0.015739191,3.957256e-05,4,12889,1410
FFRN,-0.016629446,0.0,4,12889,1410
NQRD,-0.016916025,0.0,4,12889,1410
RIPA,-0.016982306,0.0,4,12889,1410
LVFA,-0.01712631,0.0,4,12889,1410
EVFD,-0.0181291,0.0,4,12889,1410
LNPL,-0.018230665,0.00014727844,4,12889,1410
NCPW,-0.018762816,0.0,4,12889,1410
HRKV,-0.018988837,0.0,4,12889,1410
WDTP,-0.019442309,0.0,4,12889,1410
WWYL,-0.0197904,0.0,4,12889,1410
LDNE,-0.02042507,0.0,4,12889,1410
PDES,-0.021623839,0.0,4,12889,1410
FWHK,-0.021867502,0.0,4,12889,1410
FWFY,-0.021879423,0.0,4,12889,1410
WLYG,-0.02212404,0.0,4,12889,1410
INPK,-0.022305239,0.0,4,12889,1410
YCYW,-0.02351116,0.0,4,12889,1410
DQER,-0.023783911,0.0,4,12889,1410
MPPG,-0.02409004,0.0,4,12889,1410
YCVP,-0.024689425,0.0,4,12889,1410
YDDY,-0.025755633,0.0,4,12889,1410
PLHT,-0.02644037,0.0,4,12889,1410
DMYP,-0.028643835,0.0,4,12889,1410
GDQP,-0.028815497,0.0,4,12889,1410
LMKW,-0.030082453,0.0,4,12889,1410
CLFP,-0.030740488,0.0,4,12889,1410
LYIL,-0.030834425,2.8810286e-05,4,12889,1410
GVRR,-0.031422365,0.0,4,12889,1410
YPFY,-0.03386091,0.0,4,12889,1410
DYVP,-0.0363562,0.0,4,12889,1410
TECN,0.10929074,0.45535398,5,16200,1749
TEAH,0.10900011,0.29904455,5,16200,1749
TECA,0.10885372,0.0039527146,5,16200,1749
SEMH,0.10286298,0.14464942,5,16200,1749
TQMC,0.10142019,0.04419003,5,16200,1749
TTMH,0.10128691,0.03978262,5,16200,1749
TEAA,0.09914651,0.019546703,5,16200,1749
TEAL,0.09785988,0.11027483,5,16200,1749
TSCH,0.097391985,0.11798582,5,16200,1749
TESK,0.09721353,0.04973658,5,16200,1749
TGSM,0.09605684,0.1760497,5,16200,1749
TECR,0.09583225,0.12190187,5,16200,1749
TECD,0.09578862,0.001620616,5,16200,1749
TSSS,0.095698856,0.10501086,5,16200,1749
SELM,0.09473064,0.11690971,5,16200,1749
TQCH,0.094328545,0.06867937,5,16200,1749
TQSC,0.09430232,0.11424749,5,16200,1749
AEAM,0.09414532,0.044518974,5,16200,1749
AESC,0.09386244,0.24028353,5,16200,1749
SEMA,0.09281745,0.101770654,5,16200,1749
AESS,0.09259715,0.12175805,5,16200,1749
TEGH,0.092551015,0.13527213,5,16200,1749
AEMN,0.09183004,0.064318776,5,16200,1749
SETM,0.0907115,0.13704939,5,16200,1749
TQMN,0.09068289,0.00084082945,5,16200,1749
TSCI,0.09047022,0.11054758,5,16200,1749
TKMN,0.090393685,0.031874795,5,16200,1749
TCSC,0.0899333,0.09226079,5,16200,1749
TETE,0.08931937,0.14107843,5,16200,1749
TQMG,0.08871152,0.243319,5,16200,1749
SEAC,0.087233685,0.14790441,5,16200,1749
SECA,0.0869899,0.1472066,5,16200,1749
SELH,0.08669474,0.14541158,5,16200,1749
AEAH,0.08593001,0.052650314,5,16200,1749
TQCN,0.08586874,0.18633404,5,16200,1749
TTME,0.085772894,0.057526268,5,16200,1749
TGSS,0.08576252,0.08232577,5,16200,1749
TISM,0.08547404,0.20546447,5,16200,1749
TTCV,0.085266255,0.12978508,5,16200,1749
SECL,0.08520641,0.13961624,5,16200,1749
TEYC,0.08507814,0.09431621,5,16200,1749
AECV,0.08499112,0.16014014,5,16200,1749
TQCV,0.0849823,0.08097074,5,16200,1749
THMH,0.08487775,0.098441236,5,16200,1749
TQCA,0.08482232,0.13198128,5,16200,1749
TQCA,0.0848222,0.13198128,5,16200,1749
TTCL,0.08460059,0.13843805,5,16200,1749
TNCC,0.08447697,0.020113287,5,16200,1749
TKCV,0.08393922,0.22911334,5,16200,1749
AELS,0.08392873,0.08003805,5,16200,1749
AECL,0.0837424,0.1564109,5,16200,1749
TQCG,0.083669804,0.11159106,5,16200,1749
TQSA,0.082905196,0.14799078,5,16200,1749
TGML,0.08257427,0.091457,5,16200,1749
TEKH,0.08254578,0.0,5,16200,1749
SETC,0.08253994,0.09863004,5,16200,1749
SETH,0.08212831,0.11644252,5,16200,1749
TNLM,0.0819067,0.020540701,5,16200,1749
TETD,0.08154168,0.015246288,5,16200,1749
TTTC,0.08150711,0.041345682,5,16200,1749
SQSM,0.081212424,0.11882648,5,16200,1749
TCAC,0.08108785,0.077961326,5,16200,1749
QECM,0.08051541,0.0011383722,5,16200,1749
SEMD,0.08015933,0.013399714,5,16200,1749
TMLM,0.07983651,0.049874917,5,16200,1749
SEGM,0.07961752,0.04617776,5,16200,1749
TLCM,0.07957282,0.007914277,5,16200,1749
TGCN,0.07897153,0.31600064,5,16200,1749
MECM,0.078949,0.27378157,5,16200,1749
SKMC,0.07882085,0.03976246,5,16200,1749
TCSA,0.07881465,0.13822767,5,16200,1749
AKMC,0.0786263,0.060769673,5,16200,1749
TQGM,0.07836666,0.10872629,5,16200,1749
AEAI,0.07833185,0.106178105,5,16200,1749
AEGM,0.077984594,0.00067757396,5,16200,1749
TSCK,0.0779139,0.024345018,5,16200,1749
TEGE,0.077565216,0.0018973119,5,16200,1749
THMI,0.07696476,0.19510089,5,16200,1749
TTCT,0.076797865,0.09549753,5,16200,1749
AQMS,0.07611599,0.020378988,5,16200,1749
TNCI,0.075296305,0.0014265582,5,16200,1749
YEMM,0.07506826,0.12059769,5,16200,1749
AELL,0.07440271,0.090419985,5,16200,1749
TEDN,0.074341916,0.0004065294,5,16200,1749
SECR,0.07430031,0.0814742,5,16200,1749
TNME,0.07413485,0.0012451133,5,16200,1749
TNCN,0.074073695,0.0124002695,5,16200,1749
AEFM,0.07355931,0.04215585,5,16200,1749
SELQ,0.07349744,0.208783,5,16200,1749
AETI,0.07317724,0.1261279,5,16200,1749
SEQC,0.07296886,0.035408106,5,16200,1749
GECM,0.07286372,0.11422245,5,16200,1749
AGMC,0.07266774,0.009281723,5,16200,1749
FECM,0.072440766,0.037416052,5,16200,1749
ATCS,0.07196476,0.0720115,5,16200,1749
SEWL,0.071825884,0.025859343,5,16200,1749
IECM,0.07181587,0.00023713592,5,16200,1749
SEGC,0.07134428,0.041417383,5,16200,1749
ATSS,0.07069113,0.07299758,5,16200,1749
REMH,0.07066312,0.00031618122,5,16200,1749
SQSH,0.07043519,0.049035586,5,16200,1749
AGMS,0.07032242,0.02639521,5,16200,1749
LECM,0.07028618,0.12842272,5,16200,1749
AKCS,0.07014992,0.029194456,5,16200,1749
AVMM,0.070134066,0.39433518,5,16200,1749
AEGC,0.07013311,0.016621372,5,16200,1749
AEYM,0.069775485,0.027827166,5,16200,1749
TEHD,0.06918635,0.0,5,16200,1749
ATML,0.068160795,0.08445652,5,16200,1749
AALM,0.065998815,0.11056119,5,16200,1749
GECC,0.0651442,0.0021751306,5,16200,1749
FECC,0.064927004,0.16922529,5,16200,1749
DESC,0.0639508,0.0001498193,5,16200,1749
FESC,0.063770436,0.001316798,5,16200,1749
FECS,0.06363382,0.14838138,5,16200,1749
TNCY,0.06341567,0.001009437,5,16200,1749
QECV,0.06335869,0.065140896,5,16200,1749
SEWK,0.063081644,0.00032018588,5,16200,1749
LECC,0.062884234,0.005613714,5,16200,1749
FELM,0.06264057,0.057656366,5,16200,1749
ATCL,0.062275555,0.13916853,5,16200,1749
SQSA,0.06205788,0.022522623,5,16200,1749
MECA,0.06196573,0.022428881,5,16200,1749
TTGN,0.061116602,0.16362016,5,16200,1749
ANCS,0.060819414,0.022116387,5,16200,1749
VEME,0.057714608,0.0,5,16200,1749
FECI,0.05689099,0.027838694,5,16200,1749
DELC,0.05576196,0.0,5,16200,1749
FECA,0.055605795,0.00021037579,5,16200,1749
FECV,0.055114653,0.043660592,5,16200,1749
KECF,0.05357137,0.00017785194,5,16200,1749
ANCV,0.052252915,0.02837447,5,16200,1749
TSKA,0.051972058,0.00012202619,5,16200,1749
ESMH,0.05160084,0.0,5,16200,1749
ARCC,0.051087525,0.00020028304,5,16200,1749
SFCH,0.05093446,0.005263923,5,16200,1749
ALCC,0.050511148,0.040262956,5,16200,1749
WEWC,0.04968944,0.0,5,16200,1749
NKMC,0.047608044,0.00035577873,5,16200,1749
GEHM,0.047336962,0.0004065294,5,16200,1749
QACC,0.04639044,0.0011180495,5,16200,1749
AISA,0.046387102,0.0782104,5,16200,1749
TWQH,0.045210745,0.000776156,5,16200,1749
AEEN,0.045157578,0.00081313367,5,16200,1749
SRSI,0.042902853,0.0001805727,5,16200,1749
MGCH,0.04197159,0.02408756,5,16200,1749
QNCC,0.04114273,0.00017785194,5,16200,1749
AGWL,0.041027453,0.00060849916,5,16200,1749
DSML,0.04079571,6.85575e-05,5,16200,1749
SPMG,0.039403584,3.9597508e-05,5,16200,1749
STWD,0.037954,4.3400065e-05,5,16200,1749
NKMA,0.037439015,0.0004065294,5,16200,1749
RQMF,0.036955502,0.0,5,16200,1749
QHCC,0.036713507,0.0,5,16200,1749
RKMG,0.036175158,0.0,5,16200,1749
KTCI,0.03531089,0.0,5,16200,1749
HTLS,0.03438511,0.00027113094,5,16200,1749
TPFS,0.03373232,0.0,5,16200,1749
MLMH,0.03221598,4.521152e-05,5,16200,1749
VERC,0.030652905,0.0,5,16200,1749
IGMG,0.030247832,0.00016866991,5,16200,1749
SKYV,0.030209923,0.00016883209,5,16200,1749
MEYA,0.030018711,0.036048852,5,16200,1749
MSTA,0.029421473,0.00053117715,5,16200,1749
QFCS,0.028796101,0.0,5,16200,1749
YQSV,0.028226042,0.00085538847,5,16200,1749
DMSH,0.028008604,0.0063921153,5,16200,1749
ALSR,0.027413273,0.003923011,5,16200,1749
STKQ,0.026602173,0.000110708344,5,16200,1749
IHAM,0.026467228,0.0,5,16200,1749
ASGP,0.026433611,4.905784e-05,5,16200,1749
TQEP,0.025695229,0.0,5,16200,1749
AGQK,0.02448287,0.00043781818,5,16200,1749
TMDR,0.024116898,0.0,5,16200,1749
SMPH,0.023778344,2.6410811e-05,5,16200,1749
VSWA,0.023548508,6.2924584e-05,5,16200,1749
GSWN,0.023526335,0.0,5,16200,1749
GEYV,0.023138905,0.00035577873,5,16200,1749
VSWV,0.023044014,0.012135208,5,16200,1749
IEYF,0.02130642,7.1185685e-05,5,16200,1749
FEDF,0.021130944,0.0,5,16200,1749
GKCR,0.021098519,0.0,5,16200,1749
YAWC,0.02060094,0.0,5,16200,1749
MKSW,0.020532751,0.0,5,16200,1749
FPMC,0.020028735,9.491425e-05,5,16200,1749
GSHS,0.019855404,0.00014437371,5,16200,1749
NQYM,0.018424178,0.0,5,16200,1749
TPRA,0.018258715,0.0,5,16200,1749
AQVW,0.017988825,0.0001355597,5,16200,1749
IKQH,0.017848635,0.0,5,16200,1749
ARQG,0.017399693,8.136577e-05,5,16200,1749
KQWF,0.017030621,0.00033481975,5,16200,1749
ISAK,0.01662078,0.0,5,16200,1749
FVAH,0.016615773,0.0,5,16200,1749
MERK,0.016404772,0.0,5,16200,1749
NVLH,0.016330624,3.958503e-05,5,16200,1749
EENY,0.015855217,0.0,5,16200,1749
YGCT,0.015739346,0.0010045591,5,16200,1749
KACD,0.01539817,0.0,5,16200,1749
LTHS,0.015031244,1.4591756e-05,5,16200,1749
ARRH,0.014692451,0.0,5,16200,1749
EHWC,0.014516021,0.0,5,16200,1749
AMRF,0.0141357435,2.969813e-05,5,16200,1749
NKVS,0.013875629,2.194705e-05,5,16200,1749
MRWH,0.012759353,0.0,5,16200,1749
HSKC,0.012537147,0.0,5,16200,1749
KHWS,0.012479926,0.0,5,16200,1749
GRAC,0.012457515,0.0,5,16200,1749
FPSS,0.012433196,2.2663996e-06,5,16200,1749
WQFC,0.012289907,0.0,5,16200,1749
EFLS,0.01226225,0.0,5,16200,1749
WHMK,0.011988784,0.0,5,16200,1749
VTGF,0.011763717,0.00022400849,5,16200,1749
FDTH,0.011680986,0.0,5,16200,1749
IADM,0.011514808,0.0,5,16200,1749
DDWS,0.010924484,0.0,5,16200,1749
VGFC,0.010059501,0.00011864281,5,16200,1749
DTGG,0.009966995,0.00010168849,5,16200,1749
PAYM,0.009703542,0.0,5,16200,1749
DCLR,0.008945133,0.0,5,16200,1749
LNSR,0.008057023,0.0,5,16200,1749
QKDF,0.0077747353,0.0,5,16200,1749
LCIC,0.007758523,9.491425e-05,5,16200,1749
YHHM,0.0075072297,0.0,5,16200,1749
YKTT,0.0073949345,0.00049216184,5,16200,1749
VYMY,0.007379914,0.0,5,16200,1749
HIFM,0.007096196,0.0,5,16200,1749
FNHC,0.0070811757,0.0,5,16200,1749
NIAF,0.006967927,0.000107976186,5,16200,1749
QSNT,0.006912137,7.121563e-05,5,16200,1749
ACRW,0.0066966065,0.0,5,16200,1749
FCGA,0.0064739236,0.0,5,16200,1749
KMWA,0.0061778077,0.0,5,16200,1749
IDAL,0.005995656,0.0,5,16200,1749
YQGA,0.005656148,0.0,5,16200,1749
GPSN,0.005268956,0.0,5,16200,1749
IGNH,0.0048107156,0.00010168849,5,16200,1749
QYTL,0.0047525414,3.655346e-05,5,16200,1749
VFST,0.0044011124,2.3784703e-05,5,16200,1749
RDCR,0.0041107186,0.0,5,16200,1749
CHLR,0.0039824494,0.0,5,16200,1749
MYSR,0.003884221,0.0,5,16200,1749
LIIM,0.0036548623,0.0,5,16200,1749
HMAT,0.0036167153,0.0,5,16200,1749
SWRG,0.0034259805,0.0,5,16200,1749
VTDA,0.0023080357,0.0,5,16200,1749
LPSV,0.0020927438,0.0,5,16200,1749
LGGV,0.0020345696,4.178147e-05,5,16200,1749
IAHV,0.0015663155,0.00020333956,5,16200,1749
VGHG,0.0012671002,2.7957785e-05,5,16200,1749
QRFH,0.0007659444,0.0,5,16200,1749
YPSV,0.00059666723,0.0,5,16200,1749
KGHG,-6.756693e-05,0.0,5,16200,1749
AVPD,-0.0009022704,0.0,5,16200,1749
GTHK,-0.000935649,0.0,5,16200,1749
YGAP,-0.0011924258,0.0,5,16200,1749
FQKV,-0.0012610904,0.0,5,16200,1749
FDSW,-0.0014604083,0.0,5,16200,1749
GKHY,-0.0016566268,0.0,5,16200,1749
QSNW,-0.0021370403,0.0,5,16200,1749
RSNT,-0.0024288646,0.0,5,16200,1749
YNQF,-0.002998685,0.0009486185,5,16200,1749
YVCW,-0.0031500808,0.0,5,16200,1749
NSRE,-0.00323615,3.563027e-05,5,16200,1749
PTKA,-0.0032499782,0.0,5,16200,1749
DAES,-0.0034106723,0.0,5,16200,1749
MGDQ,-0.0034328452,0.00081313367,5,16200,1749
RLTF,-0.003583049,1.4292858e-05,5,16200,1749
GDAR,-0.00398693,0.0,5,16200,1749
LVFS,-0.0041266433,1.2974583e-06,5,16200,1749
IAKI,-0.0043221465,0.0,5,16200,1749
VWGS,-0.00455079,0.0,5,16200,1749
KVQN,-0.004562234,0.0,5,16200,1749
GCPN,-0.004868602,0.0,5,16200,1749
LYGC,-0.0049913875,0.0,5,16200,1749
VPTI,-0.005490636,0.0,5,16200,1749
WGNL,-0.0056925765,8.900082e-05,5,16200,1749
SMEW,-0.006163215,0.0,5,16200,1749
PQPA,-0.0065234653,0.0,5,16200,1749
QSED,-0.0066381446,0.0,5,16200,1749
GPTN,-0.007103776,0.0,5,16200,1749
RTDT,-0.00747857,0.0,5,16200,1749
EQEF,-0.007646417,0.0,5,16200,1749
YWWV,-0.00831971,0.0,5,16200,1749
MNQP,-0.008520936,0.0,5,16200,1749
QTRW,-0.009384965,0.0,5,16200,1749
NVVA,-0.009485577,0.0,5,16200,1749
NSIP,-0.009569024,0.0,5,16200,1749
NMQT,-0.010365819,0.0,5,16200,1749
DKVW,-0.010613059,0.0,5,16200,1749
DDII,-0.010832404,0.0,5,16200,1749
QYTW,-0.011446808,0.0,5,16200,1749
KNRA,-0.012090777,0.0,5,16200,1749
PIQQ,-0.0124202715,0.0,5,16200,1749
GMKA,-0.012674426,0.0,5,16200,1749
EMDG,-0.012748574,0.0,5,16200,1749
QHGW,-0.01304469,0.0,5,16200,1749
ETYP,-0.013280963,0.0,5,16200,1749
LPLT,-0.013350581,0.0,5,16200,1749
ILKC,-0.013749217,0.0,5,16200,1749
QTEW,-0.014492844,0.0,5,16200,1749
LWYC,-0.014551972,0.0,5,16200,1749
MVVR,-0.014751052,8.833463e-05,5,16200,1749
QYQD,-0.01475129,0.0,5,16200,1749
EPNC,-0.015210723,0.0,5,16200,1749
LAIR,-0.015247916,0.0,5,16200,1749
GIQR,-0.015901422,0.00052515353,5,16200,1749
DVDL,-0.01596365,0.0,5,16200,1749
YFLW,-0.016682243,0.0,5,16200,1749
WDYL,-0.017728185,0.0,5,16200,1749
FWPS,-0.017793274,0.0,5,16200,1749
DDHY,-0.017858123,0.0,5,16200,1749
PYRC,-0.018170213,0.0,5,16200,1749
RHPG,-0.01882038,0.0,5,16200,1749
KARR,-0.01906619,0.0,5,16200,1749
IFDI,-0.01916275,0.0,5,16200,1749
EHKQ,-0.019177055,0.0,5,16200,1749
MIVW,-0.019261455,0.0,5,16200,1749
DLNF,-0.019398784,0.0,5,16200,1749
GMEF,-0.019727087,0.0,5,16200,1749
PHRV,-0.019909477,0.0,5,16200,1749
GYGY,-0.019928074,0.0,5,16200,1749
YRNN,-0.020889377,0.009296856,5,16200,1749
NPRS,-0.021986818,0.0,5,16200,1749
MWQP,-0.022259807,0.0,5,16200,1749
QWDY,-0.02339611,0.0,5,16200,1749
VNYP,-0.023530817,0.0,5,16200,1749
WDQW,-0.02440176,0.0,5,16200,1749
LNKR,-0.024605846,0.0,5,16200,1749
IPHE,-0.025450801,0.0,5,16200,1749
KRHR,-0.026306009,0.0,5,16200,1749
FYFY,-0.026362991,0.0,5,16200,1749
LYPL,-0.02760539,9.398277e-06,5,16200,1749
YRHD,-0.028856134,0.0,5,16200,1749
QPPK,-0.031205988,0.0,5,16200,1749
PREV,-0.03167853,0.0,5,16200,1749
FYRR,-0.036342476,0.0,5,16200,1749
YYEQ,-0.03711805,0.0,5,16200,1749
WREP,-0.045865867,0.0,5,16200,1749
